{
	"credit": "Made with Blockbench",
	"ambientocclusion": false,
	"textures": {
		"0": "3d_transportation/3d_rail_wood",
		"1": "3d_transportation/3d_rail_iron_light",
		"2": "3d_transportation/3d_rail_iron_dark",
		"3": "3d_transportation/3d_rail_redstone",
		"4": "3d_transportation/3d_rail_wood_dark",
		"particle": "3d_transportation/3d_rail_iron_light"
	},
	"elements": [
		{
			"from": [13, 1, 0],
			"to": [13.999, 2, 16],
			"rotation": {"angle": 0, "axis": "x", "origin": [13.5, 8, 8]},
			"faces": {
				"north": {"uv": [2, 14, 3, 15], "texture": "#1"},
				"east": {"uv": [16, 15, 0, 14], "texture": "#1"},
				"south": {"uv": [13, 14, 14, 15], "texture": "#1"},
				"west": {"uv": [0, 14, 16, 15], "texture": "#1"},
				"up": {"uv": [13, 0, 14, 16], "texture": "#1"},
				"down": {"uv": [13, 0, 14, 16], "texture": "#1"}
			}
		},
		{
			"from": [1, 0, 1],
			"to": [15, 1, 3],
			"rotation": {"angle": 0, "axis": "x", "origin": [8, 8, 8]},
			"faces": {
				"north": {"uv": [1, 15, 15, 16], "texture": "#0"},
				"east": {"uv": [15, 16, 13, 15], "texture": "#0"},
				"south": {"uv": [1, 15, 15, 16], "texture": "#0"},
				"west": {"uv": [1, 15, 3, 16], "texture": "#0"},
				"up": {"uv": [1, 1, 15, 3], "texture": "#0"},
				"down": {"uv": [1, 13, 15, 15], "texture": "#0", "cullface": "down"}
			}
		},
		{
			"from": [1, 0, 5],
			"to": [15, 1, 7],
			"rotation": {"angle": 0, "axis": "x", "origin": [8, 8, 8]},
			"faces": {
				"north": {"uv": [1, 15, 15, 16], "texture": "#0"},
				"east": {"uv": [11, 16, 9, 15], "texture": "#0"},
				"south": {"uv": [1, 15, 15, 16], "texture": "#0"},
				"west": {"uv": [5, 15, 7, 16], "texture": "#0"},
				"up": {"uv": [1, 5, 15, 7], "texture": "#0"},
				"down": {"uv": [1, 9, 15, 11], "texture": "#0", "cullface": "down"}
			}
		},
		{
			"from": [1, 0, 9],
			"to": [15, 1, 11],
			"rotation": {"angle": 0, "axis": "x", "origin": [8, 8, 8]},
			"faces": {
				"north": {"uv": [1, 15, 15, 16], "texture": "#0"},
				"east": {"uv": [7, 16, 5, 15], "texture": "#0"},
				"south": {"uv": [1, 15, 15, 16], "texture": "#0"},
				"west": {"uv": [9, 15, 11, 16], "texture": "#0"},
				"up": {"uv": [1, 9, 15, 11], "texture": "#0"},
				"down": {"uv": [1, 5, 15, 7], "texture": "#0", "cullface": "down"}
			}
		},
		{
			"from": [1, 0, 13],
			"to": [15, 1, 15],
			"rotation": {"angle": 0, "axis": "x", "origin": [8, 8, 8]},
			"faces": {
				"north": {"uv": [1, 15, 15, 16], "texture": "#0"},
				"east": {"uv": [3, 16, 1, 15], "texture": "#0"},
				"south": {"uv": [1, 15, 15, 16], "texture": "#0"},
				"west": {"uv": [13, 15, 15, 16], "texture": "#0"},
				"up": {"uv": [1, 13, 15, 15], "texture": "#0"},
				"down": {"uv": [1, 1, 15, 3], "texture": "#0", "cullface": "down"}
			}
		},
		{
			"from": [3, 1, 0],
			"to": [3.999, 1.5, 16],
			"rotation": {"angle": 0, "axis": "x", "origin": [3.5, 8, 8]},
			"faces": {
				"north": {"uv": [12, 14.5, 13, 15], "texture": "#2"},
				"east": {"uv": [16, 15, 0, 14.5], "texture": "#2"},
				"south": {"uv": [3, 14.5, 4, 15], "texture": "#2"},
				"west": {"uv": [0, 14.5, 16, 15], "texture": "#2"},
				"up": {"uv": [3, 0, 4, 16], "texture": "#2"},
				"down": {"uv": [3, 0, 4, 16], "texture": "#2"}
			}
		},
		{
			"from": [12.001, 1, 0],
			"to": [13, 1.5, 16],
			"rotation": {"angle": 0, "axis": "x", "origin": [12.501, 8, 8]},
			"faces": {
				"north": {"uv": [3, 14.5, 4, 15], "texture": "#2"},
				"east": {"uv": [16, 15, 0, 14.5], "texture": "#2"},
				"south": {"uv": [12, 14.5, 13, 15], "texture": "#2"},
				"west": {"uv": [0, 14.5, 16, 15], "texture": "#2"},
				"up": {"uv": [12, 0, 13, 16], "texture": "#2"},
				"down": {"uv": [12, 0, 13, 16], "texture": "#2"}
			}
		},
		{
			"from": [2.001, 1, 0],
			"to": [3, 2, 16],
			"rotation": {"angle": 0, "axis": "x", "origin": [2.501, 8, 8]},
			"faces": {
				"north": {"uv": [13, 14, 14, 15], "texture": "#1"},
				"east": {"uv": [16, 15, 0, 14], "texture": "#1"},
				"south": {"uv": [2, 14, 3, 15], "texture": "#1"},
				"west": {"uv": [0, 14, 16, 15], "texture": "#1"},
				"up": {"uv": [2, 0, 3, 16], "texture": "#1"},
				"down": {"uv": [2, 0, 3, 16], "texture": "#1"}
			}
		},
		{
			"from": [10, 0, 7],
			"to": [15, 1, 9],
			"faces": {
				"north": {"uv": [0, 0, 5, 1], "texture": "#3"},
				"east": {"uv": [0, 0, 2, 1], "texture": "#3"},
				"south": {"uv": [0, 0, 5, 1], "texture": "#3"},
				"west": {"uv": [0, 0, 2, 1], "texture": "#3"},
				"up": {"uv": [0, 0, 5, 2], "texture": "#3"},
				"down": {"uv": [0, 0, 5, 2], "texture": "#3"}
			}
		},
		{
			"from": [1, 0, 7],
			"to": [6, 1, 9],
			"faces": {
				"north": {"uv": [0, 0, 5, 1], "texture": "#3"},
				"east": {"uv": [0, 0, 2, 1], "texture": "#3"},
				"south": {"uv": [0, 0, 5, 1], "texture": "#3"},
				"west": {"uv": [0, 0, 2, 1], "texture": "#3"},
				"up": {"uv": [0, 0, 5, 2], "texture": "#3"},
				"down": {"uv": [0, 0, 5, 2], "texture": "#3"}
			}
		},
		{
			"from": [5, 0, 4],
			"to": [11, 1, 5],
			"faces": {
				"north": {"uv": [0, 0, 6, 1], "texture": "#3"},
				"east": {"uv": [0, 0, 1, 1], "texture": "#3"},
				"south": {"uv": [0, 0, 6, 1], "texture": "#3"},
				"west": {"uv": [0, 0, 1, 1], "texture": "#3"},
				"up": {"uv": [0, 0, 6, 1], "texture": "#3"},
				"down": {"uv": [0, 0, 6, 1], "texture": "#3"}
			}
		},
		{
			"from": [5, 0, 11],
			"to": [11, 1, 12],
			"faces": {
				"north": {"uv": [0, 0, 6, 1], "texture": "#3"},
				"east": {"uv": [0, 0, 1, 1], "texture": "#3"},
				"south": {"uv": [0, 0, 6, 1], "texture": "#3"},
				"west": {"uv": [0, 0, 1, 1], "texture": "#3"},
				"up": {"uv": [0, 0, 6, 1], "texture": "#3"},
				"down": {"uv": [0, 0, 6, 1], "texture": "#3"}
			}
		},
		{
			"from": [4.8, 1, 10],
			"to": [6, 1.4, 11.2],
			"faces": {
				"north": {"uv": [1.2, 0, 0, 0.4], "texture": "#1"},
				"east": {"uv": [1.2, 0, 0, 0.4], "texture": "#1"},
				"south": {"uv": [1.2, 0, 0, 0.4], "texture": "#1"},
				"west": {"uv": [1.2, 0, 0, 0.4], "texture": "#1"},
				"up": {"uv": [1.2, 0, 0, 1.2], "texture": "#1"},
				"down": {"uv": [1.2, 0, 0, 1.2], "texture": "#1"}
			}
		},
		{
			"from": [4.8, 1, 7.5],
			"to": [6, 1.4, 8.5],
			"faces": {
				"north": {"uv": [1.2, 0, 0, 0.4], "texture": "#1"},
				"east": {"uv": [1.2, 0, 0, 0.4], "texture": "#1"},
				"south": {"uv": [1.2, 0, 0, 0.4], "texture": "#1"},
				"west": {"uv": [1.2, 0, 0, 0.4], "texture": "#1"},
				"up": {"uv": [1.2, 0, 0, 1.2], "texture": "#1"},
				"down": {"uv": [1.2, 0, 0, 1.2], "texture": "#1"}
			}
		},
		{
			"from": [10, 1, 7.5],
			"to": [11.2, 1.4, 8.5],
			"faces": {
				"north": {"uv": [0, 0, 1.2, 0.4], "texture": "#1"},
				"east": {"uv": [0, 0, 1.2, 0.4], "texture": "#1"},
				"south": {"uv": [0, 0, 1.2, 0.4], "texture": "#1"},
				"west": {"uv": [0, 0, 1.2, 0.4], "texture": "#1"},
				"up": {"uv": [0, 0, 1.2, 1.2], "texture": "#1"},
				"down": {"uv": [0, 0, 1.2, 1.2], "texture": "#1"}
			}
		},
		{
			"from": [10, 1, 10],
			"to": [11.2, 1.4, 11.2],
			"faces": {
				"north": {"uv": [0, 0, 1.2, 0.4], "texture": "#1"},
				"east": {"uv": [0, 0, 1.2, 0.4], "texture": "#1"},
				"south": {"uv": [0, 0, 1.2, 0.4], "texture": "#1"},
				"west": {"uv": [0, 0, 1.2, 0.4], "texture": "#1"},
				"up": {"uv": [0, 0, 1.2, 1.2], "texture": "#1"},
				"down": {"uv": [0, 0, 1.2, 1.2], "texture": "#1"}
			}
		},
		{
			"from": [6, 1.2, 6],
			"to": [10, 1.4, 10],
			"faces": {
				"north": {"uv": [0, 0, 4, 0.2], "texture": "#0"},
				"east": {"uv": [0, 0, 4, 0.2], "texture": "#0"},
				"south": {"uv": [0, 0, 4, 0.2], "texture": "#0"},
				"west": {"uv": [0, 0, 4, 0.2], "texture": "#0"},
				"up": {"uv": [0, 0, 4, 4], "texture": "#0"},
				"down": {"uv": [0, 0, 4, 4], "texture": "#0"}
			}
		},
		{
			"from": [5, 1, 5],
			"to": [11, 1.2, 11],
			"faces": {
				"north": {"uv": [0, 0, 6, 0.2], "texture": "#4"},
				"east": {"uv": [0, 0, 6, 0.2], "texture": "#4"},
				"south": {"uv": [0, 0, 6, 0.2], "texture": "#4"},
				"west": {"uv": [0, 0, 6, 0.2], "texture": "#4"},
				"up": {"uv": [0, 0, 6, 6], "texture": "#4"},
				"down": {"uv": [0, 0, 6, 6], "texture": "#4"}
			}
		},
		{
			"from": [4.8, 1, 4.8],
			"to": [6, 1.4, 6],
			"faces": {
				"north": {"uv": [0, 0, 1.2, 0.4], "texture": "#1"},
				"east": {"uv": [0, 0, 1.2, 0.4], "texture": "#1"},
				"south": {"uv": [0, 0, 1.2, 0.4], "texture": "#1"},
				"west": {"uv": [0, 0, 1.2, 0.4], "texture": "#1"},
				"up": {"uv": [1.2, 1.2, 0, 0], "texture": "#1"},
				"down": {"uv": [1.2, 1.2, 0, 0], "texture": "#1"}
			}
		},
		{
			"from": [10, 1, 4.8],
			"to": [11.2, 1.4, 6],
			"faces": {
				"north": {"uv": [1.2, 0, 0, 0.4], "texture": "#1"},
				"east": {"uv": [1.2, 0, 0, 0.4], "texture": "#1"},
				"south": {"uv": [1.2, 0, 0, 0.4], "texture": "#1"},
				"west": {"uv": [1.2, 0, 0, 0.4], "texture": "#1"},
				"up": {"uv": [0, 1.2, 1.2, 0], "texture": "#1"},
				"down": {"uv": [0, 1.2, 1.2, 0], "texture": "#1"}
			}
		},
		{
			"from": [7.5, 1, 10],
			"to": [8.5, 1.4, 11.2],
			"faces": {
				"north": {"uv": [0, 0, 1.2, 0.4], "texture": "#1"},
				"east": {"uv": [0, 0, 1.2, 0.4], "texture": "#1"},
				"south": {"uv": [0, 0, 1.2, 0.4], "texture": "#1"},
				"west": {"uv": [0, 0, 1.2, 0.4], "texture": "#1"},
				"up": {"uv": [0, 0, 1.2, 1.2], "texture": "#1", "rotation": 90},
				"down": {"uv": [0, 0, 1.2, 1.2], "texture": "#1", "rotation": 270}
			}
		},
		{
			"from": [7.5, 1, 4.8],
			"to": [8.5, 1.4, 6],
			"faces": {
				"north": {"uv": [1.2, 0, 0, 0.4], "texture": "#1"},
				"east": {"uv": [1.2, 0, 0, 0.4], "texture": "#1"},
				"south": {"uv": [1.2, 0, 0, 0.4], "texture": "#1"},
				"west": {"uv": [1.2, 0, 0, 0.4], "texture": "#1"},
				"up": {"uv": [1.2, 0, 0, 1.2], "texture": "#1", "rotation": 90},
				"down": {"uv": [1.2, 0, 0, 1.2], "texture": "#1", "rotation": 270}
			}
		}
	]
}