{
	"credit": "Made with Blockbench",
	"textures": {
		"0": "3d_transportation/3d_rail_wood",
		"1": "3d_transportation/3d_rail_golden",
		"2": "3d_transportation/3d_rail_redstone",
		"1_1": "3d_transportation/3d_rail_iron_light",
		"particle": "3d_transportation/3d_rail_iron_light",
		"1_2": "3d_transportation/3d_rail_iron_dark"
	},
	"elements": [
		{
			"from": [1, 0, 1],
			"to": [15, 1, 3],
			"rotation": {"angle": 0, "axis": "x", "origin": [8, 8, 8]},
			"faces": {
				"north": {"uv": [1, 15, 15, 16], "texture": "#0"},
				"east": {"uv": [15, 16, 13, 15], "texture": "#0"},
				"south": {"uv": [1, 15, 15, 16], "texture": "#0"},
				"west": {"uv": [1, 15, 3, 16], "texture": "#0"},
				"up": {"uv": [1, 1, 15, 3], "texture": "#0"},
				"down": {"uv": [1, 13, 15, 15], "texture": "#0", "cullface": "down"}
			}
		},
		{
			"from": [1, 0, 5],
			"to": [15, 1, 7],
			"rotation": {"angle": 0, "axis": "x", "origin": [8, 8, 8]},
			"faces": {
				"north": {"uv": [1, 15, 15, 16], "texture": "#0"},
				"east": {"uv": [11, 16, 9, 15], "texture": "#0"},
				"south": {"uv": [1, 15, 15, 16], "texture": "#0"},
				"west": {"uv": [5, 15, 7, 16], "texture": "#0"},
				"up": {"uv": [1, 5, 15, 7], "texture": "#0"},
				"down": {"uv": [1, 9, 15, 11], "texture": "#0", "cullface": "down"}
			}
		},
		{
			"from": [1, 0, 9],
			"to": [15, 1, 11],
			"rotation": {"angle": 0, "axis": "x", "origin": [8, 8, 8]},
			"faces": {
				"north": {"uv": [1, 15, 15, 16], "texture": "#0"},
				"east": {"uv": [7, 16, 5, 15], "texture": "#0"},
				"south": {"uv": [1, 15, 15, 16], "texture": "#0"},
				"west": {"uv": [9, 15, 11, 16], "texture": "#0"},
				"up": {"uv": [1, 9, 15, 11], "texture": "#0"},
				"down": {"uv": [1, 5, 15, 7], "texture": "#0", "cullface": "down"}
			}
		},
		{
			"from": [1, 0, 13],
			"to": [15, 1, 15],
			"rotation": {"angle": 0, "axis": "x", "origin": [8, 8, 8]},
			"faces": {
				"north": {"uv": [1, 15, 15, 16], "texture": "#0"},
				"east": {"uv": [3, 16, 1, 15], "texture": "#0"},
				"south": {"uv": [1, 15, 15, 16], "texture": "#0"},
				"west": {"uv": [13, 15, 15, 16], "texture": "#0"},
				"up": {"uv": [1, 13, 15, 15], "texture": "#0"},
				"down": {"uv": [1, 1, 15, 3], "texture": "#0", "cullface": "down"}
			}
		},
		{
			"from": [10, 1, 5],
			"to": [11, 1.75, 7],
			"faces": {
				"north": {"uv": [0, 0, 1, 0.75], "texture": "#2"},
				"east": {"uv": [0, 0, 2, 0.75], "texture": "#2"},
				"south": {"uv": [0, 0, 1, 0.75], "texture": "#2"},
				"west": {"uv": [0, 0, 2, 0.75], "texture": "#2"},
				"up": {"uv": [0, 0, 1, 2], "texture": "#2"}
			}
		},
		{
			"from": [5, 1, 5],
			"to": [6, 1.75, 7],
			"faces": {
				"north": {"uv": [0, 0, 1, 0.75], "texture": "#2"},
				"east": {"uv": [0, 0, 2, 0.75], "texture": "#2"},
				"south": {"uv": [0, 0, 1, 0.75], "texture": "#2"},
				"west": {"uv": [0, 0, 2, 0.75], "texture": "#2"},
				"up": {"uv": [0, 0, 1, 2], "texture": "#2"}
			}
		},
		{
			"from": [7, 0.125, 3],
			"to": [9, 0.875, 5],
			"faces": {
				"north": {"uv": [0, 0, 2, 0.75], "texture": "#2"},
				"east": {"uv": [0, 0, 10, 0.75], "texture": "#2"},
				"south": {"uv": [0, 0, 2, 0.75], "texture": "#2"},
				"west": {"uv": [0, 0, 10, 0.75], "texture": "#2"},
				"up": {"uv": [0, 1, 2, 3], "texture": "#2"},
				"down": {"uv": [0, 0, 2, 10], "texture": "#2"}
			}
		},
		{
			"from": [7, 0.125, 7],
			"to": [9, 0.875, 9],
			"faces": {
				"north": {"uv": [0, 0, 2, 0.75], "texture": "#2"},
				"east": {"uv": [0, 0, 10, 0.75], "texture": "#2"},
				"south": {"uv": [0, 0, 2, 0.75], "texture": "#2"},
				"west": {"uv": [0, 0, 10, 0.75], "texture": "#2"},
				"up": {"uv": [0, 1, 2, 3], "texture": "#2"},
				"down": {"uv": [0, 0, 2, 10], "texture": "#2"}
			}
		},
		{
			"from": [7, 0.125, 11],
			"to": [9, 0.875, 13],
			"faces": {
				"north": {"uv": [0, 0, 2, 0.75], "texture": "#2"},
				"east": {"uv": [0, 0, 10, 0.75], "texture": "#2"},
				"south": {"uv": [0, 0, 2, 0.75], "texture": "#2"},
				"west": {"uv": [0, 0, 10, 0.75], "texture": "#2"},
				"up": {"uv": [0, 1, 2, 3], "texture": "#2"},
				"down": {"uv": [0, 0, 2, 10], "texture": "#2"}
			}
		},
		{
			"from": [3, 1, 2],
			"to": [4, 1.5, 14],
			"faces": {
				"north": {"uv": [0, 0, 1, 0.5], "texture": "#1_2"},
				"east": {"uv": [0, 0, 12, 0.5], "texture": "#1_2"},
				"south": {"uv": [0, 0, 1, 0.5], "texture": "#1_2"},
				"west": {"uv": [0, 0, 12, 0.5], "texture": "#1_2"},
				"up": {"uv": [0, 0, 1, 12], "texture": "#1_2"},
				"down": {"uv": [0, 0, 1, 12], "texture": "#1_2"}
			}
		},
		{
			"from": [4, 1, 2],
			"to": [5, 1.75, 14],
			"faces": {
				"north": {"uv": [0, 0, 1, 0.75], "texture": "#1"},
				"east": {"uv": [0, 1, 12, 1.75], "texture": "#1"},
				"south": {"uv": [0, 0, 1, 0.75], "texture": "#1"},
				"west": {"uv": [0, 1, 12, 1.75], "texture": "#1"},
				"up": {"uv": [0, 0, 1, 12], "texture": "#1"},
				"down": {"uv": [0, 0, 1, 12], "texture": "#1"}
			}
		},
		{
			"from": [2, 1, 2],
			"to": [3, 2, 14],
			"faces": {
				"north": {"uv": [0, 0, 1, 1], "texture": "#1_1"},
				"east": {"uv": [0, 0, 12, 1], "texture": "#1_1"},
				"south": {"uv": [0, 0, 1, 1], "texture": "#1_1"},
				"west": {"uv": [0, 0, 12, 1], "texture": "#1_1"},
				"up": {"uv": [0, 0, 1, 12], "texture": "#1_1"},
				"down": {"uv": [0, 0, 1, 12], "texture": "#1_1"}
			}
		},
		{
			"from": [12, 1, 2],
			"to": [13, 1.5, 14],
			"faces": {
				"north": {"uv": [1, 0, 2, 0.5], "texture": "#1_2"},
				"east": {"uv": [0, 0, 12, 0.5], "texture": "#1_2"},
				"south": {"uv": [1, 0, 2, 0.5], "texture": "#1_2"},
				"west": {"uv": [0, 0, 12, 0.5], "texture": "#1_2"},
				"up": {"uv": [1, 0, 2, 12], "texture": "#1_2"},
				"down": {"uv": [1, 0, 2, 12], "texture": "#1_2"}
			}
		},
		{
			"from": [11, 1, 2],
			"to": [12, 1.75, 14],
			"faces": {
				"north": {"uv": [1, 0, 2, 0.75], "texture": "#1"},
				"east": {"uv": [0, 1, 12, 1.75], "texture": "#1"},
				"south": {"uv": [1, 0, 2, 0.75], "texture": "#1"},
				"west": {"uv": [0, 1, 12, 1.75], "texture": "#1"},
				"up": {"uv": [1, 0, 2, 12], "texture": "#1"},
				"down": {"uv": [1, 0, 2, 12], "texture": "#1"}
			}
		},
		{
			"from": [13, 1, 2],
			"to": [14, 2, 14],
			"faces": {
				"north": {"uv": [1, 0, 2, 1], "texture": "#1_1"},
				"east": {"uv": [0, 0, 12, 1], "texture": "#1_1"},
				"south": {"uv": [1, 0, 2, 1], "texture": "#1_1"},
				"west": {"uv": [0, 0, 12, 1], "texture": "#1_1"},
				"up": {"uv": [1, 0, 2, 12], "texture": "#1_1"},
				"down": {"uv": [1, 0, 2, 12], "texture": "#1_1"}
			}
		},
		{
			"from": [10, 1, 9],
			"to": [11, 1.75, 11],
			"faces": {
				"north": {"uv": [0, 0, 1, 0.75], "texture": "#2"},
				"east": {"uv": [0, 0, 2, 0.75], "texture": "#2"},
				"south": {"uv": [0, 0, 1, 0.75], "texture": "#2"},
				"west": {"uv": [0, 0, 2, 0.75], "texture": "#2"},
				"up": {"uv": [0, 0, 1, 2], "texture": "#2"}
			}
		},
		{
			"from": [5, 1, 9],
			"to": [6, 1.75, 11],
			"faces": {
				"north": {"uv": [0, 0, 1, 0.75], "texture": "#2"},
				"east": {"uv": [0, 0, 2, 0.75], "texture": "#2"},
				"south": {"uv": [0, 0, 1, 0.75], "texture": "#2"},
				"west": {"uv": [0, 0, 2, 0.75], "texture": "#2"},
				"up": {"uv": [0, 0, 1, 2], "texture": "#2"}
			}
		},
		{
			"from": [10, 1, 13],
			"to": [11, 1.75, 15],
			"faces": {
				"north": {"uv": [0, 0, 1, 0.75], "texture": "#2"},
				"east": {"uv": [0, 0, 2, 0.75], "texture": "#2"},
				"south": {"uv": [0, 0, 1, 0.75], "texture": "#2"},
				"west": {"uv": [0, 0, 2, 0.75], "texture": "#2"},
				"up": {"uv": [0, 0, 1, 2], "texture": "#2"}
			}
		},
		{
			"from": [5, 1, 13],
			"to": [6, 1.75, 15],
			"faces": {
				"north": {"uv": [0, 0, 1, 0.75], "texture": "#2"},
				"east": {"uv": [0, 0, 2, 0.75], "texture": "#2"},
				"south": {"uv": [0, 0, 1, 0.75], "texture": "#2"},
				"west": {"uv": [0, 0, 2, 0.75], "texture": "#2"},
				"up": {"uv": [0, 0, 1, 2], "texture": "#2"}
			}
		},
		{
			"from": [2, 2, 0],
			"to": [5, 3, 1],
			"faces": {
				"north": {"uv": [0, 0, 3, 2], "texture": "#1_1"},
				"east": {"uv": [0, 0, 1, 2], "texture": "#1_1"},
				"south": {"uv": [0, 0, 3, 2], "texture": "#1_1"},
				"west": {"uv": [0, 0, 1, 2], "texture": "#1_1"},
				"up": {"uv": [0, 0, 3, 1], "texture": "#1_1"},
				"down": {"uv": [0, 0, 3, 1], "texture": "#1_1"}
			}
		},
		{
			"from": [2, 1, 0],
			"to": [5, 2, 2],
			"faces": {
				"north": {"uv": [0, 0, 3, 2], "texture": "#1_1"},
				"east": {"uv": [0, 0, 2, 2], "texture": "#1_1"},
				"south": {"uv": [0, 0, 3, 2], "texture": "#1_1"},
				"west": {"uv": [0, 0, 2, 2], "texture": "#1_1"},
				"up": {"uv": [0, 0, 3, 2], "texture": "#1_1"},
				"down": {"uv": [0, 0, 3, 2], "texture": "#1_1"}
			}
		},
		{
			"from": [11, 1, 0],
			"to": [14, 2, 2],
			"faces": {
				"north": {"uv": [0, 0, 3, 2], "texture": "#1_1"},
				"east": {"uv": [0, 0, 2, 2], "texture": "#1_1"},
				"south": {"uv": [0, 0, 3, 2], "texture": "#1_1"},
				"west": {"uv": [0, 0, 2, 2], "texture": "#1_1"},
				"up": {"uv": [0, 0, 3, 2], "texture": "#1_1"},
				"down": {"uv": [0, 0, 3, 2], "texture": "#1_1"}
			}
		},
		{
			"from": [11, 2, 0],
			"to": [14, 3, 1],
			"faces": {
				"north": {"uv": [0, 0, 3, 2], "texture": "#1_1"},
				"east": {"uv": [0, 0, 1, 2], "texture": "#1_1"},
				"south": {"uv": [0, 0, 3, 2], "texture": "#1_1"},
				"west": {"uv": [0, 0, 1, 2], "texture": "#1_1"},
				"up": {"uv": [0, 0, 3, 1], "texture": "#1_1"},
				"down": {"uv": [0, 0, 3, 1], "texture": "#1_1"}
			}
		},
		{
			"from": [11, 1, 14],
			"to": [14, 2, 16],
			"faces": {
				"north": {"uv": [3, 0, 0, 2], "texture": "#1_1"},
				"east": {"uv": [2, 0, 0, 2], "texture": "#1_1"},
				"south": {"uv": [3, 0, 0, 2], "texture": "#1_1"},
				"west": {"uv": [2, 0, 0, 2], "texture": "#1_1"},
				"up": {"uv": [0, 2, 3, 0], "texture": "#1_1"},
				"down": {"uv": [0, 2, 3, 0], "texture": "#1_1"}
			}
		},
		{
			"from": [11, 2, 15],
			"to": [14, 3, 16],
			"faces": {
				"north": {"uv": [3, 0, 0, 2], "texture": "#1_1"},
				"east": {"uv": [1, 0, 0, 2], "texture": "#1_1"},
				"south": {"uv": [3, 0, 0, 2], "texture": "#1_1"},
				"west": {"uv": [1, 0, 0, 2], "texture": "#1_1"},
				"up": {"uv": [0, 1, 3, 0], "texture": "#1_1"},
				"down": {"uv": [0, 1, 3, 0], "texture": "#1_1"}
			}
		},
		{
			"from": [2, 1, 14],
			"to": [5, 2, 16],
			"faces": {
				"north": {"uv": [3, 0, 0, 2], "texture": "#1_1"},
				"east": {"uv": [2, 0, 0, 2], "texture": "#1_1"},
				"south": {"uv": [3, 0, 0, 2], "texture": "#1_1"},
				"west": {"uv": [2, 0, 0, 2], "texture": "#1_1"},
				"up": {"uv": [0, 2, 3, 0], "texture": "#1_1"},
				"down": {"uv": [0, 2, 3, 0], "texture": "#1_1"}
			}
		},
		{
			"from": [2, 2, 15],
			"to": [5, 3, 16],
			"faces": {
				"north": {"uv": [3, 0, 0, 2], "texture": "#1_1"},
				"east": {"uv": [1, 0, 0, 2], "texture": "#1_1"},
				"south": {"uv": [3, 0, 0, 2], "texture": "#1_1"},
				"west": {"uv": [1, 0, 0, 2], "texture": "#1_1"},
				"up": {"uv": [0, 1, 3, 0], "texture": "#1_1"},
				"down": {"uv": [0, 1, 3, 0], "texture": "#1_1"}
			}
		},
		{
			"from": [10, 1, 1],
			"to": [11, 1.75, 3],
			"faces": {
				"north": {"uv": [0, 0, 1, 0.75], "texture": "#2"},
				"east": {"uv": [0, 0, 2, 0.75], "texture": "#2"},
				"south": {"uv": [0, 0, 1, 0.75], "texture": "#2"},
				"west": {"uv": [0, 0, 2, 0.75], "texture": "#2"},
				"up": {"uv": [0, 0, 1, 2], "texture": "#2"}
			}
		},
		{
			"from": [5, 1, 1],
			"to": [6, 1.75, 3],
			"faces": {
				"north": {"uv": [0, 0, 1, 0.75], "texture": "#2"},
				"east": {"uv": [0, 0, 2, 0.75], "texture": "#2"},
				"south": {"uv": [0, 0, 1, 0.75], "texture": "#2"},
				"west": {"uv": [0, 0, 2, 0.75], "texture": "#2"},
				"up": {"uv": [0, 0, 1, 2], "texture": "#2"}
			}
		}
	],
	"groups": [0, 1, 2, 3, 4, 5, 6, 7, 8,
		{
			"name": "rails",
			"isOpen": true,
			"shade": true,
			"display": {
				"visibility": true,
				"autouv": true
			},
			"children": [9, 10, 11, 12, 13, 14]
		}, 15, 16, 17, 18, 19, 20, 21, 22, 23, 24, 25, 26, 27, 28]
}