{
	"credit": "Made with Blockbench",
	"textures": {
		"0": "3d_transportation/3d_rail_wood",
		"1": "3d_transportation/3d_rail_wood",
		"2": "3d_transportation/3d_rail_wood_dark",
		"3": "3d_transportation/3d_rail_wood_dark",
		"particle": "3d_transportation/3d_rail_wood_dark"
	},
	"elements": [
		{
			"name": "outer rail",
			"from": [2, 1, 12],
			"to": [3, 2, 16],
			"faces": {
				"north": {"uv": [13, 14, 14, 15], "texture": "#0"},
				"east": {"uv": [4, 15, 0, 14], "texture": "#0"},
				"south": {"uv": [2, 14, 3, 15], "texture": "#0"},
				"west": {"uv": [12, 14, 16, 15], "texture": "#0"},
				"up": {"uv": [2, 12, 3, 16], "texture": "#0", "rotation": 180},
				"down": {"uv": [2, 0, 3, 4], "texture": "#0", "rotation": 180}
			}
		},
		{
			"name": "outer rail",
			"from": [3, 1, 10],
			"to": [4, 2, 12],
			"faces": {
				"north": {"uv": [12, 14, 13, 15], "texture": "#0"},
				"east": {"uv": [6, 15, 4, 14], "texture": "#0"},
				"south": {"uv": [3, 14, 4, 15], "texture": "#0"},
				"west": {"uv": [10, 14, 12, 15], "texture": "#0"},
				"up": {"uv": [3, 10, 4, 12], "texture": "#0", "rotation": 180},
				"down": {"uv": [3, 4, 4, 6], "texture": "#0", "rotation": 180}
			}
		},
		{
			"name": "outer rail",
			"from": [4, 1, 8],
			"to": [5, 2, 10],
			"faces": {
				"north": {"uv": [11, 14, 12, 15], "texture": "#0"},
				"east": {"uv": [8, 15, 6, 14], "texture": "#0"},
				"south": {"uv": [4, 14, 5, 15], "texture": "#0"},
				"west": {"uv": [8, 14, 10, 15], "texture": "#0"},
				"up": {"uv": [4, 8, 5, 10], "texture": "#0", "rotation": 180},
				"down": {"uv": [4, 6, 5, 8], "texture": "#0", "rotation": 180}
			}
		},
		{
			"name": "outer rail",
			"from": [5, 1, 8],
			"to": [6, 2, 9],
			"faces": {
				"north": {"uv": [10, 14, 11, 15], "texture": "#0"},
				"east": {"uv": [9, 15, 10, 16], "texture": "#0"},
				"south": {"uv": [5, 14, 6, 15], "texture": "#0"},
				"west": {"uv": [7, 14, 8, 15], "texture": "#0"},
				"up": {"uv": [5, 7, 6, 8], "texture": "#0", "rotation": 180},
				"down": {"uv": [5, 8, 6, 9], "texture": "#0", "rotation": 180}
			}
		},
		{
			"name": "outer rail",
			"from": [6, 1, 6],
			"to": [7, 2, 7],
			"faces": {
				"north": {"uv": [9, 14, 10, 15], "texture": "#0"},
				"east": {"uv": [10, 15, 9, 14], "texture": "#0"},
				"south": {"uv": [6, 14, 7, 15], "texture": "#0"},
				"west": {"uv": [6, 14, 7, 15], "texture": "#0"},
				"up": {"uv": [6, 6, 7, 7], "texture": "#0", "rotation": 180},
				"down": {"uv": [6, 9, 7, 10], "texture": "#0", "rotation": 180}
			}
		},
		{
			"name": "outer rail",
			"from": [7, 1, 5],
			"to": [8, 2, 6],
			"faces": {
				"north": {"uv": [8, 14, 9, 15], "texture": "#0"},
				"east": {"uv": [11, 15, 10, 14], "texture": "#0"},
				"south": {"uv": [7, 14, 8, 15], "texture": "#0"},
				"west": {"uv": [5, 14, 6, 15], "texture": "#0"},
				"up": {"uv": [7, 5, 8, 6], "texture": "#0", "rotation": 180},
				"down": {"uv": [7, 10, 8, 11], "texture": "#0", "rotation": 180}
			}
		},
		{
			"name": "outer rail",
			"from": [8, 1, 4],
			"to": [10, 2, 5],
			"faces": {
				"north": {"uv": [6, 14, 8, 15], "texture": "#0"},
				"east": {"uv": [12, 15, 11, 14], "texture": "#0"},
				"south": {"uv": [8, 14, 10, 15], "texture": "#0"},
				"west": {"uv": [4, 14, 5, 15], "texture": "#0"},
				"up": {"uv": [8, 4, 10, 5], "texture": "#0", "rotation": 180},
				"down": {"uv": [8, 11, 10, 12], "texture": "#0", "rotation": 180}
			}
		},
		{
			"name": "outer rail",
			"from": [10, 1, 3],
			"to": [12, 2, 4],
			"faces": {
				"north": {"uv": [4, 14, 6, 15], "texture": "#0"},
				"east": {"uv": [13, 15, 12, 14], "texture": "#0"},
				"south": {"uv": [10, 14, 12, 15], "texture": "#0"},
				"west": {"uv": [3, 14, 4, 15], "texture": "#0"},
				"up": {"uv": [10, 3, 12, 4], "texture": "#0", "rotation": 180},
				"down": {"uv": [10, 12, 12, 13], "texture": "#0", "rotation": 180}
			}
		},
		{
			"name": "outer rail",
			"from": [12, 1, 2],
			"to": [16, 2, 3],
			"faces": {
				"north": {"uv": [0, 14, 4, 15], "texture": "#0"},
				"east": {"uv": [14, 15, 13, 14], "texture": "#0"},
				"south": {"uv": [12, 14, 16, 15], "texture": "#0"},
				"west": {"uv": [2, 14, 3, 15], "texture": "#0"},
				"up": {"uv": [12, 2, 16, 3], "texture": "#0", "rotation": 180},
				"down": {"uv": [12, 13, 16, 14], "texture": "#0", "rotation": 180}
			}
		},
		{
			"name": "outer rail",
			"from": [13, 1, 14],
			"to": [14, 2, 16],
			"faces": {
				"north": {"uv": [2, 14, 3, 15], "texture": "#0"},
				"east": {"uv": [2, 15, 0, 14], "texture": "#0"},
				"south": {"uv": [13, 14, 14, 15], "texture": "#0"},
				"west": {"uv": [14, 14, 16, 15], "texture": "#0"},
				"up": {"uv": [13, 14, 14, 16], "texture": "#0", "rotation": 180},
				"down": {"uv": [13, 0, 14, 2], "texture": "#0", "rotation": 180}
			}
		},
		{
			"name": "outer rail",
			"from": [14, 1, 13],
			"to": [16, 2, 14],
			"faces": {
				"north": {"uv": [0, 14, 2, 15], "texture": "#0"},
				"east": {"uv": [3, 15, 2, 14], "texture": "#0"},
				"south": {"uv": [14, 14, 16, 15], "texture": "#0"},
				"west": {"uv": [13, 14, 14, 15], "texture": "#0"},
				"up": {"uv": [14, 13, 16, 14], "texture": "#0", "rotation": 180},
				"down": {"uv": [14, 2, 16, 3], "texture": "#0", "rotation": 180}
			}
		},
		{
			"name": "inner rail",
			"from": [13, 1, 13],
			"to": [14, 1.5, 14],
			"faces": {
				"north": {"uv": [2, 14.5, 3, 15], "texture": "#2"},
				"east": {"uv": [3, 15, 2, 14.5], "texture": "#2"},
				"south": {"uv": [13, 14.5, 14, 15], "texture": "#2"},
				"west": {"uv": [13, 14.5, 14, 15], "texture": "#2"},
				"up": {"uv": [13, 13, 14, 14], "texture": "#2", "rotation": 180},
				"down": {"uv": [13, 2, 14, 3], "texture": "#2", "rotation": 180}
			}
		},
		{
			"name": "inner rail",
			"from": [3, 1, 12],
			"to": [4, 1.5, 16],
			"faces": {
				"north": {"uv": [12, 14.5, 13, 15], "texture": "#2"},
				"east": {"uv": [4, 15, 0, 14.5], "texture": "#2"},
				"south": {"uv": [3, 14.5, 4, 15], "texture": "#2"},
				"west": {"uv": [12, 14.5, 16, 15], "texture": "#2"},
				"up": {"uv": [3, 12, 4, 16], "texture": "#2", "rotation": 180},
				"down": {"uv": [3, 0, 4, 4], "texture": "#2", "rotation": 180}
			}
		},
		{
			"name": "inner rail",
			"from": [12, 1, 14],
			"to": [13, 1.5, 16],
			"faces": {
				"north": {"uv": [3, 14.5, 4, 15], "texture": "#2"},
				"east": {"uv": [2, 15, 0, 14.5], "texture": "#2"},
				"south": {"uv": [12, 14.5, 13, 15], "texture": "#2"},
				"west": {"uv": [14, 14.5, 16, 15], "texture": "#2"},
				"up": {"uv": [12, 14, 13, 16], "texture": "#2", "rotation": 180},
				"down": {"uv": [12, 0, 13, 2], "texture": "#2", "rotation": 180}
			}
		},
		{
			"name": "inner rail",
			"from": [5, 1, 8],
			"to": [6, 1.5, 10],
			"faces": {
				"north": {"uv": [10, 14.5, 11, 15], "texture": "#2"},
				"east": {"uv": [8, 15, 6, 14.5], "texture": "#2"},
				"south": {"uv": [5, 14.5, 6, 15], "texture": "#2"},
				"west": {"uv": [8, 14.5, 10, 15], "texture": "#2"},
				"up": {"uv": [5, 8, 6, 10], "texture": "#2", "rotation": 180},
				"down": {"uv": [5, 6, 6, 8], "texture": "#2", "rotation": 180}
			}
		},
		{
			"name": "inner rail",
			"from": [6, 1, 7],
			"to": [7, 1.5, 8],
			"faces": {
				"north": {"uv": [9, 14.5, 10, 15], "texture": "#2"},
				"east": {"uv": [9, 15, 8, 14.5], "texture": "#2"},
				"south": {"uv": [6, 14.5, 7, 15], "texture": "#2"},
				"west": {"uv": [7, 14.5, 8, 15], "texture": "#2"},
				"up": {"uv": [6, 7, 7, 8], "texture": "#2", "rotation": 180},
				"down": {"uv": [6, 8, 7, 9], "texture": "#2", "rotation": 180}
			}
		},
		{
			"name": "inner rail",
			"from": [7, 1, 6],
			"to": [8, 1.5, 7],
			"faces": {
				"north": {"uv": [8, 14.5, 9, 15], "texture": "#2"},
				"east": {"uv": [10, 15, 9, 14.5], "texture": "#2"},
				"south": {"uv": [7, 14.5, 8, 15], "texture": "#2"},
				"west": {"uv": [6, 14.5, 7, 15], "texture": "#2"},
				"up": {"uv": [7, 6, 8, 7], "texture": "#2", "rotation": 180},
				"down": {"uv": [7, 9, 8, 10], "texture": "#2", "rotation": 180}
			}
		},
		{
			"name": "inner rail",
			"from": [8, 1, 5],
			"to": [10, 1.5, 6],
			"faces": {
				"north": {"uv": [6, 14.5, 8, 15], "texture": "#2"},
				"east": {"uv": [11, 15, 10, 14.5], "texture": "#2"},
				"south": {"uv": [8, 14.5, 10, 15], "texture": "#2"},
				"west": {"uv": [5, 14.5, 6, 15], "texture": "#2"},
				"up": {"uv": [8, 5, 10, 6], "texture": "#2", "rotation": 180},
				"down": {"uv": [8, 10, 10, 11], "texture": "#2", "rotation": 180}
			}
		},
		{
			"name": "inner rail",
			"from": [10, 1, 4],
			"to": [12, 1.5, 5],
			"faces": {
				"north": {"uv": [4, 14.5, 6, 15], "texture": "#2"},
				"east": {"uv": [12, 15, 11, 14.5], "texture": "#2"},
				"south": {"uv": [10, 14.5, 12, 15], "texture": "#2"},
				"west": {"uv": [4, 14.5, 5, 15], "texture": "#2"},
				"up": {"uv": [10, 4, 12, 5], "texture": "#2", "rotation": 180},
				"down": {"uv": [10, 11, 12, 12], "texture": "#2", "rotation": 180}
			}
		},
		{
			"name": "inner rail",
			"from": [12, 1, 3],
			"to": [16, 1.5, 4],
			"faces": {
				"north": {"uv": [0, 14.5, 4, 15], "texture": "#2"},
				"east": {"uv": [13, 15, 12, 14.5], "texture": "#2"},
				"south": {"uv": [12, 14.5, 16, 15], "texture": "#2"},
				"west": {"uv": [3, 14.5, 4, 15], "texture": "#2"},
				"up": {"uv": [12, 3, 16, 4], "texture": "#2", "rotation": 180},
				"down": {"uv": [12, 12, 16, 13], "texture": "#2", "rotation": 180}
			}
		},
		{
			"name": "inner rail",
			"from": [4, 1, 10],
			"to": [5, 1.5, 12],
			"faces": {
				"north": {"uv": [11, 14.5, 12, 15], "texture": "#2"},
				"east": {"uv": [6, 15, 4, 14.5], "texture": "#2"},
				"south": {"uv": [4, 14.5, 5, 15], "texture": "#2"},
				"west": {"uv": [10, 14.5, 12, 15], "texture": "#2"},
				"up": {"uv": [4, 10, 5, 12], "texture": "#2", "rotation": 180},
				"down": {"uv": [4, 4, 5, 6], "texture": "#2", "rotation": 180}
			}
		},
		{
			"name": "inner rail",
			"from": [14, 1, 12],
			"to": [16, 1.5, 13],
			"faces": {
				"north": {"uv": [0, 14.5, 2, 15], "texture": "#2"},
				"east": {"uv": [4, 15, 3, 14.5], "texture": "#2"},
				"south": {"uv": [14, 14.5, 16, 15], "texture": "#2"},
				"west": {"uv": [12, 14.5, 13, 15], "texture": "#2"},
				"up": {"uv": [14, 12, 16, 13], "texture": "#2", "rotation": 180},
				"down": {"uv": [14, 3, 16, 4], "texture": "#2", "rotation": 180}
			}
		},
		{
			"from": [13, 0, 1],
			"to": [15, 1, 15],
			"faces": {
				"north": {"uv": [0, 0, 2, 1], "texture": "#1"},
				"east": {"uv": [0, 0, 14, 1], "texture": "#1"},
				"south": {"uv": [0, 0, 2, 1], "texture": "#1"},
				"west": {"uv": [0, 0, 14, 1], "texture": "#1"},
				"up": {"uv": [0, 0, 14, 2], "texture": "#1", "rotation": 90},
				"down": {"uv": [0, 0, 14, 2], "texture": "#1", "rotation": 270}
			}
		},
		{
			"from": [1, 0, 13],
			"to": [13, 1, 15],
			"faces": {
				"north": {"uv": [0, 0, 12, 1], "texture": "#1"},
				"east": {"uv": [0, 0, 2, 1], "texture": "#1"},
				"south": {"uv": [0, 0, 12, 1], "texture": "#1"},
				"west": {"uv": [0, 0, 2, 1], "texture": "#1"},
				"up": {"uv": [0, 0, 12, 2], "texture": "#1"},
				"down": {"uv": [0, 0, 12, 2], "texture": "#1"}
			}
		},
		{
			"from": [12, 0, 5],
			"to": [13, 1, 12],
			"faces": {
				"north": {"uv": [0, 0, 1, 1], "texture": "#3"},
				"east": {"uv": [0, 0, 7, 1], "texture": "#3"},
				"south": {"uv": [0, 0, 1, 1], "texture": "#3"},
				"west": {"uv": [0, 0, 7, 1], "texture": "#3"},
				"up": {"uv": [0, 0, 7, 1], "texture": "#3", "rotation": 270},
				"down": {"uv": [0, 0, 7, 1], "texture": "#3", "rotation": 90}
			}
		},
		{
			"from": [5, 0, 5],
			"to": [12, 1, 6],
			"faces": {
				"north": {"uv": [0, 0, 7, 1], "texture": "#3"},
				"east": {"uv": [0, 0, 1, 1], "texture": "#3"},
				"south": {"uv": [0, 0, 7, 1], "texture": "#3"},
				"west": {"uv": [0, 0, 1, 1], "texture": "#3"},
				"up": {"uv": [0, 0, 7, 1], "texture": "#3", "rotation": 180},
				"down": {"uv": [0, 0, 7, 1], "texture": "#3", "rotation": 180}
			}
		},
		{
			"from": [5, 0, 6],
			"to": [6, 1, 13],
			"faces": {
				"north": {"uv": [0, 0, 1, 1], "texture": "#3"},
				"east": {"uv": [0, 0, 7, 1], "texture": "#3"},
				"south": {"uv": [0, 0, 1, 1], "texture": "#3"},
				"west": {"uv": [0, 0, 7, 1], "texture": "#3"},
				"up": {"uv": [0, 0, 7, 1], "texture": "#3", "rotation": 90},
				"down": {"uv": [0, 0, 7, 1], "texture": "#3", "rotation": 270}
			}
		},
		{
			"from": [6, 0, 12],
			"to": [13, 1, 13],
			"faces": {
				"north": {"uv": [0, 0, 7, 1], "texture": "#3"},
				"east": {"uv": [0, 0, 1, 1], "texture": "#3"},
				"south": {"uv": [0, 0, 7, 1], "texture": "#3"},
				"west": {"uv": [0, 0, 1, 1], "texture": "#3"},
				"up": {"uv": [0, 0, 7, 1], "texture": "#3"},
				"down": {"uv": [0, 0, 7, 1], "texture": "#3"}
			}
		},
		{
			"from": [6, 0, 8],
			"to": [12, 1, 10],
			"faces": {
				"north": {"uv": [0, 0, 6, 1], "texture": "#3"},
				"east": {"uv": [0, 0, 2, 1], "texture": "#3"},
				"south": {"uv": [0, 0, 6, 1], "texture": "#3"},
				"west": {"uv": [0, 0, 2, 1], "texture": "#3"},
				"up": {"uv": [0, 0, 6, 2], "texture": "#3"},
				"down": {"uv": [0, 0, 6, 2], "texture": "#3"}
			}
		},
		{
			"from": [8, 0, 10],
			"to": [10, 1, 12],
			"faces": {
				"north": {"uv": [0, 0, 2, 1], "texture": "#3"},
				"east": {"uv": [0, 0, 2, 1], "texture": "#3"},
				"south": {"uv": [0, 0, 2, 1], "texture": "#3"},
				"west": {"uv": [0, 0, 2, 1], "texture": "#3"},
				"up": {"uv": [3, 2, 5, 4], "texture": "#3"},
				"down": {"uv": [4, 3, 6, 5], "texture": "#3"}
			}
		},
		{
			"from": [8, 0, 6],
			"to": [10, 1, 8],
			"faces": {
				"north": {"uv": [0, 0, 2, 1], "texture": "#3"},
				"east": {"uv": [0, 0, 2, 1], "texture": "#3"},
				"south": {"uv": [0, 0, 2, 1], "texture": "#3"},
				"west": {"uv": [0, 0, 2, 1], "texture": "#3"},
				"up": {"uv": [3, 2, 5, 4], "texture": "#3"},
				"down": {"uv": [4, 3, 6, 5], "texture": "#3"}
			}
		}
	],
	"groups": [
		{
			"name": "group",
			"isOpen": true,
			"shade": true,
			"display": {
				"visibility": true,
				"autouv": true
			},
			"children": [0, 1, 2, 3, 4, 5, 6, 7, 8, 9, 10]
		},
		{
			"name": "group",
			"isOpen": true,
			"shade": true,
			"display": {
				"visibility": true,
				"autouv": true
			},
			"children": [11, 12, 13, 14, 15, 16, 17, 18, 19, 20, 21]
		}, 22, 23, 24, 25, 26, 27, 28, 29, 30]
}