{
	"credit": "Made with Blockbench",
	"ambientocclusion": false,
	"textures": {
		"0": "3d_transportation/3d_rail_wood",
		"4": "3d_transportation/3d_rail_wood_dark"
	},
	"elements": [
		{
			"from": [1, 0, 1],
			"to": [15, 1, 3],
			"rotation": {"angle": 0, "axis": "x", "origin": [8, 8, 8]},
			"faces": {
				"north": {"uv": [1, 15, 15, 16], "texture": "#0"},
				"east": {"uv": [15, 16, 13, 15], "texture": "#0"},
				"south": {"uv": [1, 15, 15, 16], "texture": "#0"},
				"west": {"uv": [1, 15, 3, 16], "texture": "#0"},
				"up": {"uv": [1, 1, 15, 3], "texture": "#0"},
				"down": {"uv": [1, 13, 15, 15], "texture": "#0", "cullface": "down"}
			}
		},
		{
			"from": [12, 0, 9],
			"to": [15, 1, 11],
			"rotation": {"angle": 0, "axis": "x", "origin": [19, 8, 8]},
			"faces": {
				"north": {"uv": [0, 0, 3, 1], "texture": "#0"},
				"east": {"uv": [0, 0, 2, 1], "texture": "#0"},
				"south": {"uv": [0, 0, 3, 1], "texture": "#0"},
				"west": {"uv": [9, 15, 11, 16], "texture": "#0"},
				"up": {"uv": [0, 0, 3, 2], "texture": "#0"},
				"down": {"uv": [0, 0, 3, 2], "texture": "#0", "cullface": "down"}
			}
		},
		{
			"from": [12, 0, 5],
			"to": [15, 1, 7],
			"rotation": {"angle": 0, "axis": "x", "origin": [19, 8, 4]},
			"faces": {
				"north": {"uv": [0, 0, 3, 1], "texture": "#0"},
				"east": {"uv": [0, 0, 2, 1], "texture": "#0"},
				"south": {"uv": [0, 0, 3, 1], "texture": "#0"},
				"west": {"uv": [9, 15, 11, 16], "texture": "#0"},
				"up": {"uv": [0, 0, 3, 2], "texture": "#0"},
				"down": {"uv": [0, 0, 3, 2], "texture": "#0", "cullface": "down"}
			}
		},
		{
			"from": [1, 0, 5],
			"to": [4, 1, 7],
			"rotation": {"angle": 0, "axis": "x", "origin": [8, 8, 4]},
			"faces": {
				"north": {"uv": [0, 0, 3, 1], "texture": "#0"},
				"east": {"uv": [0, 0, 2, 1], "texture": "#0"},
				"south": {"uv": [0, 0, 3, 1], "texture": "#0"},
				"west": {"uv": [9, 15, 11, 16], "texture": "#0"},
				"up": {"uv": [0, 0, 3, 2], "texture": "#0"},
				"down": {"uv": [0, 0, 3, 2], "texture": "#0", "cullface": "down"}
			}
		},
		{
			"from": [1, 0, 9],
			"to": [4, 1, 11],
			"rotation": {"angle": 0, "axis": "x", "origin": [8, 8, 8]},
			"faces": {
				"north": {"uv": [0, 0, 3, 1], "texture": "#0"},
				"east": {"uv": [0, 0, 2, 1], "texture": "#0"},
				"south": {"uv": [0, 0, 3, 1], "texture": "#0"},
				"west": {"uv": [9, 15, 11, 16], "texture": "#0"},
				"up": {"uv": [0, 0, 3, 2], "texture": "#0"},
				"down": {"uv": [0, 0, 3, 2], "texture": "#0", "cullface": "down"}
			}
		},
		{
			"from": [1, 0, 13],
			"to": [15, 1, 15],
			"rotation": {"angle": 0, "axis": "x", "origin": [8, 8, 8]},
			"faces": {
				"north": {"uv": [1, 15, 15, 16], "texture": "#0"},
				"east": {"uv": [3, 16, 1, 15], "texture": "#0"},
				"south": {"uv": [1, 15, 15, 16], "texture": "#0"},
				"west": {"uv": [13, 15, 15, 16], "texture": "#0"},
				"up": {"uv": [1, 13, 15, 15], "texture": "#0"},
				"down": {"uv": [1, 1, 15, 3], "texture": "#0", "cullface": "down"}
			}
		},
		{
			"from": [3, 1, 0],
			"to": [3.999, 1.5, 16],
			"rotation": {"angle": 0, "axis": "x", "origin": [3.5, 8, 8]},
			"faces": {
				"north": {"uv": [0, 0, 0.999, 0.5], "texture": "#4"},
				"east": {"uv": [0, 0, 16, 0.5], "texture": "#4"},
				"south": {"uv": [0, 0, 0.999, 0.5], "texture": "#4"},
				"west": {"uv": [0, 0, 16, 0.5], "texture": "#4"},
				"up": {"uv": [3, 0, 4, 16], "texture": "#4"},
				"down": {"uv": [0, 0, 0.999, 16], "texture": "#4"}
			}
		},
		{
			"from": [2.001, 1, 0],
			"to": [3, 2, 16],
			"rotation": {"angle": 0, "axis": "x", "origin": [2.501, 8, 8]},
			"faces": {
				"north": {"uv": [0, 0, 0.999, 1], "texture": "#0"},
				"east": {"uv": [0, 0, 16, 1], "texture": "#0"},
				"south": {"uv": [0, 0, 0.999, 1], "texture": "#0"},
				"west": {"uv": [0, 0, 16, 1], "texture": "#0"},
				"up": {"uv": [2, 0, 3, 16], "texture": "#0"},
				"down": {"uv": [2, 0, 3, 16], "texture": "#0"}
			}
		},
		{
			"from": [12.001, 1, 0],
			"to": [13, 1.5, 16],
			"rotation": {"angle": 0, "axis": "x", "origin": [12.5, 8, 8]},
			"faces": {
				"north": {"uv": [0.999, 0, 0, 0.5], "texture": "#4"},
				"east": {"uv": [16, 0, 0, 0.5], "texture": "#4"},
				"south": {"uv": [0.999, 0, 0, 0.5], "texture": "#4"},
				"west": {"uv": [16, 0, 0, 0.5], "texture": "#4"},
				"up": {"uv": [4, 0, 3, 16], "texture": "#4"},
				"down": {"uv": [0.999, 0, 0, 16], "texture": "#4"}
			}
		},
		{
			"from": [13, 1, 0],
			"to": [13.999, 2, 16],
			"rotation": {"angle": 0, "axis": "x", "origin": [13.499, 8, 8]},
			"faces": {
				"north": {"uv": [0.999, 0, 0, 1], "texture": "#0"},
				"east": {"uv": [16, 0, 0, 1], "texture": "#0"},
				"south": {"uv": [0.999, 0, 0, 1], "texture": "#0"},
				"west": {"uv": [16, 0, 0, 1], "texture": "#0"},
				"up": {"uv": [3, 0, 2, 16], "texture": "#0"},
				"down": {"uv": [3, 0, 2, 16], "texture": "#0"}
			}
		},
		{
			"from": [7, 0, 5],
			"to": [9, 1, 11],
			"faces": {
				"north": {"uv": [0, 0, 2, 1], "texture": "#4"},
				"east": {"uv": [0, 0, 6, 1], "texture": "#4"},
				"south": {"uv": [0, 0, 2, 1], "texture": "#4"},
				"west": {"uv": [0, 0, 6, 1], "texture": "#4"},
				"up": {"uv": [0, 0, 2, 6], "texture": "#4"},
				"down": {"uv": [0, 0, 2, 6], "texture": "#4"}
			}
		},
		{
			"from": [11, 0, 4],
			"to": [12, 1, 12],
			"faces": {
				"north": {"uv": [0, 0, 1, 1], "texture": "#4"},
				"east": {"uv": [0, 0, 8, 1], "texture": "#4"},
				"south": {"uv": [0, 0, 1, 1], "texture": "#4"},
				"west": {"uv": [0, 0, 8, 1], "texture": "#4"},
				"up": {"uv": [0, 0, 1, 8], "texture": "#4"},
				"down": {"uv": [0, 0, 1, 8], "texture": "#4"}
			}
		},
		{
			"from": [4, 0, 4],
			"to": [5, 1, 12],
			"faces": {
				"north": {"uv": [0, 0, 1, 1], "texture": "#4"},
				"east": {"uv": [0, 0, 8, 1], "texture": "#4"},
				"south": {"uv": [0, 0, 1, 1], "texture": "#4"},
				"west": {"uv": [0, 0, 8, 1], "texture": "#4"},
				"up": {"uv": [0, 0, 1, 8], "texture": "#4"},
				"down": {"uv": [0, 0, 1, 8], "texture": "#4"}
			}
		},
		{
			"from": [5, 0, 4],
			"to": [11, 1, 5],
			"faces": {
				"north": {"uv": [0, 0, 1, 6], "texture": "#4", "rotation": 270},
				"east": {"uv": [0, 0, 1, 1], "texture": "#4", "rotation": 270},
				"south": {"uv": [0, 0, 1, 6], "texture": "#4", "rotation": 270},
				"west": {"uv": [0, 0, 1, 1], "texture": "#4", "rotation": 270},
				"up": {"uv": [0, 0, 1, 6], "texture": "#4", "rotation": 270},
				"down": {"uv": [0, 0, 1, 6], "texture": "#4", "rotation": 270}
			}
		},
		{
			"from": [9, 0, 7],
			"to": [11, 1, 9],
			"faces": {
				"north": {"uv": [2, 1, 3, 3], "texture": "#4", "rotation": 270},
				"east": {"uv": [0, 0, 3, 1], "texture": "#4", "rotation": 270},
				"south": {"uv": [0, 2, 1, 4], "texture": "#4", "rotation": 270},
				"west": {"uv": [0, 0, 2, 1], "texture": "#4", "rotation": 270},
				"up": {"uv": [2, 2, 4, 4], "texture": "#4", "rotation": 270},
				"down": {"uv": [3, 3, 5, 5], "texture": "#4", "rotation": 270}
			}
		},
		{
			"from": [5, 0, 7],
			"to": [7, 1, 9],
			"faces": {
				"north": {"uv": [2, 1, 3, 3], "texture": "#4", "rotation": 270},
				"east": {"uv": [0, 0, 3, 1], "texture": "#4", "rotation": 270},
				"south": {"uv": [0, 2, 1, 4], "texture": "#4", "rotation": 270},
				"west": {"uv": [0, 0, 2, 1], "texture": "#4", "rotation": 270},
				"up": {"uv": [2, 2, 4, 4], "texture": "#4", "rotation": 270},
				"down": {"uv": [3, 3, 5, 5], "texture": "#4", "rotation": 270}
			}
		},
		{
			"from": [5, 0, 11],
			"to": [11, 1, 12],
			"faces": {
				"north": {"uv": [0, 0, 1, 6], "texture": "#4", "rotation": 270},
				"east": {"uv": [0, 0, 1, 1], "texture": "#4", "rotation": 270},
				"south": {"uv": [0, 0, 1, 6], "texture": "#4", "rotation": 270},
				"west": {"uv": [0, 0, 1, 1], "texture": "#4", "rotation": 270},
				"up": {"uv": [0, 0, 1, 6], "texture": "#4", "rotation": 270},
				"down": {"uv": [0, 0, 1, 6], "texture": "#4", "rotation": 270}
			}
		}
	]
}