{
	"credit": "Made with Blockbench",
	"ambientocclusion": false,
	"textures": {
		"1": "3d_transportation/3d_rail_wood",
		"2": "3d_transportation/3d_rail_wood_dark",
		"4": "3d_transportation/3d_rail_wood_dark",
		"particle": "3d_transportation/3d_rail_wood_dark",
		"1_0": "3d_transportation/3d_rail_wood"
	},
	"elements": [
		{
			"from": [13, 9, 6.5],
			"to": [14, 10, 22.5],
			"rotation": {"angle": 45, "axis": "x", "origin": [13.5, 16, 14.5], "rescale": true},
			"faces": {
				"north": {"uv": [14, 6, 13, 7], "texture": "#1"},
				"east": {"uv": [6.5, 7, 16, 6], "texture": "#1"},
				"south": {"uv": [3, 6, 2, 7], "texture": "#1"},
				"west": {"uv": [9.5, 6, 0, 7], "texture": "#1"},
				"up": {"uv": [13, 9.5, 14, 0], "texture": "#1"},
				"down": {"uv": [13, 16, 14, 6.5], "texture": "#1"}
			}
		},
		{
			"from": [3, 9, 6.5],
			"to": [4, 9.5, 22.5],
			"rotation": {"angle": 45, "axis": "x", "origin": [3.5, 16, 14.5], "rescale": true},
			"faces": {
				"north": {"uv": [4, 6.5, 3, 7], "texture": "#2"},
				"east": {"uv": [6.5, 7, 16, 6.5], "texture": "#2"},
				"south": {"uv": [13, 6.5, 12, 7], "texture": "#2"},
				"west": {"uv": [9.5, 6.5, 0, 7], "texture": "#2"},
				"up": {"uv": [3, 9.5, 4, 0], "texture": "#2"},
				"down": {"uv": [3, 16, 4, 6.5], "texture": "#2"}
			}
		},
		{
			"from": [12, 9, 6.5],
			"to": [13, 9.5, 22.5],
			"rotation": {"angle": 45, "axis": "x", "origin": [12.5, 16, 14.5], "rescale": true},
			"faces": {
				"north": {"uv": [13, 6.5, 12, 7], "texture": "#2"},
				"east": {"uv": [6.5, 7, 16, 6.5], "texture": "#2"},
				"south": {"uv": [4, 6.5, 3, 7], "texture": "#2"},
				"west": {"uv": [9.5, 6.5, 0, 7], "texture": "#2"},
				"up": {"uv": [12, 9.5, 13, 0], "texture": "#2"},
				"down": {"uv": [12, 16, 13, 6.5], "texture": "#2"}
			}
		},
		{
			"from": [2, 9, 6.5],
			"to": [3, 10, 22.5],
			"rotation": {"angle": 45, "axis": "x", "origin": [2.5, 16, 14.5], "rescale": true},
			"faces": {
				"north": {"uv": [3, 6, 2, 7], "texture": "#1"},
				"east": {"uv": [6.5, 7, 16, 6], "texture": "#1"},
				"south": {"uv": [14, 6, 13, 7], "texture": "#1"},
				"west": {"uv": [9.5, 6, 0, 7], "texture": "#1"},
				"up": {"uv": [2, 9.5, 3, 0], "texture": "#1"},
				"down": {"uv": [2, 16, 3, 6.5], "texture": "#1"}
			}
		},
		{
			"from": [1, 1.4, 15],
			"to": [15, 2.4, 17],
			"rotation": {"angle": 45, "axis": "x", "origin": [8, 9.4, 17]},
			"faces": {
				"north": {"uv": [14, 2, 0, 3], "texture": "#1_0"},
				"east": {"uv": [10, 4, 12, 3], "texture": "#1_0"},
				"south": {"uv": [15, 7, 1, 8], "texture": "#1_0"},
				"west": {"uv": [9, 9, 7, 10], "texture": "#1_0"},
				"up": {"uv": [1, 12, 15, 10], "texture": "#1_0"},
				"down": {"uv": [0, 3, 14, 1], "texture": "#1_0"}
			}
		},
		{
			"from": [1, 1.4, 18],
			"to": [15, 2.4, 20],
			"rotation": {"angle": 45, "axis": "x", "origin": [8, 9.4, 17]},
			"faces": {
				"north": {"uv": [14, 2, 0, 3], "texture": "#1_0"},
				"east": {"uv": [10, 4, 12, 3], "texture": "#1_0"},
				"south": {"uv": [15, 7, 1, 8], "texture": "#1_0"},
				"west": {"uv": [9, 9, 7, 10], "texture": "#1_0"},
				"up": {"uv": [1, 12, 15, 10], "texture": "#1_0"},
				"down": {"uv": [0, 3, 14, 1], "texture": "#1_0"}
			}
		},
		{
			"from": [1, 10.4, 8],
			"to": [15, 11.4, 10],
			"rotation": {"angle": 45, "axis": "x", "origin": [8, 18.4, 8]},
			"faces": {
				"north": {"uv": [15, 1, 1, 2], "texture": "#1_0"},
				"east": {"uv": [4, 14, 6, 13], "texture": "#1_0"},
				"south": {"uv": [16, 3, 2, 4], "texture": "#1_0"},
				"west": {"uv": [14, 7, 12, 8], "texture": "#1_0"},
				"up": {"uv": [1, 14, 15, 12], "texture": "#1_0"},
				"down": {"uv": [0, 4, 14, 2], "texture": "#1_0"}
			}
		},
		{
			"from": [1, 13.4, 6],
			"to": [15, 14.4, 8],
			"rotation": {"angle": 45, "axis": "x", "origin": [8, 21.4, 5]},
			"faces": {
				"north": {"uv": [15, 3, 1, 4], "texture": "#1_0"},
				"east": {"uv": [3, 12, 5, 11], "texture": "#1_0"},
				"south": {"uv": [16, 3, 2, 4], "texture": "#1_0"},
				"west": {"uv": [4, 6, 2, 7], "texture": "#1_0"},
				"up": {"uv": [1, 13, 15, 11], "texture": "#1_0"},
				"down": {"uv": [1, 2, 15, 0], "texture": "#1_0"}
			}
		},
		{
			"from": [7, 5, 4],
			"to": [9, 6, 10],
			"faces": {
				"north": {"uv": [0, 0, 2, 1], "texture": "#4"},
				"east": {"uv": [0, 0, 6, 1], "texture": "#4"},
				"south": {"uv": [0, 0, 2, 1], "texture": "#4"},
				"west": {"uv": [0, 0, 6, 1], "texture": "#4"},
				"up": {"uv": [0, 0, 2, 6], "texture": "#4"},
				"down": {"uv": [0, 0, 2, 6], "texture": "#4"}
			}
		},
		{
			"from": [11, 5, 3],
			"to": [12, 6, 11],
			"faces": {
				"north": {"uv": [0, 0, 1, 1], "texture": "#4"},
				"east": {"uv": [0, 0, 8, 1], "texture": "#4"},
				"south": {"uv": [0, 0, 1, 1], "texture": "#4"},
				"west": {"uv": [0, 0, 8, 1], "texture": "#4"},
				"up": {"uv": [0, 0, 1, 8], "texture": "#4"},
				"down": {"uv": [0, 0, 1, 8], "texture": "#4"}
			}
		},
		{
			"from": [4, 5, 3],
			"to": [5, 6, 11],
			"faces": {
				"north": {"uv": [0, 0, 1, 1], "texture": "#4"},
				"east": {"uv": [0, 0, 8, 1], "texture": "#4"},
				"south": {"uv": [0, 0, 1, 1], "texture": "#4"},
				"west": {"uv": [0, 0, 8, 1], "texture": "#4"},
				"up": {"uv": [0, 0, 1, 8], "texture": "#4"},
				"down": {"uv": [0, 0, 1, 8], "texture": "#4"}
			}
		},
		{
			"from": [5, 5, 3],
			"to": [11, 6, 4],
			"faces": {
				"north": {"uv": [0, 0, 1, 6], "texture": "#4", "rotation": 270},
				"east": {"uv": [0, 0, 1, 1], "texture": "#4", "rotation": 270},
				"south": {"uv": [0, 0, 1, 6], "texture": "#4", "rotation": 270},
				"west": {"uv": [0, 0, 1, 1], "texture": "#4", "rotation": 270},
				"up": {"uv": [0, 0, 1, 6], "texture": "#4", "rotation": 270},
				"down": {"uv": [0, 0, 1, 6], "texture": "#4", "rotation": 270}
			}
		},
		{
			"from": [9, 5, 6],
			"to": [11, 6, 8],
			"faces": {
				"north": {"uv": [2, 1, 3, 3], "texture": "#4", "rotation": 270},
				"east": {"uv": [0, 0, 3, 1], "texture": "#4", "rotation": 270},
				"south": {"uv": [0, 2, 1, 4], "texture": "#4", "rotation": 270},
				"west": {"uv": [0, 0, 2, 1], "texture": "#4", "rotation": 270},
				"up": {"uv": [2, 2, 4, 4], "texture": "#4", "rotation": 270},
				"down": {"uv": [3, 3, 5, 5], "texture": "#4", "rotation": 270}
			}
		},
		{
			"from": [5, 5, 6],
			"to": [7, 6, 8],
			"faces": {
				"north": {"uv": [2, 1, 3, 3], "texture": "#4", "rotation": 270},
				"east": {"uv": [0, 0, 3, 1], "texture": "#4", "rotation": 270},
				"south": {"uv": [0, 2, 1, 4], "texture": "#4", "rotation": 270},
				"west": {"uv": [0, 0, 2, 1], "texture": "#4", "rotation": 270},
				"up": {"uv": [2, 2, 4, 4], "texture": "#4", "rotation": 270},
				"down": {"uv": [3, 3, 5, 5], "texture": "#4", "rotation": 270}
			}
		},
		{
			"from": [5, 5, 10],
			"to": [11, 6, 11],
			"faces": {
				"north": {"uv": [0, 0, 1, 6], "texture": "#4", "rotation": 270},
				"east": {"uv": [0, 0, 1, 1], "texture": "#4", "rotation": 270},
				"south": {"uv": [0, 0, 1, 6], "texture": "#4", "rotation": 270},
				"west": {"uv": [0, 0, 1, 1], "texture": "#4", "rotation": 270},
				"up": {"uv": [0, 0, 1, 6], "texture": "#4", "rotation": 270},
				"down": {"uv": [0, 0, 1, 6], "texture": "#4", "rotation": 270}
			}
		},
		{
			"from": [7, 5, 2],
			"to": [8.99, 13, 3],
			"faces": {
				"north": {"uv": [0, 0, 1.99, 8], "texture": "#1_0"},
				"east": {"uv": [0, 0, 1, 8], "texture": "#1_0"},
				"south": {"uv": [0, 0, 1.99, 8], "texture": "#1_0"},
				"west": {"uv": [0, 0, 1, 8], "texture": "#1_0"},
				"up": {"uv": [0, 0, 1.99, 1], "texture": "#1_0"},
				"down": {"uv": [0, 0, 1.99, 1], "texture": "#1_0"}
			}
		},
		{
			"from": [4, 5, 2],
			"to": [4.99, 13, 3],
			"faces": {
				"north": {"uv": [0, 0, 0.99, 8], "texture": "#1_0"},
				"east": {"uv": [0, 0, 1, 8], "texture": "#1_0"},
				"south": {"uv": [0, 0, 0.99, 8], "texture": "#1_0"},
				"west": {"uv": [0, 0, 1, 8], "texture": "#1_0"},
				"up": {"uv": [0, 0, 0.99, 1], "texture": "#1_0"},
				"down": {"uv": [0, 0, 0.99, 1], "texture": "#1_0"}
			}
		},
		{
			"from": [3, 5, 3],
			"to": [3.99, 13, 4],
			"faces": {
				"north": {"uv": [0, 0, 0.99, 8], "texture": "#1_0"},
				"east": {"uv": [0, 0, 1, 8], "texture": "#1_0"},
				"south": {"uv": [0, 0, 0.99, 8], "texture": "#1_0"},
				"west": {"uv": [0, 0, 1, 8], "texture": "#1_0"},
				"up": {"uv": [0, 0, 0.99, 1], "texture": "#1_0"},
				"down": {"uv": [0, 0, 0.99, 1], "texture": "#1_0"}
			}
		},
		{
			"from": [12.01, 5, 3],
			"to": [13, 13, 4],
			"faces": {
				"north": {"uv": [0.99, 0, 0, 8], "texture": "#1_0"},
				"east": {"uv": [1, 0, 0, 8], "texture": "#1_0"},
				"south": {"uv": [0.99, 0, 0, 8], "texture": "#1_0"},
				"west": {"uv": [1, 0, 0, 8], "texture": "#1_0"},
				"up": {"uv": [0.99, 0, 0, 1], "texture": "#1_0"},
				"down": {"uv": [0.99, 0, 0, 1], "texture": "#1_0"}
			}
		},
		{
			"from": [11.01, 5, 2],
			"to": [12, 13, 3],
			"faces": {
				"north": {"uv": [0.99, 0, 0, 8], "texture": "#1_0"},
				"east": {"uv": [1, 0, 0, 8], "texture": "#1_0"},
				"south": {"uv": [0.99, 0, 0, 8], "texture": "#1_0"},
				"west": {"uv": [1, 0, 0, 8], "texture": "#1_0"},
				"up": {"uv": [0.99, 0, 0, 1], "texture": "#1_0"},
				"down": {"uv": [0.99, 0, 0, 1], "texture": "#1_0"}
			}
		}
	],
	"groups": [0, 1, 2, 3, 4, 5, 6, 7,
		{
			"name": "tracDoor_Temp",
			"isOpen": true,
			"shade": true,
			"display": {
				"visibility": true,
				"autouv": true
			},
			"children": [8, 9, 10, 11, 12, 13, 14]
		}, 15, 16, 17, 18, 19]
}