{
	"credit": "Made with Blockbench",
	"ambientocclusion": false,
	"textures": {
		"4": "3d_transportation/3d_rail_wood_dark"
	},
	"elements": [
		{
			"from": [7, 0, 5],
			"to": [9, 1, 11],
			"faces": {
				"north": {"uv": [0, 0, 2, 1], "texture": "#4"},
				"east": {"uv": [0, 0, 6, 1], "texture": "#4"},
				"south": {"uv": [0, 0, 2, 1], "texture": "#4"},
				"west": {"uv": [0, 0, 6, 1], "texture": "#4"},
				"up": {"uv": [0, 0, 2, 6], "texture": "#4"},
				"down": {"uv": [0, 0, 2, 6], "texture": "#4"}
			}
		},
		{
			"from": [11, 0, 4],
			"to": [12, 1, 12],
			"faces": {
				"north": {"uv": [0, 0, 1, 1], "texture": "#4"},
				"east": {"uv": [0, 0, 8, 1], "texture": "#4"},
				"south": {"uv": [0, 0, 1, 1], "texture": "#4"},
				"west": {"uv": [0, 0, 8, 1], "texture": "#4"},
				"up": {"uv": [0, 0, 1, 8], "texture": "#4"},
				"down": {"uv": [0, 0, 1, 8], "texture": "#4"}
			}
		},
		{
			"from": [4, 0, 4],
			"to": [5, 1, 12],
			"faces": {
				"north": {"uv": [0, 0, 1, 1], "texture": "#4"},
				"east": {"uv": [0, 0, 8, 1], "texture": "#4"},
				"south": {"uv": [0, 0, 1, 1], "texture": "#4"},
				"west": {"uv": [0, 0, 8, 1], "texture": "#4"},
				"up": {"uv": [0, 0, 1, 8], "texture": "#4"},
				"down": {"uv": [0, 0, 1, 8], "texture": "#4"}
			}
		},
		{
			"from": [5, 0, 4],
			"to": [11, 1, 5],
			"faces": {
				"north": {"uv": [0, 0, 1, 6], "texture": "#4", "rotation": 270},
				"east": {"uv": [0, 0, 1, 1], "texture": "#4", "rotation": 270},
				"south": {"uv": [0, 0, 1, 6], "texture": "#4", "rotation": 270},
				"west": {"uv": [0, 0, 1, 1], "texture": "#4", "rotation": 270},
				"up": {"uv": [0, 0, 1, 6], "texture": "#4", "rotation": 270},
				"down": {"uv": [0, 0, 1, 6], "texture": "#4", "rotation": 270}
			}
		},
		{
			"from": [9, 0, 7],
			"to": [11, 1, 9],
			"faces": {
				"north": {"uv": [2, 1, 3, 3], "texture": "#4", "rotation": 270},
				"east": {"uv": [0, 0, 3, 1], "texture": "#4", "rotation": 270},
				"south": {"uv": [0, 2, 1, 4], "texture": "#4", "rotation": 270},
				"west": {"uv": [0, 0, 2, 1], "texture": "#4", "rotation": 270},
				"up": {"uv": [2, 2, 4, 4], "texture": "#4", "rotation": 270},
				"down": {"uv": [3, 3, 5, 5], "texture": "#4", "rotation": 270}
			}
		},
		{
			"from": [5, 0, 7],
			"to": [7, 1, 9],
			"faces": {
				"north": {"uv": [2, 1, 3, 3], "texture": "#4", "rotation": 270},
				"east": {"uv": [0, 0, 3, 1], "texture": "#4", "rotation": 270},
				"south": {"uv": [0, 2, 1, 4], "texture": "#4", "rotation": 270},
				"west": {"uv": [0, 0, 2, 1], "texture": "#4", "rotation": 270},
				"up": {"uv": [2, 2, 4, 4], "texture": "#4", "rotation": 270},
				"down": {"uv": [3, 3, 5, 5], "texture": "#4", "rotation": 270}
			}
		},
		{
			"from": [5, 0, 11],
			"to": [11, 1, 12],
			"faces": {
				"north": {"uv": [0, 0, 1, 6], "texture": "#4", "rotation": 270},
				"east": {"uv": [0, 0, 1, 1], "texture": "#4", "rotation": 270},
				"south": {"uv": [0, 0, 1, 6], "texture": "#4", "rotation": 270},
				"west": {"uv": [0, 0, 1, 1], "texture": "#4", "rotation": 270},
				"up": {"uv": [0, 0, 1, 6], "texture": "#4", "rotation": 270},
				"down": {"uv": [0, 0, 1, 6], "texture": "#4", "rotation": 270}
			}
		}
	]
}