{
    "variants": {
        "age=0": [{ "model": "beetroots_stage0" },
		          { "model": "beetroots_stage0", "y": 90 },
				  { "model": "beetroots_stage0", "y": 180 },
				  { "model": "beetroots_stage0", "y": 270 }
				  ],
        "age=1": [{ "model": "beetroots_stage1" },
		          { "model": "beetroots_stage1", "y": 90 },
				  { "model": "beetroots_stage1", "y": 180 },
				  { "model": "beetroots_stage1", "y": 270 }
				  ],
        "age=2": [{ "model": "beetroots_stage2" },
		          { "model": "beetroots_stage2", "y": 90 },
				  { "model": "beetroots_stage2", "y": 180 },
				  { "model": "beetroots_stage2", "y": 270 }
				  ],                        
        "age=3": [{ "model": "beetroots_stage3" },
		          { "model": "beetroots_stage3", "y": 90 },
				  { "model": "beetroots_stage3", "y": 180 },
				  { "model": "beetroots_stage3", "y": 270 }
				  ]
    }
}
