{
    "variants": {
        "age=0": [{ "model": "potatoes_stage0" },
		          { "model": "potatoes_stage0", "y": 90 },
				  { "model": "potatoes_stage0", "y": 180 },
				  { "model": "potatoes_stage0", "y": 270 }
				  ],
        "age=1": [{ "model": "potatoes_stage0" },
		          { "model": "potatoes_stage0", "y": 90 },
				  { "model": "potatoes_stage0", "y": 180 },
				  { "model": "potatoes_stage0", "y": 270 }
				  ],
        "age=2": [{ "model": "potatoes_stage1" },
		          { "model": "potatoes_stage1", "y": 90 },
				  { "model": "potatoes_stage1", "y": 180 },
				  { "model": "potatoes_stage1", "y": 270 }
				  ],                        
        "age=3": [{ "model": "potatoes_stage1" },
		          { "model": "potatoes_stage1", "y": 90 },
				  { "model": "potatoes_stage1", "y": 180 },
				  { "model": "potatoes_stage1", "y": 270 }
				  ],
        "age=4": [{ "model": "potatoes_stage2" },
		          { "model": "potatoes_stage2", "y": 90 },
				  { "model": "potatoes_stage2", "y": 180 },
				  { "model": "potatoes_stage2", "y": 270 }
				  ],                        
        "age=5": [{ "model": "potatoes_stage2" },
		          { "model": "potatoes_stage2", "y": 90 },
				  { "model": "potatoes_stage2", "y": 180 },
				  { "model": "potatoes_stage2", "y": 270 }
				  ],
        "age=6": [{ "model": "potatoes_stage2" },
		          { "model": "potatoes_stage2", "y": 90 },
				  { "model": "potatoes_stage2", "y": 180 },
				  { "model": "potatoes_stage2", "y": 270 }
				  ],
        "age=7": [{ "model": "potatoes_stage3" },
		          { "model": "potatoes_stage3", "y": 90 },
				  { "model": "potatoes_stage3", "y": 180 },
				  { "model": "potatoes_stage3", "y": 270 }
				  ]
    }
}
