{
    "variants": {
        "age=0": [{ "model": "wheat_stage0" },
		          { "model": "wheat_stage0", "y": 90 },
				  { "model": "wheat_stage0", "y": 180 },
				  { "model": "wheat_stage0", "y": 270 }
				  ],
        "age=1": [{ "model": "wheat_stage1" },
		          { "model": "wheat_stage1", "y": 90 },
				  { "model": "wheat_stage1", "y": 180 },
				  { "model": "wheat_stage1", "y": 270 }
				  ],
        "age=2": [{ "model": "wheat_stage2" },
		          { "model": "wheat_stage2", "y": 90 },
				  { "model": "wheat_stage2", "y": 180 },
				  { "model": "wheat_stage2", "y": 270 }
				  ],
        "age=3": [{ "model": "wheat_stage3" },
		          { "model": "wheat_stage3", "y": 90 },
				  { "model": "wheat_stage3", "y": 180 },
				  { "model": "wheat_stage3", "y": 270 }
				  ],
        "age=4": [{ "model": "wheat_stage4" },
		          { "model": "wheat_stage4", "y": 90 },
				  { "model": "wheat_stage4", "y": 180 },
				  { "model": "wheat_stage4", "y": 270 }
				  ],
        "age=5": [{ "model": "wheat_stage5" },
		          { "model": "wheat_stage5", "y": 90 },
				  { "model": "wheat_stage5", "y": 180 },
				  { "model": "wheat_stage5", "y": 270 }
				  ],
        "age=6": [{ "model": "wheat_stage6" },
		          { "model": "wheat_stage6", "y": 90 },
				  { "model": "wheat_stage6", "y": 180 },
				  { "model": "wheat_stage6", "y": 270 }
				  ],
        "age=7": [{ "model": "wheat_stage7" },
		          { "model": "wheat_stage7", "y": 90 },
				  { "model": "wheat_stage7", "y": 180 },
				  { "model": "wheat_stage7", "y": 270 }
				  ]
    }
}
