{
	"credit": "Made with Blockbench, a free, modern block model editor by JannisX11",
	"parent": "item/parents/sapling",
	"textures": {
		"1": "3d_decoration/sapling_acacia_leaves",
		"2": "3d_decoration/sapling_acacia_wood",
		"particle": "3d_decoration/sapling_acacia_leaves"
	},
	"elements": [
		{
			"name": "cube",
			"from": [5.000000000000001, 11, 8],
			"to": [6.000000000000001, 12, 9],
			"faces": {
				"north": {"uv": [10, 4, 11, 5], "texture": "#2"},
				"east": {"uv": [8, 5, 7, 4], "texture": "#2"},
				"south": {"uv": [5, 4, 6, 5], "texture": "#2"},
				"west": {"uv": [8, 4, 9, 5], "texture": "#2"},
				"up": {"uv": [5, 8, 6, 9], "texture": "#2"},
				"down": {"uv": [5, 7, 6, 8], "texture": "#2"}
			},
			"type": "cube"
		},
		{
			"name": "cube",
			"from": [7, 0, 7],
			"to": [9, 6, 9],
			"faces": {
				"north": {"uv": [7, 10, 9, 16], "texture": "#2"},
				"east": {"uv": [9, 16, 7, 10], "texture": "#2"},
				"south": {"uv": [7, 10, 9, 16], "texture": "#2"},
				"west": {"uv": [7, 10, 9, 16], "texture": "#2"},
				"up": {"uv": [7, 7, 9, 9], "texture": "#2"},
				"down": {"uv": [7, 7, 9, 9], "texture": "#2"}
			},
			"type": "cube"
		},
		{
			"name": "cube",
			"from": [7, 6, 8],
			"to": [8, 7, 9],
			"faces": {
				"north": {"uv": [8, 9, 9, 10], "texture": "#2"},
				"east": {"uv": [8, 10, 7, 9], "texture": "#2"},
				"south": {"uv": [7, 9, 8, 10], "texture": "#2"},
				"west": {"uv": [8, 9, 9, 10], "texture": "#2"},
				"up": {"uv": [7, 8, 8, 9], "texture": "#2"},
				"down": {"uv": [7, 7, 8, 8], "texture": "#2"}
			},
			"type": "cube"
		},
		{
			"name": "cube",
			"from": [6.000000000000001, 6, 8],
			"to": [7.000000000000001, 8, 9],
			"faces": {
				"north": {"uv": [9, 8, 10, 10], "texture": "#2"},
				"east": {"uv": [8, 10, 7, 8], "texture": "#2"},
				"south": {"uv": [6, 8, 7, 10], "texture": "#2"},
				"west": {"uv": [8, 8, 9, 10], "texture": "#2"},
				"up": {"uv": [6, 8, 7, 9], "texture": "#2"},
				"down": {"uv": [6, 7, 7, 8], "texture": "#2"}
			},
			"type": "cube"
		},
		{
			"name": "cube",
			"from": [5.000000000000001, 7, 8],
			"to": [6.000000000000001, 9, 9],
			"faces": {
				"north": {"uv": [10, 7, 11, 9], "texture": "#2"},
				"east": {"uv": [8, 9, 7, 7], "texture": "#2"},
				"south": {"uv": [5, 7, 6, 9], "texture": "#2"},
				"west": {"uv": [8, 7, 9, 9], "texture": "#2"},
				"up": {"uv": [5, 8, 6, 9], "texture": "#2"},
				"down": {"uv": [5, 7, 6, 8], "texture": "#2"}
			},
			"type": "cube"
		},
		{
			"name": "cube",
			"from": [6.000000000000001, 9, 8],
			"to": [7.000000000000001, 11, 9],
			"faces": {
				"north": {"uv": [9, 5, 10, 7], "texture": "#2"},
				"east": {"uv": [8, 7, 7, 5], "texture": "#2"},
				"south": {"uv": [6, 5, 7, 7], "texture": "#2"},
				"west": {"uv": [8, 5, 9, 7], "texture": "#2"},
				"up": {"uv": [6, 8, 7, 9], "texture": "#2"},
				"down": {"uv": [6, 7, 7, 8], "texture": "#2"}
			},
			"type": "cube"
		},
		{
			"name": "cube",
			"from": [9, 8, 8],
			"to": [10, 10, 9],
			"faces": {
				"north": {"uv": [6, 6, 7, 8], "texture": "#2"},
				"east": {"uv": [8, 8, 7, 6], "texture": "#2"},
				"south": {"uv": [9, 6, 10, 8], "texture": "#2"},
				"west": {"uv": [8, 6, 9, 8], "texture": "#2"},
				"up": {"uv": [9, 8, 10, 9], "texture": "#2"},
				"down": {"uv": [9, 7, 10, 8], "texture": "#2"}
			},
			"type": "cube"
		},
		{
			"name": "cube",
			"from": [7, 0, 9],
			"to": [9, 2, 10],
			"faces": {
				"north": {"uv": [7, 14, 9, 16], "texture": "#2"},
				"east": {"uv": [7, 16, 6, 14], "texture": "#2"},
				"south": {"uv": [7, 14, 9, 16], "texture": "#2"},
				"west": {"uv": [9, 14, 10, 16], "texture": "#2"},
				"up": {"uv": [7, 9, 9, 10], "texture": "#2"},
				"down": {"uv": [7, 6, 9, 7], "texture": "#2"}
			},
			"type": "cube"
		},
		{
			"name": "cube",
			"from": [8, 7, 8],
			"to": [9, 8, 9],
			"faces": {
				"north": {"uv": [7, 8, 8, 9], "texture": "#2"},
				"east": {"uv": [8, 9, 7, 8], "texture": "#2"},
				"south": {"uv": [8, 8, 9, 9], "texture": "#2"},
				"west": {"uv": [8, 8, 9, 9], "texture": "#2"},
				"up": {"uv": [8, 8, 9, 9], "texture": "#2"},
				"down": {"uv": [8, 7, 9, 8], "texture": "#2"}
			},
			"type": "cube"
		},
		{
			"name": "cube",
			"from": [7, 8, 9],
			"to": [8, 9, 10],
			"faces": {
				"north": {"uv": [8, 7, 9, 8], "texture": "#2"},
				"east": {"uv": [7, 8, 6, 7], "texture": "#2"},
				"south": {"uv": [7, 7, 8, 8], "texture": "#2"},
				"west": {"uv": [9, 7, 10, 8], "texture": "#2"},
				"up": {"uv": [7, 9, 8, 10], "texture": "#2"},
				"down": {"uv": [7, 6, 8, 7], "texture": "#2"}
			},
			"type": "cube"
		},
		{
			"name": "cube",
			"from": [8, 9, 8],
			"to": [9, 10, 9],
			"faces": {
				"north": {"uv": [7, 6, 8, 7], "texture": "#2"},
				"east": {"uv": [8, 7, 7, 6], "texture": "#2"},
				"south": {"uv": [8, 6, 9, 7], "texture": "#2"},
				"west": {"uv": [8, 6, 9, 7], "texture": "#2"},
				"up": {"uv": [8, 8, 9, 9], "texture": "#2"},
				"down": {"uv": [8, 7, 9, 8], "texture": "#2"}
			},
			"type": "cube"
		},
		{
			"name": "cube",
			"from": [10, 10, 7],
			"to": [12, 12, 8],
			"faces": {
				"north": {"uv": [4, 4, 6, 6], "texture": "#2"},
				"east": {"uv": [9, 6, 8, 4], "texture": "#2"},
				"south": {"uv": [10, 4, 12, 6], "texture": "#2"},
				"west": {"uv": [7, 4, 8, 6], "texture": "#2"},
				"up": {"uv": [10, 7, 12, 8], "texture": "#2"},
				"down": {"uv": [10, 8, 12, 9], "texture": "#2"}
			},
			"type": "cube"
		},
		{
			"name": "cube",
			"from": [10, 9, 8],
			"to": [11, 10, 9],
			"faces": {
				"north": {"uv": [5, 6, 6, 7], "texture": "#2"},
				"east": {"uv": [8, 7, 7, 6], "texture": "#2"},
				"south": {"uv": [10, 6, 11, 7], "texture": "#2"},
				"west": {"uv": [8, 6, 9, 7], "texture": "#2"},
				"up": {"uv": [10, 8, 11, 9], "texture": "#2"},
				"down": {"uv": [10, 7, 11, 8], "texture": "#2"}
			},
			"type": "cube"
		},
		{
			"name": "cube",
			"from": [8, 6, 7],
			"to": [9, 7, 8],
			"faces": {
				"north": {"uv": [7, 9, 8, 10], "texture": "#2"},
				"east": {"uv": [9, 10, 8, 9], "texture": "#2"},
				"south": {"uv": [8, 9, 9, 10], "texture": "#2"},
				"west": {"uv": [7, 9, 8, 10], "texture": "#2"},
				"up": {
					"uv": [8, 7, 9, 8],
					"rotation": 90,
					"texture": "#2"
				},
				"down": {
					"uv": [8, 8, 9, 9],
					"rotation": 270,
					"texture": "#2"
				}
			},
			"type": "cube"
		},
		{
			"name": "cube",
			"from": [8, 6, 5.999999999999999],
			"to": [9, 8, 6.999999999999999],
			"faces": {
				"north": {"uv": [7, 8, 8, 10], "texture": "#2"},
				"east": {"uv": [10, 10, 9, 8], "texture": "#2"},
				"south": {"uv": [8, 8, 9, 10], "texture": "#2"},
				"west": {"uv": [6, 8, 7, 10], "texture": "#2"},
				"up": {
					"uv": [8, 6, 9, 7],
					"rotation": 90,
					"texture": "#2"
				},
				"down": {
					"uv": [8, 9, 9, 10],
					"rotation": 270,
					"texture": "#2"
				}
			},
			"type": "cube"
		},
		{
			"name": "cube",
			"from": [8, 7, 4.999999999999999],
			"to": [9, 9, 5.999999999999999],
			"faces": {
				"north": {"uv": [7, 7, 8, 9], "texture": "#2"},
				"east": {"uv": [11, 9, 10, 7], "texture": "#2"},
				"south": {"uv": [8, 7, 9, 9], "texture": "#2"},
				"west": {"uv": [5, 7, 6, 9], "texture": "#2"},
				"up": {
					"uv": [8, 5, 9, 6],
					"rotation": 90,
					"texture": "#2"
				},
				"down": {
					"uv": [8, 10, 9, 11],
					"rotation": 270,
					"texture": "#2"
				}
			},
			"type": "cube"
		},
		{
			"name": "cube",
			"from": [9, 9, 5.999999999999999],
			"to": [10, 11, 6.999999999999999],
			"faces": {
				"north": {"uv": [6, 5, 7, 7], "texture": "#2"},
				"east": {"uv": [10, 7, 9, 5], "texture": "#2"},
				"south": {"uv": [9, 5, 10, 7], "texture": "#2"},
				"west": {"uv": [6, 5, 7, 7], "texture": "#2"},
				"up": {
					"uv": [9, 6, 10, 7],
					"rotation": 90,
					"texture": "#2"
				},
				"down": {
					"uv": [9, 9, 10, 10],
					"rotation": 270,
					"texture": "#2"
				}
			},
			"type": "cube"
		},
		{
			"name": "cube",
			"from": [8, 8, 9],
			"to": [9, 10, 10],
			"faces": {
				"north": {"uv": [7, 6, 8, 8], "texture": "#2"},
				"east": {"uv": [7, 8, 6, 6], "texture": "#2"},
				"south": {"uv": [8, 6, 9, 8], "texture": "#2"},
				"west": {"uv": [9, 6, 10, 8], "texture": "#2"},
				"up": {
					"uv": [8, 9, 9, 10],
					"rotation": 90,
					"texture": "#2"
				},
				"down": {
					"uv": [8, 6, 9, 7],
					"rotation": 270,
					"texture": "#2"
				}
			},
			"type": "cube"
		},
		{
			"name": "cube",
			"from": [8, 6, 8],
			"to": [9, 7, 9],
			"faces": {
				"north": {"uv": [7, 9, 8, 10], "texture": "#2"},
				"east": {"uv": [8, 10, 7, 9], "texture": "#2"},
				"south": {"uv": [8, 9, 9, 10], "texture": "#2"},
				"west": {"uv": [8, 9, 9, 10], "texture": "#2"},
				"up": {
					"uv": [8, 8, 9, 9],
					"rotation": 90,
					"texture": "#2"
				},
				"down": {
					"uv": [8, 7, 9, 8],
					"rotation": 270,
					"texture": "#2"
				}
			},
			"type": "cube"
		},
		{
			"name": "cube",
			"from": [8, 7, 8],
			"to": [9, 8, 9],
			"faces": {
				"north": {"uv": [7, 8, 8, 9], "texture": "#2"},
				"east": {"uv": [8, 9, 7, 8], "texture": "#2"},
				"south": {"uv": [8, 8, 9, 9], "texture": "#2"},
				"west": {"uv": [8, 8, 9, 9], "texture": "#2"},
				"up": {
					"uv": [8, 8, 9, 9],
					"rotation": 90,
					"texture": "#2"
				},
				"down": {
					"uv": [8, 7, 9, 8],
					"rotation": 270,
					"texture": "#2"
				}
			},
			"type": "cube"
		},
		{
			"name": "cube",
			"from": [8, 8, 7],
			"to": [9, 9, 8],
			"faces": {
				"north": {"uv": [7, 7, 8, 8], "texture": "#2"},
				"east": {"uv": [9, 8, 8, 7], "texture": "#2"},
				"south": {"uv": [8, 7, 9, 8], "texture": "#2"},
				"west": {"uv": [7, 7, 8, 8], "texture": "#2"},
				"up": {
					"uv": [8, 7, 9, 8],
					"rotation": 90,
					"texture": "#2"
				},
				"down": {
					"uv": [8, 8, 9, 9],
					"rotation": 270,
					"texture": "#2"
				}
			},
			"type": "cube"
		},
		{
			"name": "cube",
			"from": [8, 9, 8],
			"to": [9, 10, 9],
			"faces": {
				"north": {"uv": [7, 6, 8, 7], "texture": "#2"},
				"east": {"uv": [8, 7, 7, 6], "texture": "#2"},
				"south": {"uv": [8, 6, 9, 7], "texture": "#2"},
				"west": {"uv": [8, 6, 9, 7], "texture": "#2"},
				"up": {
					"uv": [8, 8, 9, 9],
					"rotation": 90,
					"texture": "#2"
				},
				"down": {
					"uv": [8, 7, 9, 8],
					"rotation": 270,
					"texture": "#2"
				}
			},
			"type": "cube"
		},
		{
			"name": "cube",
			"from": [9, 10, 10],
			"to": [10, 12, 12],
			"faces": {
				"north": {"uv": [6, 4, 7, 6], "texture": "#2"},
				"east": {"uv": [6, 6, 4, 4], "texture": "#2"},
				"south": {"uv": [9, 4, 10, 6], "texture": "#2"},
				"west": {"uv": [10, 4, 12, 6], "texture": "#2"},
				"up": {
					"uv": [9, 10, 10, 12],
					"rotation": 90,
					"texture": "#2"
				},
				"down": {
					"uv": [9, 4, 10, 6],
					"rotation": 270,
					"texture": "#2"
				}
			},
			"type": "cube"
		},
		{
			"name": "cube",
			"from": [8, 9, 10],
			"to": [9, 10, 11],
			"faces": {
				"north": {"uv": [7, 6, 8, 7], "texture": "#2"},
				"east": {"uv": [6, 7, 5, 6], "texture": "#2"},
				"south": {"uv": [8, 6, 9, 7], "texture": "#2"},
				"west": {"uv": [10, 6, 11, 7], "texture": "#2"},
				"up": {
					"uv": [8, 10, 9, 11],
					"rotation": 90,
					"texture": "#2"
				},
				"down": {
					"uv": [8, 5, 9, 6],
					"rotation": 270,
					"texture": "#2"
				}
			},
			"type": "cube"
		},
		{
			"name": "cube",
			"from": [9, 11, 4.999999999999999],
			"to": [10, 12, 5.999999999999999],
			"faces": {
				"north": {"uv": [6, 4, 7, 5], "texture": "#2"},
				"east": {"uv": [11, 5, 10, 4], "texture": "#2"},
				"south": {"uv": [9, 4, 10, 5], "texture": "#2"},
				"west": {"uv": [5, 4, 6, 5], "texture": "#2"},
				"up": {
					"uv": [9, 5, 10, 6],
					"rotation": 90,
					"texture": "#2"
				},
				"down": {
					"uv": [9, 10, 10, 11],
					"rotation": 270,
					"texture": "#2"
				}
			},
			"type": "cube"
		},
		{
			"name": "cube",
			"from": [8, 6, 8],
			"to": [9, 7, 9],
			"faces": {
				"north": {"uv": [7, 9, 8, 10], "texture": "#2"},
				"east": {"uv": [8, 10, 7, 9], "texture": "#2"},
				"south": {"uv": [8, 9, 9, 10], "texture": "#2"},
				"west": {"uv": [8, 9, 9, 10], "texture": "#2"},
				"up": {"uv": [8, 8, 9, 9], "texture": "#2"},
				"down": {"uv": [8, 7, 9, 8], "texture": "#2"}
			},
			"type": "cube"
		},
		{
			"name": "cube",
			"from": [7, 0, 5.999999999999999],
			"to": [8, 1, 6.999999999999999],
			"faces": {
				"north": {"uv": [8, 15, 9, 16], "texture": "#2"},
				"east": {"uv": [10, 16, 9, 15], "texture": "#2"},
				"south": {"uv": [7, 15, 8, 16], "texture": "#2"},
				"west": {"uv": [6, 15, 7, 16], "texture": "#2"},
				"up": {"uv": [7, 6, 8, 7], "texture": "#2"},
				"down": {"uv": [7, 9, 8, 10], "texture": "#2"}
			},
			"type": "cube"
		},
		{
			"name": "cube",
			"from": [9, 0, 8],
			"to": [10, 1, 9],
			"faces": {
				"north": {"uv": [6, 15, 7, 16], "texture": "#2"},
				"east": {"uv": [8, 16, 7, 15], "texture": "#2"},
				"south": {"uv": [9, 15, 10, 16], "texture": "#2"},
				"west": {"uv": [8, 15, 9, 16], "texture": "#2"},
				"up": {"uv": [9, 8, 10, 9], "texture": "#2"},
				"down": {"uv": [9, 7, 10, 8], "texture": "#2"}
			},
			"type": "cube"
		},
		{
			"name": "cube",
			"from": [9, 3, 8],
			"to": [10, 4, 9],
			"faces": {
				"north": {"uv": [6, 12, 7, 13], "texture": "#2"},
				"east": {"uv": [8, 13, 7, 12], "texture": "#2"},
				"south": {"uv": [9, 12, 10, 13], "texture": "#2"},
				"west": {"uv": [8, 12, 9, 13], "texture": "#2"},
				"up": {"uv": [9, 8, 10, 9], "texture": "#2"},
				"down": {"uv": [9, 7, 10, 8], "texture": "#2"}
			},
			"type": "cube"
		},
		{
			"name": "cube",
			"from": [6.000000000000001, 3, 7],
			"to": [7.000000000000001, 4, 8],
			"faces": {
				"north": {"uv": [9, 12, 10, 13], "texture": "#2"},
				"east": {"uv": [9, 13, 8, 12], "texture": "#2"},
				"south": {"uv": [6, 12, 7, 13], "texture": "#2"},
				"west": {"uv": [7, 12, 8, 13], "texture": "#2"},
				"up": {"uv": [6, 7, 7, 8], "texture": "#2"},
				"down": {"uv": [6, 8, 7, 9], "texture": "#2"}
			},
			"type": "cube"
		},
		{
			"name": "cube",
			"from": [6.000000000000001, 0, 8],
			"to": [7.000000000000001, 1, 9],
			"faces": {
				"north": {"uv": [9, 15, 10, 16], "texture": "#2"},
				"east": {"uv": [8, 16, 7, 15], "texture": "#2"},
				"south": {"uv": [6, 15, 7, 16], "texture": "#2"},
				"west": {"uv": [8, 15, 9, 16], "texture": "#2"},
				"up": {"uv": [6, 8, 7, 9], "texture": "#2"},
				"down": {"uv": [6, 7, 7, 8], "texture": "#2"}
			},
			"type": "cube"
		},
		{
			"name": "cube",
			"from": [7, 6, 7],
			"to": [8, 8, 8],
			"faces": {
				"north": {"uv": [8, 8, 9, 10], "texture": "#2"},
				"east": {"uv": [9, 10, 8, 8], "texture": "#2"},
				"south": {"uv": [7, 8, 8, 10], "texture": "#2"},
				"west": {"uv": [7, 8, 8, 10], "texture": "#2"},
				"up": {"uv": [7, 7, 8, 8], "texture": "#2"},
				"down": {"uv": [7, 8, 8, 9], "texture": "#2"}
			},
			"type": "cube"
		},
		{
			"name": "cube",
			"from": [4.000000000000001, 9, 8],
			"to": [6.000000000000001, 11, 10],
			"faces": {
				"north": {"uv": [10, 5, 12, 7], "texture": "#1"},
				"east": {"uv": [8, 7, 6, 5], "texture": "#1"},
				"south": {"uv": [4, 5, 6, 7], "texture": "#1"},
				"west": {"uv": [8, 5, 10, 7], "texture": "#1"},
				"up": {"uv": [4, 8, 6, 10], "texture": "#1"},
				"down": {"uv": [4, 6, 6, 8], "texture": "#1"}
			},
			"type": "cube"
		},
		{
			"name": "cube",
			"from": [7, 10, 4.999999999999999],
			"to": [9, 12, 6.999999999999999],
			"faces": {
				"north": {"uv": [7, 4, 9, 6], "texture": "#1"},
				"east": {"uv": [11, 6, 9, 4], "texture": "#1"},
				"south": {"uv": [7, 4, 9, 6], "texture": "#1"},
				"west": {"uv": [5, 4, 7, 6], "texture": "#1"},
				"up": {"uv": [7, 5, 9, 7], "texture": "#1"},
				"down": {"uv": [7, 9, 9, 11], "texture": "#1"}
			},
			"type": "cube"
		},
		{
			"name": "cube",
			"from": [10, 10, 11],
			"to": [12, 12, 13],
			"faces": {
				"north": {"uv": [4, 4, 6, 6], "texture": "#1"},
				"east": {"uv": [5, 6, 3, 4], "texture": "#1"},
				"south": {"uv": [10, 4, 12, 6], "texture": "#1"},
				"west": {"uv": [11, 4, 13, 6], "texture": "#1"},
				"up": {"uv": [10, 11, 12, 13], "texture": "#1"},
				"down": {"uv": [10, 3, 12, 5], "texture": "#1"}
			},
			"type": "cube"
		},
		{
			"name": "cube",
			"from": [9, 10, 8],
			"to": [11, 12, 10],
			"faces": {
				"north": {"uv": [5, 4, 7, 6], "texture": "#1"},
				"east": {"uv": [8, 6, 6, 4], "texture": "#1"},
				"south": {"uv": [9, 4, 11, 6], "texture": "#1"},
				"west": {"uv": [8, 4, 10, 6], "texture": "#1"},
				"up": {"uv": [9, 8, 11, 10], "texture": "#1"},
				"down": {"uv": [9, 6, 11, 8], "texture": "#1"}
			},
			"type": "cube"
		},
		{
			"name": "cube",
			"from": [10, 10, 4.999999999999999],
			"to": [12, 12, 6.999999999999999],
			"faces": {
				"north": {"uv": [4, 4, 6, 6], "texture": "#1"},
				"east": {"uv": [11, 6, 9, 4], "texture": "#1"},
				"south": {"uv": [10, 4, 12, 6], "texture": "#1"},
				"west": {"uv": [5, 4, 7, 6], "texture": "#1"},
				"up": {"uv": [10, 5, 12, 7], "texture": "#1"},
				"down": {"uv": [10, 9, 12, 11], "texture": "#1"}
			},
			"type": "cube"
		},
		{
			"name": "cube",
			"from": [9, 12, 6],
			"to": [11, 14, 8],
			"faces": {
				"north": {"uv": [5, 2, 7, 4], "texture": "#1"},
				"east": {"uv": [10, 4, 8, 2], "texture": "#1"},
				"south": {"uv": [9, 2, 11, 4], "texture": "#1"},
				"west": {"uv": [6, 2, 8, 4], "texture": "#1"},
				"up": {"uv": [9, 6, 11, 8], "texture": "#1"},
				"down": {"uv": [9, 8, 11, 10], "texture": "#1"}
			},
			"type": "cube"
		},
		{
			"name": "cube",
			"from": [7, 10, 9],
			"to": [9, 12, 11],
			"faces": {
				"north": {"uv": [7, 4, 9, 6], "texture": "#1"},
				"east": {"uv": [7, 6, 5, 4], "texture": "#1"},
				"south": {"uv": [7, 4, 9, 6], "texture": "#1"},
				"west": {"uv": [9, 4, 11, 6], "texture": "#1"},
				"up": {"uv": [7, 9, 9, 11], "texture": "#1"},
				"down": {"uv": [7, 5, 9, 7], "texture": "#1"}
			},
			"type": "cube"
		},
		{
			"name": "cube",
			"from": [5.000000000000001, 10, 6],
			"to": [7.000000000000001, 12, 8],
			"faces": {
				"north": {"uv": [9, 4, 11, 6], "texture": "#1"},
				"east": {"uv": [10, 6, 8, 4], "texture": "#1"},
				"south": {"uv": [5, 4, 7, 6], "texture": "#1"},
				"west": {"uv": [6, 4, 8, 6], "texture": "#1"},
				"up": {"uv": [5, 6, 7, 8], "texture": "#1"},
				"down": {"uv": [5, 8, 7, 10], "texture": "#1"}
			},
			"type": "cube"
		},
		{
			"name": "cube",
			"from": [6, 7, 3.999999999999999],
			"to": [8, 9, 5.999999999999999],
			"faces": {
				"north": {"uv": [8, 7, 10, 9], "texture": "#1"},
				"east": {"uv": [12, 9, 10, 7], "texture": "#1"},
				"south": {"uv": [6, 7, 8, 9], "texture": "#1"},
				"west": {"uv": [4, 7, 6, 9], "texture": "#1"},
				"up": {"uv": [6, 4, 8, 6], "texture": "#1"},
				"down": {"uv": [6, 10, 8, 12], "texture": "#1"}
			},
			"type": "cube"
		},
		{
			"name": "cube",
			"from": [6, 7, 10],
			"to": [8, 9, 12],
			"faces": {
				"north": {"uv": [8, 7, 10, 9], "texture": "#1"},
				"east": {"uv": [6, 9, 4, 7], "texture": "#1"},
				"south": {"uv": [6, 7, 8, 9], "texture": "#1"},
				"west": {"uv": [10, 7, 12, 9], "texture": "#1"},
				"up": {"uv": [6, 10, 8, 12], "texture": "#1"},
				"down": {"uv": [6, 4, 8, 6], "texture": "#1"}
			},
			"type": "cube"
		},
		{
			"name": "cube",
			"from": [12, 10, 7],
			"to": [14, 12, 9],
			"faces": {
				"north": {"uv": [5, 10, 7, 12], "texture": "#1"},
				"east": {"uv": [8, 12, 6, 10], "texture": "#1"},
				"south": {"uv": [9, 10, 11, 12], "texture": "#1"},
				"west": {"uv": [8, 10, 10, 12], "texture": "#1"},
				"up": {"uv": [9, 8, 11, 10], "texture": "#1"},
				"down": {"uv": [9, 6, 11, 8], "texture": "#1"}
			},
			"type": "cube"
		},
		{
			"name": "cube",
			"from": [8, 12, 10],
			"to": [10, 14, 12],
			"faces": {
				"north": {"uv": [6, 2, 8, 4], "texture": "#1"},
				"east": {"uv": [6, 4, 4, 2], "texture": "#1"},
				"south": {"uv": [8, 2, 10, 4], "texture": "#1"},
				"west": {"uv": [10, 2, 12, 4], "texture": "#1"},
				"up": {"uv": [8, 10, 10, 12], "texture": "#1"},
				"down": {"uv": [8, 4, 10, 6], "texture": "#1"}
			},
			"type": "cube"
		},
		{
			"name": "cube",
			"from": [5.000000000000001, 4, 6],
			"to": [7.000000000000001, 6, 8],
			"faces": {
				"north": {"uv": [9, 10, 11, 12], "texture": "#1"},
				"east": {"uv": [10, 12, 8, 10], "texture": "#1"},
				"south": {"uv": [5, 10, 7, 12], "texture": "#1"},
				"west": {"uv": [6, 10, 8, 12], "texture": "#1"},
				"up": {"uv": [5, 6, 7, 8], "texture": "#1"},
				"down": {"uv": [5, 8, 7, 10], "texture": "#1"}
			},
			"type": "cube"
		},
		{
			"name": "cube",
			"from": [9, 4, 8],
			"to": [11, 6, 10],
			"faces": {
				"north": {"uv": [5, 10, 7, 12], "texture": "#1"},
				"east": {"uv": [8, 12, 6, 10], "texture": "#1"},
				"south": {"uv": [9, 10, 11, 12], "texture": "#1"},
				"west": {"uv": [8, 10, 10, 12], "texture": "#1"},
				"up": {"uv": [9, 8, 11, 10], "texture": "#1"},
				"down": {"uv": [9, 6, 11, 8], "texture": "#1"}
			},
			"type": "cube"
		},
		{
			"name": "cube",
			"from": [9, 7, 5],
			"to": [11, 9, 7],
			"faces": {
				"north": {"uv": [5, 10, 7, 12], "texture": "#1"},
				"east": {"uv": [8, 12, 6, 10], "texture": "#1"},
				"south": {"uv": [9, 10, 11, 12], "texture": "#1"},
				"west": {"uv": [8, 10, 10, 12], "texture": "#1"},
				"up": {"uv": [9, 8, 11, 10], "texture": "#1"},
				"down": {"uv": [9, 6, 11, 8], "texture": "#1"}
			},
			"type": "cube"
		},
		{
			"name": "cube",
			"from": [4, 12, 7],
			"to": [6, 14, 9],
			"faces": {
				"north": {"uv": [5, 2, 7, 4], "texture": "#1"},
				"east": {"uv": [10, 4, 8, 2], "texture": "#1"},
				"south": {"uv": [9, 2, 11, 4], "texture": "#1"},
				"west": {"uv": [6, 2, 8, 4], "texture": "#1"},
				"up": {"uv": [9, 6, 11, 8], "texture": "#1"},
				"down": {"uv": [9, 8, 11, 10], "texture": "#1"}
			},
			"type": "cube"
		},
		{
			"name": "cube",
			"from": [9, 12, 4],
			"to": [11, 14, 6],
			"faces": {
				"north": {"uv": [5, 2, 7, 4], "texture": "#1"},
				"east": {"uv": [10, 4, 8, 2], "texture": "#1"},
				"south": {"uv": [9, 2, 11, 4], "texture": "#1"},
				"west": {"uv": [6, 2, 8, 4], "texture": "#1"},
				"up": {"uv": [9, 6, 11, 8], "texture": "#1"},
				"down": {"uv": [9, 8, 11, 10], "texture": "#1"}
			},
			"type": "cube"
		},
		{
			"name": "cube",
			"from": [11, 12, 7],
			"to": [13, 14, 9],
			"faces": {
				"north": {"uv": [5, 2, 7, 4], "texture": "#1"},
				"east": {"uv": [10, 4, 8, 2], "texture": "#1"},
				"south": {"uv": [9, 2, 11, 4], "texture": "#1"},
				"west": {"uv": [6, 2, 8, 4], "texture": "#1"},
				"up": {"uv": [9, 6, 11, 8], "texture": "#1"},
				"down": {"uv": [9, 8, 11, 10], "texture": "#1"}
			},
			"type": "cube"
		}
	],
	"groups": [
		{
			"name": "group",
			"isOpen": true,
			"display": {"visibility": true, "autouv": true},
			"children": [
				0,
				1,
				2,
				3,
				4,
				5,
				6,
				7,
				8,
				9,
				10,
				11,
				12,
				13,
				14,
				15,
				16,
				17,
				18,
				19,
				20,
				21,
				22,
				23,
				24,
				25,
				26,
				27,
				28,
				29,
				30,
				31
			]
		},
		{
			"name": "group",
			"isOpen": true,
			"display": {"visibility": true, "autouv": true},
			"children": [
				32,
				33,
				34,
				35,
				36,
				37,
				38,
				39,
				40,
				41,
				42,
				43,
				44,
				45,
				46,
				47,
				48,
				49
			]
		}
	]
}