{
	"__comment": "Designed by CreatorLabs with Cubik Studio - https://cubik.studio",
	"textures": {
		"0": "blocks/door_acacia_upper",
		"particle": "blocks/door_acacia_upper"
	},
	"elements": [ 	 
		{
			"from": [ -0.0009999999, -0.0009999999, 7.999 ],
			"to": [ 3.005, 1.001, 16.015 ],
			"faces": {
				"up": { "uv": [ 13, 12, 16, 4 ], "texture": "#0" },
				"south": { "uv": [ 16, 13, 13, 14 ], "texture": "#0", "cullface": "south" },
				"west": { "uv": [ 10, 15, 2, 16 ], "texture": "#0", "cullface": "west" },
				"east": { "uv": [ 12, 15, 4, 16 ], "texture": "#0" }
			}
		},
		{
			"from": [ -0.0009999999, 1.001, 13.009 ],
			"to": [ 3.005, 9.017, 16.015 ],
			"faces": {
				"north": { "uv": [ 16, 5, 13, 13 ], "texture": "#0" },
				"south": { "uv": [ 16, 5, 13, 13 ], "texture": "#0", "cullface": "south" },
				"west": { "uv": [ 3, 7, 0, 15 ], "texture": "#0", "cullface": "west" },
				"east": { "uv": [ 13, 15, 16, 7 ], "texture": "#0" }
			}
		},
		{
			"from": [ -0.0009999999, 1.001, -0.017 ],
			"to": [ 3.005, 9.017, 2.989 ],
			"faces": {
				"north": { "uv": [ 3, 6, 0, 14 ], "texture": "#0", "cullface": "north" },
				"south": { "uv": [ 16, 4, 13, 12 ], "texture": "#0" },
				"west": { "uv": [ 16, 7, 13, 15 ], "texture": "#0", "cullface": "west" },
				"east": { "uv": [ 0, 15, 3, 7 ], "texture": "#0" }
			}
		},
		{
			"from": [ -0.0009999999, 13.025, -0.017 ],
			"to": [ 3.005, 16.031, 16.015 ],
			"faces": {
				"down": { "uv": [ 13, 16, 16, 0 ], "texture": "#0" },
				"up": { "uv": [ 0, 3, 16, 0 ], "texture": "#0", "cullface": "up", "rotation": 90 },
				"north": { "uv": [ 16, 0, 13, 3 ], "texture": "#0", "cullface": "north" },
				"south": { "uv": [ 16, 0, 13, 3 ], "texture": "#0", "cullface": "south" },
				"west": { "uv": [ 16, 0, 0, 3 ], "texture": "#0", "cullface": "west" },
				"east": { "uv": [ 0, 3, 16, 0 ], "texture": "#0" }
			}
		},
		{
			"from": [ -0.0009999999, 9.017, -0.017 ],
			"to": [ 3.005, 13.025, 2.989 ],
			"faces": {
				"north": { "uv": [ 16, 5, 13, 9 ], "texture": "#0", "cullface": "north" },
				"south": { "uv": [ 16, 3, 13, 7 ], "texture": "#0" },
				"west": { "uv": [ 16, 3, 13, 7 ], "texture": "#0", "cullface": "west" },
				"east": { "uv": [ 0, 10, 3, 6 ], "texture": "#0" }
			}
		},
		{
			"from": [ -0.0009999999, 9.017, 13.009 ],
			"to": [ 3.005, 13.025, 16.015 ],
			"faces": {
				"north": { "uv": [ 3, 0, 0, 4 ], "texture": "#0" },
				"south": { "uv": [ 16, 4, 13, 8 ], "texture": "#0", "cullface": "south" },
				"west": { "uv": [ 3, 7, 0, 11 ], "texture": "#0", "cullface": "west" },
				"east": { "uv": [ 13, 7, 16, 3 ], "texture": "#0" }
			}
		},
		{
			"from": [ -0.0009999999, 1.001, 9.000999 ],
			"to": [ 3.005, 13.025, 11.005 ],
			"faces": {
				"north": { "uv": [ 16, 3, 13, 15 ], "texture": "#0" },
				"south": { "uv": [ 16, 3, 13, 15 ], "texture": "#0" },
				"west": { "uv": [ 7, 3, 5, 15 ], "texture": "#0", "cullface": "west" },
				"east": { "uv": [ 9, 15, 11, 3 ], "texture": "#0" }
			}
		},
		{
			"from": [ -0.0009999999, 1.001, 4.993 ],
			"to": [ 3.005, 13.025, 6.997 ],
			"faces": {
				"north": { "uv": [ 16, 2, 13, 14 ], "texture": "#0" },
				"south": { "uv": [ 16, 2, 13, 14 ], "texture": "#0" },
				"west": { "uv": [ 11, 3, 9, 15 ], "texture": "#0", "cullface": "west" },
				"east": { "uv": [ 5, 15, 7, 3 ], "texture": "#0" }
			}
		},
		{
			"from": [ -0.0009999999, -0.0009999999, -0.017 ],
			"to": [ 3.005, 1.001, 7.999 ],
			"faces": {
				"up": { "uv": [ 13, 15, 16, 7 ], "texture": "#0" },
				"north": { "uv": [ 16, 6, 13, 7 ], "texture": "#0", "cullface": "north" },
				"west": { "uv": [ 16, 15, 8, 16 ], "texture": "#0", "cullface": "west" },
				"east": { "uv": [ 10, 15, 2, 16 ], "texture": "#0" }
			}
		},
		{
			"from": [ 1.001, -0.0009999999, 16.015 ],
			"to": [ 2.003, 1.001, 16.516 ],
			"faces": {
				"down": { "uv": [ 0, 16, 0.5, 15 ], "texture": "#0", "cullface": "south" },
				"up": { "uv": [ 0, 16, 0.5, 15 ], "texture": "#0", "cullface": "south" },
				"south": { "uv": [ 0.5, 15, 0, 16 ], "texture": "#0", "cullface": "south" },
				"west": { "uv": [ 0.5, 15, 0, 16 ], "texture": "#0", "cullface": "south" },
				"east": { "uv": [ 0.5, 15, 0, 16 ], "texture": "#0", "cullface": "south" }
			}
		},
		{
			"from": [ 1.001, 10.019, 16.015 ],
			"to": [ 2.003, 12.023, 16.516 ],
			"faces": {
				"down": { "uv": [ 0, 6, 0.5, 5 ], "texture": "#0", "cullface": "south" },
				"up": { "uv": [ 0, 16, 0.5, 15 ], "texture": "#0", "cullface": "south" },
				"south": { "uv": [ 0.5, 4, 0, 6 ], "texture": "#0", "cullface": "south" },
				"west": { "uv": [ 0.5, 4, 0, 6 ], "texture": "#0", "cullface": "south" },
				"east": { "uv": [ 0.5, 4, 0, 6 ], "texture": "#0", "cullface": "south" }
			}
		},
		{
			"from": [ -1.003, -0.0009999999, 0.985 ],
			"to": [ -0.001000047, 1.001, 3.991 ],
			"faces": {
				"down": { "uv": [ 12, 16, 15, 15 ], "texture": "#0", "cullface": "west", "rotation": 270 },
				"up": { "uv": [ 12, 16, 15, 15 ], "texture": "#0", "cullface": "west", "rotation": 90 },
				"north": { "uv": [ 15, 15, 14, 16 ], "texture": "#0", "cullface": "west" },
				"south": { "uv": [ 13, 15, 12, 16 ], "texture": "#0", "cullface": "west" },
				"west": { "uv": [ 15, 15, 12, 16 ], "texture": "#0", "cullface": "west" }
			}
		},
		{
			"from": [ 3.005, -0.0009999999, 0.985 ],
			"to": [ 4.007, 1.001, 3.991 ],
			"faces": {
				"down": { "uv": [ 12, 16, 15, 15 ], "texture": "#0", "rotation": 270 },
				"up": { "uv": [ 12, 16, 15, 15 ], "texture": "#0", "rotation": 90 },
				"north": { "uv": [ 15, 15, 14, 16 ], "texture": "#0" },
				"south": { "uv": [ 13, 15, 12, 16 ], "texture": "#0" },
				"east": { "uv": [ 15, 15, 12, 16 ], "texture": "#0", "rotation": 180 }
			}
		}
	]
}