{
	"__comment": "Designed by CreatorLabs with Cubik Studio - https://cubik.studio",
	"textures": {
		"0": "blocks/door_acacia_lower",
		"particle": "blocks/door_acacia_lower"
	},
	"elements": [ 	 
		{
			"from": [ -0.0009999999, -0.0009999999, -0.0009999999 ],
			"to": [ 3.005, 3.005, 16.031 ],
			"faces": {
				"down": { "uv": [ 0, 13, 16, 16 ], "texture": "#0", "cullface": "down", "rotation": 90 },
				"up": { "uv": [ 0, 13, 16, 16 ], "texture": "#0", "rotation": 270 },
				"north": { "uv": [ 13, 13, 16, 16 ], "texture": "#0", "cullface": "north" },
				"south": { "uv": [ 13, 13, 16, 16 ], "texture": "#0", "cullface": "south" },
				"west": { "uv": [ 0, 13, 16, 16 ], "texture": "#0", "cullface": "west" },
				"east": { "uv": [ 0, 13, 16, 16 ], "texture": "#0" }
			}
		},
		{
			"from": [ -0.0009999999, 3.005, -0.0009999999 ],
			"to": [ 3.005, 11.021, 3.005 ],
			"faces": {
				"north": { "uv": [ 13, 4, 16, 12 ], "texture": "#0", "cullface": "north" },
				"south": { "uv": [ 0, 1, 3, 9 ], "texture": "#0" },
				"west": { "uv": [ 0, 1, 3, 9 ], "texture": "#0", "cullface": "west" },
				"east": { "uv": [ 13, 5, 16, 13 ], "texture": "#0" }
			}
		},
		{
			"from": [ -0.0009999999, 11.021, -0.0009999999 ],
			"to": [ 3.005, 15.029, 3.005 ],
			"faces": {
				"north": { "uv": [ 13, 2, 16, 6 ], "texture": "#0", "cullface": "north" },
				"south": { "uv": [ 0, 3, 3, 7 ], "texture": "#0" },
				"west": { "uv": [ 0, 1, 3, 5 ], "texture": "#0", "cullface": "west" },
				"east": { "uv": [ 13, 1, 16, 5 ], "texture": "#0" }
			}
		},
		{
			"from": [ -0.0009999999, 15.029, 8.014999 ],
			"to": [ 3.005, 16.031, 16.031 ],
			"faces": {
				"down": { "uv": [ 0, 13, 16, 16 ], "texture": "#0", "rotation": 90 },
				"south": { "uv": [ 13, 1, 16, 2 ], "texture": "#0", "cullface": "south" },
				"west": { "uv": [ 8, 0, 16, 1 ], "texture": "#0", "cullface": "west" },
				"east": { "uv": [ 4, 0, 12, 1 ], "texture": "#0" }
			}
		},
		{
			"from": [ -0.0009999999, 3.005, 13.025 ],
			"to": [ 3.005, 11.021, 16.031 ],
			"faces": {
				"north": { "uv": [ 13, 6, 16, 14 ], "texture": "#0" },
				"south": { "uv": [ 13, 5, 16, 13 ], "texture": "#0", "cullface": "south" },
				"west": { "uv": [ 13, 5, 16, 13 ], "texture": "#0", "cullface": "west" },
				"east": { "uv": [ 0, 1, 3, 9 ], "texture": "#0" }
			}
		},
		{
			"from": [ -0.0009999999, 11.021, 13.025 ],
			"to": [ 3.005, 15.029, 16.031 ],
			"faces": {
				"north": { "uv": [ 13, 1, 16, 5 ], "texture": "#0" },
				"south": { "uv": [ 13, 1, 16, 5 ], "texture": "#0", "cullface": "south" },
				"west": { "uv": [ 13, 1, 16, 5 ], "texture": "#0", "cullface": "west" },
				"east": { "uv": [ 0, 1, 3, 5 ], "texture": "#0" }
			}
		},
		{
			"from": [ -0.0009999999, 3.005, 9.017 ],
			"to": [ 3.005, 15.029, 11.021 ],
			"faces": {
				"north": { "uv": [ 13, 1, 16, 13 ], "texture": "#0" },
				"south": { "uv": [ 13, 2, 16, 14 ], "texture": "#0" },
				"west": { "uv": [ 9, 1, 11, 13 ], "texture": "#0", "cullface": "west" },
				"east": { "uv": [ 5, 1, 7, 13 ], "texture": "#0" }
			}
		},
		{
			"from": [ -0.0009999999, 3.005, 5.009 ],
			"to": [ 3.005, 15.029, 7.013 ],
			"faces": {
				"north": { "uv": [ 13, 2, 16, 14 ], "texture": "#0" },
				"south": { "uv": [ 13, 1, 16, 13 ], "texture": "#0" },
				"west": { "uv": [ 5, 1, 7, 13 ], "texture": "#0", "cullface": "west" },
				"east": { "uv": [ 9, 1, 11, 13 ], "texture": "#0" }
			}
		},
		{
			"from": [ -0.0009999999, 15.029, -0.0009999999 ],
			"to": [ 3.005, 16.031, 8.014999 ],
			"faces": {
				"down": { "uv": [ 0, 13, 16, 16 ], "texture": "#0", "rotation": 90 },
				"north": { "uv": [ 13, 2, 16, 3 ], "texture": "#0", "cullface": "north" },
				"west": { "uv": [ 4, 0, 12, 1 ], "texture": "#0", "cullface": "west" },
				"east": { "uv": [ 6, 0, 14, 1 ], "texture": "#0" }
			}
		},
		{
			"from": [ -1.003, 15.029, 14.027 ],
			"to": [ -0.001000047, 16.031, 15.029 ],
			"faces": {
				"down": { "uv": [ 14, 0, 15, 1 ], "texture": "#0", "cullface": "west", "rotation": 90 },
				"up": { "uv": [ 14, 0, 15, 1 ], "texture": "#0", "cullface": "west", "rotation": 270 },
				"north": { "uv": [ 14, 0, 15, 1 ], "texture": "#0", "cullface": "west" },
				"south": { "uv": [ 14, 0, 15, 1 ], "texture": "#0", "cullface": "west" },
				"west": { "uv": [ 14, 0, 15, 1 ], "texture": "#0", "cullface": "west" }
			}
		},
		{
			"from": [ 3.005, 15.029, 14.027 ],
			"to": [ 4.007, 16.031, 15.029 ],
			"faces": {
				"down": { "uv": [ 14, 0, 15, 1 ], "texture": "#0", "rotation": 90 },
				"up": { "uv": [ 14, 0, 15, 1 ], "texture": "#0", "rotation": 270 },
				"north": { "uv": [ 14, 0, 15, 1 ], "texture": "#0" },
				"south": { "uv": [ 14, 0, 15, 1 ], "texture": "#0" },
				"east": { "uv": [ 14, 0, 15, 1 ], "texture": "#0" }
			}
		},
		{
			"from": [ 1.001, 4.007, -0.502 ],
			"to": [ 2.003, 6.011, -0.0009999871 ],
			"faces": {
				"down": { "uv": [ 0, 11, 0.5, 12 ], "texture": "#0", "cullface": "north", "rotation": 90 },
				"up": { "uv": [ 0, 10, 0.5, 11 ], "texture": "#0", "cullface": "north", "rotation": 270 },
				"north": { "uv": [ 0, 10, 1, 12 ], "texture": "#0", "cullface": "north" },
				"west": { "uv": [ 0, 10, 0.5, 12 ], "texture": "#0", "cullface": "north" },
				"east": { "uv": [ 0, 10, 0.5, 12 ], "texture": "#0", "cullface": "north" }
			}
		},
		{
			"from": [ 1.001, 15.029, -0.502 ],
			"to": [ 2.003, 16.031, -0.0009999871 ],
			"faces": {
				"down": { "uv": [ 0, 0, 1, 1 ], "texture": "#0", "cullface": "north", "rotation": 90 },
				"up": { "uv": [ 0, 0, 1, 1 ], "texture": "#0", "cullface": "north", "rotation": 270 },
				"north": { "uv": [ 0, 0, 1, 1 ], "texture": "#0", "cullface": "north" },
				"west": { "uv": [ 0, 0, 1, 1 ], "texture": "#0", "cullface": "north" },
				"east": { "uv": [ 0, 0, 1, 1 ], "texture": "#0", "cullface": "north" }
			}
		}
	]
}