{
	"__comment": "Designed by CreatorLabs with Cubik Studio - https://cubik.studio",
	"parent": "block/block",
	"textures": {
		"texture": "3d_decoration/anvil",
		"particle": "3d_decoration/anvil"
	},
	"elements": [ 	 
		{
			"__comment": "Anvil base",
			"from": [ 3, 0, 2 ],
			"to": [ 13, 4, 14 ],
			"faces": {
				"down": { "uv": [ 3, 2, 13, 14 ], "texture": "#texture", "cullface": "down" },
				"up": { "uv": [ 3, 2, 13, 14 ], "texture": "#texture" },
				"north": { "uv": [ 3, 12, 13, 16 ], "texture": "#texture" },
				"south": { "uv": [ 3, 12, 13, 16 ], "texture": "#texture" },
				"west": { "uv": [ 2, 12, 14, 16 ], "texture": "#texture" },
				"east": { "uv": [ 2, 12, 14, 16 ], "texture": "#texture" }
			}
		},
		{
			"__comment": "Lower narrow portion",
			"from": [ 4, 4, 3 ],
			"to": [ 12, 5, 13 ],
			"faces": {
				"up": { "uv": [ 4, 3, 12, 13 ], "texture": "#texture" },
				"north": { "uv": [ 4, 11, 12, 12 ], "texture": "#texture" },
				"south": { "uv": [ 4, 11, 12, 12 ], "texture": "#texture" },
				"west": { "uv": [ 3, 11, 13, 12 ], "texture": "#texture" },
				"east": { "uv": [ 3, 11, 13, 12 ], "texture": "#texture" }
			}
		},
		{
			"__comment": "Wider section beneath top portion",
			"from": [ 6, 5, 4 ],
			"to": [ 10, 10, 12 ],
			"faces": {
				"north": { "uv": [ 6, 6, 10, 11 ], "texture": "#texture" },
				"south": { "uv": [ 6, 6, 10, 11 ], "texture": "#texture" },
				"west": { "uv": [ 4, 6, 12, 11 ], "texture": "#texture" },
				"east": { "uv": [ 4, 6, 12, 11 ], "texture": "#texture" }
			}
		},
		{
			"__comment": "Base_Addon",
			"from": [ 2, 0, 2 ],
			"to": [ 3, 2, 14 ],
			"faces": {
				"down": { "uv": [ 2, 2, 3, 14 ], "texture": "#texture", "cullface": "down" },
				"up": { "uv": [ 2, 2, 3, 14 ], "texture": "#texture" },
				"north": { "uv": [ 13, 14, 14, 16 ], "texture": "#texture" },
				"south": { "uv": [ 2, 14, 3, 16 ], "texture": "#texture" },
				"west": { "uv": [ 2, 14, 14, 16 ], "texture": "#texture" }
			}
		},
		{
			"__comment": "Base_Addon",
			"from": [ 13, 0, 2 ],
			"to": [ 14, 2, 14 ],
			"faces": {
				"down": { "uv": [ 13, 2, 14, 14 ], "texture": "#texture", "cullface": "down" },
				"up": { "uv": [ 13, 2, 14, 14 ], "texture": "#texture" },
				"north": { "uv": [ 2, 14, 3, 16 ], "texture": "#texture" },
				"south": { "uv": [ 13, 14, 14, 16 ], "texture": "#texture" },
				"east": { "uv": [ 2, 14, 14, 16 ], "texture": "#texture" }
			}
		},
		{
			"__comment": "Base_Addon",
			"from": [ 3, 0, 1 ],
			"to": [ 13, 2, 2 ],
			"faces": {
				"down": { "uv": [ 3, 14, 13, 15 ], "texture": "#texture", "cullface": "down" },
				"up": { "uv": [ 3, 1, 13, 2 ], "texture": "#texture" },
				"north": { "uv": [ 3, 14, 13, 16 ], "texture": "#texture" },
				"west": { "uv": [ 1, 14, 2, 16 ], "texture": "#texture" },
				"east": { "uv": [ 14, 14, 15, 16 ], "texture": "#texture" }
			}
		},
		{
			"__comment": "Base_Addon",
			"from": [ 3, 0, 14 ],
			"to": [ 13, 2, 15 ],
			"faces": {
				"down": { "uv": [ 3, 1, 13, 2 ], "texture": "#texture", "cullface": "down" },
				"up": { "uv": [ 3, 14, 13, 15 ], "texture": "#texture" },
				"south": { "uv": [ 3, 14, 13, 16 ], "texture": "#texture" },
				"west": { "uv": [ 14, 14, 15, 16 ], "texture": "#texture" },
				"east": { "uv": [ 1, 14, 2, 16 ], "texture": "#texture" }
			}
		},
		{
			"__comment": "Middle_Addon",
			"from": [ 5, 8.5, 4 ],
			"to": [ 6, 10, 12 ],
			"faces": {
				"down": { "uv": [ 5, 4, 6, 12 ], "texture": "#texture" },
				"north": { "uv": [ 10, 6, 11, 7.5 ], "texture": "#texture" },
				"south": { "uv": [ 5, 6, 6, 7.5 ], "texture": "#texture" },
				"west": { "uv": [ 4, 6, 12, 7.5 ], "texture": "#texture" }
			}
		},
		{
			"__comment": "Middle_Addon",
			"from": [ 6, 8.5, 3 ],
			"to": [ 10, 10, 4 ],
			"faces": {
				"down": { "uv": [ 6, 12, 10, 13 ], "texture": "#texture" },
				"north": { "uv": [ 6, 6, 10, 7.5 ], "texture": "#texture" },
				"west": { "uv": [ 3, 6, 4, 7.5 ], "texture": "#texture" },
				"east": { "uv": [ 12, 6, 13, 7.5 ], "texture": "#texture" }
			}
		},
		{
			"__comment": "Middle_Addon",
			"from": [ 10, 8.5, 4 ],
			"to": [ 11, 10, 12 ],
			"faces": {
				"down": { "uv": [ 10, 4, 11, 12 ], "texture": "#texture" },
				"north": { "uv": [ 5, 6, 6, 7.5 ], "texture": "#texture" },
				"south": { "uv": [ 10, 6, 11, 7.5 ], "texture": "#texture" },
				"east": { "uv": [ 4, 6, 12, 7.5 ], "texture": "#texture" }
			}
		},
		{
			"__comment": "Middle_Addon",
			"from": [ 6, 8.5, 12 ],
			"to": [ 10, 10, 13 ],
			"faces": {
				"down": { "uv": [ 6, 3, 10, 4 ], "texture": "#texture" },
				"south": { "uv": [ 6, 6, 10, 7.5 ], "texture": "#texture" },
				"west": { "uv": [ 12, 6, 13, 7.5 ], "texture": "#texture" },
				"east": { "uv": [ 3, 6, 4, 7.5 ], "texture": "#texture" }
			}
		},
		{
			"__comment": "Anvil top_Basic",
			"from": [ 4, 10, 1 ],
			"to": [ 12, 15, 15 ],
			"faces": {
				"down": { "uv": [ 4, 1, 12, 15 ], "texture": "#texture" },
				"up": { "uv": [ 4, 1, 12, 15 ], "texture": "#texture", "cullface": "up" },
				"north": { "uv": [ 4, 1, 12, 6 ], "texture": "#texture" },
				"south": { "uv": [ 4, 1, 12, 6 ], "texture": "#texture" },
				"west": { "uv": [ 1, 1, 15, 6 ], "texture": "#texture" },
				"east": { "uv": [ 1, 1, 15, 6 ], "texture": "#texture" }
			}
		},
		{
			"__comment": "Voxels",
			"from": [ 3, 10, 1 ],
			"to": [ 4, 14, 2 ],
			"faces": {
				"down": { "uv": [ 3, 14, 4, 15 ], "texture": "#texture" },
				"up": { "uv": [ 3, 1, 4, 2 ], "texture": "#texture" },
				"north": { "uv": [ 12, 2, 13, 6 ], "texture": "#texture" },
				"south": { "uv": [ 3, 2, 4, 6 ], "texture": "#texture" },
				"west": { "uv": [ 1, 2, 2, 6 ], "texture": "#texture" }
			}
		},
		{
			"__comment": "Voxels",
			"from": [ 3, 10, 2 ],
			"to": [ 4, 13, 15 ],
			"faces": {
				"down": { "uv": [ 3, 1, 4, 14 ], "texture": "#texture" },
				"up": { "uv": [ 3, 2, 4, 15 ], "texture": "#texture" },
				"south": { "uv": [ 3, 3, 4, 6 ], "texture": "#texture" },
				"west": { "uv": [ 2, 3, 15, 6 ], "texture": "#texture" }
			}
		},
		{
			"__comment": "Voxels",
			"from": [ 3, 13, 3 ],
			"to": [ 4, 14, 9 ],
			"faces": {
				"up": { "uv": [ 3, 3, 4, 9 ], "texture": "#texture" },
				"north": { "uv": [ 12, 2, 13, 3 ], "texture": "#texture" },
				"south": { "uv": [ 3, 2, 4, 3 ], "texture": "#texture" },
				"west": { "uv": [ 3, 2, 9, 3 ], "texture": "#texture" }
			}
		},
		{
			"__comment": "Voxels",
			"from": [ 3, 13, 10 ],
			"to": [ 4, 14, 14 ],
			"faces": {
				"up": { "uv": [ 3, 10, 4, 14 ], "texture": "#texture" },
				"north": { "uv": [ 12, 2, 13, 3 ], "texture": "#texture" },
				"south": { "uv": [ 3, 2, 4, 3 ], "texture": "#texture" },
				"west": { "uv": [ 10, 2, 14, 3 ], "texture": "#texture" }
			}
		},
		{
			"__comment": "Voxels",
			"from": [ 3, 14, 4 ],
			"to": [ 4, 15, 8 ],
			"faces": {
				"up": { "uv": [ 3, 4, 4, 8 ], "texture": "#texture" },
				"north": { "uv": [ 12, 1, 13, 2 ], "texture": "#texture" },
				"south": { "uv": [ 3, 1, 4, 2 ], "texture": "#texture" },
				"west": { "uv": [ 4, 1, 8, 2 ], "texture": "#texture" }
			}
		},
		{
			"__comment": "Voxels",
			"from": [ 3, 14, 12 ],
			"to": [ 4, 15, 13 ],
			"faces": {
				"up": { "uv": [ 3, 12, 4, 13 ], "texture": "#texture" },
				"north": { "uv": [ 12, 1, 13, 2 ], "texture": "#texture" },
				"south": { "uv": [ 3, 1, 4, 2 ], "texture": "#texture" },
				"west": { "uv": [ 12, 1, 13, 2 ], "texture": "#texture" }
			}
		},
		{
			"__comment": "Voxels",
			"from": [ 4, 10, 0 ],
			"to": [ 12, 13, 1 ],
			"faces": {
				"down": { "uv": [ 4, 15, 12, 16 ], "texture": "#texture" },
				"up": { "uv": [ 4, 0, 12, 1 ], "texture": "#texture" },
				"north": { "uv": [ 4, 3, 12, 6 ], "texture": "#texture", "cullface": "north" },
				"west": { "uv": [ 0, 3, 1, 6 ], "texture": "#texture" },
				"east": { "uv": [ 15, 3, 16, 6 ], "texture": "#texture" }
			}
		},
		{
			"__comment": "Voxels",
			"from": [ 4, 10, 15 ],
			"to": [ 12, 13, 16 ],
			"faces": {
				"down": { "uv": [ 4, 0, 12, 1 ], "texture": "#texture" },
				"up": { "uv": [ 4, 15, 12, 16 ], "texture": "#texture" },
				"south": { "uv": [ 4, 3, 12, 6 ], "texture": "#texture", "cullface": "south" },
				"west": { "uv": [ 15, 3, 16, 6 ], "texture": "#texture" },
				"east": { "uv": [ 0, 3, 1, 6 ], "texture": "#texture" }
			}
		},
		{
			"__comment": "Voxels",
			"from": [ 4, 13, 0 ],
			"to": [ 5, 14, 1 ],
			"faces": {
				"up": { "uv": [ 4, 0, 5, 1 ], "texture": "#texture" },
				"north": { "uv": [ 11, 2, 12, 3 ], "texture": "#texture", "cullface": "north" },
				"west": { "uv": [ 0, 2, 1, 3 ], "texture": "#texture" },
				"east": { "uv": [ 15, 2, 16, 3 ], "texture": "#texture" }
			}
		},
		{
			"__comment": "Voxels",
			"from": [ 4, 13, 15 ],
			"to": [ 9, 14, 16 ],
			"faces": {
				"up": { "uv": [ 4, 15, 9, 16 ], "texture": "#texture" },
				"south": { "uv": [ 4, 2, 9, 3 ], "texture": "#texture", "cullface": "south" },
				"west": { "uv": [ 15, 2, 16, 3 ], "texture": "#texture" },
				"east": { "uv": [ 0, 2, 1, 3 ], "texture": "#texture" }
			}
		},
		{
			"__comment": "Voxels",
			"from": [ 4, 15, 1 ],
			"to": [ 6, 16, 4 ],
			"faces": {
				"up": { "uv": [ 4, 1, 6, 4 ], "texture": "#texture", "cullface": "up" },
				"north": { "uv": [ 10, 0, 12, 1 ], "texture": "#texture" },
				"south": { "uv": [ 4, 0, 6, 1 ], "texture": "#texture" },
				"west": { "uv": [ 1, 0, 4, 1 ], "texture": "#texture" },
				"east": { "uv": [ 12, 0, 15, 1 ], "texture": "#texture" }
			}
		},
		{
			"__comment": "Voxels",
			"from": [ 4, 15, 5 ],
			"to": [ 6, 16, 8 ],
			"faces": {
				"up": { "uv": [ 4, 5, 6, 8 ], "texture": "#texture", "cullface": "up" },
				"north": { "uv": [ 10, 0, 12, 1 ], "texture": "#texture" },
				"south": { "uv": [ 4, 0, 6, 1 ], "texture": "#texture" },
				"west": { "uv": [ 5, 0, 8, 1 ], "texture": "#texture" },
				"east": { "uv": [ 8, 0, 11, 1 ], "texture": "#texture" }
			}
		},
		{
			"__comment": "Voxels",
			"from": [ 4, 15, 9 ],
			"to": [ 5, 16, 14 ],
			"faces": {
				"up": { "uv": [ 4, 9, 5, 14 ], "texture": "#texture", "cullface": "up" },
				"north": { "uv": [ 11, 0, 12, 1 ], "texture": "#texture" },
				"south": { "uv": [ 4, 0, 5, 1 ], "texture": "#texture" },
				"west": { "uv": [ 9, 0, 14, 1 ], "texture": "#texture" },
				"east": { "uv": [ 2, 0, 7, 1 ], "texture": "#texture" }
			}
		},
		{
			"__comment": "Voxels",
			"from": [ 5, 15, 8 ],
			"to": [ 6, 16, 9 ],
			"faces": {
				"up": { "uv": [ 5, 8, 6, 9 ], "texture": "#texture", "cullface": "up" },
				"south": { "uv": [ 5, 0, 6, 1 ], "texture": "#texture" },
				"west": { "uv": [ 8, 0, 9, 1 ], "texture": "#texture" },
				"east": { "uv": [ 7, 0, 8, 1 ], "texture": "#texture" }
			}
		},
		{
			"__comment": "Voxels",
			"from": [ 5, 15, 10 ],
			"to": [ 12, 16, 11 ],
			"faces": {
				"up": { "uv": [ 5, 10, 12, 11 ], "texture": "#texture", "cullface": "up" },
				"north": { "uv": [ 4, 0, 11, 1 ], "texture": "#texture" },
				"south": { "uv": [ 5, 0, 12, 1 ], "texture": "#texture" },
				"east": { "uv": [ 5, 0, 6, 1 ], "texture": "#texture" }
			}
		},
		{
			"__comment": "Voxels",
			"from": [ 5, 15, 11 ],
			"to": [ 8, 16, 12 ],
			"faces": {
				"up": { "uv": [ 5, 11, 8, 12 ], "texture": "#texture", "cullface": "up" },
				"south": { "uv": [ 5, 0, 8, 1 ], "texture": "#texture" },
				"east": { "uv": [ 4, 0, 5, 1 ], "texture": "#texture" }
			}
		},
		{
			"__comment": "Voxels",
			"from": [ 5, 15, 12 ],
			"to": [ 6, 16, 13 ],
			"faces": {
				"up": { "uv": [ 5, 12, 6, 13 ], "texture": "#texture", "cullface": "up" },
				"south": { "uv": [ 5, 0, 6, 1 ], "texture": "#texture" },
				"east": { "uv": [ 3, 0, 4, 1 ], "texture": "#texture" }
			}
		},
		{
			"__comment": "Voxels",
			"from": [ 5, 15, 14 ],
			"to": [ 9, 16, 15 ],
			"faces": {
				"up": { "uv": [ 5, 14, 9, 15 ], "texture": "#texture", "cullface": "up" },
				"north": { "uv": [ 7, 0, 11, 1 ], "texture": "#texture" },
				"south": { "uv": [ 5, 0, 9, 1 ], "texture": "#texture" },
				"west": { "uv": [ 14, 0, 15, 1 ], "texture": "#texture" },
				"east": { "uv": [ 1, 0, 2, 1 ], "texture": "#texture" }
			}
		},
		{
			"__comment": "Voxels",
			"from": [ 6, 14, 15 ],
			"to": [ 8, 15, 16 ],
			"faces": {
				"up": { "uv": [ 6, 15, 8, 16 ], "texture": "#texture" },
				"south": { "uv": [ 6, 1, 8, 2 ], "texture": "#texture", "cullface": "south" },
				"west": { "uv": [ 15, 1, 16, 2 ], "texture": "#texture" },
				"east": { "uv": [ 0, 1, 1, 2 ], "texture": "#texture" }
			}
		},
		{
			"__comment": "Voxels",
			"from": [ 6, 15, 2 ],
			"to": [ 7, 16, 5 ],
			"faces": {
				"up": { "uv": [ 6, 2, 7, 5 ], "texture": "#texture", "cullface": "up" },
				"north": { "uv": [ 9, 0, 10, 1 ], "texture": "#texture" },
				"south": { "uv": [ 6, 0, 7, 1 ], "texture": "#texture" },
				"west": { "uv": [ 2, 0, 5, 1 ], "texture": "#texture" },
				"east": { "uv": [ 11, 0, 14, 1 ], "texture": "#texture" }
			}
		},
		{
			"__comment": "Voxels",
			"from": [ 6, 15, 6 ],
			"to": [ 10, 16, 7 ],
			"faces": {
				"up": { "uv": [ 6, 6, 10, 7 ], "texture": "#texture", "cullface": "up" },
				"north": { "uv": [ 6, 0, 10, 1 ], "texture": "#texture" },
				"south": { "uv": [ 6, 0, 10, 1 ], "texture": "#texture" },
				"east": { "uv": [ 9, 0, 10, 1 ], "texture": "#texture" }
			}
		},
		{
			"__comment": "Voxels",
			"from": [ 6, 15, 7 ],
			"to": [ 9, 16, 8 ],
			"faces": {
				"up": { "uv": [ 6, 7, 9, 8 ], "texture": "#texture", "cullface": "up" },
				"south": { "uv": [ 6, 0, 9, 1 ], "texture": "#texture" },
				"east": { "uv": [ 8, 0, 9, 1 ], "texture": "#texture" }
			}
		},
		{
			"__comment": "Voxels",
			"from": [ 6, 15, 9 ],
			"to": [ 9, 16, 10 ],
			"faces": {
				"up": { "uv": [ 6, 9, 9, 10 ], "texture": "#texture", "cullface": "up" },
				"north": { "uv": [ 7, 0, 10, 1 ], "texture": "#texture" },
				"west": { "uv": [ 9, 0, 10, 1 ], "texture": "#texture" },
				"east": { "uv": [ 6, 0, 7, 1 ], "texture": "#texture" }
			}
		},
		{
			"__comment": "Voxels",
			"from": [ 6, 15, 13 ],
			"to": [ 10, 16, 14 ],
			"faces": {
				"up": { "uv": [ 6, 13, 10, 14 ], "texture": "#texture", "cullface": "up" },
				"north": { "uv": [ 6, 0, 10, 1 ], "texture": "#texture" },
				"south": { "uv": [ 6, 0, 10, 1 ], "texture": "#texture" },
				"west": { "uv": [ 13, 0, 14, 1 ], "texture": "#texture" },
				"east": { "uv": [ 2, 0, 3, 1 ], "texture": "#texture" }
			}
		},
		{
			"__comment": "Voxels",
			"from": [ 7, 13, 0 ],
			"to": [ 11, 14, 1 ],
			"faces": {
				"up": { "uv": [ 7, 0, 11, 1 ], "texture": "#texture" },
				"north": { "uv": [ 5, 2, 9, 3 ], "texture": "#texture", "cullface": "north" },
				"west": { "uv": [ 0, 2, 1, 3 ], "texture": "#texture" },
				"east": { "uv": [ 15, 2, 16, 3 ], "texture": "#texture" }
			}
		},
		{
			"__comment": "Voxels",
			"from": [ 7, 15, 1 ],
			"to": [ 10, 16, 2 ],
			"faces": {
				"up": { "uv": [ 7, 1, 10, 2 ], "texture": "#texture", "cullface": "up" },
				"north": { "uv": [ 6, 0, 9, 1 ], "texture": "#texture" },
				"south": { "uv": [ 7, 0, 10, 1 ], "texture": "#texture" },
				"west": { "uv": [ 1, 0, 2, 1 ], "texture": "#texture" },
				"east": { "uv": [ 14, 0, 15, 1 ], "texture": "#texture" }
			}
		},
		{
			"__comment": "Voxels",
			"from": [ 7, 15, 3 ],
			"to": [ 8, 16, 6 ],
			"faces": {
				"up": { "uv": [ 7, 3, 8, 6 ], "texture": "#texture", "cullface": "up" },
				"north": { "uv": [ 8, 0, 9, 1 ], "texture": "#texture" },
				"west": { "uv": [ 3, 0, 6, 1 ], "texture": "#texture" },
				"east": { "uv": [ 10, 0, 13, 1 ], "texture": "#texture" }
			}
		},
		{
			"__comment": "Voxels",
			"from": [ 7, 15, 8 ],
			"to": [ 10, 16, 9 ],
			"faces": {
				"up": { "uv": [ 7, 8, 10, 9 ], "texture": "#texture", "cullface": "up" },
				"north": { "uv": [ 6, 0, 9, 1 ], "texture": "#texture" },
				"south": { "uv": [ 7, 0, 10, 1 ], "texture": "#texture" },
				"west": { "uv": [ 8, 0, 9, 1 ], "texture": "#texture" },
				"east": { "uv": [ 7, 0, 8, 1 ], "texture": "#texture" }
			}
		},
		{
			"__comment": "Voxels",
			"from": [ 8, 14, 0 ],
			"to": [ 10, 15, 1 ],
			"faces": {
				"up": { "uv": [ 8, 0, 10, 1 ], "texture": "#texture" },
				"north": { "uv": [ 6, 1, 8, 2 ], "texture": "#texture", "cullface": "north" },
				"west": { "uv": [ 0, 1, 1, 2 ], "texture": "#texture" },
				"east": { "uv": [ 15, 1, 16, 2 ], "texture": "#texture" }
			}
		},
		{
			"__comment": "Voxels",
			"from": [ 8, 15, 2 ],
			"to": [ 9, 16, 3 ],
			"faces": {
				"up": { "uv": [ 8, 2, 9, 3 ], "texture": "#texture", "cullface": "up" },
				"south": { "uv": [ 8, 0, 9, 1 ], "texture": "#texture" },
				"west": { "uv": [ 2, 0, 3, 1 ], "texture": "#texture" },
				"east": { "uv": [ 13, 0, 14, 1 ], "texture": "#texture" }
			}
		},
		{
			"__comment": "Voxels",
			"from": [ 8, 15, 4 ],
			"to": [ 9, 16, 6 ],
			"faces": {
				"up": { "uv": [ 8, 4, 9, 6 ], "texture": "#texture", "cullface": "up" },
				"north": { "uv": [ 7, 0, 8, 1 ], "texture": "#texture" },
				"east": { "uv": [ 10, 0, 12, 1 ], "texture": "#texture" }
			}
		},
		{
			"__comment": "Voxels",
			"from": [ 8, 15, 12 ],
			"to": [ 11, 16, 13 ],
			"faces": {
				"up": { "uv": [ 8, 12, 11, 13 ], "texture": "#texture", "cullface": "up" },
				"north": { "uv": [ 5, 0, 8, 1 ], "texture": "#texture" },
				"south": { "uv": [ 8, 0, 11, 1 ], "texture": "#texture" },
				"west": { "uv": [ 12, 0, 13, 1 ], "texture": "#texture" },
				"east": { "uv": [ 3, 0, 4, 1 ], "texture": "#texture" }
			}
		},
		{
			"__comment": "Voxels",
			"from": [ 9, 15, 3 ],
			"to": [ 12, 16, 4 ],
			"faces": {
				"up": { "uv": [ 9, 3, 12, 4 ], "texture": "#texture", "cullface": "up" },
				"north": { "uv": [ 4, 0, 7, 1 ], "texture": "#texture" },
				"south": { "uv": [ 9, 0, 12, 1 ], "texture": "#texture" },
				"west": { "uv": [ 3, 0, 4, 1 ], "texture": "#texture" },
				"east": { "uv": [ 12, 0, 13, 1 ], "texture": "#texture" }
			}
		},
		{
			"__comment": "Voxels",
			"from": [ 9, 15, 5 ],
			"to": [ 11, 16, 6 ],
			"faces": {
				"up": { "uv": [ 9, 5, 11, 6 ], "texture": "#texture", "cullface": "up" },
				"north": { "uv": [ 5, 0, 7, 1 ], "texture": "#texture" },
				"south": { "uv": [ 9, 0, 11, 1 ], "texture": "#texture" },
				"east": { "uv": [ 10, 0, 11, 1 ], "texture": "#texture" }
			}
		},
		{
			"__comment": "Voxels",
			"from": [ 9, 15, 11 ],
			"to": [ 12, 16, 12 ],
			"faces": {
				"up": { "uv": [ 9, 11, 12, 12 ], "texture": "#texture", "cullface": "up" },
				"south": { "uv": [ 9, 0, 12, 1 ], "texture": "#texture" },
				"west": { "uv": [ 11, 0, 12, 1 ], "texture": "#texture" },
				"east": { "uv": [ 4, 0, 5, 1 ], "texture": "#texture" }
			}
		},
		{
			"__comment": "Voxels",
			"from": [ 10, 15, 2 ],
			"to": [ 12, 16, 3 ],
			"faces": {
				"up": { "uv": [ 10, 2, 12, 3 ], "texture": "#texture", "cullface": "up" },
				"north": { "uv": [ 4, 0, 6, 1 ], "texture": "#texture" },
				"west": { "uv": [ 2, 0, 3, 1 ], "texture": "#texture" },
				"east": { "uv": [ 13, 0, 14, 1 ], "texture": "#texture" }
			}
		},
		{
			"__comment": "Voxels",
			"from": [ 10, 15, 7 ],
			"to": [ 12, 16, 8 ],
			"faces": {
				"up": { "uv": [ 10, 7, 12, 8 ], "texture": "#texture", "cullface": "up" },
				"north": { "uv": [ 4, 0, 6, 1 ], "texture": "#texture" },
				"south": { "uv": [ 10, 0, 12, 1 ], "texture": "#texture" },
				"west": { "uv": [ 7, 0, 8, 1 ], "texture": "#texture" },
				"east": { "uv": [ 8, 0, 9, 1 ], "texture": "#texture" }
			}
		},
		{
			"__comment": "Voxels",
			"from": [ 10, 15, 9 ],
			"to": [ 12, 16, 10 ],
			"faces": {
				"up": { "uv": [ 10, 9, 12, 10 ], "texture": "#texture", "cullface": "up" },
				"north": { "uv": [ 4, 0, 6, 1 ], "texture": "#texture" },
				"west": { "uv": [ 9, 0, 10, 1 ], "texture": "#texture" },
				"east": { "uv": [ 6, 0, 7, 1 ], "texture": "#texture" }
			}
		},
		{
			"__comment": "Voxels",
			"from": [ 10, 15, 14 ],
			"to": [ 12, 16, 15 ],
			"faces": {
				"up": { "uv": [ 10, 14, 12, 15 ], "texture": "#texture", "cullface": "up" },
				"north": { "uv": [ 4, 0, 6, 1 ], "texture": "#texture" },
				"south": { "uv": [ 10, 0, 12, 1 ], "texture": "#texture" },
				"west": { "uv": [ 14, 0, 15, 1 ], "texture": "#texture" },
				"east": { "uv": [ 1, 0, 2, 1 ], "texture": "#texture" }
			}
		},
		{
			"__comment": "Voxels",
			"from": [ 11, 13, 15 ],
			"to": [ 12, 14, 16 ],
			"faces": {
				"up": { "uv": [ 11, 15, 12, 16 ], "texture": "#texture" },
				"south": { "uv": [ 11, 2, 12, 3 ], "texture": "#texture", "cullface": "south" },
				"west": { "uv": [ 15, 2, 16, 3 ], "texture": "#texture" },
				"east": { "uv": [ 0, 2, 1, 3 ], "texture": "#texture" }
			}
		},
		{
			"__comment": "Voxels",
			"from": [ 11, 15, 1 ],
			"to": [ 12, 16, 2 ],
			"faces": {
				"up": { "uv": [ 11, 1, 12, 2 ], "texture": "#texture", "cullface": "up" },
				"north": { "uv": [ 4, 0, 5, 1 ], "texture": "#texture" },
				"west": { "uv": [ 1, 0, 2, 1 ], "texture": "#texture" },
				"east": { "uv": [ 14, 0, 15, 1 ], "texture": "#texture" }
			}
		},
		{
			"__comment": "Voxels",
			"from": [ 11, 15, 4 ],
			"to": [ 12, 16, 5 ],
			"faces": {
				"up": { "uv": [ 11, 4, 12, 5 ], "texture": "#texture", "cullface": "up" },
				"south": { "uv": [ 11, 0, 12, 1 ], "texture": "#texture" },
				"west": { "uv": [ 4, 0, 5, 1 ], "texture": "#texture" },
				"east": { "uv": [ 11, 0, 12, 1 ], "texture": "#texture" }
			}
		},
		{
			"__comment": "Voxels",
			"from": [ 11, 15, 6 ],
			"to": [ 12, 16, 7 ],
			"faces": {
				"up": { "uv": [ 11, 6, 12, 7 ], "texture": "#texture", "cullface": "up" },
				"north": { "uv": [ 4, 0, 5, 1 ], "texture": "#texture" },
				"west": { "uv": [ 6, 0, 7, 1 ], "texture": "#texture" },
				"east": { "uv": [ 9, 0, 10, 1 ], "texture": "#texture" }
			}
		},
		{
			"__comment": "Voxels",
			"from": [ 11, 15, 8 ],
			"to": [ 12, 16, 9 ],
			"faces": {
				"up": { "uv": [ 11, 8, 12, 9 ], "texture": "#texture", "cullface": "up" },
				"west": { "uv": [ 8, 0, 9, 1 ], "texture": "#texture" },
				"east": { "uv": [ 7, 0, 8, 1 ], "texture": "#texture" }
			}
		},
		{
			"__comment": "Voxels",
			"from": [ 11, 15, 13 ],
			"to": [ 12, 16, 14 ],
			"faces": {
				"up": { "uv": [ 11, 13, 12, 14 ], "texture": "#texture", "cullface": "up" },
				"north": { "uv": [ 4, 0, 5, 1 ], "texture": "#texture" },
				"west": { "uv": [ 13, 0, 14, 1 ], "texture": "#texture" },
				"east": { "uv": [ 2, 0, 3, 1 ], "texture": "#texture" }
			}
		},
		{
			"__comment": "Voxels",
			"from": [ 12, 10, 1 ],
			"to": [ 13, 14, 3 ],
			"faces": {
				"down": { "uv": [ 12, 13, 13, 15 ], "texture": "#texture" },
				"up": { "uv": [ 12, 1, 13, 3 ], "texture": "#texture" },
				"north": { "uv": [ 3, 2, 4, 6 ], "texture": "#texture" },
				"south": { "uv": [ 12, 2, 13, 6 ], "texture": "#texture" },
				"east": { "uv": [ 13, 2, 15, 6 ], "texture": "#texture" }
			}
		},
		{
			"__comment": "Voxels",
			"from": [ 12, 10, 3 ],
			"to": [ 13, 13, 15 ],
			"faces": {
				"down": { "uv": [ 12, 1, 13, 13 ], "texture": "#texture" },
				"up": { "uv": [ 12, 3, 13, 15 ], "texture": "#texture" },
				"south": { "uv": [ 12, 3, 13, 6 ], "texture": "#texture" },
				"east": { "uv": [ 1, 3, 13, 6 ], "texture": "#texture" }
			}
		},
		{
			"__comment": "Voxels",
			"from": [ 12, 13, 5 ],
			"to": [ 13, 14, 10 ],
			"faces": {
				"up": { "uv": [ 12, 5, 13, 10 ], "texture": "#texture" },
				"north": { "uv": [ 3, 2, 4, 3 ], "texture": "#texture" },
				"south": { "uv": [ 12, 2, 13, 3 ], "texture": "#texture" },
				"east": { "uv": [ 6, 2, 11, 3 ], "texture": "#texture" }
			}
		},
		{
			"__comment": "Voxels",
			"from": [ 12, 13, 12 ],
			"to": [ 13, 14, 15 ],
			"faces": {
				"up": { "uv": [ 12, 12, 13, 15 ], "texture": "#texture" },
				"north": { "uv": [ 3, 2, 4, 3 ], "texture": "#texture" },
				"south": { "uv": [ 12, 2, 13, 3 ], "texture": "#texture" },
				"east": { "uv": [ 1, 2, 4, 3 ], "texture": "#texture" }
			}
		},
		{
			"__comment": "Voxels",
			"from": [ 12, 14, 6 ],
			"to": [ 13, 15, 8 ],
			"faces": {
				"up": { "uv": [ 12, 6, 13, 8 ], "texture": "#texture" },
				"north": { "uv": [ 3, 1, 4, 2 ], "texture": "#texture" },
				"south": { "uv": [ 12, 1, 13, 2 ], "texture": "#texture" },
				"east": { "uv": [ 8, 1, 10, 2 ], "texture": "#texture" }
			}
		}
	],
	"display": {
		"fixed": {
			"rotation":  [ 0, 90, 0 ],
			"scale":  [ 0.7085, 0.7086, 0.7086 ]
		}
	}
}