{
	"__comment": "Designed by CreatorLabs with Cubik Studio - https://cubik.studio",
	"textures": {
		"0": "blocks/door_birch_upper",
		"1": "3d_redstone/door_birch_glas_0",
		"2": "3d_redstone/door_birch_glas_1",
		"3": "blocks/door_birch_lower",
		"particle": "blocks/door_birch_upper"
	},
	"elements": [ 	 
		{
			"from": [ -0.0009999999, -0.027, -0.0009999999 ],
			"to": [ 3.005, 7.989, 3.005 ],
			"faces": {
				"north": { "uv": [ 0, 6, 3, 14 ], "texture": "#0", "cullface": "north" },
				"south": { "uv": [ 0, 6, 3, 14 ], "texture": "#0" },
				"west": { "uv": [ 0, 6, 3, 14 ], "texture": "#0", "cullface": "west" },
				"east": { "uv": [ 13, 6, 16, 14 ], "texture": "#0" }
			}
		},
		{
			"from": [ -0.0009999999, 7.989, -0.0009999999 ],
			"to": [ 3.005, 12.999, 3.005 ],
			"faces": {
				"north": { "uv": [ 0, 8, 3, 13 ], "texture": "#0", "cullface": "north" },
				"south": { "uv": [ 0, 6, 3, 11 ], "texture": "#0" },
				"west": { "uv": [ 0, 6, 3, 11 ], "texture": "#0", "cullface": "west" },
				"east": { "uv": [ 13, 5, 16, 10 ], "texture": "#0" }
			}
		},
		{
			"from": [ -0.0009999999, 7.989, 13.025 ],
			"to": [ 3.005, 12.999, 16.031 ],
			"faces": {
				"north": { "uv": [ 0, 6, 3, 11 ], "texture": "#0" },
				"south": { "uv": [ 5, 5, 8, 10 ], "texture": "#3", "cullface": "south" },
				"west": { "uv": [ 13, 3, 16, 8 ], "texture": "#0", "cullface": "west" },
				"east": { "uv": [ 12, 7, 15, 12 ], "texture": "#3", "rotation": 180 }
			}
		},
		{
			"from": [ -0.0009999999, -0.027, 13.025 ],
			"to": [ 3.005, 7.989, 16.031 ],
			"faces": {
				"north": { "uv": [ 0, 7, 3, 15 ], "texture": "#0" },
				"south": { "uv": [ 6, 6, 9, 14 ], "texture": "#3", "cullface": "south" },
				"west": { "uv": [ 13, 8, 16, 16 ], "texture": "#0", "cullface": "west" },
				"east": { "uv": [ 5, 6, 8, 14 ], "texture": "#3", "rotation": 180 }
			}
		},
		{
			"from": [ -0.0009999999, 12.999, -0.0009999999 ],
			"to": [ 3.005, 16.005, 16.031 ],
			"faces": {
				"down": { "uv": [ 13, 0, 16, 16 ], "texture": "#0" },
				"up": { "uv": [ 0, 0, 16, 3 ], "texture": "#0", "cullface": "up", "rotation": 90 },
				"north": { "uv": [ 0, 6, 3, 9 ], "texture": "#0", "cullface": "north" },
				"south": { "uv": [ 9, 9, 12, 12 ], "texture": "#3", "cullface": "south" },
				"west": { "uv": [ 0, 0, 16, 3 ], "texture": "#0", "cullface": "west" },
				"east": { "uv": [ 0, 0, 16, 3 ], "texture": "#0" }
			}
		},
		{
			"from": [ -0.0009999999, -0.027, 5.009 ],
			"to": [ 3.005, 9.992999, 6.011 ],
			"faces": {
				"down": { "uv": [ 0, 0, 3, 1 ], "texture": "#2" },
				"north": { "uv": [ 0, 0, 3, 10 ], "texture": "#2" },
				"south": { "uv": [ 0, 0, 3, 10 ], "texture": "#2" },
				"west": { "uv": [ 0, 0, 1, 10 ], "texture": "#2", "cullface": "west" },
				"east": { "uv": [ 0, 0, 1, 10 ], "texture": "#2" }
			}
		},
		{
			"from": [ -0.0009999999, 9.993, 3.005 ],
			"to": [ 3.005, 10.995, 13.025 ],
			"faces": {
				"down": { "uv": [ 0, 0, 3, 10 ], "texture": "#2" },
				"up": { "uv": [ 0, 0, 3, 10 ], "texture": "#2" },
				"west": { "uv": [ 0, 0, 10, 1 ], "texture": "#2", "cullface": "west" },
				"east": { "uv": [ 0, 0, 10, 1 ], "texture": "#2" }
			}
		},
		{
			"from": [ -0.0009999999, 6.987, 3.005 ],
			"to": [ 3.005, 7.989, 5.009 ],
			"faces": {
				"down": { "uv": [ 0, 0, 3, 2 ], "texture": "#2" },
				"up": { "uv": [ 0, 0, 3, 2 ], "texture": "#2" },
				"west": { "uv": [ 0, 0, 2, 1 ], "texture": "#2", "cullface": "west" },
				"east": { "uv": [ 0, 0, 2, 1 ], "texture": "#2" }
			}
		},
		{
			"from": [ -0.0009999999, -0.027, 10.019 ],
			"to": [ 3.005, 9.992999, 11.021 ],
			"faces": {
				"down": { "uv": [ 0, 0, 3, 1 ], "texture": "#2" },
				"north": { "uv": [ 0, 0, 3, 10 ], "texture": "#2" },
				"south": { "uv": [ 0, 0, 3, 10 ], "texture": "#2" },
				"west": { "uv": [ 0, 0, 1, 10 ], "texture": "#2", "cullface": "west" },
				"east": { "uv": [ 0, 0, 1, 10 ], "texture": "#2" }
			}
		},
		{
			"from": [ -0.0009999999, 6.987, 11.021 ],
			"to": [ 3.005, 7.989, 13.025 ],
			"faces": {
				"down": { "uv": [ 0, 0, 3, 2 ], "texture": "#2" },
				"up": { "uv": [ 0, 0, 3, 2 ], "texture": "#2" },
				"west": { "uv": [ 0, 0, 2, 1 ], "texture": "#2", "cullface": "west" },
				"east": { "uv": [ 0, 0, 2, 1 ], "texture": "#2" }
			}
		},
		{
			"from": [ -0.0009999999, 3.981, 11.021 ],
			"to": [ 3.005, 4.983, 13.025 ],
			"faces": {
				"down": { "uv": [ 0, 0, 3, 2 ], "texture": "#2" },
				"up": { "uv": [ 0, 0, 3, 2 ], "texture": "#2" },
				"west": { "uv": [ 0, 0, 2, 1 ], "texture": "#2", "cullface": "west" },
				"east": { "uv": [ 0, 0, 2, 1 ], "texture": "#2" }
			}
		},
		{
			"from": [ -0.0009999999, 3.981, 3.005 ],
			"to": [ 3.005, 4.983, 5.009 ],
			"faces": {
				"down": { "uv": [ 0, 0, 3, 2 ], "texture": "#2" },
				"up": { "uv": [ 0, 0, 3, 2 ], "texture": "#2" },
				"west": { "uv": [ 0, 0, 2, 1 ], "texture": "#2", "cullface": "west" },
				"east": { "uv": [ 0, 0, 2, 1 ], "texture": "#2" }
			}
		},
		{
			"from": [ -0.0009999999, 0.975, 3.005 ],
			"to": [ 3.005, 1.977, 5.009 ],
			"faces": {
				"down": { "uv": [ 0, 0, 3, 2 ], "texture": "#2" },
				"up": { "uv": [ 0, 0, 3, 2 ], "texture": "#2" },
				"west": { "uv": [ 0, 0, 2, 1 ], "texture": "#2", "cullface": "west" },
				"east": { "uv": [ 0, 0, 2, 1 ], "texture": "#2" }
			}
		},
		{
			"from": [ -0.0009999999, 0.975, 11.021 ],
			"to": [ 3.005, 1.977, 13.025 ],
			"faces": {
				"down": { "uv": [ 0, 0, 3, 2 ], "texture": "#2" },
				"up": { "uv": [ 0, 0, 3, 2 ], "texture": "#2" },
				"west": { "uv": [ 0, 0, 2, 1 ], "texture": "#2", "cullface": "west" },
				"east": { "uv": [ 0, 0, 2, 1 ], "texture": "#2" }
			}
		},
		{
			"from": [ -0.0009999999, 3.981, 6.011 ],
			"to": [ 3.005, 4.983, 10.019 ],
			"faces": {
				"down": { "uv": [ 0, 0, 3, 4 ], "texture": "#2" },
				"up": { "uv": [ 0, 0, 3, 4 ], "texture": "#2" },
				"west": { "uv": [ 0, 0, 4, 1 ], "texture": "#2", "cullface": "west" },
				"east": { "uv": [ 0, 0, 4, 1 ], "texture": "#2" }
			}
		},
		{
			"from": [ 1.001, -0.027, 3.005 ],
			"to": [ 2.003, 12.999, 13.025 ],
			"faces": {
				"west": { "uv": [ 0, 0, 10, 13 ], "texture": "#1", "cullface": "west" },
				"east": { "uv": [ 0, 0, 10, 13 ], "texture": "#1" }
			}
		},
		{
			"from": [ -0.502, -0.027, 14.027 ],
			"to": [ -0.0009999871, 1.977, 15.029 ],
			"faces": {
				"down": { "uv": [ 14, 14, 14.5, 15 ], "texture": "#0", "cullface": "west" },
				"up": { "uv": [ 14, 14, 14.5, 15 ], "texture": "#0", "cullface": "west" },
				"north": { "uv": [ 14, 14, 14.5, 16 ], "texture": "#0", "cullface": "west" },
				"south": { "uv": [ 14, 14, 14.5, 16 ], "texture": "#0", "cullface": "west" },
				"west": { "uv": [ 14, 14, 15, 16 ], "texture": "#0", "cullface": "west" }
			}
		},
		{
			"from": [ 3.005, -0.027, 14.027 ],
			"to": [ 3.506, 1.977, 15.029 ],
			"faces": {
				"down": { "uv": [ 14.5, 14, 15, 15 ], "texture": "#0" },
				"up": { "uv": [ 14.5, 14, 15, 15 ], "texture": "#0" },
				"north": { "uv": [ 14.5, 14, 15, 16 ], "texture": "#0" },
				"south": { "uv": [ 14.5, 14, 15, 16 ], "texture": "#0" },
				"east": { "uv": [ 14, 14, 15, 16 ], "texture": "#0" }
			}
		},
		{
			"from": [ 1.001, -0.027, -0.502 ],
			"to": [ 2.003, 0.975, -0.0009999871 ],
			"faces": {
				"down": { "uv": [ 0, 15, 1, 16 ], "texture": "#0", "cullface": "north" },
				"up": { "uv": [ 0, 15, 1, 16 ], "texture": "#0", "cullface": "north" },
				"north": { "uv": [ 0, 15, 1, 16 ], "texture": "#0", "cullface": "north" },
				"west": { "uv": [ 0, 15, 1, 16 ], "texture": "#0", "cullface": "north" },
				"east": { "uv": [ 0, 15, 1, 16 ], "texture": "#0", "cullface": "north" }
			}
		},
		{
			"from": [ 1.001, 9.993, -0.502 ],
			"to": [ 2.003, 10.995, -0.0009999871 ],
			"faces": {
				"down": { "uv": [ 0, 5, 1, 6 ], "texture": "#0", "cullface": "north" },
				"up": { "uv": [ 0, 5, 1, 6 ], "texture": "#0", "cullface": "north" },
				"north": { "uv": [ 0, 5, 1, 6 ], "texture": "#0", "cullface": "north" },
				"west": { "uv": [ 0, 5, 1, 6 ], "texture": "#0", "cullface": "north" },
				"east": { "uv": [ 0, 5, 1, 6 ], "texture": "#0", "cullface": "north" }
			}
		},
		{
			"from": [ 1.001, 10.995, -0.502 ],
			"to": [ 2.003, 11.997, -0.0009999871 ],
			"faces": {
				"down": { "uv": [ 0, 4, 1, 5 ], "texture": "#0", "cullface": "north" },
				"up": { "uv": [ 0, 4, 1, 5 ], "texture": "#0", "cullface": "north" },
				"north": { "uv": [ 0, 4, 1, 5 ], "texture": "#0", "cullface": "north" },
				"west": { "uv": [ 0, 4, 1, 5 ], "texture": "#0", "cullface": "north" },
				"east": { "uv": [ 0, 4, 1, 5 ], "texture": "#0", "cullface": "north" }
			}
		},
		{
			"from": [ -0.0009999999, 10.995, 7.013 ],
			"to": [ 3.005, 12.999, 9.017 ],
			"faces": {
				"north": { "uv": [ 0, 0, 3, 2 ], "texture": "#2" },
				"south": { "uv": [ 0, 0, 3, 2 ], "texture": "#2" },
				"west": { "uv": [ 0, 0, 2, 2 ], "texture": "#2", "cullface": "west" },
				"east": { "uv": [ 0, 0, 2, 2 ], "texture": "#2" }
			}
		}
	]
}