{
	"__comment": "Designed by CreatorLabs with Cubik Studio - https://cubik.studio",
	"textures": {
		"0": "blocks/door_birch_lower",
		"1": "3d_redstone/door_birch_glas_0",
		"2": "3d_redstone/door_birch_glas_1",
		"particle": "blocks/door_birch_lower",
		"missing": "blocks/e_texture"
	},
	"elements": [ 	 
		{
			"from": [ -0.0009999999, -0.0009999999, 2.999 ],
			"to": [ 3.005, 12.023, 13.019 ],
			"faces": {
				"down": { "uv": [ 7, 5, 10, 15 ], "texture": "#0", "cullface": "down" },
				"up": { "uv": [ 11, 5, 14, 15 ], "texture": "#0" },
				"west": { "uv": [ 3, 4, 13, 16 ], "texture": "#0", "cullface": "west" },
				"east": { "uv": [ 3, 4, 13, 16 ], "texture": "#0" }
			}
		},
		{
			"from": [ -0.0009999999, -0.0009999999, -0.007 ],
			"to": [ 3.005, 8.014999, 2.999 ],
			"faces": {
				"down": { "uv": [ 8, 8, 11, 11 ], "texture": "#0", "cullface": "down" },
				"north": { "uv": [ 8, 8, 11, 16 ], "texture": "#0", "cullface": "north" },
				"west": { "uv": [ 7, 8, 10, 16 ], "texture": "#0", "cullface": "west" },
				"east": { "uv": [ 13, 8, 16, 16 ], "texture": "#0" }
			}
		},
		{
			"from": [ -0.0009999999, 8.014999, -0.007 ],
			"to": [ 3.005, 16.031, 2.999 ],
			"faces": {
				"north": { "uv": [ 8, 5, 11, 13 ], "texture": "#0", "cullface": "north" },
				"south": { "uv": [ 2, 5, 5, 13 ], "texture": "#0" },
				"west": { "uv": [ 8, 5, 11, 13 ], "texture": "#0", "cullface": "west" },
				"east": { "uv": [ 13, 0, 16, 8 ], "texture": "#0" }
			}
		},
		{
			"from": [ -0.0009999999, 8.014999, 13.019 ],
			"to": [ 3.005, 16.031, 16.025 ],
			"faces": {
				"north": { "uv": [ 11, 6, 14, 14 ], "texture": "#0" },
				"south": { "uv": [ 7, 5, 10, 13 ], "texture": "#0", "cullface": "south" },
				"west": { "uv": [ 13, 0, 16, 8 ], "texture": "#0", "cullface": "west" },
				"east": { "uv": [ 6, 6, 9, 14 ], "texture": "#0" }
			}
		},
		{
			"from": [ -0.0009999999, -0.0009999999, 13.019 ],
			"to": [ 3.005, 8.014999, 16.025 ],
			"faces": {
				"down": { "uv": [ 11, 10, 14, 13 ], "texture": "#0", "cullface": "down" },
				"south": { "uv": [ 8, 8, 11, 16 ], "texture": "#0", "cullface": "south" },
				"west": { "uv": [ 13, 8, 16, 16 ], "texture": "#0", "cullface": "west" },
				"east": { "uv": [ 10, 8, 13, 16 ], "texture": "#0" }
			}
		},
		{
			"from": [ 1.001, 12.023, 2.999 ],
			"to": [ 2.003, 14.027, 7.007 ],
			"faces": {
				"west": { "uv": [ 3, 2, 7, 4 ], "texture": "#1" },
				"east": { "uv": [ 0, 0, 4, 2 ], "texture": "#1" }
			}
		},
		{
			"from": [ 1.001, 12.023, 9.011 ],
			"to": [ 2.003, 14.027, 13.019 ],
			"faces": {
				"west": { "uv": [ 9, 2, 13, 4 ], "texture": "#1" },
				"east": { "uv": [ 0, 0, 4, 2 ], "texture": "#1" }
			}
		},
		{
			"from": [ -0.0009999999, 12.023, 7.007 ],
			"to": [ 3.005, 14.027, 9.011 ],
			"faces": {
				"down": { "uv": [ 0, 0, 3, 2 ], "texture": "#missing" },
				"north": { "uv": [ 0, 0, 3, 2 ], "texture": "#2" },
				"south": { "uv": [ 0, 0, 3, 2 ], "texture": "#2" },
				"west": { "uv": [ 7, 2, 9, 4 ], "texture": "#2", "cullface": "west" },
				"east": { "uv": [ 0, 0, 2, 2 ], "texture": "#2" }
			}
		},
		{
			"from": [ -0.0009999999, 14.027, 2.999 ],
			"to": [ 3.005, 15.029, 13.019 ],
			"faces": {
				"down": { "uv": [ 0, 0, 3, 10 ], "texture": "#2" },
				"up": { "uv": [ 0, 0, 3, 10 ], "texture": "#2" },
				"west": { "uv": [ 3, 1, 13, 2 ], "texture": "#2", "cullface": "west" },
				"east": { "uv": [ 0, 0, 10, 1 ], "texture": "#2" }
			}
		},
		{
			"from": [ -0.0009999999, 15.029, 5.003 ],
			"to": [ 3.005, 16.031, 6.005 ],
			"faces": {
				"north": { "uv": [ 0, 0, 3, 1 ], "texture": "#2" },
				"south": { "uv": [ 0, 0, 3, 1 ], "texture": "#2" },
				"west": { "uv": [ 0, 0, 1, 1 ], "texture": "#2", "cullface": "west" },
				"east": { "uv": [ 0, 0, 1, 1 ], "texture": "#2" }
			}
		},
		{
			"from": [ -0.0009999999, 15.029, 10.013 ],
			"to": [ 3.005, 16.031, 11.015 ],
			"faces": {
				"north": { "uv": [ 0, 0, 3, 1 ], "texture": "#2" },
				"south": { "uv": [ 0, 0, 3, 1 ], "texture": "#2" },
				"west": { "uv": [ 0, 0, 1, 1 ], "texture": "#2", "cullface": "west" },
				"east": { "uv": [ 0, 0, 1, 1 ], "texture": "#2" }
			}
		},
		{
			"from": [ 1.001, 15.029, 2.999 ],
			"to": [ 2.003, 16.031, 5.003 ],
			"faces": {
				"west": { "uv": [ 0, 0, 2, 1 ], "texture": "#1" },
				"east": { "uv": [ 0, 0, 2, 1 ], "texture": "#1" }
			}
		},
		{
			"from": [ 1.001, 15.029, 6.005 ],
			"to": [ 2.003, 16.031, 10.013 ],
			"faces": {
				"west": { "uv": [ 0, 0, 4, 1 ], "texture": "#1" },
				"east": { "uv": [ 0, 0, 4, 1 ], "texture": "#1" }
			}
		},
		{
			"from": [ 1.001, 15.029, 11.015 ],
			"to": [ 2.003, 16.031, 13.019 ],
			"faces": {
				"west": { "uv": [ 0, 0, 2, 1 ], "texture": "#1" },
				"east": { "uv": [ 0, 0, 2, 1 ], "texture": "#1" }
			}
		},
		{
			"from": [ 1.001, 4.007, -0.508 ],
			"to": [ 2.003, 6.011, -0.007000029 ],
			"faces": {
				"down": { "uv": [ 0, 11, 1, 11.5 ], "texture": "#0", "cullface": "north" },
				"up": { "uv": [ 0, 10, 1, 10.5 ], "texture": "#0", "cullface": "north" },
				"north": { "uv": [ 0, 10, 1, 12 ], "texture": "#0", "cullface": "north" },
				"west": { "uv": [ 0, 10, 0.5, 12 ], "texture": "#0", "cullface": "north" },
				"east": { "uv": [ 0, 10, 0.5, 12 ], "texture": "#0", "cullface": "north" }
			}
		},
		{
			"from": [ 1.001, 15.029, -0.508 ],
			"to": [ 2.003, 16.031, -0.007000029 ],
			"faces": {
				"down": { "uv": [ 0, 11, 0.5, 12 ], "texture": "#0", "cullface": "north" },
				"up": { "uv": [ 0, 11, 0.5, 12 ], "texture": "#0", "cullface": "north" },
				"north": { "uv": [ 0, 11, 0.5, 12 ], "texture": "#0", "cullface": "north" },
				"west": { "uv": [ 0, 11, 0.5, 12 ], "texture": "#0", "cullface": "north" },
				"east": { "uv": [ 0, 11, 0.5, 12 ], "texture": "#0", "cullface": "north" }
			}
		}
	]
}