{
	"__comment": "Designed by CreatorLabs with Cubik Studio - https://cubik.studio",
	"textures": {
		"0": "blocks/door_birch_lower",
		"1": "3d_redstone/door_birch_glas_0",
		"2": "3d_redstone/door_birch_glas_1",
		"particle": "blocks/door_birch_lower",
		"missing": "blocks/e_texture"
	},
	"elements": [ 	 
		{
			"from": [ -0.0009999999, -0.0009999999, 2.999 ],
			"to": [ 3.005, 12.023, 13.019 ],
			"faces": {
				"down": { "uv": [ 7, 15, 10, 5 ], "texture": "#0", "cullface": "down" },
				"up": { "uv": [ 11, 15, 14, 5 ], "texture": "#0" },
				"west": { "uv": [ 13, 4, 3, 16 ], "texture": "#0", "cullface": "west" },
				"east": { "uv": [ 13, 4, 3, 16 ], "texture": "#0" }
			}
		},
		{
			"from": [ -0.0009999999, -0.0009999999, 13.019 ],
			"to": [ 3.005, 8.014999, 16.025 ],
			"faces": {
				"down": { "uv": [ 8, 11, 11, 8 ], "texture": "#0", "cullface": "down" },
				"south": { "uv": [ 11, 8, 8, 16 ], "texture": "#0", "cullface": "south" },
				"west": { "uv": [ 10, 8, 7, 16 ], "texture": "#0", "cullface": "west" },
				"east": { "uv": [ 16, 8, 13, 16 ], "texture": "#0" }
			}
		},
		{
			"from": [ -0.0009999999, 8.014999, 13.019 ],
			"to": [ 3.005, 16.031, 16.025 ],
			"faces": {
				"north": { "uv": [ 5, 5, 2, 13 ], "texture": "#0" },
				"south": { "uv": [ 11, 5, 8, 13 ], "texture": "#0", "cullface": "south" },
				"west": { "uv": [ 11, 5, 8, 13 ], "texture": "#0", "cullface": "west" },
				"east": { "uv": [ 16, 0, 13, 8 ], "texture": "#0" }
			}
		},
		{
			"from": [ -0.0009999999, 8.014999, -0.007 ],
			"to": [ 3.005, 16.031, 2.999 ],
			"faces": {
				"north": { "uv": [ 10, 5, 7, 13 ], "texture": "#0", "cullface": "north" },
				"south": { "uv": [ 14, 6, 11, 14 ], "texture": "#0" },
				"west": { "uv": [ 16, 0, 13, 8 ], "texture": "#0", "cullface": "west" },
				"east": { "uv": [ 9, 6, 6, 14 ], "texture": "#0" }
			}
		},
		{
			"from": [ -0.0009999999, -0.0009999999, -0.007 ],
			"to": [ 3.005, 8.014999, 2.999 ],
			"faces": {
				"down": { "uv": [ 11, 13, 14, 10 ], "texture": "#0", "cullface": "down" },
				"north": { "uv": [ 11, 8, 8, 16 ], "texture": "#0", "cullface": "north" },
				"west": { "uv": [ 16, 8, 13, 16 ], "texture": "#0", "cullface": "west" },
				"east": { "uv": [ 13, 8, 10, 16 ], "texture": "#0" }
			}
		},
		{
			"from": [ 1.001, 12.023, 9.011 ],
			"to": [ 2.003, 14.027, 13.019 ],
			"faces": {
				"west": { "uv": [ 7, 2, 3, 4 ], "texture": "#1" },
				"east": { "uv": [ 4, 0, 0, 2 ], "texture": "#1" }
			}
		},
		{
			"from": [ 1.001, 12.023, 2.999 ],
			"to": [ 2.003, 14.027, 7.007 ],
			"faces": {
				"west": { "uv": [ 13, 2, 9, 4 ], "texture": "#1" },
				"east": { "uv": [ 4, 0, 0, 2 ], "texture": "#1" }
			}
		},
		{
			"from": [ -0.0009999999, 12.023, 7.007 ],
			"to": [ 3.005, 14.027, 9.011 ],
			"faces": {
				"down": { "uv": [ 0, 2, 3, 0 ], "texture": "#missing" },
				"north": { "uv": [ 3, 0, 0, 2 ], "texture": "#2" },
				"south": { "uv": [ 3, 0, 0, 2 ], "texture": "#2" },
				"west": { "uv": [ 9, 2, 7, 4 ], "texture": "#2", "cullface": "west" },
				"east": { "uv": [ 2, 0, 0, 2 ], "texture": "#2" }
			}
		},
		{
			"from": [ -0.0009999999, 14.027, 2.999 ],
			"to": [ 3.005, 15.029, 13.019 ],
			"faces": {
				"down": { "uv": [ 0, 10, 3, 0 ], "texture": "#2" },
				"up": { "uv": [ 0, 10, 3, 0 ], "texture": "#2" },
				"west": { "uv": [ 13, 1, 3, 2 ], "texture": "#2", "cullface": "west" },
				"east": { "uv": [ 10, 0, 0, 1 ], "texture": "#2" }
			}
		},
		{
			"from": [ -0.0009999999, 15.029, 10.013 ],
			"to": [ 3.005, 16.031, 11.015 ],
			"faces": {
				"north": { "uv": [ 3, 0, 0, 1 ], "texture": "#2" },
				"south": { "uv": [ 3, 0, 0, 1 ], "texture": "#2" },
				"west": { "uv": [ 1, 0, 0, 1 ], "texture": "#2", "cullface": "west" },
				"east": { "uv": [ 1, 0, 0, 1 ], "texture": "#2" }
			}
		},
		{
			"from": [ -0.0009999999, 15.029, 5.003 ],
			"to": [ 3.005, 16.031, 6.005 ],
			"faces": {
				"north": { "uv": [ 3, 0, 0, 1 ], "texture": "#2" },
				"south": { "uv": [ 3, 0, 0, 1 ], "texture": "#2" },
				"west": { "uv": [ 1, 0, 0, 1 ], "texture": "#2", "cullface": "west" },
				"east": { "uv": [ 1, 0, 0, 1 ], "texture": "#2" }
			}
		},
		{
			"from": [ 1.001, 15.029, 11.015 ],
			"to": [ 2.003, 16.031, 13.019 ],
			"faces": {
				"west": { "uv": [ 2, 0, 0, 1 ], "texture": "#1" },
				"east": { "uv": [ 2, 0, 0, 1 ], "texture": "#1" }
			}
		},
		{
			"from": [ 1.001, 15.029, 6.005 ],
			"to": [ 2.003, 16.031, 10.013 ],
			"faces": {
				"west": { "uv": [ 4, 0, 0, 1 ], "texture": "#1" },
				"east": { "uv": [ 4, 0, 0, 1 ], "texture": "#1" }
			}
		},
		{
			"from": [ 1.001, 15.029, 2.999 ],
			"to": [ 2.003, 16.031, 5.003 ],
			"faces": {
				"west": { "uv": [ 2, 0, 0, 1 ], "texture": "#1" },
				"east": { "uv": [ 2, 0, 0, 1 ], "texture": "#1" }
			}
		},
		{
			"from": [ 1.001, 4.007, 16.025 ],
			"to": [ 2.003, 6.011, 16.526 ],
			"faces": {
				"down": { "uv": [ 0, 11.5, 1, 11 ], "texture": "#0", "cullface": "south" },
				"up": { "uv": [ 0, 10.5, 1, 10 ], "texture": "#0", "cullface": "south" },
				"south": { "uv": [ 1, 10, 0, 12 ], "texture": "#0", "cullface": "south" },
				"west": { "uv": [ 0.5, 10, 0, 12 ], "texture": "#0", "cullface": "south" },
				"east": { "uv": [ 0.5, 10, 0, 12 ], "texture": "#0", "cullface": "south" }
			}
		},
		{
			"from": [ 1.001, 15.029, 16.025 ],
			"to": [ 2.003, 16.031, 16.526 ],
			"faces": {
				"down": { "uv": [ 0, 12, 0.5, 11 ], "texture": "#0", "cullface": "south" },
				"up": { "uv": [ 0, 12, 0.5, 11 ], "texture": "#0", "cullface": "south" },
				"south": { "uv": [ 0.5, 11, 0, 12 ], "texture": "#0", "cullface": "south" },
				"west": { "uv": [ 0.5, 11, 0, 12 ], "texture": "#0", "cullface": "south" },
				"east": { "uv": [ 0.5, 11, 0, 12 ], "texture": "#0", "cullface": "south" }
			}
		}
	]
}