{
	"credit": "Made with Blockbench, a free, modern block model editor by JannisX11",
	"textures": {"stand": "blocks/brewing_stand"},
	"elements": [
		{
			"name": "cube",
			"from": [3.5, 2, 10.5],
			"to": [6.5, 5, 13.5],
			"faces": {
				"north": {
					"uv": [1, 10, 4, 13],
					"texture": "#stand"
				},
				"east": {"uv": [1, 10, 4, 13], "texture": "#stand"},
				"south": {
					"uv": [1, 10, 4, 13],
					"texture": "#stand"
				},
				"west": {"uv": [1, 10, 4, 13], "texture": "#stand"},
				"up": {
					"uv": [1, 10, 4, 13],
					"texture": "#stand",
					"rotation": 270
				},
				"down": {
					"uv": [1, 10, 4, 13],
					"texture": "#stand",
					"rotation": 90
				}
			}
		},
		{
			"name": "cube",
			"from": [3.75, 2.25, 13.25],
			"to": [6.25, 4.75, 13.75],
			"faces": {
				"north": {
					"uv": [1, 10, 4, 13],
					"texture": "#stand"
				},
				"east": {
					"uv": [1, 10, 1.5, 12.5],
					"texture": "#stand"
				},
				"south": {
					"uv": [1, 10, 4, 13],
					"texture": "#stand"
				},
				"west": {
					"uv": [1, 10, 1.5, 12.5],
					"texture": "#stand"
				},
				"up": {
					"uv": [1, 10, 4, 13],
					"texture": "#stand",
					"rotation": 270
				},
				"down": {
					"uv": [1, 10, 4, 13],
					"texture": "#stand",
					"rotation": 90
				}
			}
		},
		{
			"name": "cube",
			"from": [3.75, 2.25, 10.25],
			"to": [6.25, 4.75, 10.75],
			"faces": {
				"north": {
					"uv": [1, 10, 4, 13],
					"texture": "#stand"
				},
				"east": {
					"uv": [2, 10, 2.5, 12.5],
					"texture": "#stand"
				},
				"south": {
					"uv": [1, 10, 4, 13],
					"texture": "#stand"
				},
				"west": {
					"uv": [1, 10, 1.5, 12.5],
					"texture": "#stand"
				},
				"up": {
					"uv": [1, 10, 4, 13],
					"texture": "#stand",
					"rotation": 270
				},
				"down": {
					"uv": [1, 10, 4, 13],
					"texture": "#stand",
					"rotation": 90
				}
			}
		},
		{
			"name": "cube",
			"from": [6.25, 2.25, 10.75],
			"to": [6.75, 4.75, 13.25],
			"faces": {
				"north": {
					"uv": [1, 10, 1.5, 12.5],
					"texture": "#stand"
				},
				"east": {"uv": [1, 10, 4, 13], "texture": "#stand"},
				"south": {
					"uv": [2, 10, 2.5, 12.5],
					"texture": "#stand"
				},
				"west": {"uv": [1, 10, 4, 13], "texture": "#stand"},
				"up": {"uv": [1, 10, 4, 13], "texture": "#stand"},
				"down": {"uv": [1, 10, 4, 13], "texture": "#stand"}
			},
			"rotation": {
				"origin": [8, 8, 16],
				"axis": "y",
				"angle": 0
			}
		},
		{
			"name": "cube",
			"from": [3.25, 2.25, 10.75],
			"to": [3.75, 4.75, 13.25],
			"faces": {
				"north": {
					"uv": [1, 10, 1.5, 12.5],
					"texture": "#stand"
				},
				"east": {"uv": [1, 10, 4, 13], "texture": "#stand"},
				"south": {
					"uv": [2, 10, 2.5, 12.5],
					"texture": "#stand"
				},
				"west": {"uv": [1, 10, 4, 13], "texture": "#stand"},
				"up": {"uv": [1, 10, 4, 13], "texture": "#stand"},
				"down": {"uv": [1, 10, 4, 13], "texture": "#stand"}
			},
			"rotation": {
				"origin": [5, 8, 16],
				"axis": "y",
				"angle": 0
			}
		},
		{
			"name": "cube",
			"from": [4.5, 9, 10.5],
			"to": [5.5, 13.5, 11.5],
			"faces": {
				"north": {
					"uv": [12, 3, 13, 9],
					"texture": "#stand"
				},
				"east": {"uv": [12, 3, 13, 9], "texture": "#stand"},
				"south": {
					"uv": [12, 3, 13, 9],
					"texture": "#stand"
				},
				"west": {"uv": [12, 3, 13, 8], "texture": "#stand"},
				"up": {
					"uv": [12, 8, 13, 9],
					"texture": "#stand",
					"rotation": 270
				},
				"down": {
					"uv": [12, 8, 13, 9],
					"texture": "#stand",
					"rotation": 90
				}
			}
		},
		{
			"name": "cube",
			"from": [4, 4, 11],
			"to": [6, 6.375, 13],
			"faces": {
				"north": {
					"uv": [1, 10, 4, 13],
					"texture": "#stand"
				},
				"east": {"uv": [1, 10, 4, 13], "texture": "#stand"},
				"south": {
					"uv": [1, 10, 4, 13],
					"texture": "#stand"
				},
				"west": {"uv": [1, 10, 4, 13], "texture": "#stand"},
				"up": {
					"uv": [1, 10, 4, 13],
					"texture": "#stand",
					"rotation": 270
				},
				"down": {
					"uv": [1, 10, 4, 13],
					"texture": "#stand",
					"rotation": 90
				}
			}
		},
		{
			"name": "cube",
			"from": [4.5, 5, 11.5],
			"to": [5.5, 9, 12.5],
			"faces": {
				"north": {
					"uv": [12, 4, 13, 8],
					"texture": "#stand"
				},
				"east": {"uv": [12, 4, 13, 8], "texture": "#stand"},
				"south": {
					"uv": [12, 4, 13, 8],
					"texture": "#stand"
				},
				"west": {"uv": [12, 4, 13, 8], "texture": "#stand"},
				"up": {
					"uv": [12, 7, 13, 8],
					"texture": "#stand",
					"rotation": 270
				},
				"down": {
					"uv": [12, 4, 13, 8],
					"texture": "#stand",
					"rotation": 90
				}
			}
		},
		{
			"name": "cube",
			"from": [1.625, 12.25, 5.5],
			"to": [7.625, 13.625, 7],
			"faces": {
				"north": {"uv": [3, 2, 13, 3], "texture": "#stand"},
				"east": {"uv": [3, 2, 4, 3], "texture": "#stand"},
				"south": {"uv": [3, 2, 13, 3], "texture": "#stand"},
				"west": {"uv": [3, 2, 4, 3], "texture": "#stand"},
				"up": {"uv": [3, 2, 13, 3], "texture": "#stand"},
				"down": {
					"uv": [3, 2, 13, 3],
					"texture": "#stand",
					"rotation": 180
				}
			},
			"rotation": {
				"origin": [9.625, 7.25, 6],
				"axis": "y",
				"angle": 45
			}
		},
		{
			"name": "cube",
			"from": [4.625, 13, 10.5],
			"to": [5.5, 16, 11.375],
			"faces": {
				"north": {
					"uv": [3, 2, 13, 3],
					"texture": "#stand",
					"rotation": 270
				},
				"east": {
					"uv": [3, 2, 13, 3],
					"texture": "#stand",
					"rotation": 90
				},
				"south": {
					"uv": [3, 2, 13, 3],
					"texture": "#stand",
					"rotation": 90
				},
				"west": {
					"uv": [3, 2, 13, 3],
					"texture": "#stand",
					"rotation": 270
				},
				"up": {
					"uv": [3, 2, 4, 3],
					"texture": "#stand",
					"rotation": 90
				},
				"down": {
					"uv": [3, 2, 4, 3],
					"texture": "#stand",
					"rotation": 90
				}
			},
			"rotation": {
				"origin": [-0.375, 11, 10.375],
				"axis": "z",
				"angle": 0
			}
		}
	],
	"groups": [
		{
			"name": "group",
			"origin": [8, 8, 8],
			"isOpen": true,
			"display": {
				"visibility": true,
				"export": true,
				"autouv": true
			},
			"children": [6, 0, 1, 2, 3, 4]
		},
		5,
		7,
		8,
		9
	]
}