{
	"credit": "Made with Blockbench, a free, modern block model editor by JannisX11",
	"textures": {"stand": "blocks/brewing_stand"},
	"elements": [
		{
			"name": "cube",
			"from": [10.5, 2, 6.5],
			"to": [13.5, 5, 9.5],
			"faces": {
				"north": {
					"uv": [1, 10, 4, 13],
					"texture": "#stand"
				},
				"east": {"uv": [1, 10, 4, 13], "texture": "#stand"},
				"south": {
					"uv": [1, 10, 4, 13],
					"texture": "#stand"
				},
				"west": {"uv": [1, 10, 4, 13], "texture": "#stand"},
				"up": {
					"uv": [1, 10, 4, 13],
					"texture": "#stand",
					"rotation": 90
				},
				"down": {
					"uv": [1, 10, 4, 13],
					"texture": "#stand",
					"rotation": 270
				}
			}
		},
		{
			"name": "cube",
			"from": [10.75, 2.25, 6.25],
			"to": [13.25, 4.75, 6.75],
			"faces": {
				"north": {
					"uv": [1, 10, 4, 13],
					"texture": "#stand"
				},
				"east": {
					"uv": [1, 10, 1.5, 12.5],
					"texture": "#stand"
				},
				"south": {
					"uv": [1, 10, 4, 13],
					"texture": "#stand"
				},
				"west": {
					"uv": [1, 10, 1.5, 12.5],
					"texture": "#stand"
				},
				"up": {
					"uv": [1, 10, 4, 13],
					"texture": "#stand",
					"rotation": 90
				},
				"down": {
					"uv": [1, 10, 4, 13],
					"texture": "#stand",
					"rotation": 270
				}
			}
		},
		{
			"name": "cube",
			"from": [10.75, 2.25, 9.25],
			"to": [13.25, 4.75, 9.75],
			"faces": {
				"north": {
					"uv": [1, 10, 4, 13],
					"texture": "#stand"
				},
				"east": {
					"uv": [1, 10, 1.5, 12.5],
					"texture": "#stand"
				},
				"south": {
					"uv": [1, 10, 4, 13],
					"texture": "#stand"
				},
				"west": {
					"uv": [2, 10, 2.5, 12.5],
					"texture": "#stand"
				},
				"up": {
					"uv": [1, 10, 4, 13],
					"texture": "#stand",
					"rotation": 90
				},
				"down": {
					"uv": [1, 10, 4, 13],
					"texture": "#stand",
					"rotation": 270
				}
			}
		},
		{
			"name": "cube",
			"from": [10.25, 2.25, 6.75],
			"to": [10.75, 4.75, 9.25],
			"faces": {
				"north": {
					"uv": [2, 10, 2.5, 12.5],
					"texture": "#stand"
				},
				"east": {"uv": [1, 10, 4, 13], "texture": "#stand"},
				"south": {
					"uv": [1, 10, 1.5, 12.5],
					"texture": "#stand"
				},
				"west": {"uv": [1, 10, 4, 13], "texture": "#stand"},
				"up": {
					"uv": [1, 10, 4, 13],
					"texture": "#stand",
					"rotation": 180
				},
				"down": {
					"uv": [1, 10, 4, 13],
					"texture": "#stand",
					"rotation": 180
				}
			},
			"rotation": {
				"origin": [9, 8, 4],
				"axis": "y",
				"angle": 0
			}
		},
		{
			"name": "cube",
			"from": [13.25, 2.25, 6.75],
			"to": [13.75, 4.75, 9.25],
			"faces": {
				"north": {
					"uv": [2, 10, 2.5, 12.5],
					"texture": "#stand"
				},
				"east": {"uv": [1, 10, 4, 13], "texture": "#stand"},
				"south": {
					"uv": [1, 10, 1.5, 12.5],
					"texture": "#stand"
				},
				"west": {"uv": [1, 10, 4, 13], "texture": "#stand"},
				"up": {
					"uv": [1, 10, 4, 13],
					"texture": "#stand",
					"rotation": 180
				},
				"down": {
					"uv": [1, 10, 4, 13],
					"texture": "#stand",
					"rotation": 180
				}
			},
			"rotation": {
				"origin": [12, 8, 4],
				"axis": "y",
				"angle": 0
			}
		},
		{
			"name": "cube",
			"from": [12.5, 9, 7.5],
			"to": [13.5, 13.5, 8.5],
			"faces": {
				"north": {
					"uv": [12, 3, 13, 9],
					"texture": "#stand"
				},
				"east": {"uv": [12, 3, 13, 8], "texture": "#stand"},
				"south": {
					"uv": [12, 3, 13, 9],
					"texture": "#stand"
				},
				"west": {"uv": [12, 3, 13, 9], "texture": "#stand"},
				"up": {
					"uv": [12, 8, 13, 9],
					"texture": "#stand",
					"rotation": 90
				},
				"down": {
					"uv": [12, 8, 13, 9],
					"texture": "#stand",
					"rotation": 270
				}
			}
		},
		{
			"name": "cube",
			"from": [11, 4, 7],
			"to": [13, 6.375, 9],
			"faces": {
				"north": {
					"uv": [1, 10, 4, 13],
					"texture": "#stand"
				},
				"east": {"uv": [1, 10, 4, 13], "texture": "#stand"},
				"south": {
					"uv": [1, 10, 4, 13],
					"texture": "#stand"
				},
				"west": {"uv": [1, 10, 4, 13], "texture": "#stand"},
				"up": {
					"uv": [1, 10, 4, 13],
					"texture": "#stand",
					"rotation": 90
				},
				"down": {
					"uv": [1, 10, 4, 13],
					"texture": "#stand",
					"rotation": 270
				}
			}
		},
		{
			"name": "cube",
			"from": [11.5, 5, 7.5],
			"to": [12.5, 9, 8.5],
			"faces": {
				"north": {
					"uv": [12, 4, 13, 8],
					"texture": "#stand"
				},
				"east": {"uv": [12, 4, 13, 8], "texture": "#stand"},
				"south": {
					"uv": [12, 4, 13, 8],
					"texture": "#stand"
				},
				"west": {"uv": [12, 4, 13, 8], "texture": "#stand"},
				"up": {
					"uv": [12, 7, 13, 8],
					"texture": "#stand",
					"rotation": 90
				},
				"down": {
					"uv": [12, 4, 13, 8],
					"texture": "#stand",
					"rotation": 270
				}
			}
		},
		{
			"name": "cube",
			"from": [7.875, 12.25, 7.25],
			"to": [13.875, 13.625, 8.75],
			"faces": {
				"north": {"uv": [3, 2, 13, 3], "texture": "#stand"},
				"east": {"uv": [3, 2, 4, 3], "texture": "#stand"},
				"south": {"uv": [3, 2, 13, 3], "texture": "#stand"},
				"west": {"uv": [3, 2, 4, 3], "texture": "#stand"},
				"up": {
					"uv": [3, 2, 13, 3],
					"texture": "#stand",
					"rotation": 180
				},
				"down": {"uv": [3, 2, 13, 3], "texture": "#stand"}
			},
			"rotation": {
				"origin": [5.875, 7.25, 8.25],
				"axis": "y",
				"angle": 0
			}
		},
		{
			"name": "cube",
			"from": [12.5, 13, 7.625],
			"to": [13.375, 16, 8.5],
			"faces": {
				"north": {
					"uv": [3, 2, 13, 3],
					"texture": "#stand",
					"rotation": 90
				},
				"east": {
					"uv": [3, 2, 13, 3],
					"texture": "#stand",
					"rotation": 270
				},
				"south": {
					"uv": [3, 2, 13, 3],
					"texture": "#stand",
					"rotation": 270
				},
				"west": {
					"uv": [3, 2, 13, 3],
					"texture": "#stand",
					"rotation": 90
				},
				"up": {
					"uv": [3, 2, 4, 3],
					"texture": "#stand",
					"rotation": 270
				},
				"down": {
					"uv": [3, 2, 4, 3],
					"texture": "#stand",
					"rotation": 270
				}
			},
			"rotation": {
				"origin": [18.375, 11, 8.625],
				"axis": "z",
				"angle": 0
			}
		}
	],
	"groups": [
		{
			"name": "group",
			"origin": [8, 8, 8],
			"isOpen": true,
			"display": {
				"visibility": true,
				"export": true,
				"autouv": true
			},
			"children": [6, 0, 1, 2, 3, 4, 9, 7, 8, 5]
		}
	]
}