{
	"credit": "Made with Blockbench, a free, modern block model editor by JannisX11",
	"ambientocclusion": true,
	"parent": "item/parents/flower",
	"textures": {
		"0": "3d_decoration/3d_mushroom_brown",
		"1": "3d_decoration/3d_mushroom_brown_stem",
		"particle": "blocks/mushroom_brown"
	},
	"elements": [
		{
			"name": "cube",
			"from": [7, 0, 7],
			"to": [9, 2, 9],
			"faces": {
				"north": {"uv": [7, 14, 9, 16], "texture": "#1"},
				"east": {"uv": [9, 16, 7, 14], "texture": "#1"},
				"south": {"uv": [7, 14, 9, 16], "texture": "#1"},
				"west": {"uv": [7, 14, 9, 16], "texture": "#1"},
				"up": {"uv": [7, 7, 9, 9], "texture": "#1"},
				"down": {"uv": [7, 7, 9, 9], "texture": "#1"}
			},
			"rotation": {
				"origin": [8, 8, 8],
				"axis": "y",
				"angle": -45
			},
			"type": "cube"
		},
		{
			"name": "cube",
			"from": [6, 2, 6],
			"to": [10, 5, 10],
			"faces": {
				"north": {"uv": [6, 11, 10, 14], "texture": "#0"},
				"east": {"uv": [15, 11, 11, 8], "texture": "#0"},
				"south": {"uv": [6, 11, 10, 14], "texture": "#0"},
				"west": {"uv": [6, 11, 10, 14], "texture": "#0"},
				"up": {"uv": [6, 6, 10, 10], "texture": "#0"},
				"down": {"uv": [6, 6, 10, 10], "texture": "#0"}
			},
			"rotation": {
				"origin": [8, 8, 8],
				"axis": "y",
				"angle": -45
			},
			"type": "cube"
		},
		{
			"name": "cube",
			"from": [5, 2, 7],
			"to": [6, 5, 9],
			"faces": {
				"north": {"uv": [10, 11, 11, 14], "texture": "#0"},
				"east": {"uv": [9, 14, 7, 11], "texture": "#0"},
				"south": {"uv": [5, 11, 6, 14], "texture": "#0"},
				"west": {"uv": [7, 11, 9, 14], "texture": "#0"},
				"up": {"uv": [5, 7, 6, 9], "texture": "#0"},
				"down": {"uv": [5, 7, 6, 9], "texture": "#0"}
			},
			"rotation": {
				"origin": [8, 8, 8],
				"axis": "y",
				"angle": -45
			},
			"type": "cube"
		},
		{
			"name": "cube",
			"from": [10, 2, 7],
			"to": [11, 5, 9],
			"faces": {
				"north": {"uv": [5, 11, 6, 14], "texture": "#0"},
				"east": {"uv": [9, 14, 7, 11], "texture": "#0"},
				"south": {"uv": [10, 11, 11, 14], "texture": "#0"},
				"west": {"uv": [7, 11, 9, 14], "texture": "#0"},
				"up": {"uv": [10, 7, 11, 9], "texture": "#0"},
				"down": {"uv": [10, 7, 11, 9], "texture": "#0"}
			},
			"rotation": {
				"origin": [8, 8, 8],
				"axis": "y",
				"angle": -45
			},
			"type": "cube"
		},
		{
			"name": "cube",
			"from": [6, 5, 7],
			"to": [10, 6, 9],
			"faces": {
				"north": {"uv": [6, 10, 10, 11], "texture": "#0"},
				"east": {"uv": [9, 11, 7, 10], "texture": "#0"},
				"south": {"uv": [6, 10, 10, 11], "texture": "#0"},
				"west": {"uv": [7, 10, 9, 11], "texture": "#0"},
				"up": {"uv": [6, 7, 10, 9], "texture": "#0"},
				"down": {"uv": [6, 7, 10, 9], "texture": "#0"}
			},
			"rotation": {
				"origin": [8, 8, 8],
				"axis": "y",
				"angle": -45
			},
			"type": "cube"
		},
		{
			"name": "cube",
			"from": [7, 2, 5],
			"to": [9, 5, 6],
			"faces": {
				"north": {"uv": [7, 11, 9, 14], "texture": "#0"},
				"east": {"uv": [11, 14, 10, 11], "texture": "#0"},
				"south": {"uv": [7, 11, 9, 14], "texture": "#0"},
				"west": {"uv": [5, 11, 6, 14], "texture": "#0"},
				"up": {
					"uv": [7, 5, 9, 6],
					"rotation": 90,
					"texture": "#0"
				},
				"down": {
					"uv": [7, 10, 9, 11],
					"rotation": 270,
					"texture": "#0"
				}
			},
			"rotation": {
				"origin": [8, 8, 8],
				"axis": "y",
				"angle": -45
			},
			"type": "cube"
		},
		{
			"name": "cube",
			"from": [7, 2, 10],
			"to": [9, 5, 11],
			"faces": {
				"north": {"uv": [7, 11, 9, 14], "texture": "#0"},
				"east": {"uv": [6, 14, 5, 11], "texture": "#0"},
				"south": {"uv": [7, 11, 9, 14], "texture": "#0"},
				"west": {"uv": [10, 11, 11, 14], "texture": "#0"},
				"up": {
					"uv": [7, 10, 9, 11],
					"rotation": 270,
					"texture": "#0"
				},
				"down": {
					"uv": [7, 5, 9, 6],
					"rotation": 90,
					"texture": "#0"
				}
			},
			"rotation": {
				"origin": [8, 8, 8],
				"axis": "y",
				"angle": -45
			},
			"type": "cube"
		},
		{
			"name": "cube",
			"from": [7, 5, 6],
			"to": [9, 6, 7],
			"faces": {
				"north": {"uv": [7, 10, 9, 11], "texture": "#0"},
				"east": {"uv": [10, 11, 9, 10], "texture": "#0"},
				"south": {"uv": [7, 10, 9, 11], "texture": "#0"},
				"west": {"uv": [6, 10, 7, 11], "texture": "#0"},
				"up": {"uv": [7, 6, 9, 7], "texture": "#0"},
				"down": {"uv": [7, 9, 9, 10], "texture": "#0"}
			},
			"rotation": {
				"origin": [8, 8, 8],
				"axis": "y",
				"angle": -45
			},
			"type": "cube"
		},
		{
			"name": "cube",
			"from": [7, 5, 9],
			"to": [9, 6, 10],
			"faces": {
				"north": {"uv": [7, 10, 9, 11], "texture": "#0"},
				"east": {"uv": [7, 11, 6, 10], "texture": "#0"},
				"south": {"uv": [7, 10, 9, 11], "texture": "#0"},
				"west": {"uv": [9, 10, 10, 11], "texture": "#0"},
				"up": {"uv": [7, 9, 9, 10], "texture": "#0"},
				"down": {"uv": [7, 6, 9, 7], "texture": "#0"}
			},
			"rotation": {
				"origin": [8, 8, 8],
				"axis": "y",
				"angle": -45
			},
			"type": "cube"
		}
	],
	"display": {}
}