{
	"__comment": "Designed by CreatorLabs with Cubik Studio - https://cubik.studio",
	"parent": "block/block",
	"textures": {
		"0": "blocks/cauldron_side",
		"1": "3d_blocks/log/log_oak_wood",
		"particle": "blocks/cauldron_side"
	},
	"elements": [ 	 
		{
			"from": [ -6.419956E-05, 14.99974, 5.999415 ],
			"to": [ 1.999936, 15.99974, 9.999415 ],
			"faces": {
				"down": { "uv": [ 0, 6, 2, 10 ], "texture": "#0" },
				"up": { "uv": [ 0, 6, 2, 10 ], "texture": "#0" },
				"north": { "uv": [ 14, 0, 16, 1 ], "texture": "#0" },
				"south": { "uv": [ 0, 0, 2, 1 ], "texture": "#0" },
				"west": { "uv": [ 6, 0, 10, 1 ], "texture": "#0" },
				"east": { "uv": [ 6, 0, 10, 1 ], "texture": "#0" }
			}
		},
		{
			"from": [ 0.9993988, 15.00054, 10.00064 ],
			"to": [ 2.999399, 16.00054, 12.00064 ],
			"faces": {
				"down": { "uv": [ 1, 4, 3, 6 ], "texture": "#0" },
				"up": { "uv": [ 1, 10, 3, 12 ], "texture": "#0" },
				"north": { "uv": [ 13, 0, 15, 1 ], "texture": "#0" },
				"south": { "uv": [ 1, 0, 3, 1 ], "texture": "#0" },
				"west": { "uv": [ 10, 0, 12, 1 ], "texture": "#0" },
				"east": { "uv": [ 4, 0, 6, 1 ], "texture": "#0" }
			}
		},
		{
			"from": [ 1.000676, 14.99949, 4.000289 ],
			"to": [ 3.000676, 15.99949, 6.000289 ],
			"faces": {
				"down": { "uv": [ 1, 10, 3, 12 ], "texture": "#0" },
				"up": { "uv": [ 1, 4, 3, 6 ], "texture": "#0" },
				"north": { "uv": [ 13, 0, 15, 1 ], "texture": "#0" },
				"south": { "uv": [ 1, 0, 3, 1 ], "texture": "#0" },
				"west": { "uv": [ 4, 0, 6, 1 ], "texture": "#0" },
				"east": { "uv": [ 10, 0, 12, 1 ], "texture": "#0" }
			}
		},
		{
			"from": [ 2.000405, 15.0008, 3.000901 ],
			"to": [ 3.000405, 16.0008, 4.000901 ],
			"faces": {
				"down": { "uv": [ 2, 12, 3, 13 ], "texture": "#0" },
				"up": { "uv": [ 2, 3, 3, 4 ], "texture": "#0" },
				"north": { "uv": [ 13, 0, 14, 1 ], "texture": "#0" },
				"south": { "uv": [ 2, 0, 3, 1 ], "texture": "#0" },
				"west": { "uv": [ 3, 0, 4, 1 ], "texture": "#0" },
				"east": { "uv": [ 12, 0, 13, 1 ], "texture": "#0" }
			}
		},
		{
			"from": [ 14.00078, 15.00033, 5.999471 ],
			"to": [ 16.00078, 16.00033, 9.999471 ],
			"faces": {
				"down": { "uv": [ 14, 6, 16, 10 ], "texture": "#0" },
				"up": { "uv": [ 14, 6, 16, 10 ], "texture": "#0" },
				"north": { "uv": [ 0, 0, 2, 1 ], "texture": "#0" },
				"south": { "uv": [ 14, 0, 16, 1 ], "texture": "#0" },
				"west": { "uv": [ 6, 0, 10, 1 ], "texture": "#0" },
				"east": { "uv": [ 6, 0, 10, 1 ], "texture": "#0" }
			}
		},
		{
			"from": [ 3.999714, 14.99999, 0.9998674 ],
			"to": [ 5.999714, 15.99999, 2.999867 ],
			"faces": {
				"down": { "uv": [ 4, 13, 6, 15 ], "texture": "#0" },
				"up": { "uv": [ 4, 1, 6, 3 ], "texture": "#0" },
				"north": { "uv": [ 10, 0, 12, 1 ], "texture": "#0" },
				"south": { "uv": [ 4, 0, 6, 1 ], "texture": "#0" },
				"west": { "uv": [ 1, 0, 3, 1 ], "texture": "#0" },
				"east": { "uv": [ 13, 0, 15, 1 ], "texture": "#0" }
			}
		},
		{
			"from": [ 5.999425, 15.00074, -0.0005467546 ],
			"to": [ 9.999426, 16.00074, 1.999453 ],
			"faces": {
				"down": { "uv": [ 6, 14, 10, 16 ], "texture": "#0" },
				"up": { "uv": [ 6, 0, 10, 2 ], "texture": "#0" },
				"north": { "uv": [ 6, 0, 10, 1 ], "texture": "#0" },
				"south": { "uv": [ 6, 0, 10, 1 ], "texture": "#0" },
				"west": { "uv": [ 0, 0, 2, 1 ], "texture": "#0" },
				"east": { "uv": [ 14, 0, 16, 1 ], "texture": "#0" }
			}
		},
		{
			"from": [ 3.0004, 15.00048, 2.000302 ],
			"to": [ 4.0004, 16.00048, 4.000302 ],
			"faces": {
				"down": { "uv": [ 3, 12, 4, 14 ], "texture": "#0" },
				"up": { "uv": [ 3, 2, 4, 4 ], "texture": "#0" },
				"north": { "uv": [ 12, 0, 13, 1 ], "texture": "#0" },
				"south": { "uv": [ 3, 0, 4, 1 ], "texture": "#0" },
				"west": { "uv": [ 2, 0, 4, 1 ], "texture": "#0" },
				"east": { "uv": [ 12, 0, 14, 1 ], "texture": "#0" }
			}
		},
		{
			"from": [ 5.999299, 14.99923, 13.99974 ],
			"to": [ 9.999298, 15.99923, 15.99974 ],
			"faces": {
				"down": { "uv": [ 6, 0, 10, 2 ], "texture": "#0" },
				"up": { "uv": [ 6, 14, 10, 16 ], "texture": "#0" },
				"north": { "uv": [ 6, 0, 10, 1 ], "texture": "#0" },
				"south": { "uv": [ 6, 0, 10, 1 ], "texture": "#0" },
				"west": { "uv": [ 14, 0, 16, 1 ], "texture": "#0" },
				"east": { "uv": [ 0, 0, 2, 1 ], "texture": "#0" }
			}
		},
		{
			"from": [ 12.99966, 15.00071, 10.00024 ],
			"to": [ 14.99966, 16.00071, 12.00024 ],
			"faces": {
				"down": { "uv": [ 13, 4, 15, 6 ], "texture": "#0" },
				"up": { "uv": [ 13, 10, 15, 12 ], "texture": "#0" },
				"north": { "uv": [ 1, 0, 3, 1 ], "texture": "#0" },
				"south": { "uv": [ 13, 0, 15, 1 ], "texture": "#0" },
				"west": { "uv": [ 10, 0, 12, 1 ], "texture": "#0" },
				"east": { "uv": [ 4, 0, 6, 1 ], "texture": "#0" }
			}
		},
		{
			"from": [ 3.999695, 14.99905, 12.99977 ],
			"to": [ 5.999695, 15.99905, 14.99977 ],
			"faces": {
				"down": { "uv": [ 4, 1, 6, 3 ], "texture": "#0" },
				"up": { "uv": [ 4, 13, 6, 15 ], "texture": "#0" },
				"north": { "uv": [ 10, 0, 12, 1 ], "texture": "#0" },
				"south": { "uv": [ 4, 0, 6, 1 ], "texture": "#0" },
				"west": { "uv": [ 13, 0, 15, 1 ], "texture": "#0" },
				"east": { "uv": [ 1, 0, 3, 1 ], "texture": "#0" }
			}
		},
		{
			"from": [ 2.000435, 14.99936, 11.99977 ],
			"to": [ 4.000435, 15.99936, 12.99977 ],
			"faces": {
				"down": { "uv": [ 2, 3, 4, 4 ], "texture": "#0" },
				"up": { "uv": [ 2, 12, 4, 13 ], "texture": "#0" },
				"north": { "uv": [ 12, 0, 14, 1 ], "texture": "#0" },
				"south": { "uv": [ 2, 0, 4, 1 ], "texture": "#0" },
				"west": { "uv": [ 12, 0, 13, 1 ], "texture": "#0" },
				"east": { "uv": [ 3, 0, 4, 1 ], "texture": "#0" }
			}
		},
		{
			"from": [ 3.000561, 14.99942, 13.00051 ],
			"to": [ 4.000561, 15.99942, 14.00051 ],
			"faces": {
				"down": { "uv": [ 3, 2, 4, 3 ], "texture": "#0" },
				"up": { "uv": [ 3, 13, 4, 14 ], "texture": "#0" },
				"north": { "uv": [ 12, 0, 13, 1 ], "texture": "#0" },
				"south": { "uv": [ 3, 0, 4, 1 ], "texture": "#0" },
				"west": { "uv": [ 13, 0, 14, 1 ], "texture": "#0" },
				"east": { "uv": [ 2, 0, 3, 1 ], "texture": "#0" }
			}
		},
		{
			"from": [ 12.99901, 15.00011, 11.99925 ],
			"to": [ 13.99901, 16.00011, 12.99925 ],
			"faces": {
				"down": { "uv": [ 13, 3, 14, 4 ], "texture": "#0" },
				"up": { "uv": [ 13, 12, 14, 13 ], "texture": "#0" },
				"north": { "uv": [ 2, 0, 3, 1 ], "texture": "#0" },
				"south": { "uv": [ 13, 0, 14, 1 ], "texture": "#0" },
				"west": { "uv": [ 12, 0, 13, 1 ], "texture": "#0" },
				"east": { "uv": [ 3, 0, 4, 1 ], "texture": "#0" }
			}
		},
		{
			"from": [ 11.99935, 14.99936, 12.00096 ],
			"to": [ 12.99935, 15.99936, 14.00096 ],
			"faces": {
				"down": { "uv": [ 12, 2, 13, 4 ], "texture": "#0" },
				"up": { "uv": [ 12, 12, 13, 14 ], "texture": "#0" },
				"north": { "uv": [ 3, 0, 4, 1 ], "texture": "#0" },
				"south": { "uv": [ 12, 0, 13, 1 ], "texture": "#0" },
				"west": { "uv": [ 12, 0, 14, 1 ], "texture": "#0" },
				"east": { "uv": [ 2, 0, 4, 1 ], "texture": "#0" }
			}
		},
		{
			"from": [ 9.999017, 14.99909, 13.00045 ],
			"to": [ 11.99902, 15.99909, 15.00045 ],
			"faces": {
				"down": { "uv": [ 10, 1, 12, 3 ], "texture": "#0" },
				"up": { "uv": [ 10, 13, 12, 15 ], "texture": "#0" },
				"north": { "uv": [ 4, 0, 6, 1 ], "texture": "#0" },
				"south": { "uv": [ 10, 0, 12, 1 ], "texture": "#0" },
				"west": { "uv": [ 13, 0, 15, 1 ], "texture": "#0" },
				"east": { "uv": [ 1, 0, 3, 1 ], "texture": "#0" }
			}
		},
		{
			"from": [ 10.00077, 14.99968, 0.9990766 ],
			"to": [ 12.00077, 15.99968, 2.999077 ],
			"faces": {
				"down": { "uv": [ 10, 13, 12, 15 ], "texture": "#0" },
				"up": { "uv": [ 10, 1, 12, 3 ], "texture": "#0" },
				"north": { "uv": [ 4, 0, 6, 1 ], "texture": "#0" },
				"south": { "uv": [ 10, 0, 12, 1 ], "texture": "#0" },
				"west": { "uv": [ 1, 0, 3, 1 ], "texture": "#0" },
				"east": { "uv": [ 13, 0, 15, 1 ], "texture": "#0" }
			}
		},
		{
			"from": [ 13.0002, 14.99973, 3.999075 ],
			"to": [ 15.0002, 15.99973, 5.999075 ],
			"faces": {
				"down": { "uv": [ 13, 10, 15, 12 ], "texture": "#0" },
				"up": { "uv": [ 13, 4, 15, 6 ], "texture": "#0" },
				"north": { "uv": [ 1, 0, 3, 1 ], "texture": "#0" },
				"south": { "uv": [ 13, 0, 15, 1 ], "texture": "#0" },
				"west": { "uv": [ 4, 0, 6, 1 ], "texture": "#0" },
				"east": { "uv": [ 10, 0, 12, 1 ], "texture": "#0" }
			}
		},
		{
			"from": [ 11.99968, 15.00048, 3.000184 ],
			"to": [ 13.99968, 16.00048, 4.000184 ],
			"faces": {
				"down": { "uv": [ 12, 12, 14, 13 ], "texture": "#0" },
				"up": { "uv": [ 12, 3, 14, 4 ], "texture": "#0" },
				"north": { "uv": [ 2, 0, 4, 1 ], "texture": "#0" },
				"south": { "uv": [ 12, 0, 14, 1 ], "texture": "#0" },
				"west": { "uv": [ 3, 0, 4, 1 ], "texture": "#0" },
				"east": { "uv": [ 12, 0, 13, 1 ], "texture": "#0" }
			}
		},
		{
			"from": [ 12.00026, 15.00052, 1.999456 ],
			"to": [ 13.00026, 16.00051, 2.999456 ],
			"faces": {
				"down": { "uv": [ 12, 13, 13, 14 ], "texture": "#0" },
				"up": { "uv": [ 12, 2, 13, 3 ], "texture": "#0" },
				"north": { "uv": [ 3, 0, 4, 1 ], "texture": "#0" },
				"south": { "uv": [ 12, 0, 13, 1 ], "texture": "#0" },
				"west": { "uv": [ 2, 0, 3, 1 ], "texture": "#0" },
				"east": { "uv": [ 13, 0, 14, 1 ], "texture": "#0" }
			}
		},
		{
			"from": [ 5.999964, 14, 0.9999275 ],
			"to": [ 9.999964, 15, 1.999928 ],
			"faces": {
				"down": { "uv": [ 6, 14, 10, 15 ], "texture": "#0" },
				"up": { "uv": [ 6, 1, 10, 2 ], "texture": "#0" },
				"north": { "uv": [ 6, 1, 10, 2 ], "texture": "#0" },
				"south": { "uv": [ 6, 1, 10, 2 ], "texture": "#0" },
				"west": { "uv": [ 1, 1, 2, 2 ], "texture": "#0" },
				"east": { "uv": [ 14, 1, 15, 2 ], "texture": "#0" }
			}
		},
		{
			"from": [ 6.000058, 14.00005, 13.99943 ],
			"to": [ 10.00006, 15.00005, 14.99943 ],
			"faces": {
				"down": { "uv": [ 6, 1, 10, 2 ], "texture": "#0" },
				"up": { "uv": [ 6, 14, 10, 15 ], "texture": "#0" },
				"north": { "uv": [ 6, 1, 10, 2 ], "texture": "#0" },
				"south": { "uv": [ 6, 1, 10, 2 ], "texture": "#0" },
				"west": { "uv": [ 14, 1, 15, 2 ], "texture": "#0" },
				"east": { "uv": [ 1, 1, 2, 2 ], "texture": "#0" }
			}
		},
		{
			"from": [ 1.000813, 14.00078, 6.000043 ],
			"to": [ 2.000813, 15.00078, 10.00004 ],
			"faces": {
				"down": { "uv": [ 1, 6, 2, 10 ], "texture": "#0" },
				"up": { "uv": [ 1, 6, 2, 10 ], "texture": "#0" },
				"north": { "uv": [ 14, 1, 15, 2 ], "texture": "#0" },
				"south": { "uv": [ 1, 1, 2, 2 ], "texture": "#0" },
				"west": { "uv": [ 6, 1, 10, 2 ], "texture": "#0" },
				"east": { "uv": [ 6, 1, 10, 2 ], "texture": "#0" }
			}
		},
		{
			"from": [ 13.99954, 13.9991, 5.999218 ],
			"to": [ 14.99954, 14.9991, 9.999218 ],
			"faces": {
				"down": { "uv": [ 14, 6, 15, 10 ], "texture": "#0" },
				"up": { "uv": [ 14, 6, 15, 10 ], "texture": "#0" },
				"north": { "uv": [ 1, 1, 2, 2 ], "texture": "#0" },
				"south": { "uv": [ 14, 1, 15, 2 ], "texture": "#0" },
				"west": { "uv": [ 6, 1, 10, 2 ], "texture": "#0" },
				"east": { "uv": [ 6, 1, 10, 2 ], "texture": "#0" }
			}
		},
		{
			"from": [ 3.999221, 13.99951, 13 ],
			"to": [ 5.999221, 14.99951, 14 ],
			"faces": {
				"down": { "uv": [ 4, 2, 6, 3 ], "texture": "#0" },
				"up": { "uv": [ 4, 13, 6, 14 ], "texture": "#0" },
				"north": { "uv": [ 10, 1, 12, 2 ], "texture": "#0" },
				"south": { "uv": [ 4, 1, 6, 2 ], "texture": "#0" },
				"west": { "uv": [ 13, 1, 14, 2 ], "texture": "#0" },
				"east": { "uv": [ 2, 1, 3, 2 ], "texture": "#0" }
			}
		},
		{
			"from": [ 3.999577, 14.00003, 1.999754 ],
			"to": [ 5.999577, 15.00003, 2.999754 ],
			"faces": {
				"down": { "uv": [ 4, 13, 6, 14 ], "texture": "#0" },
				"up": { "uv": [ 4, 2, 6, 3 ], "texture": "#0" },
				"north": { "uv": [ 10, 1, 12, 2 ], "texture": "#0" },
				"south": { "uv": [ 4, 1, 6, 2 ], "texture": "#0" },
				"west": { "uv": [ 2, 1, 3, 2 ], "texture": "#0" },
				"east": { "uv": [ 13, 1, 14, 2 ], "texture": "#0" }
			}
		},
		{
			"from": [ 10.00084, 14.00097, 2.000434 ],
			"to": [ 12.00084, 15.00097, 3.000434 ],
			"faces": {
				"down": { "uv": [ 10, 13, 12, 14 ], "texture": "#0" },
				"up": { "uv": [ 10, 2, 12, 3 ], "texture": "#0" },
				"north": { "uv": [ 4, 1, 6, 2 ], "texture": "#0" },
				"south": { "uv": [ 10, 1, 12, 2 ], "texture": "#0" },
				"west": { "uv": [ 2, 1, 3, 2 ], "texture": "#0" },
				"east": { "uv": [ 13, 1, 14, 2 ], "texture": "#0" }
			}
		},
		{
			"from": [ 10.00019, 14.0001, 12.99979 ],
			"to": [ 12.00019, 15.0001, 13.99979 ],
			"faces": {
				"down": { "uv": [ 10, 2, 12, 3 ], "texture": "#0" },
				"up": { "uv": [ 10, 13, 12, 14 ], "texture": "#0" },
				"north": { "uv": [ 4, 1, 6, 2 ], "texture": "#0" },
				"south": { "uv": [ 10, 1, 12, 2 ], "texture": "#0" },
				"west": { "uv": [ 13, 1, 14, 2 ], "texture": "#0" },
				"east": { "uv": [ 2, 1, 3, 2 ], "texture": "#0" }
			}
		},
		{
			"from": [ 12.00023, 14.00086, 11.99958 ],
			"to": [ 13.00023, 15.00086, 12.99958 ],
			"faces": {
				"down": { "uv": [ 12, 3, 13, 4 ], "texture": "#0" },
				"up": { "uv": [ 12, 12, 13, 13 ], "texture": "#0" },
				"north": { "uv": [ 3, 1, 4, 2 ], "texture": "#0" },
				"south": { "uv": [ 12, 1, 13, 2 ], "texture": "#0" },
				"west": { "uv": [ 12, 1, 13, 2 ], "texture": "#0" },
				"east": { "uv": [ 3, 1, 4, 2 ], "texture": "#0" }
			}
		},
		{
			"from": [ 12.99986, 13.999, 10.00009 ],
			"to": [ 13.99986, 14.999, 12.00009 ],
			"faces": {
				"down": { "uv": [ 13, 4, 14, 6 ], "texture": "#0" },
				"up": { "uv": [ 13, 10, 14, 12 ], "texture": "#0" },
				"north": { "uv": [ 2, 1, 3, 2 ], "texture": "#0" },
				"south": { "uv": [ 13, 1, 14, 2 ], "texture": "#0" },
				"west": { "uv": [ 10, 1, 12, 2 ], "texture": "#0" },
				"east": { "uv": [ 4, 1, 6, 2 ], "texture": "#0" }
			}
		},
		{
			"from": [ 13.00023, 14.00085, 3.999461 ],
			"to": [ 14.00023, 15.00085, 5.999461 ],
			"faces": {
				"down": { "uv": [ 13, 10, 14, 12 ], "texture": "#0" },
				"up": { "uv": [ 13, 4, 14, 6 ], "texture": "#0" },
				"north": { "uv": [ 2, 1, 3, 2 ], "texture": "#0" },
				"south": { "uv": [ 13, 1, 14, 2 ], "texture": "#0" },
				"west": { "uv": [ 4, 1, 6, 2 ], "texture": "#0" },
				"east": { "uv": [ 10, 1, 12, 2 ], "texture": "#0" }
			}
		},
		{
			"from": [ 12.00012, 14.00013, 2.999409 ],
			"to": [ 13.00012, 15.00013, 3.999409 ],
			"faces": {
				"down": { "uv": [ 12, 12, 13, 13 ], "texture": "#0" },
				"up": { "uv": [ 12, 3, 13, 4 ], "texture": "#0" },
				"north": { "uv": [ 3, 1, 4, 2 ], "texture": "#0" },
				"south": { "uv": [ 12, 1, 13, 2 ], "texture": "#0" },
				"west": { "uv": [ 3, 1, 4, 2 ], "texture": "#0" },
				"east": { "uv": [ 12, 1, 13, 2 ], "texture": "#0" }
			}
		},
		{
			"from": [ 1.999024, 14.00099, 10.00074 ],
			"to": [ 2.999024, 15.00099, 12.00074 ],
			"faces": {
				"down": { "uv": [ 2, 4, 3, 6 ], "texture": "#0" },
				"up": { "uv": [ 2, 10, 3, 12 ], "texture": "#0" },
				"north": { "uv": [ 13, 1, 14, 2 ], "texture": "#0" },
				"south": { "uv": [ 2, 1, 3, 2 ], "texture": "#0" },
				"west": { "uv": [ 10, 1, 12, 2 ], "texture": "#0" },
				"east": { "uv": [ 4, 1, 6, 2 ], "texture": "#0" }
			}
		},
		{
			"from": [ 2.000255, 14.00055, 4.000842 ],
			"to": [ 3.000255, 15.00055, 6.000842 ],
			"faces": {
				"down": { "uv": [ 2, 10, 3, 12 ], "texture": "#0" },
				"up": { "uv": [ 2, 4, 3, 6 ], "texture": "#0" },
				"north": { "uv": [ 13, 1, 14, 2 ], "texture": "#0" },
				"south": { "uv": [ 2, 1, 3, 2 ], "texture": "#0" },
				"west": { "uv": [ 4, 1, 6, 2 ], "texture": "#0" },
				"east": { "uv": [ 10, 1, 12, 2 ], "texture": "#0" }
			}
		},
		{
			"from": [ 2.999668, 14.00045, 3.000792 ],
			"to": [ 3.999668, 15.00045, 4.000792 ],
			"faces": {
				"down": { "uv": [ 3, 12, 4, 13 ], "texture": "#0" },
				"up": { "uv": [ 3, 3, 4, 4 ], "texture": "#0" },
				"north": { "uv": [ 12, 1, 13, 2 ], "texture": "#0" },
				"south": { "uv": [ 3, 1, 4, 2 ], "texture": "#0" },
				"west": { "uv": [ 3, 1, 4, 2 ], "texture": "#0" },
				"east": { "uv": [ 12, 1, 13, 2 ], "texture": "#0" }
			}
		},
		{
			"from": [ 3.000331, 14.00076, 11.99982 ],
			"to": [ 4.000331, 15.00076, 12.99982 ],
			"faces": {
				"down": { "uv": [ 3, 3, 4, 4 ], "texture": "#0" },
				"up": { "uv": [ 3, 12, 4, 13 ], "texture": "#0" },
				"north": { "uv": [ 12, 1, 13, 2 ], "texture": "#0" },
				"south": { "uv": [ 3, 1, 4, 2 ], "texture": "#0" },
				"west": { "uv": [ 12, 1, 13, 2 ], "texture": "#0" },
				"east": { "uv": [ 3, 1, 4, 2 ], "texture": "#0" }
			}
		},
		{
			"from": [ 13.98597, 13.00071, 5.880687 ],
			"to": [ 15.42097, 14.00071, 10.12069 ],
			"faces": {
				"down": { "uv": [ 13.985, 5.88, 15.42, 10.12 ], "texture": "#0" },
				"up": { "uv": [ 13.985, 5.88, 15.42, 10.12 ], "texture": "#0" },
				"north": { "uv": [ 0.5799999, 2, 2.015, 3 ], "texture": "#0" },
				"south": { "uv": [ 13.985, 2, 15.42, 3 ], "texture": "#0" },
				"west": { "uv": [ 5.88, 2, 10.12, 3 ], "texture": "#0" },
				"east": { "uv": [ 5.88, 2, 10.12, 3 ], "texture": "#0" }
			}
		},
		{
			"from": [ 0.5805575, 12.99913, 5.88089 ],
			"to": [ 2.015558, 13.99913, 10.12089 ],
			"faces": {
				"down": { "uv": [ 0.58, 5.88, 2.015, 10.12 ], "texture": "#0" },
				"up": { "uv": [ 0.58, 5.88, 2.015, 10.12 ], "texture": "#0" },
				"north": { "uv": [ 13.985, 2, 15.42, 3 ], "texture": "#0" },
				"south": { "uv": [ 0.58, 2, 2.015, 3 ], "texture": "#0" },
				"west": { "uv": [ 5.88, 2, 10.12, 3 ], "texture": "#0" },
				"east": { "uv": [ 5.88, 2, 10.12, 3 ], "texture": "#0" }
			}
		},
		{
			"from": [ 5.880761, 13.00041, 14.35963 ],
			"to": [ 10.12076, 14.00041, 15.41963 ],
			"faces": {
				"down": { "uv": [ 5.88, 0.5799999, 10.12, 1.64 ], "texture": "#0" },
				"up": { "uv": [ 5.88, 14.36, 10.12, 15.42 ], "texture": "#0" },
				"north": { "uv": [ 5.88, 2, 10.12, 3 ], "texture": "#0" },
				"south": { "uv": [ 5.88, 2, 10.12, 3 ], "texture": "#0" },
				"west": { "uv": [ 14.36, 2, 15.42, 3 ], "texture": "#0" },
				"east": { "uv": [ 0.5799999, 2, 1.64, 3 ], "texture": "#0" }
			}
		},
		{
			"from": [ 5.879766, 13.00035, 0.5794613 ],
			"to": [ 10.11977, 14.00035, 2.014462 ],
			"faces": {
				"down": { "uv": [ 5.88, 13.985, 10.12, 15.42 ], "texture": "#0" },
				"up": { "uv": [ 5.88, 0.5799999, 10.12, 2.015 ], "texture": "#0" },
				"north": { "uv": [ 5.88, 2, 10.12, 3 ], "texture": "#0" },
				"south": { "uv": [ 5.88, 2, 10.12, 3 ], "texture": "#0" },
				"west": { "uv": [ 0.58, 2, 2.015, 3 ], "texture": "#0" },
				"east": { "uv": [ 13.985, 2, 15.42, 3 ], "texture": "#0" }
			}
		},
		{
			"from": [ 3.759342, 13.00009, 13.30008 ],
			"to": [ 6.129342, 14.00009, 14.36008 ],
			"faces": {
				"down": { "uv": [ 3.76, 1.64, 6.13, 2.7 ], "texture": "#0" },
				"up": { "uv": [ 3.76, 13.3, 6.13, 14.36 ], "texture": "#0" },
				"north": { "uv": [ 9.87, 2, 12.24, 3 ], "texture": "#0" },
				"south": { "uv": [ 3.76, 2, 6.13, 3 ], "texture": "#0" },
				"west": { "uv": [ 13.3, 2, 14.36, 3 ], "texture": "#0" },
				"east": { "uv": [ 1.64, 2, 2.7, 3 ], "texture": "#0" }
			}
		},
		{
			"from": [ 3.759196, 13.00065, 1.640082 ],
			"to": [ 6.004196, 14.00065, 2.700082 ],
			"faces": {
				"down": { "uv": [ 3.76, 13.3, 6.005, 14.36 ], "texture": "#0" },
				"up": { "uv": [ 3.76, 1.64, 6.005, 2.7 ], "texture": "#0" },
				"north": { "uv": [ 9.995, 2, 12.24, 3 ], "texture": "#0" },
				"south": { "uv": [ 3.76, 2, 6.005, 3 ], "texture": "#0" },
				"west": { "uv": [ 1.64, 2, 2.7, 3 ], "texture": "#0" },
				"east": { "uv": [ 13.3, 2, 14.36, 3 ], "texture": "#0" }
			}
		},
		{
			"from": [ 10.11974, 12.99923, 1.640489 ],
			"to": [ 12.23974, 13.99923, 3.075489 ],
			"faces": {
				"down": { "uv": [ 10.12, 12.925, 12.24, 14.36 ], "texture": "#0" },
				"up": { "uv": [ 10.12, 1.64, 12.24, 3.075 ], "texture": "#0" },
				"north": { "uv": [ 3.76, 2, 5.88, 3 ], "texture": "#0" },
				"south": { "uv": [ 10.12, 2, 12.24, 3 ], "texture": "#0" },
				"west": { "uv": [ 1.64, 2, 3.075, 3 ], "texture": "#0" },
				"east": { "uv": [ 12.925, 2, 14.36, 3 ], "texture": "#0" }
			}
		},
		{
			"from": [ 9.995037, 13.00085, 13.30091 ],
			"to": [ 12.24004, 14.00085, 14.36091 ],
			"faces": {
				"down": { "uv": [ 9.995, 1.64, 12.24, 2.7 ], "texture": "#0" },
				"up": { "uv": [ 9.995, 13.3, 12.24, 14.36 ], "texture": "#0" },
				"north": { "uv": [ 3.76, 2, 6.005, 3 ], "texture": "#0" },
				"south": { "uv": [ 9.995, 2, 12.24, 3 ], "texture": "#0" },
				"west": { "uv": [ 13.3, 2, 14.36, 3 ], "texture": "#0" },
				"east": { "uv": [ 1.64, 2, 2.7, 3 ], "texture": "#0" }
			}
		},
		{
			"from": [ 11.99062, 13.00057, 12.23942 ],
			"to": [ 13.30062, 14.00057, 13.29942 ],
			"faces": {
				"down": { "uv": [ 11.99, 2.7, 13.3, 3.76 ], "texture": "#0" },
				"up": { "uv": [ 11.99, 12.24, 13.3, 13.3 ], "texture": "#0" },
				"north": { "uv": [ 2.7, 2, 4.01, 3 ], "texture": "#0" },
				"south": { "uv": [ 11.99, 2, 13.3, 3 ], "texture": "#0" },
				"west": { "uv": [ 12.24, 2, 13.3, 3 ], "texture": "#0" },
				"east": { "uv": [ 2.7, 2, 3.76, 3 ], "texture": "#0" }
			}
		},
		{
			"from": [ 12.9247, 13.00004, 10.12011 ],
			"to": [ 14.3597, 14.00004, 12.24011 ],
			"faces": {
				"down": { "uv": [ 12.925, 3.76, 14.36, 5.88 ], "texture": "#0" },
				"up": { "uv": [ 12.925, 10.12, 14.36, 12.24 ], "texture": "#0" },
				"north": { "uv": [ 1.64, 2, 3.075, 3 ], "texture": "#0" },
				"south": { "uv": [ 12.925, 2, 14.36, 3 ], "texture": "#0" },
				"west": { "uv": [ 10.12, 2, 12.24, 3 ], "texture": "#0" },
				"east": { "uv": [ 3.76, 2, 5.88, 3 ], "texture": "#0" }
			}
		},
		{
			"from": [ 13.30067, 12.99945, 3.759866 ],
			"to": [ 14.36067, 13.99945, 6.004866 ],
			"faces": {
				"down": { "uv": [ 13.3, 9.995, 14.36, 12.24 ], "texture": "#0" },
				"up": { "uv": [ 13.3, 3.76, 14.36, 6.005 ], "texture": "#0" },
				"north": { "uv": [ 1.64, 2, 2.7, 3 ], "texture": "#0" },
				"south": { "uv": [ 13.3, 2, 14.36, 3 ], "texture": "#0" },
				"west": { "uv": [ 3.76, 2, 6.005, 3 ], "texture": "#0" },
				"east": { "uv": [ 9.995, 2, 12.24, 3 ], "texture": "#0" }
			}
		},
		{
			"from": [ 12.24064, 12.99965, 2.699689 ],
			"to": [ 13.30064, 13.99965, 4.259689 ],
			"faces": {
				"down": { "uv": [ 12.24, 11.74, 13.3, 13.3 ], "texture": "#0" },
				"up": { "uv": [ 12.24, 2.7, 13.3, 4.26 ], "texture": "#0" },
				"north": { "uv": [ 2.7, 2, 3.76, 3 ], "texture": "#0" },
				"south": { "uv": [ 12.24, 2, 13.3, 3 ], "texture": "#0" },
				"west": { "uv": [ 2.7, 2, 4.26, 3 ], "texture": "#0" },
				"east": { "uv": [ 11.74, 2, 13.3, 3 ], "texture": "#0" }
			}
		},
		{
			"from": [ 1.640595, 12.9998, 10.12066 ],
			"to": [ 3.075595, 13.9998, 12.24066 ],
			"faces": {
				"down": { "uv": [ 1.64, 3.76, 3.075, 5.88 ], "texture": "#0" },
				"up": { "uv": [ 1.64, 10.12, 3.075, 12.24 ], "texture": "#0" },
				"north": { "uv": [ 12.925, 2, 14.36, 3 ], "texture": "#0" },
				"south": { "uv": [ 1.64, 2, 3.075, 3 ], "texture": "#0" },
				"west": { "uv": [ 10.12, 2, 12.24, 3 ], "texture": "#0" },
				"east": { "uv": [ 3.76, 2, 5.88, 3 ], "texture": "#0" }
			}
		},
		{
			"from": [ 1.639151, 13.00076, 3.760157 ],
			"to": [ 3.074151, 14.00076, 5.880157 ],
			"faces": {
				"down": { "uv": [ 1.64, 10.12, 3.075, 12.24 ], "texture": "#0" },
				"up": { "uv": [ 1.64, 3.76, 3.075, 5.88 ], "texture": "#0" },
				"north": { "uv": [ 12.925, 2, 14.36, 3 ], "texture": "#0" },
				"south": { "uv": [ 1.64, 2, 3.075, 3 ], "texture": "#0" },
				"west": { "uv": [ 3.76, 2, 5.88, 3 ], "texture": "#0" },
				"east": { "uv": [ 10.12, 2, 12.24, 3 ], "texture": "#0" }
			}
		},
		{
			"from": [ 2.700314, 13.00091, 2.699616 ],
			"to": [ 4.260314, 14.00091, 3.759616 ],
			"faces": {
				"down": { "uv": [ 2.7, 12.24, 4.26, 13.3 ], "texture": "#0" },
				"up": { "uv": [ 2.7, 2.7, 4.26, 3.76 ], "texture": "#0" },
				"north": { "uv": [ 11.74, 2, 13.3, 3 ], "texture": "#0" },
				"south": { "uv": [ 2.7, 2, 4.26, 3 ], "texture": "#0" },
				"west": { "uv": [ 2.7, 2, 3.76, 3 ], "texture": "#0" },
				"east": { "uv": [ 12.24, 2, 13.3, 3 ], "texture": "#0" }
			}
		},
		{
			"from": [ 2.699094, 12.99909, 12.24076 ],
			"to": [ 4.134094, 13.99909, 13.30076 ],
			"faces": {
				"down": { "uv": [ 2.7, 2.7, 4.135, 3.76 ], "texture": "#0" },
				"up": { "uv": [ 2.7, 12.24, 4.135, 13.3 ], "texture": "#0" },
				"north": { "uv": [ 11.865, 2, 13.3, 3 ], "texture": "#0" },
				"south": { "uv": [ 2.7, 2, 4.135, 3 ], "texture": "#0" },
				"west": { "uv": [ 12.24, 2, 13.3, 3 ], "texture": "#0" },
				"east": { "uv": [ 2.7, 2, 3.76, 3 ], "texture": "#0" }
			}
		},
		{
			"from": [ 14.74172, 7.000995, 5.753046 ],
			"to": [ 15.86532, 13.00099, 10.24745 ],
			"faces": {
				"down": { "uv": [ 14.7416, 5.7528, 15.8652, 10.2472 ], "texture": "#0" },
				"up": { "uv": [ 14.7416, 5.7528, 15.8652, 10.2472 ], "texture": "#0" },
				"north": { "uv": [ 0.1348, 3, 1.2584, 9 ], "texture": "#0" },
				"south": { "uv": [ 14.7416, 3, 15.8652, 9 ], "texture": "#0" },
				"west": { "uv": [ 5.7528, 3, 10.2472, 9 ], "texture": "#0" },
				"east": { "uv": [ 5.7528, 3, 10.2472, 9 ], "texture": "#0" }
			}
		},
		{
			"from": [ 0.1339767, 7.000273, 5.752108 ],
			"to": [ 1.257577, 13.00027, 10.24651 ],
			"faces": {
				"down": { "uv": [ 0.1348, 5.7528, 1.2584, 10.2472 ], "texture": "#0" },
				"up": { "uv": [ 0.1348, 5.7528, 1.2584, 10.2472 ], "texture": "#0" },
				"north": { "uv": [ 14.7416, 3, 15.8652, 9 ], "texture": "#0" },
				"south": { "uv": [ 0.1348, 3, 1.2584, 9 ], "texture": "#0" },
				"west": { "uv": [ 5.7528, 3, 10.2472, 9 ], "texture": "#0" },
				"east": { "uv": [ 5.7528, 3, 10.2472, 9 ], "texture": "#0" }
			}
		},
		{
			"from": [ 5.752385, 7.000228, 14.74182 ],
			"to": [ 10.24679, 13.00023, 15.86542 ],
			"faces": {
				"down": { "uv": [ 5.7528, 0.1348, 10.2472, 1.2584 ], "texture": "#0" },
				"up": { "uv": [ 5.7528, 14.7416, 10.2472, 15.8652 ], "texture": "#0" },
				"north": { "uv": [ 5.7528, 3, 10.2472, 9 ], "texture": "#0" },
				"south": { "uv": [ 5.7528, 3, 10.2472, 9 ], "texture": "#0" },
				"west": { "uv": [ 14.7416, 3, 15.8652, 9 ], "texture": "#0" },
				"east": { "uv": [ 0.1348, 3, 1.2584, 9 ], "texture": "#0" }
			}
		},
		{
			"from": [ 5.751983, 6.999788, 0.1352129 ],
			"to": [ 10.24638, 12.99979, 1.633813 ],
			"faces": {
				"down": { "uv": [ 5.7528, 14.3666, 10.2472, 15.8652 ], "texture": "#0" },
				"up": { "uv": [ 5.7528, 0.1348, 10.2472, 1.6334 ], "texture": "#0" },
				"north": { "uv": [ 5.7528, 3, 10.2472, 9 ], "texture": "#0" },
				"south": { "uv": [ 5.7528, 3, 10.2472, 9 ], "texture": "#0" },
				"west": { "uv": [ 0.1348, 3, 1.6334, 9 ], "texture": "#0" },
				"east": { "uv": [ 14.3666, 3, 15.8652, 9 ], "texture": "#0" }
			}
		},
		{
			"from": [ 3.504668, 7.000682, 13.61747 ],
			"to": [ 5.876868, 13.00068, 14.74107 ],
			"faces": {
				"down": { "uv": [ 3.5056, 1.2584, 5.8778, 2.382 ], "texture": "#0" },
				"up": { "uv": [ 3.5056, 13.618, 5.8778, 14.7416 ], "texture": "#0" },
				"north": { "uv": [ 10.1222, 3, 12.4944, 9 ], "texture": "#0" },
				"south": { "uv": [ 3.5056, 3, 5.8778, 9 ], "texture": "#0" },
				"west": { "uv": [ 13.618, 3, 14.7416, 9 ], "texture": "#0" },
				"east": { "uv": [ 1.2584, 3, 2.382, 9 ], "texture": "#0" }
			}
		},
		{
			"from": [ 3.504912, 7.000119, 1.257937 ],
			"to": [ 6.252112, 13.00012, 2.381537 ],
			"faces": {
				"down": { "uv": [ 3.5056, 13.618, 6.2528, 14.7416 ], "texture": "#0" },
				"up": { "uv": [ 3.5056, 1.2584, 6.2528, 2.382 ], "texture": "#0" },
				"north": { "uv": [ 9.7472, 3, 12.4944, 9 ], "texture": "#0" },
				"south": { "uv": [ 3.5056, 3, 6.2528, 9 ], "texture": "#0" },
				"west": { "uv": [ 1.2584, 3, 2.382, 9 ], "texture": "#0" },
				"east": { "uv": [ 13.618, 3, 14.7416, 9 ], "texture": "#0" }
			}
		},
		{
			"from": [ 10.2476, 6.999825, 1.257878 ],
			"to": [ 12.4948, 12.99982, 2.756478 ],
			"faces": {
				"down": { "uv": [ 10.2472, 13.243, 12.4944, 14.7416 ], "texture": "#0" },
				"up": { "uv": [ 10.2472, 1.2584, 12.4944, 2.757 ], "texture": "#0" },
				"north": { "uv": [ 3.5056, 3, 5.7528, 9 ], "texture": "#0" },
				"south": { "uv": [ 10.2472, 3, 12.4944, 9 ], "texture": "#0" },
				"west": { "uv": [ 1.2584, 3, 2.757, 9 ], "texture": "#0" },
				"east": { "uv": [ 13.243, 3, 14.7416, 9 ], "texture": "#0" }
			}
		},
		{
			"from": [ 10.12312, 6.999853, 13.61775 ],
			"to": [ 12.49532, 12.99985, 14.74135 ],
			"faces": {
				"down": { "uv": [ 10.1222, 1.2584, 12.4944, 2.382 ], "texture": "#0" },
				"up": { "uv": [ 10.1222, 13.618, 12.4944, 14.7416 ], "texture": "#0" },
				"north": { "uv": [ 3.5056, 3, 5.8778, 9 ], "texture": "#0" },
				"south": { "uv": [ 10.1222, 3, 12.4944, 9 ], "texture": "#0" },
				"west": { "uv": [ 13.618, 3, 14.7416, 9 ], "texture": "#0" },
				"east": { "uv": [ 1.2584, 3, 2.382, 9 ], "texture": "#0" }
			}
		},
		{
			"from": [ 12.2444, 6.999687, 12.24492 ],
			"to": [ 13.618, 12.99969, 13.61852 ],
			"faces": {
				"down": { "uv": [ 12.2444, 2.382, 13.618, 3.7556 ], "texture": "#0" },
				"up": { "uv": [ 12.2444, 12.2444, 13.618, 13.618 ], "texture": "#0" },
				"north": { "uv": [ 2.382, 3, 3.7556, 9 ], "texture": "#0" },
				"south": { "uv": [ 12.2444, 3, 13.618, 9 ], "texture": "#0" },
				"west": { "uv": [ 12.2444, 3, 13.618, 9 ], "texture": "#0" },
				"east": { "uv": [ 2.382, 3, 3.7556, 9 ], "texture": "#0" }
			}
		},
		{
			"from": [ 13.61788, 7.000558, 10.12268 ],
			"to": [ 14.74148, 13.00056, 12.36988 ],
			"faces": {
				"down": { "uv": [ 13.618, 3.6306, 14.7416, 5.8778 ], "texture": "#0" },
				"up": { "uv": [ 13.618, 10.1222, 14.7416, 12.3694 ], "texture": "#0" },
				"north": { "uv": [ 1.2584, 3, 2.382, 9 ], "texture": "#0" },
				"south": { "uv": [ 13.618, 3, 14.7416, 9 ], "texture": "#0" },
				"west": { "uv": [ 10.1222, 3, 12.3694, 9 ], "texture": "#0" },
				"east": { "uv": [ 3.6306, 3, 5.8778, 9 ], "texture": "#0" }
			}
		},
		{
			"from": [ 13.61824, 7.000596, 3.504728 ],
			"to": [ 14.74184, 13.0006, 6.001928 ],
			"faces": {
				"down": { "uv": [ 13.618, 9.9972, 14.7416, 12.4944 ], "texture": "#0" },
				"up": { "uv": [ 13.618, 3.5056, 14.7416, 6.0028 ], "texture": "#0" },
				"north": { "uv": [ 1.2584, 3, 2.382, 9 ], "texture": "#0" },
				"south": { "uv": [ 13.618, 3, 14.7416, 9 ], "texture": "#0" },
				"west": { "uv": [ 3.5056, 3, 6.0028, 9 ], "texture": "#0" },
				"east": { "uv": [ 9.9972, 3, 12.4944, 9 ], "texture": "#0" }
			}
		},
		{
			"from": [ 12.49486, 6.999277, 2.381779 ],
			"to": [ 13.61846, 12.99928, 3.880379 ],
			"faces": {
				"down": { "uv": [ 12.4944, 12.1194, 13.618, 13.618 ], "texture": "#0" },
				"up": { "uv": [ 12.4944, 2.382, 13.618, 3.8806 ], "texture": "#0" },
				"north": { "uv": [ 2.382, 3, 3.5056, 9 ], "texture": "#0" },
				"south": { "uv": [ 12.4944, 3, 13.618, 9 ], "texture": "#0" },
				"west": { "uv": [ 2.382, 3, 3.8806, 9 ], "texture": "#0" },
				"east": { "uv": [ 12.1194, 3, 13.618, 9 ], "texture": "#0" }
			}
		},
		{
			"from": [ 1.258715, 7.000371, 10.12227 ],
			"to": [ 2.757315, 13.00037, 12.49447 ],
			"faces": {
				"down": { "uv": [ 1.2584, 3.5056, 2.757, 5.8778 ], "texture": "#0" },
				"up": { "uv": [ 1.2584, 10.1222, 2.757, 12.4944 ], "texture": "#0" },
				"north": { "uv": [ 13.243, 3, 14.7416, 9 ], "texture": "#0" },
				"south": { "uv": [ 1.2584, 3, 2.757, 9 ], "texture": "#0" },
				"west": { "uv": [ 10.1222, 3, 12.4944, 9 ], "texture": "#0" },
				"east": { "uv": [ 3.5056, 3, 5.8778, 9 ], "texture": "#0" }
			}
		},
		{
			"from": [ 1.257846, 7.00076, 3.505234 ],
			"to": [ 2.381446, 13.00076, 5.877434 ],
			"faces": {
				"down": { "uv": [ 1.2584, 10.1222, 2.382, 12.4944 ], "texture": "#0" },
				"up": { "uv": [ 1.2584, 3.5056, 2.382, 5.8778 ], "texture": "#0" },
				"north": { "uv": [ 13.618, 3, 14.7416, 9 ], "texture": "#0" },
				"south": { "uv": [ 1.2584, 3, 2.382, 9 ], "texture": "#0" },
				"west": { "uv": [ 3.5056, 3, 5.8778, 9 ], "texture": "#0" },
				"east": { "uv": [ 10.1222, 3, 12.4944, 9 ], "texture": "#0" }
			}
		},
		{
			"from": [ 2.381846, 6.999833, 2.38206 ],
			"to": [ 3.755446, 12.99983, 3.75566 ],
			"faces": {
				"down": { "uv": [ 2.382, 12.2444, 3.7556, 13.618 ], "texture": "#0" },
				"up": { "uv": [ 2.382, 2.382, 3.7556, 3.7556 ], "texture": "#0" },
				"north": { "uv": [ 12.2444, 3, 13.618, 9 ], "texture": "#0" },
				"south": { "uv": [ 2.382, 3, 3.7556, 9 ], "texture": "#0" },
				"west": { "uv": [ 2.382, 3, 3.7556, 9 ], "texture": "#0" },
				"east": { "uv": [ 12.2444, 3, 13.618, 9 ], "texture": "#0" }
			}
		},
		{
			"from": [ 2.381719, 6.999737, 12.49469 ],
			"to": [ 3.880319, 12.99974, 13.61829 ],
			"faces": {
				"down": { "uv": [ 2.382, 2.382, 3.8806, 3.5056 ], "texture": "#0" },
				"up": { "uv": [ 2.382, 12.4944, 3.8806, 13.618 ], "texture": "#0" },
				"north": { "uv": [ 12.1194, 3, 13.618, 9 ], "texture": "#0" },
				"south": { "uv": [ 2.382, 3, 3.8806, 9 ], "texture": "#0" },
				"west": { "uv": [ 12.4944, 3, 13.618, 9 ], "texture": "#0" },
				"east": { "uv": [ 2.382, 3, 3.5056, 9 ], "texture": "#0" }
			}
		},
		{
			"from": [ 14.35983, 5.999276, 5.879689 ],
			"to": [ 15.41984, 6.999276, 10.11969 ],
			"faces": {
				"down": { "uv": [ 14.36, 5.88, 15.42, 10.12 ], "texture": "#0" },
				"up": { "uv": [ 14.36, 5.88, 15.42, 10.12 ], "texture": "#0" },
				"north": { "uv": [ 0.5799999, 9, 1.64, 10 ], "texture": "#0" },
				"south": { "uv": [ 14.36, 9, 15.42, 10 ], "texture": "#0" },
				"west": { "uv": [ 5.88, 9, 10.12, 10 ], "texture": "#0" },
				"east": { "uv": [ 5.88, 9, 10.12, 10 ], "texture": "#0" }
			}
		},
		{
			"from": [ 0.5800909, 5.999638, 5.88074 ],
			"to": [ 1.640091, 6.999638, 10.12074 ],
			"faces": {
				"down": { "uv": [ 0.58, 5.88, 1.64, 10.12 ], "texture": "#0" },
				"up": { "uv": [ 0.58, 5.88, 1.64, 10.12 ], "texture": "#0" },
				"north": { "uv": [ 14.36, 9, 15.42, 10 ], "texture": "#0" },
				"south": { "uv": [ 0.58, 9, 1.64, 10 ], "texture": "#0" },
				"west": { "uv": [ 5.88, 9, 10.12, 10 ], "texture": "#0" },
				"east": { "uv": [ 5.88, 9, 10.12, 10 ], "texture": "#0" }
			}
		},
		{
			"from": [ 5.879316, 6.000381, 14.35964 ],
			"to": [ 10.11932, 7.000381, 15.41965 ],
			"faces": {
				"down": { "uv": [ 5.88, 0.5799999, 10.12, 1.64 ], "texture": "#0" },
				"up": { "uv": [ 5.88, 14.36, 10.12, 15.42 ], "texture": "#0" },
				"north": { "uv": [ 5.88, 9, 10.12, 10 ], "texture": "#0" },
				"south": { "uv": [ 5.88, 9, 10.12, 10 ], "texture": "#0" },
				"west": { "uv": [ 14.36, 9, 15.42, 10 ], "texture": "#0" },
				"east": { "uv": [ 0.5799999, 9, 1.64, 10 ], "texture": "#0" }
			}
		},
		{
			"from": [ 5.880432, 5.99966, 0.5801466 ],
			"to": [ 10.12043, 6.99966, 2.015147 ],
			"faces": {
				"down": { "uv": [ 5.88, 13.985, 10.12, 15.42 ], "texture": "#0" },
				"up": { "uv": [ 5.88, 0.5799999, 10.12, 2.015 ], "texture": "#0" },
				"north": { "uv": [ 5.88, 9, 10.12, 10 ], "texture": "#0" },
				"south": { "uv": [ 5.88, 9, 10.12, 10 ], "texture": "#0" },
				"west": { "uv": [ 0.58, 9, 2.015, 10 ], "texture": "#0" },
				"east": { "uv": [ 13.985, 9, 15.42, 10 ], "texture": "#0" }
			}
		},
		{
			"from": [ 3.760859, 6.000714, 13.2997 ],
			"to": [ 6.005859, 7.000714, 14.35969 ],
			"faces": {
				"down": { "uv": [ 3.76, 1.64, 6.005, 2.7 ], "texture": "#0" },
				"up": { "uv": [ 3.76, 13.3, 6.005, 14.36 ], "texture": "#0" },
				"north": { "uv": [ 9.995, 9, 12.24, 10 ], "texture": "#0" },
				"south": { "uv": [ 3.76, 9, 6.005, 10 ], "texture": "#0" },
				"west": { "uv": [ 13.3, 9, 14.36, 10 ], "texture": "#0" },
				"east": { "uv": [ 1.64, 9, 2.7, 10 ], "texture": "#0" }
			}
		},
		{
			"from": [ 3.760252, 6.000365, 1.639603 ],
			"to": [ 6.255252, 7.000365, 2.699603 ],
			"faces": {
				"down": { "uv": [ 3.76, 13.3, 6.255, 14.36 ], "texture": "#0" },
				"up": { "uv": [ 3.76, 1.64, 6.255, 2.7 ], "texture": "#0" },
				"north": { "uv": [ 9.745, 9, 12.24, 10 ], "texture": "#0" },
				"south": { "uv": [ 3.76, 9, 6.255, 10 ], "texture": "#0" },
				"west": { "uv": [ 1.64, 9, 2.7, 10 ], "texture": "#0" },
				"east": { "uv": [ 13.3, 9, 14.36, 10 ], "texture": "#0" }
			}
		},
		{
			"from": [ 10.11998, 5.99927, 1.640169 ],
			"to": [ 12.23998, 6.99927, 3.075169 ],
			"faces": {
				"down": { "uv": [ 10.12, 12.925, 12.24, 14.36 ], "texture": "#0" },
				"up": { "uv": [ 10.12, 1.64, 12.24, 3.075 ], "texture": "#0" },
				"north": { "uv": [ 3.76, 9, 5.88, 10 ], "texture": "#0" },
				"south": { "uv": [ 10.12, 9, 12.24, 10 ], "texture": "#0" },
				"west": { "uv": [ 1.64, 9, 3.075, 10 ], "texture": "#0" },
				"east": { "uv": [ 12.925, 9, 14.36, 10 ], "texture": "#0" }
			}
		},
		{
			"from": [ 9.994831, 6.00019, 13.29976 ],
			"to": [ 12.23983, 7.00019, 14.35976 ],
			"faces": {
				"down": { "uv": [ 9.995, 1.64, 12.24, 2.7 ], "texture": "#0" },
				"up": { "uv": [ 9.995, 13.3, 12.24, 14.36 ], "texture": "#0" },
				"north": { "uv": [ 3.76, 9, 6.005, 10 ], "texture": "#0" },
				"south": { "uv": [ 9.995, 9, 12.24, 10 ], "texture": "#0" },
				"west": { "uv": [ 13.3, 9, 14.36, 10 ], "texture": "#0" },
				"east": { "uv": [ 1.64, 9, 2.7, 10 ], "texture": "#0" }
			}
		},
		{
			"from": [ 11.98935, 5.999369, 11.98984 ],
			"to": [ 13.29935, 6.999369, 13.29984 ],
			"faces": {
				"down": { "uv": [ 11.99, 2.7, 13.3, 4.01 ], "texture": "#0" },
				"up": { "uv": [ 11.99, 11.99, 13.3, 13.3 ], "texture": "#0" },
				"north": { "uv": [ 2.7, 9, 4.01, 10 ], "texture": "#0" },
				"south": { "uv": [ 11.99, 9, 13.3, 10 ], "texture": "#0" },
				"west": { "uv": [ 11.99, 9, 13.3, 10 ], "texture": "#0" },
				"east": { "uv": [ 2.7, 9, 4.01, 10 ], "texture": "#0" }
			}
		},
		{
			"from": [ 13.30013, 6.000317, 9.994949 ],
			"to": [ 14.36013, 7.000317, 12.23995 ],
			"faces": {
				"down": { "uv": [ 13.3, 3.76, 14.36, 6.005 ], "texture": "#0" },
				"up": { "uv": [ 13.3, 9.995, 14.36, 12.24 ], "texture": "#0" },
				"north": { "uv": [ 1.64, 9, 2.7, 10 ], "texture": "#0" },
				"south": { "uv": [ 13.3, 9, 14.36, 10 ], "texture": "#0" },
				"west": { "uv": [ 9.995, 9, 12.24, 10 ], "texture": "#0" },
				"east": { "uv": [ 3.76, 9, 6.005, 10 ], "texture": "#0" }
			}
		},
		{
			"from": [ 13.30072, 6.000698, 3.760465 ],
			"to": [ 14.36071, 7.000698, 6.130465 ],
			"faces": {
				"down": { "uv": [ 13.3, 9.87, 14.36, 12.24 ], "texture": "#0" },
				"up": { "uv": [ 13.3, 3.76, 14.36, 6.13 ], "texture": "#0" },
				"north": { "uv": [ 1.64, 9, 2.7, 10 ], "texture": "#0" },
				"south": { "uv": [ 13.3, 9, 14.36, 10 ], "texture": "#0" },
				"west": { "uv": [ 3.76, 9, 6.13, 10 ], "texture": "#0" },
				"east": { "uv": [ 9.87, 9, 12.24, 10 ], "texture": "#0" }
			}
		},
		{
			"from": [ 12.24038, 6.000485, 2.700366 ],
			"to": [ 13.30038, 7.000485, 4.010366 ],
			"faces": {
				"down": { "uv": [ 12.24, 11.99, 13.3, 13.3 ], "texture": "#0" },
				"up": { "uv": [ 12.24, 2.7, 13.3, 4.01 ], "texture": "#0" },
				"north": { "uv": [ 2.7, 9, 3.76, 10 ], "texture": "#0" },
				"south": { "uv": [ 12.24, 9, 13.3, 10 ], "texture": "#0" },
				"west": { "uv": [ 2.7, 9, 4.01, 10 ], "texture": "#0" },
				"east": { "uv": [ 11.99, 9, 13.3, 10 ], "texture": "#0" }
			}
		},
		{
			"from": [ 1.639834, 6.000693, 9.995298 ],
			"to": [ 3.074834, 7.000693, 12.2403 ],
			"faces": {
				"down": { "uv": [ 1.64, 3.76, 3.075, 6.005 ], "texture": "#0" },
				"up": { "uv": [ 1.64, 9.995, 3.075, 12.24 ], "texture": "#0" },
				"north": { "uv": [ 12.925, 9, 14.36, 10 ], "texture": "#0" },
				"south": { "uv": [ 1.64, 9, 3.075, 10 ], "texture": "#0" },
				"west": { "uv": [ 9.995, 9, 12.24, 10 ], "texture": "#0" },
				"east": { "uv": [ 3.76, 9, 6.005, 10 ], "texture": "#0" }
			}
		},
		{
			"from": [ 1.64092, 5.999648, 3.760174 ],
			"to": [ 2.70092, 6.999648, 6.130174 ],
			"faces": {
				"down": { "uv": [ 1.64, 9.87, 2.7, 12.24 ], "texture": "#0" },
				"up": { "uv": [ 1.64, 3.76, 2.7, 6.13 ], "texture": "#0" },
				"north": { "uv": [ 13.3, 9, 14.36, 10 ], "texture": "#0" },
				"south": { "uv": [ 1.64, 9, 2.7, 10 ], "texture": "#0" },
				"west": { "uv": [ 3.76, 9, 6.13, 10 ], "texture": "#0" },
				"east": { "uv": [ 9.87, 9, 12.24, 10 ], "texture": "#0" }
			}
		},
		{
			"from": [ 2.700429, 6.000714, 2.699249 ],
			"to": [ 4.010429, 7.000714, 4.009249 ],
			"faces": {
				"down": { "uv": [ 2.7, 11.99, 4.01, 13.3 ], "texture": "#0" },
				"up": { "uv": [ 2.7, 2.7, 4.01, 4.01 ], "texture": "#0" },
				"north": { "uv": [ 11.99, 9, 13.3, 10 ], "texture": "#0" },
				"south": { "uv": [ 2.7, 9, 4.01, 10 ], "texture": "#0" },
				"west": { "uv": [ 2.7, 9, 4.01, 10 ], "texture": "#0" },
				"east": { "uv": [ 11.99, 9, 13.3, 10 ], "texture": "#0" }
			}
		},
		{
			"from": [ 2.699532, 6.00052, 12.24098 ],
			"to": [ 4.009532, 7.00052, 13.30098 ],
			"faces": {
				"down": { "uv": [ 2.7, 2.7, 4.01, 3.76 ], "texture": "#0" },
				"up": { "uv": [ 2.7, 12.24, 4.01, 13.3 ], "texture": "#0" },
				"north": { "uv": [ 11.99, 9, 13.3, 10 ], "texture": "#0" },
				"south": { "uv": [ 2.7, 9, 4.01, 10 ], "texture": "#0" },
				"west": { "uv": [ 12.24, 9, 13.3, 10 ], "texture": "#0" },
				"east": { "uv": [ 2.7, 9, 3.76, 10 ], "texture": "#0" }
			}
		},
		{
			"from": [ 3.00078, 5.000834, 11.62546 ],
			"to": [ 4.50078, 6.000834, 13.12546 ],
			"faces": {
				"down": { "uv": [ 3, 2.875, 4.5, 4.375 ], "texture": "#0" },
				"up": { "uv": [ 3, 11.625, 4.5, 13.125 ], "texture": "#0" },
				"north": { "uv": [ 11.5, 10, 13, 11 ], "texture": "#0" },
				"south": { "uv": [ 3, 10, 4.5, 11 ], "texture": "#0" },
				"west": { "uv": [ 11.625, 10, 13.125, 11 ], "texture": "#0" },
				"east": { "uv": [ 2.875, 10, 4.375, 11 ], "texture": "#0" }
			}
		},
		{
			"from": [ 13.99957, 5.000641, 6.000953 ],
			"to": [ 14.99957, 6.000641, 10.00095 ],
			"faces": {
				"down": { "uv": [ 14, 6, 15, 10 ], "texture": "#0" },
				"up": { "uv": [ 14, 6, 15, 10 ], "texture": "#0" },
				"north": { "uv": [ 1, 10, 2, 11 ], "texture": "#0" },
				"south": { "uv": [ 14, 10, 15, 11 ], "texture": "#0" },
				"west": { "uv": [ 6, 10, 10, 11 ], "texture": "#0" },
				"east": { "uv": [ 6, 10, 10, 11 ], "texture": "#0" }
			}
		},
		{
			"from": [ 1.000043, 5.000362, 5.999636 ],
			"to": [ 2.000043, 6.000362, 9.999636 ],
			"faces": {
				"down": { "uv": [ 1, 6, 2, 10 ], "texture": "#0" },
				"up": { "uv": [ 1, 6, 2, 10 ], "texture": "#0" },
				"north": { "uv": [ 14, 10, 15, 11 ], "texture": "#0" },
				"south": { "uv": [ 1, 10, 2, 11 ], "texture": "#0" },
				"west": { "uv": [ 6, 10, 10, 11 ], "texture": "#0" },
				"east": { "uv": [ 6, 10, 10, 11 ], "texture": "#0" }
			}
		},
		{
			"from": [ 6.000746, 4.999745, 13.37472 ],
			"to": [ 10.00075, 5.999745, 14.87472 ],
			"faces": {
				"down": { "uv": [ 6, 1.125, 10, 2.625 ], "texture": "#0" },
				"up": { "uv": [ 6, 13.375, 10, 14.875 ], "texture": "#0" },
				"north": { "uv": [ 6, 10, 10, 11 ], "texture": "#0" },
				"south": { "uv": [ 6, 10, 10, 11 ], "texture": "#0" },
				"west": { "uv": [ 13.375, 10, 14.875, 11 ], "texture": "#0" },
				"east": { "uv": [ 1.125, 10, 2.625, 11 ], "texture": "#0" }
			}
		},
		{
			"from": [ 6.000814, 4.999474, 1.000223 ],
			"to": [ 10.00081, 5.999474, 2.625223 ],
			"faces": {
				"down": { "uv": [ 6, 13.375, 10, 15 ], "texture": "#0" },
				"up": { "uv": [ 6, 1, 10, 2.625 ], "texture": "#0" },
				"north": { "uv": [ 6, 10, 10, 11 ], "texture": "#0" },
				"south": { "uv": [ 6, 10, 10, 11 ], "texture": "#0" },
				"west": { "uv": [ 1, 10, 2.625, 11 ], "texture": "#0" },
				"east": { "uv": [ 13.375, 10, 15, 11 ], "texture": "#0" }
			}
		},
		{
			"from": [ 3.999984, 5.000946, 12.99912 ],
			"to": [ 6.374984, 6.000946, 14.12412 ],
			"faces": {
				"down": { "uv": [ 4, 1.875, 6.375, 3 ], "texture": "#0" },
				"up": { "uv": [ 4, 13, 6.375, 14.125 ], "texture": "#0" },
				"north": { "uv": [ 9.625, 10, 12, 11 ], "texture": "#0" },
				"south": { "uv": [ 4, 10, 6.375, 11 ], "texture": "#0" },
				"west": { "uv": [ 13, 10, 14.125, 11 ], "texture": "#0" },
				"east": { "uv": [ 1.875, 10, 3, 11 ], "texture": "#0" }
			}
		},
		{
			"from": [ 3.999059, 4.999592, 2.000819 ],
			"to": [ 6.374059, 5.999592, 3.625819 ],
			"faces": {
				"down": { "uv": [ 4, 12.375, 6.375, 14 ], "texture": "#0" },
				"up": { "uv": [ 4, 2, 6.375, 3.625 ], "texture": "#0" },
				"north": { "uv": [ 9.625, 10, 12, 11 ], "texture": "#0" },
				"south": { "uv": [ 4, 10, 6.375, 11 ], "texture": "#0" },
				"west": { "uv": [ 2, 10, 3.625, 11 ], "texture": "#0" },
				"east": { "uv": [ 12.375, 10, 14, 11 ], "texture": "#0" }
			}
		},
		{
			"from": [ 10.00047, 4.999568, 2.000857 ],
			"to": [ 12.00047, 5.999568, 3.000857 ],
			"faces": {
				"down": { "uv": [ 10, 13, 12, 14 ], "texture": "#0" },
				"up": { "uv": [ 10, 2, 12, 3 ], "texture": "#0" },
				"north": { "uv": [ 4, 10, 6, 11 ], "texture": "#0" },
				"south": { "uv": [ 10, 10, 12, 11 ], "texture": "#0" },
				"west": { "uv": [ 2, 10, 3, 11 ], "texture": "#0" },
				"east": { "uv": [ 13, 10, 14, 11 ], "texture": "#0" }
			}
		},
		{
			"from": [ 9.999612, 5.000155, 12.50071 ],
			"to": [ 11.99961, 6.000155, 13.75071 ],
			"faces": {
				"down": { "uv": [ 10, 2.25, 12, 3.5 ], "texture": "#0" },
				"up": { "uv": [ 10, 12.5, 12, 13.75 ], "texture": "#0" },
				"north": { "uv": [ 4, 10, 6, 11 ], "texture": "#0" },
				"south": { "uv": [ 10, 10, 12, 11 ], "texture": "#0" },
				"west": { "uv": [ 12.5, 10, 13.75, 11 ], "texture": "#0" },
				"east": { "uv": [ 2.25, 10, 3.5, 11 ], "texture": "#0" }
			}
		},
		{
			"from": [ 11.99951, 4.999547, 11.49947 ],
			"to": [ 12.99951, 5.999547, 12.74947 ],
			"faces": {
				"down": { "uv": [ 12, 3.25, 13, 4.5 ], "texture": "#0" },
				"up": { "uv": [ 12, 11.5, 13, 12.75 ], "texture": "#0" },
				"north": { "uv": [ 3, 10, 4, 11 ], "texture": "#0" },
				"south": { "uv": [ 12, 10, 13, 11 ], "texture": "#0" },
				"west": { "uv": [ 11.5, 10, 12.75, 11 ], "texture": "#0" },
				"east": { "uv": [ 3.25, 10, 4.5, 11 ], "texture": "#0" }
			}
		},
		{
			"from": [ 13.0004, 4.99986, 9.750281 ],
			"to": [ 14.0004, 5.99986, 12.00028 ],
			"faces": {
				"down": { "uv": [ 13, 4, 14, 6.25 ], "texture": "#0" },
				"up": { "uv": [ 13, 9.75, 14, 12 ], "texture": "#0" },
				"north": { "uv": [ 2, 10, 3, 11 ], "texture": "#0" },
				"south": { "uv": [ 13, 10, 14, 11 ], "texture": "#0" },
				"west": { "uv": [ 9.75, 10, 12, 11 ], "texture": "#0" },
				"east": { "uv": [ 4, 10, 6.25, 11 ], "texture": "#0" }
			}
		},
		{
			"from": [ 12.9999, 4.999847, 3.99989 ],
			"to": [ 13.9999, 5.999847, 6.374889 ],
			"faces": {
				"down": { "uv": [ 13, 9.625, 14, 12 ], "texture": "#0" },
				"up": { "uv": [ 13, 4, 14, 6.375 ], "texture": "#0" },
				"north": { "uv": [ 2, 10, 3, 11 ], "texture": "#0" },
				"south": { "uv": [ 13, 10, 14, 11 ], "texture": "#0" },
				"west": { "uv": [ 4, 10, 6.375, 11 ], "texture": "#0" },
				"east": { "uv": [ 9.625, 10, 12, 11 ], "texture": "#0" }
			}
		},
		{
			"from": [ 2.000621, 4.999909, 9.750422 ],
			"to": [ 3.000621, 5.999909, 11.87542 ],
			"faces": {
				"down": { "uv": [ 2, 4.125, 3, 6.25 ], "texture": "#0" },
				"up": { "uv": [ 2, 9.75, 3, 11.875 ], "texture": "#0" },
				"north": { "uv": [ 13, 10, 14, 11 ], "texture": "#0" },
				"south": { "uv": [ 2, 10, 3, 11 ], "texture": "#0" },
				"west": { "uv": [ 9.75, 10, 11.875, 11 ], "texture": "#0" },
				"east": { "uv": [ 4.125, 10, 6.25, 11 ], "texture": "#0" }
			}
		},
		{
			"from": [ 1.999704, 5.0006, 4.000258 ],
			"to": [ 2.999704, 6.0006, 6.375258 ],
			"faces": {
				"down": { "uv": [ 2, 9.625, 3, 12 ], "texture": "#0" },
				"up": { "uv": [ 2, 4, 3, 6.375 ], "texture": "#0" },
				"north": { "uv": [ 13, 10, 14, 11 ], "texture": "#0" },
				"south": { "uv": [ 2, 10, 3, 11 ], "texture": "#0" },
				"west": { "uv": [ 4, 10, 6.375, 11 ], "texture": "#0" },
				"east": { "uv": [ 9.625, 10, 12, 11 ], "texture": "#0" }
			}
		},
		{
			"from": [ 3.000351, 5.000203, 2.999626 ],
			"to": [ 4.000351, 6.000203, 4.499626 ],
			"faces": {
				"down": { "uv": [ 3, 11.5, 4, 13 ], "texture": "#0" },
				"up": { "uv": [ 3, 3, 4, 4.5 ], "texture": "#0" },
				"north": { "uv": [ 12, 10, 13, 11 ], "texture": "#0" },
				"south": { "uv": [ 3, 10, 4, 11 ], "texture": "#0" },
				"west": { "uv": [ 3, 10, 4.5, 11 ], "texture": "#0" },
				"east": { "uv": [ 11.5, 10, 13, 11 ], "texture": "#0" }
			}
		},
		{
			"from": [ 3.499764, 4.000343, 11.5998 ],
			"to": [ 4.399764, 5.000343, 12.4998 ],
			"faces": {
				"down": { "uv": [ 3.5, 3.5, 4.4, 4.4 ], "texture": "#0" },
				"up": { "uv": [ 3.5, 11.6, 4.4, 12.5 ], "texture": "#0" },
				"north": { "uv": [ 11.6, 11, 12.5, 12 ], "texture": "#0" },
				"south": { "uv": [ 3.5, 11, 4.4, 12 ], "texture": "#0" },
				"west": { "uv": [ 11.6, 11, 12.5, 12 ], "texture": "#0" },
				"east": { "uv": [ 3.5, 11, 4.4, 12 ], "texture": "#0" }
			}
		},
		{
			"from": [ 13.39987, 4.000711, 6.200847 ],
			"to": [ 14.29987, 5.000711, 9.800848 ],
			"faces": {
				"down": { "uv": [ 13.4, 6.2, 14.3, 9.8 ], "texture": "#0" },
				"up": { "uv": [ 13.4, 6.2, 14.3, 9.8 ], "texture": "#0" },
				"north": { "uv": [ 1.7, 11, 2.6, 12 ], "texture": "#0" },
				"south": { "uv": [ 13.4, 11, 14.3, 12 ], "texture": "#0" },
				"west": { "uv": [ 6.2, 11, 9.8, 12 ], "texture": "#0" },
				"east": { "uv": [ 6.2, 11, 9.8, 12 ], "texture": "#0" }
			}
		},
		{
			"from": [ 1.699207, 3.999692, 6.200905 ],
			"to": [ 13.47421, 4.999692, 9.800905 ],
			"faces": {
				"down": { "uv": [ 1.7, 6.2, 13.475, 9.8 ], "texture": "#0" },
				"up": { "uv": [ 1.7, 6.2, 13.475, 9.8 ], "texture": "#0" },
				"north": { "uv": [ 2.524999, 11, 14.3, 12 ], "texture": "#0" },
				"south": { "uv": [ 1.7, 11, 13.475, 12 ], "texture": "#0" },
				"west": { "uv": [ 6.2, 11, 9.8, 12 ], "texture": "#0" },
				"east": { "uv": [ 6.2, 11, 9.8, 12 ], "texture": "#0" }
			}
		},
		{
			"from": [ 6.200652, 3.999563, 11.52584 ],
			"to": [ 9.800653, 4.999563, 14.42584 ],
			"faces": {
				"down": { "uv": [ 6.2, 1.575, 9.8, 4.475 ], "texture": "#0" },
				"up": { "uv": [ 6.2, 11.525, 9.8, 14.425 ], "texture": "#0" },
				"north": { "uv": [ 6.2, 11, 9.8, 12 ], "texture": "#0" },
				"south": { "uv": [ 6.2, 11, 9.8, 12 ], "texture": "#0" },
				"west": { "uv": [ 11.525, 11, 14.425, 12 ], "texture": "#0" },
				"east": { "uv": [ 1.575, 11, 4.475, 12 ], "texture": "#0" }
			}
		},
		{
			"from": [ 6.200314, 4.000157, 1.699136 ],
			"to": [ 9.800314, 5.000157, 6.224136 ],
			"faces": {
				"down": { "uv": [ 6.2, 9.775001, 9.8, 14.3 ], "texture": "#0" },
				"up": { "uv": [ 6.2, 1.7, 9.8, 6.224999 ], "texture": "#0" },
				"north": { "uv": [ 6.2, 11, 9.8, 12 ], "texture": "#0" },
				"south": { "uv": [ 6.2, 11, 9.8, 12 ], "texture": "#0" },
				"west": { "uv": [ 1.7, 11, 6.224999, 12 ], "texture": "#0" },
				"east": { "uv": [ 9.775001, 11, 14.3, 12 ], "texture": "#0" }
			}
		},
		{
			"from": [ 4.400703, 4.00064, 11.50023 ],
			"to": [ 6.200703, 5.00064, 13.40023 ],
			"faces": {
				"down": { "uv": [ 4.4, 2.6, 6.2, 4.5 ], "texture": "#0" },
				"up": { "uv": [ 4.4, 11.5, 6.2, 13.4 ], "texture": "#0" },
				"north": { "uv": [ 9.8, 11, 11.6, 12 ], "texture": "#0" },
				"south": { "uv": [ 4.4, 11, 6.2, 12 ], "texture": "#0" },
				"west": { "uv": [ 11.5, 11, 13.4, 12 ], "texture": "#0" },
				"east": { "uv": [ 2.6, 11, 4.5, 12 ], "texture": "#0" }
			}
		},
		{
			"from": [ 4.399842, 3.999414, 2.600073 ],
			"to": [ 6.199841, 4.999414, 6.250072 ],
			"faces": {
				"down": { "uv": [ 4.4, 9.75, 6.2, 13.4 ], "texture": "#0" },
				"up": { "uv": [ 4.4, 2.6, 6.2, 6.25 ], "texture": "#0" },
				"north": { "uv": [ 9.8, 11, 11.6, 12 ], "texture": "#0" },
				"south": { "uv": [ 4.4, 11, 6.2, 12 ], "texture": "#0" },
				"west": { "uv": [ 2.6, 11, 6.25, 12 ], "texture": "#0" },
				"east": { "uv": [ 9.75, 11, 13.4, 12 ], "texture": "#0" }
			}
		},
		{
			"from": [ 9.799462, 3.999009, 2.600201 ],
			"to": [ 11.59946, 4.999009, 4.375201 ],
			"faces": {
				"down": { "uv": [ 9.8, 11.625, 11.6, 13.4 ], "texture": "#0" },
				"up": { "uv": [ 9.8, 2.6, 11.6, 4.375 ], "texture": "#0" },
				"north": { "uv": [ 4.4, 11, 6.2, 12 ], "texture": "#0" },
				"south": { "uv": [ 9.8, 11, 11.6, 12 ], "texture": "#0" },
				"west": { "uv": [ 2.6, 11, 4.375, 12 ], "texture": "#0" },
				"east": { "uv": [ 11.625, 11, 13.4, 12 ], "texture": "#0" }
			}
		},
		{
			"from": [ 9.800333, 4.000191, 11.49957 ],
			"to": [ 11.60033, 5.000191, 13.39957 ],
			"faces": {
				"down": { "uv": [ 9.8, 2.6, 11.6, 4.5 ], "texture": "#0" },
				"up": { "uv": [ 9.8, 11.5, 11.6, 13.4 ], "texture": "#0" },
				"north": { "uv": [ 4.4, 11, 6.2, 12 ], "texture": "#0" },
				"south": { "uv": [ 9.8, 11, 11.6, 12 ], "texture": "#0" },
				"west": { "uv": [ 11.5, 11, 13.4, 12 ], "texture": "#0" },
				"east": { "uv": [ 2.6, 11, 4.5, 12 ], "texture": "#0" }
			}
		},
		{
			"from": [ 11.60038, 4.000202, 11.59919 ],
			"to": [ 12.50038, 5.000202, 12.49919 ],
			"faces": {
				"down": { "uv": [ 11.6, 3.5, 12.5, 4.4 ], "texture": "#0" },
				"up": { "uv": [ 11.6, 11.6, 12.5, 12.5 ], "texture": "#0" },
				"north": { "uv": [ 3.5, 11, 4.4, 12 ], "texture": "#0" },
				"south": { "uv": [ 11.6, 11, 12.5, 12 ], "texture": "#0" },
				"west": { "uv": [ 11.6, 11, 12.5, 12 ], "texture": "#0" },
				"east": { "uv": [ 3.5, 11, 4.4, 12 ], "texture": "#0" }
			}
		},
		{
			"from": [ 9.500733, 3.999921, 9.799655 ],
			"to": [ 13.40073, 4.999921, 11.59966 ],
			"faces": {
				"down": { "uv": [ 9.5, 4.4, 13.4, 6.2 ], "texture": "#0" },
				"up": { "uv": [ 9.5, 9.8, 13.4, 11.6 ], "texture": "#0" },
				"north": { "uv": [ 2.6, 11, 6.5, 12 ], "texture": "#0" },
				"south": { "uv": [ 9.5, 11, 13.4, 12 ], "texture": "#0" },
				"west": { "uv": [ 9.8, 11, 11.6, 12 ], "texture": "#0" },
				"east": { "uv": [ 4.4, 11, 6.2, 12 ], "texture": "#0" }
			}
		},
		{
			"from": [ 9.749445, 3.999876, 4.275748 ],
			"to": [ 13.39944, 4.999876, 6.200747 ],
			"faces": {
				"down": { "uv": [ 9.75, 9.8, 13.4, 11.725 ], "texture": "#0" },
				"up": { "uv": [ 9.75, 4.275, 13.4, 6.2 ], "texture": "#0" },
				"north": { "uv": [ 2.6, 11, 6.25, 12 ], "texture": "#0" },
				"south": { "uv": [ 9.75, 11, 13.4, 12 ], "texture": "#0" },
				"west": { "uv": [ 4.275, 11, 6.2, 12 ], "texture": "#0" },
				"east": { "uv": [ 9.8, 11, 11.725, 12 ], "texture": "#0" }
			}
		},
		{
			"from": [ 11.59957, 3.999995, 3.499968 ],
			"to": [ 12.49957, 4.999994, 4.399968 ],
			"faces": {
				"down": { "uv": [ 11.6, 11.6, 12.5, 12.5 ], "texture": "#0" },
				"up": { "uv": [ 11.6, 3.5, 12.5, 4.4 ], "texture": "#0" },
				"north": { "uv": [ 3.5, 11, 4.4, 12 ], "texture": "#0" },
				"south": { "uv": [ 11.6, 11, 12.5, 12 ], "texture": "#0" },
				"west": { "uv": [ 3.5, 11, 4.4, 12 ], "texture": "#0" },
				"east": { "uv": [ 11.6, 11, 12.5, 12 ], "texture": "#0" }
			}
		},
		{
			"from": [ 2.59972, 3.999886, 9.799641 ],
			"to": [ 9.49972, 4.999887, 11.72464 ],
			"faces": {
				"down": { "uv": [ 2.6, 4.275, 9.5, 6.2 ], "texture": "#0" },
				"up": { "uv": [ 2.6, 9.8, 9.5, 11.725 ], "texture": "#0" },
				"north": { "uv": [ 6.5, 11, 13.4, 12 ], "texture": "#0" },
				"south": { "uv": [ 2.6, 11, 9.5, 12 ], "texture": "#0" },
				"west": { "uv": [ 9.8, 11, 11.725, 12 ], "texture": "#0" },
				"east": { "uv": [ 4.275, 11, 6.2, 12 ], "texture": "#0" }
			}
		},
		{
			"from": [ 2.600352, 4.000143, 4.400046 ],
			"to": [ 4.500352, 5.000143, 6.200046 ],
			"faces": {
				"down": { "uv": [ 2.6, 9.8, 4.5, 11.6 ], "texture": "#0" },
				"up": { "uv": [ 2.6, 4.4, 4.5, 6.2 ], "texture": "#0" },
				"north": { "uv": [ 11.5, 11, 13.4, 12 ], "texture": "#0" },
				"south": { "uv": [ 2.6, 11, 4.5, 12 ], "texture": "#0" },
				"west": { "uv": [ 4.4, 11, 6.2, 12 ], "texture": "#0" },
				"east": { "uv": [ 9.8, 11, 11.6, 12 ], "texture": "#0" }
			}
		},
		{
			"from": [ 3.500206, 4.000888, 3.500912 ],
			"to": [ 4.400207, 5.000888, 4.400912 ],
			"faces": {
				"down": { "uv": [ 3.5, 11.6, 4.4, 12.5 ], "texture": "#0" },
				"up": { "uv": [ 3.5, 3.5, 4.4, 4.4 ], "texture": "#0" },
				"north": { "uv": [ 11.6, 11, 12.5, 12 ], "texture": "#0" },
				"south": { "uv": [ 3.5, 11, 4.4, 12 ], "texture": "#0" },
				"west": { "uv": [ 3.5, 11, 4.4, 12 ], "texture": "#0" },
				"east": { "uv": [ 11.6, 11, 12.5, 12 ], "texture": "#0" }
			}
		},
		{
			"from": [ 11.50082, 4.999201, 3.000522 ],
			"to": [ 13.00082, 5.999201, 4.500522 ],
			"faces": {
				"down": { "uv": [ 11.5, 11.5, 13, 13 ], "texture": "#0" },
				"up": { "uv": [ 11.5, 3, 13, 4.5 ], "texture": "#0" },
				"north": { "uv": [ 3, 10, 4.5, 11 ], "texture": "#0" },
				"south": { "uv": [ 11.5, 10, 13, 11 ], "texture": "#0" },
				"west": { "uv": [ 3, 10, 4.5, 11 ], "texture": "#0" },
				"east": { "uv": [ 11.5, 10, 13, 11 ], "texture": "#0" }
			}
		},
		{
			"from": [ -0.0009126652, 0.000695287, 6.000922 ],
			"to": [ 15.99909, 4.000695, 10.00092 ],
			"faces": {
				"down": { "uv": [ 0, 6, 16, 10 ], "texture": "#1" },
				"up": { "uv": [ 0, 6, 16, 10 ], "texture": "#1" },
				"north": { "uv": [ 0, 12, 16, 16 ], "texture": "#1" },
				"south": { "uv": [ 0, 12, 16, 16 ], "texture": "#1" },
				"west": { "uv": [ 6, 12, 10, 16 ], "texture": "#1" },
				"east": { "uv": [ 6, 12, 10, 16 ], "texture": "#1" }
			}
		},
		{
			"from": [ 6.000816, -0.0008933399, 0.0005094438 ],
			"to": [ 10.00082, 3.999107, 16.00051 ],
			"faces": {
				"down": { "uv": [ 6, 0, 10, 16 ], "texture": "#1" },
				"up": { "uv": [ 6, 0, 10, 16 ], "texture": "#1" },
				"north": { "uv": [ 6, 12, 10, 16 ], "texture": "#1" },
				"south": { "uv": [ 6, 12, 10, 16 ], "texture": "#1" },
				"west": { "uv": [ 0, 12, 16, 16 ], "texture": "#1" },
				"east": { "uv": [ 0, 12, 16, 16 ], "texture": "#1" }
			}
		},
		{
			"from": [ -0.0002545728, 0.0001127607, 5.999387 ],
			"to": [ 15.99975, 4.000113, 9.999388 ],
			"rotation": { "origin": [ 8, 8, 8 ], "axis": "y", "angle": -45 },
			"faces": {
				"down": { "uv": [ 3.75736, 11.07107, 16, 15.07107 ], "texture": "#1" },
				"up": { "uv": [ 3.75736, 0.9289322, 16, 4.928932 ], "texture": "#1" },
				"north": { "uv": [ 0, 12, 12.24264, 16 ], "texture": "#1" },
				"south": { "uv": [ 3.75736, 12, 16, 16 ], "texture": "#1" },
				"west": { "uv": [ 0.9289317, 12, 4.928932, 16 ], "texture": "#1" },
				"east": { "uv": [ 11.07107, 12, 15.07107, 16 ], "texture": "#1" }
			}
		},
		{
			"from": [ 5.999698, -0.0008874615, -0.0009586571 ],
			"to": [ 9.999698, 3.999113, 15.99904 ],
			"rotation": { "origin": [ 8, 8, 8 ], "axis": "y", "angle": -45 },
			"faces": {
				"down": { "uv": [ 12.24264, 0, 16, 15.07107 ], "texture": "#1" },
				"up": { "uv": [ 12.24264, 0.9289322, 16, 16 ], "texture": "#1" },
				"north": { "uv": [ 0, 12, 3.757359, 16 ], "texture": "#1" },
				"south": { "uv": [ 12.24264, 12, 16, 16 ], "texture": "#1" },
				"west": { "uv": [ 0.9289322, 12, 16, 16 ], "texture": "#1" },
				"east": { "uv": [ 0, 12, 15.07107, 16 ], "texture": "#1" }
			}
		}
	]
}