{
	"__comment": "Designed by CreatorLabs with Cubik Studio - https://cubik.studio",
	"textures": {
		"0": "blocks/cauldron_side",
		"1": "3d_blocks/log/log_oak_wood",
		"2": "blocks/water_still",
		"particle": "blocks/cauldron_side"
	},
	"elements": [ 	 
		{
			"from": [ 0.000418825, 15.00069, 5.999414 ],
			"to": [ 2.000419, 16.00069, 9.999414 ],
			"faces": {
				"down": { "uv": [ 0, 6, 2, 10 ], "texture": "#0" },
				"up": { "uv": [ 0, 6, 2, 10 ], "texture": "#0" },
				"north": { "uv": [ 14, 0, 16, 1 ], "texture": "#0" },
				"south": { "uv": [ 0, 0, 2, 1 ], "texture": "#0" },
				"west": { "uv": [ 6, 0, 10, 1 ], "texture": "#0" },
				"east": { "uv": [ 6, 0, 10, 1 ], "texture": "#0" }
			}
		},
		{
			"from": [ 0.9996234, 15.00067, 10.00062 ],
			"to": [ 2.999623, 16.00067, 12.00062 ],
			"faces": {
				"down": { "uv": [ 1, 4, 3, 6 ], "texture": "#0" },
				"up": { "uv": [ 1, 10, 3, 12 ], "texture": "#0" },
				"north": { "uv": [ 13, 0, 15, 1 ], "texture": "#0" },
				"south": { "uv": [ 1, 0, 3, 1 ], "texture": "#0" },
				"west": { "uv": [ 10, 0, 12, 1 ], "texture": "#0" },
				"east": { "uv": [ 4, 0, 6, 1 ], "texture": "#0" }
			}
		},
		{
			"from": [ 1.000055, 15.00086, 4.000917 ],
			"to": [ 3.000055, 16.00086, 6.000917 ],
			"faces": {
				"down": { "uv": [ 1, 10, 3, 12 ], "texture": "#0" },
				"up": { "uv": [ 1, 4, 3, 6 ], "texture": "#0" },
				"north": { "uv": [ 13, 0, 15, 1 ], "texture": "#0" },
				"south": { "uv": [ 1, 0, 3, 1 ], "texture": "#0" },
				"west": { "uv": [ 4, 0, 6, 1 ], "texture": "#0" },
				"east": { "uv": [ 10, 0, 12, 1 ], "texture": "#0" }
			}
		},
		{
			"from": [ 1.999497, 14.99931, 2.999704 ],
			"to": [ 2.999497, 15.99931, 3.999704 ],
			"faces": {
				"down": { "uv": [ 2, 12, 3, 13 ], "texture": "#0" },
				"up": { "uv": [ 2, 3, 3, 4 ], "texture": "#0" },
				"north": { "uv": [ 13, 0, 14, 1 ], "texture": "#0" },
				"south": { "uv": [ 2, 0, 3, 1 ], "texture": "#0" },
				"west": { "uv": [ 3, 0, 4, 1 ], "texture": "#0" },
				"east": { "uv": [ 12, 0, 13, 1 ], "texture": "#0" }
			}
		},
		{
			"from": [ 14.00062, 14.9995, 6.0007 ],
			"to": [ 16.00062, 15.9995, 10.0007 ],
			"faces": {
				"down": { "uv": [ 14, 6, 16, 10 ], "texture": "#0" },
				"up": { "uv": [ 14, 6, 16, 10 ], "texture": "#0" },
				"north": { "uv": [ 0, 0, 2, 1 ], "texture": "#0" },
				"south": { "uv": [ 14, 0, 16, 1 ], "texture": "#0" },
				"west": { "uv": [ 6, 0, 10, 1 ], "texture": "#0" },
				"east": { "uv": [ 6, 0, 10, 1 ], "texture": "#0" }
			}
		},
		{
			"from": [ 4.000896, 15.00084, 0.9994702 ],
			"to": [ 6.000896, 16.00084, 2.99947 ],
			"faces": {
				"down": { "uv": [ 4, 13, 6, 15 ], "texture": "#0" },
				"up": { "uv": [ 4, 1, 6, 3 ], "texture": "#0" },
				"north": { "uv": [ 10, 0, 12, 1 ], "texture": "#0" },
				"south": { "uv": [ 4, 0, 6, 1 ], "texture": "#0" },
				"west": { "uv": [ 1, 0, 3, 1 ], "texture": "#0" },
				"east": { "uv": [ 13, 0, 15, 1 ], "texture": "#0" }
			}
		},
		{
			"from": [ 6.000405, 15.00093, -0.0006565514 ],
			"to": [ 10.00041, 16.00093, 1.999343 ],
			"faces": {
				"down": { "uv": [ 6, 14, 10, 16 ], "texture": "#0" },
				"up": { "uv": [ 6, 0, 10, 2 ], "texture": "#0" },
				"north": { "uv": [ 6, 0, 10, 1 ], "texture": "#0" },
				"south": { "uv": [ 6, 0, 10, 1 ], "texture": "#0" },
				"west": { "uv": [ 0, 0, 2, 1 ], "texture": "#0" },
				"east": { "uv": [ 14, 0, 16, 1 ], "texture": "#0" }
			}
		},
		{
			"from": [ 3.000137, 14.99917, 1.999225 ],
			"to": [ 4.000137, 15.99917, 3.999225 ],
			"faces": {
				"down": { "uv": [ 3, 12, 4, 14 ], "texture": "#0" },
				"up": { "uv": [ 3, 2, 4, 4 ], "texture": "#0" },
				"north": { "uv": [ 12, 0, 13, 1 ], "texture": "#0" },
				"south": { "uv": [ 3, 0, 4, 1 ], "texture": "#0" },
				"west": { "uv": [ 2, 0, 4, 1 ], "texture": "#0" },
				"east": { "uv": [ 12, 0, 14, 1 ], "texture": "#0" }
			}
		},
		{
			"from": [ 5.999006, 15.00045, 14.00063 ],
			"to": [ 9.999006, 16.00045, 16.00063 ],
			"faces": {
				"down": { "uv": [ 6, 0, 10, 2 ], "texture": "#0" },
				"up": { "uv": [ 6, 14, 10, 16 ], "texture": "#0" },
				"north": { "uv": [ 6, 0, 10, 1 ], "texture": "#0" },
				"south": { "uv": [ 6, 0, 10, 1 ], "texture": "#0" },
				"west": { "uv": [ 14, 0, 16, 1 ], "texture": "#0" },
				"east": { "uv": [ 0, 0, 2, 1 ], "texture": "#0" }
			}
		},
		{
			"from": [ 12.99913, 14.99941, 10.00022 ],
			"to": [ 14.99913, 15.99941, 12.00022 ],
			"faces": {
				"down": { "uv": [ 13, 4, 15, 6 ], "texture": "#0" },
				"up": { "uv": [ 13, 10, 15, 12 ], "texture": "#0" },
				"north": { "uv": [ 1, 0, 3, 1 ], "texture": "#0" },
				"south": { "uv": [ 13, 0, 15, 1 ], "texture": "#0" },
				"west": { "uv": [ 10, 0, 12, 1 ], "texture": "#0" },
				"east": { "uv": [ 4, 0, 6, 1 ], "texture": "#0" }
			}
		},
		{
			"from": [ 4.000511, 14.99973, 12.99935 ],
			"to": [ 6.000511, 15.99973, 14.99935 ],
			"faces": {
				"down": { "uv": [ 4, 1, 6, 3 ], "texture": "#0" },
				"up": { "uv": [ 4, 13, 6, 15 ], "texture": "#0" },
				"north": { "uv": [ 10, 0, 12, 1 ], "texture": "#0" },
				"south": { "uv": [ 4, 0, 6, 1 ], "texture": "#0" },
				"west": { "uv": [ 13, 0, 15, 1 ], "texture": "#0" },
				"east": { "uv": [ 1, 0, 3, 1 ], "texture": "#0" }
			}
		},
		{
			"from": [ 2.000481, 14.99944, 12.00026 ],
			"to": [ 4.000481, 15.99944, 13.00026 ],
			"faces": {
				"down": { "uv": [ 2, 3, 4, 4 ], "texture": "#0" },
				"up": { "uv": [ 2, 12, 4, 13 ], "texture": "#0" },
				"north": { "uv": [ 12, 0, 14, 1 ], "texture": "#0" },
				"south": { "uv": [ 2, 0, 4, 1 ], "texture": "#0" },
				"west": { "uv": [ 12, 0, 13, 1 ], "texture": "#0" },
				"east": { "uv": [ 3, 0, 4, 1 ], "texture": "#0" }
			}
		},
		{
			"from": [ 2.999984, 15.00002, 12.99981 ],
			"to": [ 3.999984, 16.00002, 13.99981 ],
			"faces": {
				"down": { "uv": [ 3, 2, 4, 3 ], "texture": "#0" },
				"up": { "uv": [ 3, 13, 4, 14 ], "texture": "#0" },
				"north": { "uv": [ 12, 0, 13, 1 ], "texture": "#0" },
				"south": { "uv": [ 3, 0, 4, 1 ], "texture": "#0" },
				"west": { "uv": [ 13, 0, 14, 1 ], "texture": "#0" },
				"east": { "uv": [ 2, 0, 3, 1 ], "texture": "#0" }
			}
		},
		{
			"from": [ 12.99986, 14.99993, 12.0009 ],
			"to": [ 13.99986, 15.99993, 13.0009 ],
			"faces": {
				"down": { "uv": [ 13, 3, 14, 4 ], "texture": "#0" },
				"up": { "uv": [ 13, 12, 14, 13 ], "texture": "#0" },
				"north": { "uv": [ 2, 0, 3, 1 ], "texture": "#0" },
				"south": { "uv": [ 13, 0, 14, 1 ], "texture": "#0" },
				"west": { "uv": [ 12, 0, 13, 1 ], "texture": "#0" },
				"east": { "uv": [ 3, 0, 4, 1 ], "texture": "#0" }
			}
		},
		{
			"from": [ 12.00034, 14.99994, 12.00014 ],
			"to": [ 13.00034, 15.99994, 14.00014 ],
			"faces": {
				"down": { "uv": [ 12, 2, 13, 4 ], "texture": "#0" },
				"up": { "uv": [ 12, 12, 13, 14 ], "texture": "#0" },
				"north": { "uv": [ 3, 0, 4, 1 ], "texture": "#0" },
				"south": { "uv": [ 12, 0, 13, 1 ], "texture": "#0" },
				"west": { "uv": [ 12, 0, 14, 1 ], "texture": "#0" },
				"east": { "uv": [ 2, 0, 4, 1 ], "texture": "#0" }
			}
		},
		{
			"from": [ 9.999356, 15.00086, 13.00039 ],
			"to": [ 11.99936, 16.00086, 15.00039 ],
			"faces": {
				"down": { "uv": [ 10, 1, 12, 3 ], "texture": "#0" },
				"up": { "uv": [ 10, 13, 12, 15 ], "texture": "#0" },
				"north": { "uv": [ 4, 0, 6, 1 ], "texture": "#0" },
				"south": { "uv": [ 10, 0, 12, 1 ], "texture": "#0" },
				"west": { "uv": [ 13, 0, 15, 1 ], "texture": "#0" },
				"east": { "uv": [ 1, 0, 3, 1 ], "texture": "#0" }
			}
		},
		{
			"from": [ 10.00001, 15.00025, 1.000968 ],
			"to": [ 12.00001, 16.00026, 3.000968 ],
			"faces": {
				"down": { "uv": [ 10, 13, 12, 15 ], "texture": "#0" },
				"up": { "uv": [ 10, 1, 12, 3 ], "texture": "#0" },
				"north": { "uv": [ 4, 0, 6, 1 ], "texture": "#0" },
				"south": { "uv": [ 10, 0, 12, 1 ], "texture": "#0" },
				"west": { "uv": [ 1, 0, 3, 1 ], "texture": "#0" },
				"east": { "uv": [ 13, 0, 15, 1 ], "texture": "#0" }
			}
		},
		{
			"from": [ 13.00077, 15.00026, 4.000228 ],
			"to": [ 15.00077, 16.00026, 6.000228 ],
			"faces": {
				"down": { "uv": [ 13, 10, 15, 12 ], "texture": "#0" },
				"up": { "uv": [ 13, 4, 15, 6 ], "texture": "#0" },
				"north": { "uv": [ 1, 0, 3, 1 ], "texture": "#0" },
				"south": { "uv": [ 13, 0, 15, 1 ], "texture": "#0" },
				"west": { "uv": [ 4, 0, 6, 1 ], "texture": "#0" },
				"east": { "uv": [ 10, 0, 12, 1 ], "texture": "#0" }
			}
		},
		{
			"from": [ 11.99978, 15.00085, 3.000201 ],
			"to": [ 13.99978, 16.00085, 4.000201 ],
			"faces": {
				"down": { "uv": [ 12, 12, 14, 13 ], "texture": "#0" },
				"up": { "uv": [ 12, 3, 14, 4 ], "texture": "#0" },
				"north": { "uv": [ 2, 0, 4, 1 ], "texture": "#0" },
				"south": { "uv": [ 12, 0, 14, 1 ], "texture": "#0" },
				"west": { "uv": [ 3, 0, 4, 1 ], "texture": "#0" },
				"east": { "uv": [ 12, 0, 13, 1 ], "texture": "#0" }
			}
		},
		{
			"from": [ 12.00036, 15.00099, 2.000016 ],
			"to": [ 13.00036, 16.001, 3.000016 ],
			"faces": {
				"down": { "uv": [ 12, 13, 13, 14 ], "texture": "#0" },
				"up": { "uv": [ 12, 2, 13, 3 ], "texture": "#0" },
				"north": { "uv": [ 3, 0, 4, 1 ], "texture": "#0" },
				"south": { "uv": [ 12, 0, 13, 1 ], "texture": "#0" },
				"west": { "uv": [ 2, 0, 3, 1 ], "texture": "#0" },
				"east": { "uv": [ 13, 0, 14, 1 ], "texture": "#0" }
			}
		},
		{
			"from": [ 6.000906, 14.0003, 0.9990613 ],
			"to": [ 10.00091, 15.0003, 1.999061 ],
			"faces": {
				"down": { "uv": [ 6, 14, 10, 15 ], "texture": "#0" },
				"up": { "uv": [ 6, 1, 10, 2 ], "texture": "#0" },
				"north": { "uv": [ 6, 1, 10, 2 ], "texture": "#0" },
				"south": { "uv": [ 6, 1, 10, 2 ], "texture": "#0" },
				"west": { "uv": [ 1, 1, 2, 2 ], "texture": "#0" },
				"east": { "uv": [ 14, 1, 15, 2 ], "texture": "#0" }
			}
		},
		{
			"from": [ 5.999223, 14.00052, 13.99911 ],
			"to": [ 9.999223, 15.00052, 14.99911 ],
			"faces": {
				"down": { "uv": [ 6, 1, 10, 2 ], "texture": "#0" },
				"up": { "uv": [ 6, 14, 10, 15 ], "texture": "#0" },
				"north": { "uv": [ 6, 1, 10, 2 ], "texture": "#0" },
				"south": { "uv": [ 6, 1, 10, 2 ], "texture": "#0" },
				"west": { "uv": [ 14, 1, 15, 2 ], "texture": "#0" },
				"east": { "uv": [ 1, 1, 2, 2 ], "texture": "#0" }
			}
		},
		{
			"from": [ 1.000565, 13.99904, 6.000877 ],
			"to": [ 2.000565, 14.99904, 10.00088 ],
			"faces": {
				"down": { "uv": [ 1, 6, 2, 10 ], "texture": "#0" },
				"up": { "uv": [ 1, 6, 2, 10 ], "texture": "#0" },
				"north": { "uv": [ 14, 1, 15, 2 ], "texture": "#0" },
				"south": { "uv": [ 1, 1, 2, 2 ], "texture": "#0" },
				"west": { "uv": [ 6, 1, 10, 2 ], "texture": "#0" },
				"east": { "uv": [ 6, 1, 10, 2 ], "texture": "#0" }
			}
		},
		{
			"from": [ 14, 14.00014, 6.000863 ],
			"to": [ 15, 15.00014, 10.00086 ],
			"faces": {
				"down": { "uv": [ 14, 6, 15, 10 ], "texture": "#0" },
				"up": { "uv": [ 14, 6, 15, 10 ], "texture": "#0" },
				"north": { "uv": [ 1, 1, 2, 2 ], "texture": "#0" },
				"south": { "uv": [ 14, 1, 15, 2 ], "texture": "#0" },
				"west": { "uv": [ 6, 1, 10, 2 ], "texture": "#0" },
				"east": { "uv": [ 6, 1, 10, 2 ], "texture": "#0" }
			}
		},
		{
			"from": [ 4.000852, 14.00025, 12.99986 ],
			"to": [ 6.000852, 15.00025, 13.99986 ],
			"faces": {
				"down": { "uv": [ 4, 2, 6, 3 ], "texture": "#0" },
				"up": { "uv": [ 4, 13, 6, 14 ], "texture": "#0" },
				"north": { "uv": [ 10, 1, 12, 2 ], "texture": "#0" },
				"south": { "uv": [ 4, 1, 6, 2 ], "texture": "#0" },
				"west": { "uv": [ 13, 1, 14, 2 ], "texture": "#0" },
				"east": { "uv": [ 2, 1, 3, 2 ], "texture": "#0" }
			}
		},
		{
			"from": [ 4.000775, 13.99923, 1.999001 ],
			"to": [ 6.000775, 14.99923, 2.999001 ],
			"faces": {
				"down": { "uv": [ 4, 13, 6, 14 ], "texture": "#0" },
				"up": { "uv": [ 4, 2, 6, 3 ], "texture": "#0" },
				"north": { "uv": [ 10, 1, 12, 2 ], "texture": "#0" },
				"south": { "uv": [ 4, 1, 6, 2 ], "texture": "#0" },
				"west": { "uv": [ 2, 1, 3, 2 ], "texture": "#0" },
				"east": { "uv": [ 13, 1, 14, 2 ], "texture": "#0" }
			}
		},
		{
			"from": [ 10.00063, 14.00072, 2.000372 ],
			"to": [ 12.00063, 15.00072, 3.000372 ],
			"faces": {
				"down": { "uv": [ 10, 13, 12, 14 ], "texture": "#0" },
				"up": { "uv": [ 10, 2, 12, 3 ], "texture": "#0" },
				"north": { "uv": [ 4, 1, 6, 2 ], "texture": "#0" },
				"south": { "uv": [ 10, 1, 12, 2 ], "texture": "#0" },
				"west": { "uv": [ 2, 1, 3, 2 ], "texture": "#0" },
				"east": { "uv": [ 13, 1, 14, 2 ], "texture": "#0" }
			}
		},
		{
			"from": [ 10.00072, 13.99962, 12.99975 ],
			"to": [ 12.00072, 14.99962, 13.99975 ],
			"faces": {
				"down": { "uv": [ 10, 2, 12, 3 ], "texture": "#0" },
				"up": { "uv": [ 10, 13, 12, 14 ], "texture": "#0" },
				"north": { "uv": [ 4, 1, 6, 2 ], "texture": "#0" },
				"south": { "uv": [ 10, 1, 12, 2 ], "texture": "#0" },
				"west": { "uv": [ 13, 1, 14, 2 ], "texture": "#0" },
				"east": { "uv": [ 2, 1, 3, 2 ], "texture": "#0" }
			}
		},
		{
			"from": [ 11.99959, 14.00043, 11.99952 ],
			"to": [ 12.99959, 15.00043, 12.99952 ],
			"faces": {
				"down": { "uv": [ 12, 3, 13, 4 ], "texture": "#0" },
				"up": { "uv": [ 12, 12, 13, 13 ], "texture": "#0" },
				"north": { "uv": [ 3, 1, 4, 2 ], "texture": "#0" },
				"south": { "uv": [ 12, 1, 13, 2 ], "texture": "#0" },
				"west": { "uv": [ 12, 1, 13, 2 ], "texture": "#0" },
				"east": { "uv": [ 3, 1, 4, 2 ], "texture": "#0" }
			}
		},
		{
			"from": [ 12.99959, 14.00099, 9.999762 ],
			"to": [ 13.99959, 15.00099, 11.99976 ],
			"faces": {
				"down": { "uv": [ 13, 4, 14, 6 ], "texture": "#0" },
				"up": { "uv": [ 13, 10, 14, 12 ], "texture": "#0" },
				"north": { "uv": [ 2, 1, 3, 2 ], "texture": "#0" },
				"south": { "uv": [ 13, 1, 14, 2 ], "texture": "#0" },
				"west": { "uv": [ 10, 1, 12, 2 ], "texture": "#0" },
				"east": { "uv": [ 4, 1, 6, 2 ], "texture": "#0" }
			}
		},
		{
			"from": [ 12.99948, 13.99953, 3.999617 ],
			"to": [ 13.99948, 14.99953, 5.999617 ],
			"faces": {
				"down": { "uv": [ 13, 10, 14, 12 ], "texture": "#0" },
				"up": { "uv": [ 13, 4, 14, 6 ], "texture": "#0" },
				"north": { "uv": [ 2, 1, 3, 2 ], "texture": "#0" },
				"south": { "uv": [ 13, 1, 14, 2 ], "texture": "#0" },
				"west": { "uv": [ 4, 1, 6, 2 ], "texture": "#0" },
				"east": { "uv": [ 10, 1, 12, 2 ], "texture": "#0" }
			}
		},
		{
			"from": [ 11.99913, 13.99979, 3.000246 ],
			"to": [ 12.99913, 14.99979, 4.000246 ],
			"faces": {
				"down": { "uv": [ 12, 12, 13, 13 ], "texture": "#0" },
				"up": { "uv": [ 12, 3, 13, 4 ], "texture": "#0" },
				"north": { "uv": [ 3, 1, 4, 2 ], "texture": "#0" },
				"south": { "uv": [ 12, 1, 13, 2 ], "texture": "#0" },
				"west": { "uv": [ 3, 1, 4, 2 ], "texture": "#0" },
				"east": { "uv": [ 12, 1, 13, 2 ], "texture": "#0" }
			}
		},
		{
			"from": [ 1.999986, 14.00054, 10.00005 ],
			"to": [ 2.999986, 15.00054, 12.00005 ],
			"faces": {
				"down": { "uv": [ 2, 4, 3, 6 ], "texture": "#0" },
				"up": { "uv": [ 2, 10, 3, 12 ], "texture": "#0" },
				"north": { "uv": [ 13, 1, 14, 2 ], "texture": "#0" },
				"south": { "uv": [ 2, 1, 3, 2 ], "texture": "#0" },
				"west": { "uv": [ 10, 1, 12, 2 ], "texture": "#0" },
				"east": { "uv": [ 4, 1, 6, 2 ], "texture": "#0" }
			}
		},
		{
			"from": [ 2.000804, 13.99937, 4.000839 ],
			"to": [ 3.000804, 14.99937, 6.000839 ],
			"faces": {
				"down": { "uv": [ 2, 10, 3, 12 ], "texture": "#0" },
				"up": { "uv": [ 2, 4, 3, 6 ], "texture": "#0" },
				"north": { "uv": [ 13, 1, 14, 2 ], "texture": "#0" },
				"south": { "uv": [ 2, 1, 3, 2 ], "texture": "#0" },
				"west": { "uv": [ 4, 1, 6, 2 ], "texture": "#0" },
				"east": { "uv": [ 10, 1, 12, 2 ], "texture": "#0" }
			}
		},
		{
			"from": [ 2.99959, 13.99912, 2.999426 ],
			"to": [ 3.99959, 14.99912, 3.999426 ],
			"faces": {
				"down": { "uv": [ 3, 12, 4, 13 ], "texture": "#0" },
				"up": { "uv": [ 3, 3, 4, 4 ], "texture": "#0" },
				"north": { "uv": [ 12, 1, 13, 2 ], "texture": "#0" },
				"south": { "uv": [ 3, 1, 4, 2 ], "texture": "#0" },
				"west": { "uv": [ 3, 1, 4, 2 ], "texture": "#0" },
				"east": { "uv": [ 12, 1, 13, 2 ], "texture": "#0" }
			}
		},
		{
			"from": [ 3.000186, 13.99977, 12.00062 ],
			"to": [ 4.000186, 14.99977, 13.00062 ],
			"faces": {
				"down": { "uv": [ 3, 3, 4, 4 ], "texture": "#0" },
				"up": { "uv": [ 3, 12, 4, 13 ], "texture": "#0" },
				"north": { "uv": [ 12, 1, 13, 2 ], "texture": "#0" },
				"south": { "uv": [ 3, 1, 4, 2 ], "texture": "#0" },
				"west": { "uv": [ 12, 1, 13, 2 ], "texture": "#0" },
				"east": { "uv": [ 3, 1, 4, 2 ], "texture": "#0" }
			}
		},
		{
			"from": [ 13.98426, 12.99985, 5.879232 ],
			"to": [ 15.41926, 13.99985, 10.11923 ],
			"faces": {
				"down": { "uv": [ 13.985, 5.88, 15.42, 10.12 ], "texture": "#0" },
				"up": { "uv": [ 13.985, 5.88, 15.42, 10.12 ], "texture": "#0" },
				"north": { "uv": [ 0.5799999, 2, 2.015, 3 ], "texture": "#0" },
				"south": { "uv": [ 13.985, 2, 15.42, 3 ], "texture": "#0" },
				"west": { "uv": [ 5.88, 2, 10.12, 3 ], "texture": "#0" },
				"east": { "uv": [ 5.88, 2, 10.12, 3 ], "texture": "#0" }
			}
		},
		{
			"from": [ 0.5807345, 12.99974, 5.879305 ],
			"to": [ 2.015735, 13.99974, 10.1193 ],
			"faces": {
				"down": { "uv": [ 0.58, 5.88, 2.015, 10.12 ], "texture": "#0" },
				"up": { "uv": [ 0.58, 5.88, 2.015, 10.12 ], "texture": "#0" },
				"north": { "uv": [ 13.985, 2, 15.42, 3 ], "texture": "#0" },
				"south": { "uv": [ 0.58, 2, 2.015, 3 ], "texture": "#0" },
				"west": { "uv": [ 5.88, 2, 10.12, 3 ], "texture": "#0" },
				"east": { "uv": [ 5.88, 2, 10.12, 3 ], "texture": "#0" }
			}
		},
		{
			"from": [ 5.879695, 13.00028, 14.36063 ],
			"to": [ 10.11969, 14.00028, 15.42063 ],
			"faces": {
				"down": { "uv": [ 5.88, 0.5799999, 10.12, 1.64 ], "texture": "#0" },
				"up": { "uv": [ 5.88, 14.36, 10.12, 15.42 ], "texture": "#0" },
				"north": { "uv": [ 5.88, 2, 10.12, 3 ], "texture": "#0" },
				"south": { "uv": [ 5.88, 2, 10.12, 3 ], "texture": "#0" },
				"west": { "uv": [ 14.36, 2, 15.42, 3 ], "texture": "#0" },
				"east": { "uv": [ 0.5799999, 2, 1.64, 3 ], "texture": "#0" }
			}
		},
		{
			"from": [ 5.879213, 13.00029, 0.580969 ],
			"to": [ 10.11921, 14.00029, 2.015969 ],
			"faces": {
				"down": { "uv": [ 5.88, 13.985, 10.12, 15.42 ], "texture": "#0" },
				"up": { "uv": [ 5.88, 0.5799999, 10.12, 2.015 ], "texture": "#0" },
				"north": { "uv": [ 5.88, 2, 10.12, 3 ], "texture": "#0" },
				"south": { "uv": [ 5.88, 2, 10.12, 3 ], "texture": "#0" },
				"west": { "uv": [ 0.58, 2, 2.015, 3 ], "texture": "#0" },
				"east": { "uv": [ 13.985, 2, 15.42, 3 ], "texture": "#0" }
			}
		},
		{
			"from": [ 3.760653, 13.00064, 13.29973 ],
			"to": [ 6.130653, 14.00064, 14.35973 ],
			"faces": {
				"down": { "uv": [ 3.76, 1.64, 6.13, 2.7 ], "texture": "#0" },
				"up": { "uv": [ 3.76, 13.3, 6.13, 14.36 ], "texture": "#0" },
				"north": { "uv": [ 9.87, 2, 12.24, 3 ], "texture": "#0" },
				"south": { "uv": [ 3.76, 2, 6.13, 3 ], "texture": "#0" },
				"west": { "uv": [ 13.3, 2, 14.36, 3 ], "texture": "#0" },
				"east": { "uv": [ 1.64, 2, 2.7, 3 ], "texture": "#0" }
			}
		},
		{
			"from": [ 3.760125, 13.00028, 1.640302 ],
			"to": [ 6.005125, 14.00028, 2.700303 ],
			"faces": {
				"down": { "uv": [ 3.76, 13.3, 6.005, 14.36 ], "texture": "#0" },
				"up": { "uv": [ 3.76, 1.64, 6.005, 2.7 ], "texture": "#0" },
				"north": { "uv": [ 9.995, 2, 12.24, 3 ], "texture": "#0" },
				"south": { "uv": [ 3.76, 2, 6.005, 3 ], "texture": "#0" },
				"west": { "uv": [ 1.64, 2, 2.7, 3 ], "texture": "#0" },
				"east": { "uv": [ 13.3, 2, 14.36, 3 ], "texture": "#0" }
			}
		},
		{
			"from": [ 10.11953, 12.99982, 1.639105 ],
			"to": [ 12.23953, 13.99982, 3.074106 ],
			"faces": {
				"down": { "uv": [ 10.12, 12.925, 12.24, 14.36 ], "texture": "#0" },
				"up": { "uv": [ 10.12, 1.64, 12.24, 3.075 ], "texture": "#0" },
				"north": { "uv": [ 3.76, 2, 5.88, 3 ], "texture": "#0" },
				"south": { "uv": [ 10.12, 2, 12.24, 3 ], "texture": "#0" },
				"west": { "uv": [ 1.64, 2, 3.075, 3 ], "texture": "#0" },
				"east": { "uv": [ 12.925, 2, 14.36, 3 ], "texture": "#0" }
			}
		},
		{
			"from": [ 9.995162, 13.00058, 13.30047 ],
			"to": [ 12.24016, 14.00058, 14.36047 ],
			"faces": {
				"down": { "uv": [ 9.995, 1.64, 12.24, 2.7 ], "texture": "#0" },
				"up": { "uv": [ 9.995, 13.3, 12.24, 14.36 ], "texture": "#0" },
				"north": { "uv": [ 3.76, 2, 6.005, 3 ], "texture": "#0" },
				"south": { "uv": [ 9.995, 2, 12.24, 3 ], "texture": "#0" },
				"west": { "uv": [ 13.3, 2, 14.36, 3 ], "texture": "#0" },
				"east": { "uv": [ 1.64, 2, 2.7, 3 ], "texture": "#0" }
			}
		},
		{
			"from": [ 11.99046, 12.99943, 12.24068 ],
			"to": [ 13.30046, 13.99943, 13.30068 ],
			"faces": {
				"down": { "uv": [ 11.99, 2.7, 13.3, 3.76 ], "texture": "#0" },
				"up": { "uv": [ 11.99, 12.24, 13.3, 13.3 ], "texture": "#0" },
				"north": { "uv": [ 2.7, 2, 4.01, 3 ], "texture": "#0" },
				"south": { "uv": [ 11.99, 2, 13.3, 3 ], "texture": "#0" },
				"west": { "uv": [ 12.24, 2, 13.3, 3 ], "texture": "#0" },
				"east": { "uv": [ 2.7, 2, 3.76, 3 ], "texture": "#0" }
			}
		},
		{
			"from": [ 12.92459, 13.00046, 10.12006 ],
			"to": [ 14.35959, 14.00046, 12.24006 ],
			"faces": {
				"down": { "uv": [ 12.925, 3.76, 14.36, 5.88 ], "texture": "#0" },
				"up": { "uv": [ 12.925, 10.12, 14.36, 12.24 ], "texture": "#0" },
				"north": { "uv": [ 1.64, 2, 3.075, 3 ], "texture": "#0" },
				"south": { "uv": [ 12.925, 2, 14.36, 3 ], "texture": "#0" },
				"west": { "uv": [ 10.12, 2, 12.24, 3 ], "texture": "#0" },
				"east": { "uv": [ 3.76, 2, 5.88, 3 ], "texture": "#0" }
			}
		},
		{
			"from": [ 13.30034, 13.00022, 3.76005 ],
			"to": [ 14.36034, 14.00022, 6.00505 ],
			"faces": {
				"down": { "uv": [ 13.3, 9.995, 14.36, 12.24 ], "texture": "#0" },
				"up": { "uv": [ 13.3, 3.76, 14.36, 6.005 ], "texture": "#0" },
				"north": { "uv": [ 1.64, 2, 2.7, 3 ], "texture": "#0" },
				"south": { "uv": [ 13.3, 2, 14.36, 3 ], "texture": "#0" },
				"west": { "uv": [ 3.76, 2, 6.005, 3 ], "texture": "#0" },
				"east": { "uv": [ 9.995, 2, 12.24, 3 ], "texture": "#0" }
			}
		},
		{
			"from": [ 12.24057, 13.00035, 2.699053 ],
			"to": [ 13.30057, 14.00035, 4.259053 ],
			"faces": {
				"down": { "uv": [ 12.24, 11.74, 13.3, 13.3 ], "texture": "#0" },
				"up": { "uv": [ 12.24, 2.7, 13.3, 4.26 ], "texture": "#0" },
				"north": { "uv": [ 2.7, 2, 3.76, 3 ], "texture": "#0" },
				"south": { "uv": [ 12.24, 2, 13.3, 3 ], "texture": "#0" },
				"west": { "uv": [ 2.7, 2, 4.26, 3 ], "texture": "#0" },
				"east": { "uv": [ 11.74, 2, 13.3, 3 ], "texture": "#0" }
			}
		},
		{
			"from": [ 1.640431, 13.00059, 10.12024 ],
			"to": [ 3.075431, 14.00059, 12.24024 ],
			"faces": {
				"down": { "uv": [ 1.64, 3.76, 3.075, 5.88 ], "texture": "#0" },
				"up": { "uv": [ 1.64, 10.12, 3.075, 12.24 ], "texture": "#0" },
				"north": { "uv": [ 12.925, 2, 14.36, 3 ], "texture": "#0" },
				"south": { "uv": [ 1.64, 2, 3.075, 3 ], "texture": "#0" },
				"west": { "uv": [ 10.12, 2, 12.24, 3 ], "texture": "#0" },
				"east": { "uv": [ 3.76, 2, 5.88, 3 ], "texture": "#0" }
			}
		},
		{
			"from": [ 1.63991, 13.00085, 3.760433 ],
			"to": [ 3.07491, 14.00085, 5.880433 ],
			"faces": {
				"down": { "uv": [ 1.64, 10.12, 3.075, 12.24 ], "texture": "#0" },
				"up": { "uv": [ 1.64, 3.76, 3.075, 5.88 ], "texture": "#0" },
				"north": { "uv": [ 12.925, 2, 14.36, 3 ], "texture": "#0" },
				"south": { "uv": [ 1.64, 2, 3.075, 3 ], "texture": "#0" },
				"west": { "uv": [ 3.76, 2, 5.88, 3 ], "texture": "#0" },
				"east": { "uv": [ 10.12, 2, 12.24, 3 ], "texture": "#0" }
			}
		},
		{
			"from": [ 2.699446, 13.0001, 2.700132 ],
			"to": [ 4.259447, 14.0001, 3.760132 ],
			"faces": {
				"down": { "uv": [ 2.7, 12.24, 4.26, 13.3 ], "texture": "#0" },
				"up": { "uv": [ 2.7, 2.7, 4.26, 3.76 ], "texture": "#0" },
				"north": { "uv": [ 11.74, 2, 13.3, 3 ], "texture": "#0" },
				"south": { "uv": [ 2.7, 2, 4.26, 3 ], "texture": "#0" },
				"west": { "uv": [ 2.7, 2, 3.76, 3 ], "texture": "#0" },
				"east": { "uv": [ 12.24, 2, 13.3, 3 ], "texture": "#0" }
			}
		},
		{
			"from": [ 2.699821, 13.00081, 12.24005 ],
			"to": [ 4.134821, 14.00081, 13.30005 ],
			"faces": {
				"down": { "uv": [ 2.7, 2.7, 4.135, 3.76 ], "texture": "#0" },
				"up": { "uv": [ 2.7, 12.24, 4.135, 13.3 ], "texture": "#0" },
				"north": { "uv": [ 11.865, 2, 13.3, 3 ], "texture": "#0" },
				"south": { "uv": [ 2.7, 2, 4.135, 3 ], "texture": "#0" },
				"west": { "uv": [ 12.24, 2, 13.3, 3 ], "texture": "#0" },
				"east": { "uv": [ 2.7, 2, 3.76, 3 ], "texture": "#0" }
			}
		},
		{
			"from": [ 14.74071, 6.999213, 5.753547 ],
			"to": [ 15.86431, 12.99921, 10.24795 ],
			"faces": {
				"down": { "uv": [ 14.7416, 5.7528, 15.8652, 10.2472 ], "texture": "#0" },
				"up": { "uv": [ 14.7416, 5.7528, 15.8652, 10.2472 ], "texture": "#0" },
				"north": { "uv": [ 0.1348, 3, 1.2584, 9 ], "texture": "#0" },
				"south": { "uv": [ 14.7416, 3, 15.8652, 9 ], "texture": "#0" },
				"west": { "uv": [ 5.7528, 3, 10.2472, 9 ], "texture": "#0" },
				"east": { "uv": [ 5.7528, 3, 10.2472, 9 ], "texture": "#0" }
			}
		},
		{
			"from": [ 0.1354991, 6.999866, 5.753374 ],
			"to": [ 1.259099, 12.99987, 10.24777 ],
			"faces": {
				"down": { "uv": [ 0.1348, 5.7528, 1.2584, 10.2472 ], "texture": "#0" },
				"up": { "uv": [ 0.1348, 5.7528, 1.2584, 10.2472 ], "texture": "#0" },
				"north": { "uv": [ 14.7416, 3, 15.8652, 9 ], "texture": "#0" },
				"south": { "uv": [ 0.1348, 3, 1.2584, 9 ], "texture": "#0" },
				"west": { "uv": [ 5.7528, 3, 10.2472, 9 ], "texture": "#0" },
				"east": { "uv": [ 5.7528, 3, 10.2472, 9 ], "texture": "#0" }
			}
		},
		{
			"from": [ 5.751976, 7.000622, 14.74238 ],
			"to": [ 10.24638, 13.00062, 15.86598 ],
			"faces": {
				"down": { "uv": [ 5.7528, 0.1348, 10.2472, 1.2584 ], "texture": "#0" },
				"up": { "uv": [ 5.7528, 14.7416, 10.2472, 15.8652 ], "texture": "#0" },
				"north": { "uv": [ 5.7528, 3, 10.2472, 9 ], "texture": "#0" },
				"south": { "uv": [ 5.7528, 3, 10.2472, 9 ], "texture": "#0" },
				"west": { "uv": [ 14.7416, 3, 15.8652, 9 ], "texture": "#0" },
				"east": { "uv": [ 0.1348, 3, 1.2584, 9 ], "texture": "#0" }
			}
		},
		{
			"from": [ 5.751986, 7.000077, 0.1352977 ],
			"to": [ 10.24639, 13.00008, 1.633898 ],
			"faces": {
				"down": { "uv": [ 5.7528, 14.3666, 10.2472, 15.8652 ], "texture": "#0" },
				"up": { "uv": [ 5.7528, 0.1348, 10.2472, 1.6334 ], "texture": "#0" },
				"north": { "uv": [ 5.7528, 3, 10.2472, 9 ], "texture": "#0" },
				"south": { "uv": [ 5.7528, 3, 10.2472, 9 ], "texture": "#0" },
				"west": { "uv": [ 0.1348, 3, 1.6334, 9 ], "texture": "#0" },
				"east": { "uv": [ 14.3666, 3, 15.8652, 9 ], "texture": "#0" }
			}
		},
		{
			"from": [ 3.505118, 7.000041, 13.61827 ],
			"to": [ 5.877318, 13.00004, 14.74187 ],
			"faces": {
				"down": { "uv": [ 3.5056, 1.2584, 5.8778, 2.382 ], "texture": "#0" },
				"up": { "uv": [ 3.5056, 13.618, 5.8778, 14.7416 ], "texture": "#0" },
				"north": { "uv": [ 10.1222, 3, 12.4944, 9 ], "texture": "#0" },
				"south": { "uv": [ 3.5056, 3, 5.8778, 9 ], "texture": "#0" },
				"west": { "uv": [ 13.618, 3, 14.7416, 9 ], "texture": "#0" },
				"east": { "uv": [ 1.2584, 3, 2.382, 9 ], "texture": "#0" }
			}
		},
		{
			"from": [ 3.506082, 7.000648, 1.259369 ],
			"to": [ 6.253282, 13.00065, 2.382968 ],
			"faces": {
				"down": { "uv": [ 3.5056, 13.618, 6.2528, 14.7416 ], "texture": "#0" },
				"up": { "uv": [ 3.5056, 1.2584, 6.2528, 2.382 ], "texture": "#0" },
				"north": { "uv": [ 9.7472, 3, 12.4944, 9 ], "texture": "#0" },
				"south": { "uv": [ 3.5056, 3, 6.2528, 9 ], "texture": "#0" },
				"west": { "uv": [ 1.2584, 3, 2.382, 9 ], "texture": "#0" },
				"east": { "uv": [ 13.618, 3, 14.7416, 9 ], "texture": "#0" }
			}
		},
		{
			"from": [ 10.24675, 7.000971, 1.257657 ],
			"to": [ 12.49395, 13.00097, 2.756257 ],
			"faces": {
				"down": { "uv": [ 10.2472, 13.243, 12.4944, 14.7416 ], "texture": "#0" },
				"up": { "uv": [ 10.2472, 1.2584, 12.4944, 2.757 ], "texture": "#0" },
				"north": { "uv": [ 3.5056, 3, 5.7528, 9 ], "texture": "#0" },
				"south": { "uv": [ 10.2472, 3, 12.4944, 9 ], "texture": "#0" },
				"west": { "uv": [ 1.2584, 3, 2.757, 9 ], "texture": "#0" },
				"east": { "uv": [ 13.243, 3, 14.7416, 9 ], "texture": "#0" }
			}
		},
		{
			"from": [ 10.12192, 7.000652, 13.61883 ],
			"to": [ 12.49412, 13.00065, 14.74243 ],
			"faces": {
				"down": { "uv": [ 10.1222, 1.2584, 12.4944, 2.382 ], "texture": "#0" },
				"up": { "uv": [ 10.1222, 13.618, 12.4944, 14.7416 ], "texture": "#0" },
				"north": { "uv": [ 3.5056, 3, 5.8778, 9 ], "texture": "#0" },
				"south": { "uv": [ 10.1222, 3, 12.4944, 9 ], "texture": "#0" },
				"west": { "uv": [ 13.618, 3, 14.7416, 9 ], "texture": "#0" },
				"east": { "uv": [ 1.2584, 3, 2.382, 9 ], "texture": "#0" }
			}
		},
		{
			"from": [ 12.2442, 6.999959, 12.2444 ],
			"to": [ 13.6178, 12.99996, 13.618 ],
			"faces": {
				"down": { "uv": [ 12.2444, 2.382, 13.618, 3.7556 ], "texture": "#0" },
				"up": { "uv": [ 12.2444, 12.2444, 13.618, 13.618 ], "texture": "#0" },
				"north": { "uv": [ 2.382, 3, 3.7556, 9 ], "texture": "#0" },
				"south": { "uv": [ 12.2444, 3, 13.618, 9 ], "texture": "#0" },
				"west": { "uv": [ 12.2444, 3, 13.618, 9 ], "texture": "#0" },
				"east": { "uv": [ 2.382, 3, 3.7556, 9 ], "texture": "#0" }
			}
		},
		{
			"from": [ 13.61746, 7.00042, 10.12184 ],
			"to": [ 14.74106, 13.00042, 12.36904 ],
			"faces": {
				"down": { "uv": [ 13.618, 3.6306, 14.7416, 5.8778 ], "texture": "#0" },
				"up": { "uv": [ 13.618, 10.1222, 14.7416, 12.3694 ], "texture": "#0" },
				"north": { "uv": [ 1.2584, 3, 2.382, 9 ], "texture": "#0" },
				"south": { "uv": [ 13.618, 3, 14.7416, 9 ], "texture": "#0" },
				"west": { "uv": [ 10.1222, 3, 12.3694, 9 ], "texture": "#0" },
				"east": { "uv": [ 3.6306, 3, 5.8778, 9 ], "texture": "#0" }
			}
		},
		{
			"from": [ 13.61701, 7.00006, 3.504895 ],
			"to": [ 14.74061, 13.00006, 6.002095 ],
			"faces": {
				"down": { "uv": [ 13.618, 9.9972, 14.7416, 12.4944 ], "texture": "#0" },
				"up": { "uv": [ 13.618, 3.5056, 14.7416, 6.0028 ], "texture": "#0" },
				"north": { "uv": [ 1.2584, 3, 2.382, 9 ], "texture": "#0" },
				"south": { "uv": [ 13.618, 3, 14.7416, 9 ], "texture": "#0" },
				"west": { "uv": [ 3.5056, 3, 6.0028, 9 ], "texture": "#0" },
				"east": { "uv": [ 9.9972, 3, 12.4944, 9 ], "texture": "#0" }
			}
		},
		{
			"from": [ 12.49453, 7.000857, 2.382369 ],
			"to": [ 13.61813, 13.00086, 3.880969 ],
			"faces": {
				"down": { "uv": [ 12.4944, 12.1194, 13.618, 13.618 ], "texture": "#0" },
				"up": { "uv": [ 12.4944, 2.382, 13.618, 3.8806 ], "texture": "#0" },
				"north": { "uv": [ 2.382, 3, 3.5056, 9 ], "texture": "#0" },
				"south": { "uv": [ 12.4944, 3, 13.618, 9 ], "texture": "#0" },
				"west": { "uv": [ 2.382, 3, 3.8806, 9 ], "texture": "#0" },
				"east": { "uv": [ 12.1194, 3, 13.618, 9 ], "texture": "#0" }
			}
		},
		{
			"from": [ 1.259174, 7.000196, 10.12133 ],
			"to": [ 2.757774, 13.0002, 12.49353 ],
			"faces": {
				"down": { "uv": [ 1.2584, 3.5056, 2.757, 5.8778 ], "texture": "#0" },
				"up": { "uv": [ 1.2584, 10.1222, 2.757, 12.4944 ], "texture": "#0" },
				"north": { "uv": [ 13.243, 3, 14.7416, 9 ], "texture": "#0" },
				"south": { "uv": [ 1.2584, 3, 2.757, 9 ], "texture": "#0" },
				"west": { "uv": [ 10.1222, 3, 12.4944, 9 ], "texture": "#0" },
				"east": { "uv": [ 3.5056, 3, 5.8778, 9 ], "texture": "#0" }
			}
		},
		{
			"from": [ 1.257805, 7.000017, 3.505019 ],
			"to": [ 2.381405, 13.00002, 5.877219 ],
			"faces": {
				"down": { "uv": [ 1.2584, 10.1222, 2.382, 12.4944 ], "texture": "#0" },
				"up": { "uv": [ 1.2584, 3.5056, 2.382, 5.8778 ], "texture": "#0" },
				"north": { "uv": [ 13.618, 3, 14.7416, 9 ], "texture": "#0" },
				"south": { "uv": [ 1.2584, 3, 2.382, 9 ], "texture": "#0" },
				"west": { "uv": [ 3.5056, 3, 5.8778, 9 ], "texture": "#0" },
				"east": { "uv": [ 10.1222, 3, 12.4944, 9 ], "texture": "#0" }
			}
		},
		{
			"from": [ 2.382961, 7.000815, 2.381262 ],
			"to": [ 3.756561, 13.00082, 3.754862 ],
			"faces": {
				"down": { "uv": [ 2.382, 12.2444, 3.7556, 13.618 ], "texture": "#0" },
				"up": { "uv": [ 2.382, 2.382, 3.7556, 3.7556 ], "texture": "#0" },
				"north": { "uv": [ 12.2444, 3, 13.618, 9 ], "texture": "#0" },
				"south": { "uv": [ 2.382, 3, 3.7556, 9 ], "texture": "#0" },
				"west": { "uv": [ 2.382, 3, 3.7556, 9 ], "texture": "#0" },
				"east": { "uv": [ 12.2444, 3, 13.618, 9 ], "texture": "#0" }
			}
		},
		{
			"from": [ 2.382585, 7.000652, 12.49509 ],
			"to": [ 3.881185, 13.00065, 13.61869 ],
			"faces": {
				"down": { "uv": [ 2.382, 2.382, 3.8806, 3.5056 ], "texture": "#0" },
				"up": { "uv": [ 2.382, 12.4944, 3.8806, 13.618 ], "texture": "#0" },
				"north": { "uv": [ 12.1194, 3, 13.618, 9 ], "texture": "#0" },
				"south": { "uv": [ 2.382, 3, 3.8806, 9 ], "texture": "#0" },
				"west": { "uv": [ 12.4944, 3, 13.618, 9 ], "texture": "#0" },
				"east": { "uv": [ 2.382, 3, 3.5056, 9 ], "texture": "#0" }
			}
		},
		{
			"from": [ 14.35931, 5.999743, 5.8801 ],
			"to": [ 15.41931, 6.999743, 10.1201 ],
			"faces": {
				"down": { "uv": [ 14.36, 5.88, 15.42, 10.12 ], "texture": "#0" },
				"up": { "uv": [ 14.36, 5.88, 15.42, 10.12 ], "texture": "#0" },
				"north": { "uv": [ 0.5799999, 9, 1.64, 10 ], "texture": "#0" },
				"south": { "uv": [ 14.36, 9, 15.42, 10 ], "texture": "#0" },
				"west": { "uv": [ 5.88, 9, 10.12, 10 ], "texture": "#0" },
				"east": { "uv": [ 5.88, 9, 10.12, 10 ], "texture": "#0" }
			}
		},
		{
			"from": [ 0.5805412, 6.000127, 5.880644 ],
			"to": [ 1.640541, 7.000127, 10.12064 ],
			"faces": {
				"down": { "uv": [ 0.58, 5.88, 1.64, 10.12 ], "texture": "#0" },
				"up": { "uv": [ 0.58, 5.88, 1.64, 10.12 ], "texture": "#0" },
				"north": { "uv": [ 14.36, 9, 15.42, 10 ], "texture": "#0" },
				"south": { "uv": [ 0.58, 9, 1.64, 10 ], "texture": "#0" },
				"west": { "uv": [ 5.88, 9, 10.12, 10 ], "texture": "#0" },
				"east": { "uv": [ 5.88, 9, 10.12, 10 ], "texture": "#0" }
			}
		},
		{
			"from": [ 5.87996, 6.000883, 14.36025 ],
			"to": [ 10.11996, 7.000883, 15.42025 ],
			"faces": {
				"down": { "uv": [ 5.88, 0.5799999, 10.12, 1.64 ], "texture": "#0" },
				"up": { "uv": [ 5.88, 14.36, 10.12, 15.42 ], "texture": "#0" },
				"north": { "uv": [ 5.88, 9, 10.12, 10 ], "texture": "#0" },
				"south": { "uv": [ 5.88, 9, 10.12, 10 ], "texture": "#0" },
				"west": { "uv": [ 14.36, 9, 15.42, 10 ], "texture": "#0" },
				"east": { "uv": [ 0.5799999, 9, 1.64, 10 ], "texture": "#0" }
			}
		},
		{
			"from": [ 5.879105, 6.000464, 0.5792851 ],
			"to": [ 10.1191, 7.000464, 2.014285 ],
			"faces": {
				"down": { "uv": [ 5.88, 13.985, 10.12, 15.42 ], "texture": "#0" },
				"up": { "uv": [ 5.88, 0.5799999, 10.12, 2.015 ], "texture": "#0" },
				"north": { "uv": [ 5.88, 9, 10.12, 10 ], "texture": "#0" },
				"south": { "uv": [ 5.88, 9, 10.12, 10 ], "texture": "#0" },
				"west": { "uv": [ 0.58, 9, 2.015, 10 ], "texture": "#0" },
				"east": { "uv": [ 13.985, 9, 15.42, 10 ], "texture": "#0" }
			}
		},
		{
			"from": [ 3.759634, 6.000261, 13.29968 ],
			"to": [ 6.004634, 7.000261, 14.35968 ],
			"faces": {
				"down": { "uv": [ 3.76, 1.64, 6.005, 2.7 ], "texture": "#0" },
				"up": { "uv": [ 3.76, 13.3, 6.005, 14.36 ], "texture": "#0" },
				"north": { "uv": [ 9.995, 9, 12.24, 10 ], "texture": "#0" },
				"south": { "uv": [ 3.76, 9, 6.005, 10 ], "texture": "#0" },
				"west": { "uv": [ 13.3, 9, 14.36, 10 ], "texture": "#0" },
				"east": { "uv": [ 1.64, 9, 2.7, 10 ], "texture": "#0" }
			}
		},
		{
			"from": [ 3.760199, 5.999771, 1.640184 ],
			"to": [ 6.255199, 6.999771, 2.700184 ],
			"faces": {
				"down": { "uv": [ 3.76, 13.3, 6.255, 14.36 ], "texture": "#0" },
				"up": { "uv": [ 3.76, 1.64, 6.255, 2.7 ], "texture": "#0" },
				"north": { "uv": [ 9.745, 9, 12.24, 10 ], "texture": "#0" },
				"south": { "uv": [ 3.76, 9, 6.255, 10 ], "texture": "#0" },
				"west": { "uv": [ 1.64, 9, 2.7, 10 ], "texture": "#0" },
				"east": { "uv": [ 13.3, 9, 14.36, 10 ], "texture": "#0" }
			}
		},
		{
			"from": [ 10.12054, 5.999995, 1.640376 ],
			"to": [ 12.24054, 6.999995, 3.075376 ],
			"faces": {
				"down": { "uv": [ 10.12, 12.925, 12.24, 14.36 ], "texture": "#0" },
				"up": { "uv": [ 10.12, 1.64, 12.24, 3.075 ], "texture": "#0" },
				"north": { "uv": [ 3.76, 9, 5.88, 10 ], "texture": "#0" },
				"south": { "uv": [ 10.12, 9, 12.24, 10 ], "texture": "#0" },
				"west": { "uv": [ 1.64, 9, 3.075, 10 ], "texture": "#0" },
				"east": { "uv": [ 12.925, 9, 14.36, 10 ], "texture": "#0" }
			}
		},
		{
			"from": [ 9.995835, 6.000398, 13.30017 ],
			"to": [ 12.24084, 7.000398, 14.36016 ],
			"faces": {
				"down": { "uv": [ 9.995, 1.64, 12.24, 2.7 ], "texture": "#0" },
				"up": { "uv": [ 9.995, 13.3, 12.24, 14.36 ], "texture": "#0" },
				"north": { "uv": [ 3.76, 9, 6.005, 10 ], "texture": "#0" },
				"south": { "uv": [ 9.995, 9, 12.24, 10 ], "texture": "#0" },
				"west": { "uv": [ 13.3, 9, 14.36, 10 ], "texture": "#0" },
				"east": { "uv": [ 1.64, 9, 2.7, 10 ], "texture": "#0" }
			}
		},
		{
			"from": [ 11.99022, 5.99932, 11.98947 ],
			"to": [ 13.30022, 6.99932, 13.29947 ],
			"faces": {
				"down": { "uv": [ 11.99, 2.7, 13.3, 4.01 ], "texture": "#0" },
				"up": { "uv": [ 11.99, 11.99, 13.3, 13.3 ], "texture": "#0" },
				"north": { "uv": [ 2.7, 9, 4.01, 10 ], "texture": "#0" },
				"south": { "uv": [ 11.99, 9, 13.3, 10 ], "texture": "#0" },
				"west": { "uv": [ 11.99, 9, 13.3, 10 ], "texture": "#0" },
				"east": { "uv": [ 2.7, 9, 4.01, 10 ], "texture": "#0" }
			}
		},
		{
			"from": [ 13.30079, 6.000731, 9.994596 ],
			"to": [ 14.36079, 7.000731, 12.2396 ],
			"faces": {
				"down": { "uv": [ 13.3, 3.76, 14.36, 6.005 ], "texture": "#0" },
				"up": { "uv": [ 13.3, 9.995, 14.36, 12.24 ], "texture": "#0" },
				"north": { "uv": [ 1.64, 9, 2.7, 10 ], "texture": "#0" },
				"south": { "uv": [ 13.3, 9, 14.36, 10 ], "texture": "#0" },
				"west": { "uv": [ 9.995, 9, 12.24, 10 ], "texture": "#0" },
				"east": { "uv": [ 3.76, 9, 6.005, 10 ], "texture": "#0" }
			}
		},
		{
			"from": [ 13.29918, 6.000834, 3.759178 ],
			"to": [ 14.35918, 7.000834, 6.129178 ],
			"faces": {
				"down": { "uv": [ 13.3, 9.87, 14.36, 12.24 ], "texture": "#0" },
				"up": { "uv": [ 13.3, 3.76, 14.36, 6.13 ], "texture": "#0" },
				"north": { "uv": [ 1.64, 9, 2.7, 10 ], "texture": "#0" },
				"south": { "uv": [ 13.3, 9, 14.36, 10 ], "texture": "#0" },
				"west": { "uv": [ 3.76, 9, 6.13, 10 ], "texture": "#0" },
				"east": { "uv": [ 9.87, 9, 12.24, 10 ], "texture": "#0" }
			}
		},
		{
			"from": [ 12.24051, 6.000484, 2.699623 ],
			"to": [ 13.30051, 7.000484, 4.009624 ],
			"faces": {
				"down": { "uv": [ 12.24, 11.99, 13.3, 13.3 ], "texture": "#0" },
				"up": { "uv": [ 12.24, 2.7, 13.3, 4.01 ], "texture": "#0" },
				"north": { "uv": [ 2.7, 9, 3.76, 10 ], "texture": "#0" },
				"south": { "uv": [ 12.24, 9, 13.3, 10 ], "texture": "#0" },
				"west": { "uv": [ 2.7, 9, 4.01, 10 ], "texture": "#0" },
				"east": { "uv": [ 11.99, 9, 13.3, 10 ], "texture": "#0" }
			}
		},
		{
			"from": [ 1.6398, 5.999214, 9.994349 ],
			"to": [ 3.0748, 6.999214, 12.23935 ],
			"faces": {
				"down": { "uv": [ 1.64, 3.76, 3.075, 6.005 ], "texture": "#0" },
				"up": { "uv": [ 1.64, 9.995, 3.075, 12.24 ], "texture": "#0" },
				"north": { "uv": [ 12.925, 9, 14.36, 10 ], "texture": "#0" },
				"south": { "uv": [ 1.64, 9, 3.075, 10 ], "texture": "#0" },
				"west": { "uv": [ 9.995, 9, 12.24, 10 ], "texture": "#0" },
				"east": { "uv": [ 3.76, 9, 6.005, 10 ], "texture": "#0" }
			}
		},
		{
			"from": [ 1.640862, 5.999968, 3.760015 ],
			"to": [ 2.700862, 6.999968, 6.130015 ],
			"faces": {
				"down": { "uv": [ 1.64, 9.87, 2.7, 12.24 ], "texture": "#0" },
				"up": { "uv": [ 1.64, 3.76, 2.7, 6.13 ], "texture": "#0" },
				"north": { "uv": [ 13.3, 9, 14.36, 10 ], "texture": "#0" },
				"south": { "uv": [ 1.64, 9, 2.7, 10 ], "texture": "#0" },
				"west": { "uv": [ 3.76, 9, 6.13, 10 ], "texture": "#0" },
				"east": { "uv": [ 9.87, 9, 12.24, 10 ], "texture": "#0" }
			}
		},
		{
			"from": [ 2.699415, 6.000566, 2.699089 ],
			"to": [ 4.009415, 7.000566, 4.009089 ],
			"faces": {
				"down": { "uv": [ 2.7, 11.99, 4.01, 13.3 ], "texture": "#0" },
				"up": { "uv": [ 2.7, 2.7, 4.01, 4.01 ], "texture": "#0" },
				"north": { "uv": [ 11.99, 9, 13.3, 10 ], "texture": "#0" },
				"south": { "uv": [ 2.7, 9, 4.01, 10 ], "texture": "#0" },
				"west": { "uv": [ 2.7, 9, 4.01, 10 ], "texture": "#0" },
				"east": { "uv": [ 11.99, 9, 13.3, 10 ], "texture": "#0" }
			}
		},
		{
			"from": [ 2.699629, 5.999906, 12.24047 ],
			"to": [ 4.009629, 6.999906, 13.30047 ],
			"faces": {
				"down": { "uv": [ 2.7, 2.7, 4.01, 3.76 ], "texture": "#0" },
				"up": { "uv": [ 2.7, 12.24, 4.01, 13.3 ], "texture": "#0" },
				"north": { "uv": [ 11.99, 9, 13.3, 10 ], "texture": "#0" },
				"south": { "uv": [ 2.7, 9, 4.01, 10 ], "texture": "#0" },
				"west": { "uv": [ 12.24, 9, 13.3, 10 ], "texture": "#0" },
				"east": { "uv": [ 2.7, 9, 3.76, 10 ], "texture": "#0" }
			}
		},
		{
			"from": [ 3.000568, 4.999354, 11.62504 ],
			"to": [ 4.500568, 5.999354, 13.12504 ],
			"faces": {
				"down": { "uv": [ 3, 2.875, 4.5, 4.375 ], "texture": "#0" },
				"up": { "uv": [ 3, 11.625, 4.5, 13.125 ], "texture": "#0" },
				"north": { "uv": [ 11.5, 10, 13, 11 ], "texture": "#0" },
				"south": { "uv": [ 3, 10, 4.5, 11 ], "texture": "#0" },
				"west": { "uv": [ 11.625, 10, 13.125, 11 ], "texture": "#0" },
				"east": { "uv": [ 2.875, 10, 4.375, 11 ], "texture": "#0" }
			}
		},
		{
			"from": [ 14.00076, 5.000525, 5.999937 ],
			"to": [ 15.00076, 6.000525, 9.999937 ],
			"faces": {
				"down": { "uv": [ 14, 6, 15, 10 ], "texture": "#0" },
				"up": { "uv": [ 14, 6, 15, 10 ], "texture": "#0" },
				"north": { "uv": [ 1, 10, 2, 11 ], "texture": "#0" },
				"south": { "uv": [ 14, 10, 15, 11 ], "texture": "#0" },
				"west": { "uv": [ 6, 10, 10, 11 ], "texture": "#0" },
				"east": { "uv": [ 6, 10, 10, 11 ], "texture": "#0" }
			}
		},
		{
			"from": [ 0.9998744, 4.999721, 5.999168 ],
			"to": [ 1.999874, 5.999721, 9.999168 ],
			"faces": {
				"down": { "uv": [ 1, 6, 2, 10 ], "texture": "#0" },
				"up": { "uv": [ 1, 6, 2, 10 ], "texture": "#0" },
				"north": { "uv": [ 14, 10, 15, 11 ], "texture": "#0" },
				"south": { "uv": [ 1, 10, 2, 11 ], "texture": "#0" },
				"west": { "uv": [ 6, 10, 10, 11 ], "texture": "#0" },
				"east": { "uv": [ 6, 10, 10, 11 ], "texture": "#0" }
			}
		},
		{
			"from": [ 5.999398, 5.000855, 13.37507 ],
			"to": [ 9.999398, 6.000855, 14.87507 ],
			"faces": {
				"down": { "uv": [ 6, 1.125, 10, 2.625 ], "texture": "#0" },
				"up": { "uv": [ 6, 13.375, 10, 14.875 ], "texture": "#0" },
				"north": { "uv": [ 6, 10, 10, 11 ], "texture": "#0" },
				"south": { "uv": [ 6, 10, 10, 11 ], "texture": "#0" },
				"west": { "uv": [ 13.375, 10, 14.875, 11 ], "texture": "#0" },
				"east": { "uv": [ 1.125, 10, 2.625, 11 ], "texture": "#0" }
			}
		},
		{
			"from": [ 6.000534, 5.000916, 0.9997752 ],
			"to": [ 10.00053, 6.000916, 2.624775 ],
			"faces": {
				"down": { "uv": [ 6, 13.375, 10, 15 ], "texture": "#0" },
				"up": { "uv": [ 6, 1, 10, 2.625 ], "texture": "#0" },
				"north": { "uv": [ 6, 10, 10, 11 ], "texture": "#0" },
				"south": { "uv": [ 6, 10, 10, 11 ], "texture": "#0" },
				"west": { "uv": [ 1, 10, 2.625, 11 ], "texture": "#0" },
				"east": { "uv": [ 13.375, 10, 15, 11 ], "texture": "#0" }
			}
		},
		{
			"from": [ 3.999352, 4.999022, 12.99918 ],
			"to": [ 6.374352, 5.999022, 14.12418 ],
			"faces": {
				"down": { "uv": [ 4, 1.875, 6.375, 3 ], "texture": "#0" },
				"up": { "uv": [ 4, 13, 6.375, 14.125 ], "texture": "#0" },
				"north": { "uv": [ 9.625, 10, 12, 11 ], "texture": "#0" },
				"south": { "uv": [ 4, 10, 6.375, 11 ], "texture": "#0" },
				"west": { "uv": [ 13, 10, 14.125, 11 ], "texture": "#0" },
				"east": { "uv": [ 1.875, 10, 3, 11 ], "texture": "#0" }
			}
		},
		{
			"from": [ 3.999658, 5.000124, 2.000412 ],
			"to": [ 6.374658, 6.000124, 3.625412 ],
			"faces": {
				"down": { "uv": [ 4, 12.375, 6.375, 14 ], "texture": "#0" },
				"up": { "uv": [ 4, 2, 6.375, 3.625 ], "texture": "#0" },
				"north": { "uv": [ 9.625, 10, 12, 11 ], "texture": "#0" },
				"south": { "uv": [ 4, 10, 6.375, 11 ], "texture": "#0" },
				"west": { "uv": [ 2, 10, 3.625, 11 ], "texture": "#0" },
				"east": { "uv": [ 12.375, 10, 14, 11 ], "texture": "#0" }
			}
		},
		{
			"from": [ 9.999385, 5.000237, 2.000632 ],
			"to": [ 11.99938, 6.000237, 3.000632 ],
			"faces": {
				"down": { "uv": [ 10, 13, 12, 14 ], "texture": "#0" },
				"up": { "uv": [ 10, 2, 12, 3 ], "texture": "#0" },
				"north": { "uv": [ 4, 10, 6, 11 ], "texture": "#0" },
				"south": { "uv": [ 10, 10, 12, 11 ], "texture": "#0" },
				"west": { "uv": [ 2, 10, 3, 11 ], "texture": "#0" },
				"east": { "uv": [ 13, 10, 14, 11 ], "texture": "#0" }
			}
		},
		{
			"from": [ 9.999949, 5.000162, 12.4996 ],
			"to": [ 11.99995, 6.000162, 13.7496 ],
			"faces": {
				"down": { "uv": [ 10, 2.25, 12, 3.5 ], "texture": "#0" },
				"up": { "uv": [ 10, 12.5, 12, 13.75 ], "texture": "#0" },
				"north": { "uv": [ 4, 10, 6, 11 ], "texture": "#0" },
				"south": { "uv": [ 10, 10, 12, 11 ], "texture": "#0" },
				"west": { "uv": [ 12.5, 10, 13.75, 11 ], "texture": "#0" },
				"east": { "uv": [ 2.25, 10, 3.5, 11 ], "texture": "#0" }
			}
		},
		{
			"from": [ 12.00082, 5.000573, 11.50088 ],
			"to": [ 13.00082, 6.000573, 12.75088 ],
			"faces": {
				"down": { "uv": [ 12, 3.25, 13, 4.5 ], "texture": "#0" },
				"up": { "uv": [ 12, 11.5, 13, 12.75 ], "texture": "#0" },
				"north": { "uv": [ 3, 10, 4, 11 ], "texture": "#0" },
				"south": { "uv": [ 12, 10, 13, 11 ], "texture": "#0" },
				"west": { "uv": [ 11.5, 10, 12.75, 11 ], "texture": "#0" },
				"east": { "uv": [ 3.25, 10, 4.5, 11 ], "texture": "#0" }
			}
		},
		{
			"from": [ 13.0005, 5.000169, 9.749697 ],
			"to": [ 14.0005, 6.000169, 11.9997 ],
			"faces": {
				"down": { "uv": [ 13, 4, 14, 6.25 ], "texture": "#0" },
				"up": { "uv": [ 13, 9.75, 14, 12 ], "texture": "#0" },
				"north": { "uv": [ 2, 10, 3, 11 ], "texture": "#0" },
				"south": { "uv": [ 13, 10, 14, 11 ], "texture": "#0" },
				"west": { "uv": [ 9.75, 10, 12, 11 ], "texture": "#0" },
				"east": { "uv": [ 4, 10, 6.25, 11 ], "texture": "#0" }
			}
		},
		{
			"from": [ 12.99993, 5.000693, 4.000846 ],
			"to": [ 13.99993, 6.000693, 6.375846 ],
			"faces": {
				"down": { "uv": [ 13, 9.625, 14, 12 ], "texture": "#0" },
				"up": { "uv": [ 13, 4, 14, 6.375 ], "texture": "#0" },
				"north": { "uv": [ 2, 10, 3, 11 ], "texture": "#0" },
				"south": { "uv": [ 13, 10, 14, 11 ], "texture": "#0" },
				"west": { "uv": [ 4, 10, 6.375, 11 ], "texture": "#0" },
				"east": { "uv": [ 9.625, 10, 12, 11 ], "texture": "#0" }
			}
		},
		{
			"from": [ 1.999685, 4.99993, 9.750876 ],
			"to": [ 2.999685, 5.99993, 11.87588 ],
			"faces": {
				"down": { "uv": [ 2, 4.125, 3, 6.25 ], "texture": "#0" },
				"up": { "uv": [ 2, 9.75, 3, 11.875 ], "texture": "#0" },
				"north": { "uv": [ 13, 10, 14, 11 ], "texture": "#0" },
				"south": { "uv": [ 2, 10, 3, 11 ], "texture": "#0" },
				"west": { "uv": [ 9.75, 10, 11.875, 11 ], "texture": "#0" },
				"east": { "uv": [ 4.125, 10, 6.25, 11 ], "texture": "#0" }
			}
		},
		{
			"from": [ 2.000162, 4.999231, 4.000215 ],
			"to": [ 3.000162, 5.999231, 6.375215 ],
			"faces": {
				"down": { "uv": [ 2, 9.625, 3, 12 ], "texture": "#0" },
				"up": { "uv": [ 2, 4, 3, 6.375 ], "texture": "#0" },
				"north": { "uv": [ 13, 10, 14, 11 ], "texture": "#0" },
				"south": { "uv": [ 2, 10, 3, 11 ], "texture": "#0" },
				"west": { "uv": [ 4, 10, 6.375, 11 ], "texture": "#0" },
				"east": { "uv": [ 9.625, 10, 12, 11 ], "texture": "#0" }
			}
		},
		{
			"from": [ 3.000845, 4.99968, 2.999379 ],
			"to": [ 4.000845, 5.99968, 4.499379 ],
			"faces": {
				"down": { "uv": [ 3, 11.5, 4, 13 ], "texture": "#0" },
				"up": { "uv": [ 3, 3, 4, 4.5 ], "texture": "#0" },
				"north": { "uv": [ 12, 10, 13, 11 ], "texture": "#0" },
				"south": { "uv": [ 3, 10, 4, 11 ], "texture": "#0" },
				"west": { "uv": [ 3, 10, 4.5, 11 ], "texture": "#0" },
				"east": { "uv": [ 11.5, 10, 13, 11 ], "texture": "#0" }
			}
		},
		{
			"from": [ 3.500624, 4.000981, 11.60096 ],
			"to": [ 4.400624, 5.000981, 12.50096 ],
			"faces": {
				"down": { "uv": [ 3.5, 3.5, 4.4, 4.4 ], "texture": "#0" },
				"up": { "uv": [ 3.5, 11.6, 4.4, 12.5 ], "texture": "#0" },
				"north": { "uv": [ 11.6, 11, 12.5, 12 ], "texture": "#0" },
				"south": { "uv": [ 3.5, 11, 4.4, 12 ], "texture": "#0" },
				"west": { "uv": [ 11.6, 11, 12.5, 12 ], "texture": "#0" },
				"east": { "uv": [ 3.5, 11, 4.4, 12 ], "texture": "#0" }
			}
		},
		{
			"from": [ 13.40041, 4.00005, 6.199064 ],
			"to": [ 14.30041, 5.00005, 9.799065 ],
			"faces": {
				"down": { "uv": [ 13.4, 6.2, 14.3, 9.8 ], "texture": "#0" },
				"up": { "uv": [ 13.4, 6.2, 14.3, 9.8 ], "texture": "#0" },
				"north": { "uv": [ 1.7, 11, 2.6, 12 ], "texture": "#0" },
				"south": { "uv": [ 13.4, 11, 14.3, 12 ], "texture": "#0" },
				"west": { "uv": [ 6.2, 11, 9.8, 12 ], "texture": "#0" },
				"east": { "uv": [ 6.2, 11, 9.8, 12 ], "texture": "#0" }
			}
		},
		{
			"from": [ 1.699021, 4.000811, 6.200335 ],
			"to": [ 13.47402, 5.000811, 9.800335 ],
			"faces": {
				"down": { "uv": [ 1.7, 6.2, 13.475, 9.8 ], "texture": "#0" },
				"up": { "uv": [ 1.7, 6.2, 13.475, 9.8 ], "texture": "#0" },
				"north": { "uv": [ 2.524999, 11, 14.3, 12 ], "texture": "#0" },
				"south": { "uv": [ 1.7, 11, 13.475, 12 ], "texture": "#0" },
				"west": { "uv": [ 6.2, 11, 9.8, 12 ], "texture": "#0" },
				"east": { "uv": [ 6.2, 11, 9.8, 12 ], "texture": "#0" }
			}
		},
		{
			"from": [ 6.199522, 4.000898, 11.52476 ],
			"to": [ 9.799522, 5.000898, 14.42476 ],
			"faces": {
				"down": { "uv": [ 6.2, 1.575, 9.8, 4.475 ], "texture": "#0" },
				"up": { "uv": [ 6.2, 11.525, 9.8, 14.425 ], "texture": "#0" },
				"north": { "uv": [ 6.2, 11, 9.8, 12 ], "texture": "#0" },
				"south": { "uv": [ 6.2, 11, 9.8, 12 ], "texture": "#0" },
				"west": { "uv": [ 11.525, 11, 14.425, 12 ], "texture": "#0" },
				"east": { "uv": [ 1.575, 11, 4.475, 12 ], "texture": "#0" }
			}
		},
		{
			"from": [ 6.1993, 3.99952, 1.6996 ],
			"to": [ 9.7993, 4.99952, 6.2246 ],
			"faces": {
				"down": { "uv": [ 6.2, 9.775001, 9.8, 14.3 ], "texture": "#0" },
				"up": { "uv": [ 6.2, 1.7, 9.8, 6.224999 ], "texture": "#0" },
				"north": { "uv": [ 6.2, 11, 9.8, 12 ], "texture": "#0" },
				"south": { "uv": [ 6.2, 11, 9.8, 12 ], "texture": "#0" },
				"west": { "uv": [ 1.7, 11, 6.224999, 12 ], "texture": "#0" },
				"east": { "uv": [ 9.775001, 11, 14.3, 12 ], "texture": "#0" }
			}
		},
		{
			"from": [ 4.399012, 4.000962, 11.49936 ],
			"to": [ 6.199012, 5.000962, 13.39936 ],
			"faces": {
				"down": { "uv": [ 4.4, 2.6, 6.2, 4.5 ], "texture": "#0" },
				"up": { "uv": [ 4.4, 11.5, 6.2, 13.4 ], "texture": "#0" },
				"north": { "uv": [ 9.8, 11, 11.6, 12 ], "texture": "#0" },
				"south": { "uv": [ 4.4, 11, 6.2, 12 ], "texture": "#0" },
				"west": { "uv": [ 11.5, 11, 13.4, 12 ], "texture": "#0" },
				"east": { "uv": [ 2.6, 11, 4.5, 12 ], "texture": "#0" }
			}
		},
		{
			"from": [ 4.400193, 4.000182, 2.600296 ],
			"to": [ 6.200193, 5.000182, 6.250296 ],
			"faces": {
				"down": { "uv": [ 4.4, 9.75, 6.2, 13.4 ], "texture": "#0" },
				"up": { "uv": [ 4.4, 2.6, 6.2, 6.25 ], "texture": "#0" },
				"north": { "uv": [ 9.8, 11, 11.6, 12 ], "texture": "#0" },
				"south": { "uv": [ 4.4, 11, 6.2, 12 ], "texture": "#0" },
				"west": { "uv": [ 2.6, 11, 6.25, 12 ], "texture": "#0" },
				"east": { "uv": [ 9.75, 11, 13.4, 12 ], "texture": "#0" }
			}
		},
		{
			"from": [ 9.800338, 3.999025, 2.60028 ],
			"to": [ 11.60034, 4.999025, 4.37528 ],
			"faces": {
				"down": { "uv": [ 9.8, 11.625, 11.6, 13.4 ], "texture": "#0" },
				"up": { "uv": [ 9.8, 2.6, 11.6, 4.375 ], "texture": "#0" },
				"north": { "uv": [ 4.4, 11, 6.2, 12 ], "texture": "#0" },
				"south": { "uv": [ 9.8, 11, 11.6, 12 ], "texture": "#0" },
				"west": { "uv": [ 2.6, 11, 4.375, 12 ], "texture": "#0" },
				"east": { "uv": [ 11.625, 11, 13.4, 12 ], "texture": "#0" }
			}
		},
		{
			"from": [ 9.799624, 3.999995, 11.50042 ],
			"to": [ 11.59962, 4.999995, 13.40042 ],
			"faces": {
				"down": { "uv": [ 9.8, 2.6, 11.6, 4.5 ], "texture": "#0" },
				"up": { "uv": [ 9.8, 11.5, 11.6, 13.4 ], "texture": "#0" },
				"north": { "uv": [ 4.4, 11, 6.2, 12 ], "texture": "#0" },
				"south": { "uv": [ 9.8, 11, 11.6, 12 ], "texture": "#0" },
				"west": { "uv": [ 11.5, 11, 13.4, 12 ], "texture": "#0" },
				"east": { "uv": [ 2.6, 11, 4.5, 12 ], "texture": "#0" }
			}
		},
		{
			"from": [ 11.59937, 4.000782, 11.60015 ],
			"to": [ 12.49937, 5.000782, 12.50015 ],
			"faces": {
				"down": { "uv": [ 11.6, 3.5, 12.5, 4.4 ], "texture": "#0" },
				"up": { "uv": [ 11.6, 11.6, 12.5, 12.5 ], "texture": "#0" },
				"north": { "uv": [ 3.5, 11, 4.4, 12 ], "texture": "#0" },
				"south": { "uv": [ 11.6, 11, 12.5, 12 ], "texture": "#0" },
				"west": { "uv": [ 11.6, 11, 12.5, 12 ], "texture": "#0" },
				"east": { "uv": [ 3.5, 11, 4.4, 12 ], "texture": "#0" }
			}
		},
		{
			"from": [ 9.499568, 3.999929, 9.80037 ],
			"to": [ 13.39957, 4.999929, 11.60037 ],
			"faces": {
				"down": { "uv": [ 9.5, 4.4, 13.4, 6.2 ], "texture": "#0" },
				"up": { "uv": [ 9.5, 9.8, 13.4, 11.6 ], "texture": "#0" },
				"north": { "uv": [ 2.6, 11, 6.5, 12 ], "texture": "#0" },
				"south": { "uv": [ 9.5, 11, 13.4, 12 ], "texture": "#0" },
				"west": { "uv": [ 9.8, 11, 11.6, 12 ], "texture": "#0" },
				"east": { "uv": [ 4.4, 11, 6.2, 12 ], "texture": "#0" }
			}
		},
		{
			"from": [ 9.749759, 4.000854, 4.275461 ],
			"to": [ 13.39976, 5.000854, 6.200461 ],
			"faces": {
				"down": { "uv": [ 9.75, 9.8, 13.4, 11.725 ], "texture": "#0" },
				"up": { "uv": [ 9.75, 4.275, 13.4, 6.2 ], "texture": "#0" },
				"north": { "uv": [ 2.6, 11, 6.25, 12 ], "texture": "#0" },
				"south": { "uv": [ 9.75, 11, 13.4, 12 ], "texture": "#0" },
				"west": { "uv": [ 4.275, 11, 6.2, 12 ], "texture": "#0" },
				"east": { "uv": [ 9.8, 11, 11.725, 12 ], "texture": "#0" }
			}
		},
		{
			"from": [ 11.59958, 3.999159, 3.500612 ],
			"to": [ 12.49958, 4.999159, 4.400613 ],
			"faces": {
				"down": { "uv": [ 11.6, 11.6, 12.5, 12.5 ], "texture": "#0" },
				"up": { "uv": [ 11.6, 3.5, 12.5, 4.4 ], "texture": "#0" },
				"north": { "uv": [ 3.5, 11, 4.4, 12 ], "texture": "#0" },
				"south": { "uv": [ 11.6, 11, 12.5, 12 ], "texture": "#0" },
				"west": { "uv": [ 3.5, 11, 4.4, 12 ], "texture": "#0" },
				"east": { "uv": [ 11.6, 11, 12.5, 12 ], "texture": "#0" }
			}
		},
		{
			"from": [ 2.599118, 4.000229, 9.800538 ],
			"to": [ 9.499119, 5.000229, 11.72554 ],
			"faces": {
				"down": { "uv": [ 2.6, 4.275, 9.5, 6.2 ], "texture": "#0" },
				"up": { "uv": [ 2.6, 9.8, 9.5, 11.725 ], "texture": "#0" },
				"north": { "uv": [ 6.5, 11, 13.4, 12 ], "texture": "#0" },
				"south": { "uv": [ 2.6, 11, 9.5, 12 ], "texture": "#0" },
				"west": { "uv": [ 9.8, 11, 11.725, 12 ], "texture": "#0" },
				"east": { "uv": [ 4.275, 11, 6.2, 12 ], "texture": "#0" }
			}
		},
		{
			"from": [ 2.599221, 3.999192, 4.400791 ],
			"to": [ 4.499221, 4.999192, 6.20079 ],
			"faces": {
				"down": { "uv": [ 2.6, 9.8, 4.5, 11.6 ], "texture": "#0" },
				"up": { "uv": [ 2.6, 4.4, 4.5, 6.2 ], "texture": "#0" },
				"north": { "uv": [ 11.5, 11, 13.4, 12 ], "texture": "#0" },
				"south": { "uv": [ 2.6, 11, 4.5, 12 ], "texture": "#0" },
				"west": { "uv": [ 4.4, 11, 6.2, 12 ], "texture": "#0" },
				"east": { "uv": [ 9.8, 11, 11.6, 12 ], "texture": "#0" }
			}
		},
		{
			"from": [ 3.49975, 3.999039, 3.500041 ],
			"to": [ 4.39975, 4.99904, 4.400041 ],
			"faces": {
				"down": { "uv": [ 3.5, 11.6, 4.4, 12.5 ], "texture": "#0" },
				"up": { "uv": [ 3.5, 3.5, 4.4, 4.4 ], "texture": "#0" },
				"north": { "uv": [ 11.6, 11, 12.5, 12 ], "texture": "#0" },
				"south": { "uv": [ 3.5, 11, 4.4, 12 ], "texture": "#0" },
				"west": { "uv": [ 3.5, 11, 4.4, 12 ], "texture": "#0" },
				"east": { "uv": [ 11.6, 11, 12.5, 12 ], "texture": "#0" }
			}
		},
		{
			"from": [ 11.49931, 5.000185, 3.000592 ],
			"to": [ 12.99931, 6.000185, 4.500592 ],
			"faces": {
				"down": { "uv": [ 11.5, 11.5, 13, 13 ], "texture": "#0" },
				"up": { "uv": [ 11.5, 3, 13, 4.5 ], "texture": "#0" },
				"north": { "uv": [ 3, 10, 4.5, 11 ], "texture": "#0" },
				"south": { "uv": [ 11.5, 10, 13, 11 ], "texture": "#0" },
				"west": { "uv": [ 3, 10, 4.5, 11 ], "texture": "#0" },
				"east": { "uv": [ 11.5, 10, 13, 11 ], "texture": "#0" }
			}
		},
		{
			"from": [ -0.0004233801, 0.0008957866, 6.000559 ],
			"to": [ 15.99958, 4.000896, 10.00056 ],
			"faces": {
				"down": { "uv": [ 0, 6, 16, 10 ], "texture": "#1" },
				"up": { "uv": [ 0, 6, 16, 10 ], "texture": "#1" },
				"north": { "uv": [ 0, 12, 16, 16 ], "texture": "#1" },
				"south": { "uv": [ 0, 12, 16, 16 ], "texture": "#1" },
				"west": { "uv": [ 6, 12, 10, 16 ], "texture": "#1" },
				"east": { "uv": [ 6, 12, 10, 16 ], "texture": "#1" }
			}
		},
		{
			"from": [ 5.999292, -7.90435E-05, -0.0004611837 ],
			"to": [ 9.999292, 3.999921, 15.99954 ],
			"faces": {
				"down": { "uv": [ 6, 0, 10, 16 ], "texture": "#1" },
				"up": { "uv": [ 6, 0, 10, 16 ], "texture": "#1" },
				"north": { "uv": [ 6, 12, 10, 16 ], "texture": "#1" },
				"south": { "uv": [ 6, 12, 10, 16 ], "texture": "#1" },
				"west": { "uv": [ 0, 12, 16, 16 ], "texture": "#1" },
				"east": { "uv": [ 0, 12, 16, 16 ], "texture": "#1" }
			}
		},
		{
			"from": [ -0.0002604891, 0.0006203988, 6.000492 ],
			"to": [ 15.99974, 4.00062, 10.00049 ],
			"rotation": { "origin": [ 8, 8, 8 ], "axis": "y", "angle": -45 },
			"faces": {
				"down": { "uv": [ 3.75736, 11.07107, 16, 15.07107 ], "texture": "#1" },
				"up": { "uv": [ 3.75736, 0.9289322, 16, 4.928932 ], "texture": "#1" },
				"north": { "uv": [ 0, 12, 12.24264, 16 ], "texture": "#1" },
				"south": { "uv": [ 3.75736, 12, 16, 16 ], "texture": "#1" },
				"west": { "uv": [ 0.9289317, 12, 4.928932, 16 ], "texture": "#1" },
				"east": { "uv": [ 11.07107, 12, 15.07107, 16 ], "texture": "#1" }
			}
		},
		{
			"from": [ 5.999599, 0.0008544539, 0.0004639778 ],
			"to": [ 9.999599, 4.000854, 16.00046 ],
			"rotation": { "origin": [ 8, 8, 8 ], "axis": "y", "angle": -45 },
			"faces": {
				"down": { "uv": [ 12.24264, 0, 16, 15.07107 ], "texture": "#1" },
				"up": { "uv": [ 12.24264, 0.9289322, 16, 16 ], "texture": "#1" },
				"north": { "uv": [ 0, 12, 3.757359, 16 ], "texture": "#1" },
				"south": { "uv": [ 12.24264, 12, 16, 16 ], "texture": "#1" },
				"west": { "uv": [ 0.9289322, 12, 16, 16 ], "texture": "#1" },
				"east": { "uv": [ 0, 12, 15.07107, 16 ], "texture": "#1" }
			}
		},
		{
			"from": [ 1.295526, 7.09913, 5.76513 ],
			"to": [ 14.70412, 8.216513, 10.23466 ],
			"faces": {
				"up": { "uv": [ 1.295701, 5.765234, 14.7043, 10.23477 ], "texture": "#2" }
			}
		},
		{
			"from": [ 5.765811, 7.099383, 1.296676 ],
			"to": [ 10.23534, 8.216766, 5.766209 ],
			"faces": {
				"up": { "uv": [ 5.765234, 1.295701, 10.23477, 5.765234 ], "texture": "#2" }
			}
		},
		{
			"from": [ 5.766164, 7.100141, 10.23533 ],
			"to": [ 10.2357, 8.217525, 14.70487 ],
			"faces": {
				"up": { "uv": [ 5.765234, 10.23477, 10.23477, 14.7043 ], "texture": "#2" }
			}
		},
		{
			"from": [ 2.412482, 7.099609, 3.529805 ],
			"to": [ 3.529866, 8.216993, 5.764571 ],
			"faces": {
				"up": { "uv": [ 2.413084, 3.530468, 3.530468, 5.765234 ], "texture": "#2" }
			}
		},
		{
			"from": [ 3.530009, 7.099366, 2.41248 ],
			"to": [ 5.764775, 8.216749, 5.764629 ],
			"faces": {
				"up": { "uv": [ 3.530468, 2.413084, 5.765234, 5.765234 ], "texture": "#2" }
			}
		},
		{
			"from": [ 3.531286, 7.099226, 10.2343 ],
			"to": [ 5.766051, 8.216609, 13.58645 ],
			"faces": {
				"up": { "uv": [ 3.530468, 10.23477, 5.765234, 13.58692 ], "texture": "#2" }
			}
		},
		{
			"from": [ 2.413015, 7.09936, 10.23417 ],
			"to": [ 3.530399, 8.216743, 12.46894 ],
			"faces": {
				"up": { "uv": [ 2.413084, 10.23477, 3.530468, 12.46953 ], "texture": "#2" }
			}
		},
		{
			"from": [ 10.2347, 7.100327, 10.23565 ],
			"to": [ 12.46947, 8.21771, 13.5878 ],
			"faces": {
				"up": { "uv": [ 10.23477, 10.23477, 12.46953, 13.58692 ], "texture": "#2" }
			}
		},
		{
			"from": [ 12.47034, 7.100513, 10.23505 ],
			"to": [ 13.58772, 8.217897, 12.46981 ],
			"faces": {
				"up": { "uv": [ 12.46953, 10.23477, 13.58692, 12.46953 ], "texture": "#2" }
			}
		},
		{
			"from": [ 12.46942, 7.100808, 3.530168 ],
			"to": [ 13.5868, 8.218191, 5.764935 ],
			"faces": {
				"up": { "uv": [ 12.46953, 3.530468, 13.58692, 5.765234 ], "texture": "#2" }
			}
		},
		{
			"from": [ 10.2348, 7.100784, 2.413756 ],
			"to": [ 12.46957, 8.218168, 5.765905 ],
			"faces": {
				"up": { "uv": [ 10.23477, 2.413084, 12.46953, 5.765234 ], "texture": "#2" }
			}
		}
	]
}