{
	"credit": "Made with Blockbench, a free, modern block model editor by JannisX11",
	"parent": "item/parents/sapling",
	"textures": {
		"1": "3d_decoration/sapling_roofed_oak_wood",
		"2": "3d_decoration/sapling_roofed_oak_leaves",
		"particle": "3d_decoration/sapling_roofed_oak_leaves"
	},
	"elements": [
		{
			"name": "cube",
			"from": [6, 9, 8],
			"to": [7, 11, 9],
			"faces": {
				"north": {"uv": [9, 5, 10, 7], "texture": "#1"},
				"east": {"uv": [9, 7, 8, 5], "texture": "#1"},
				"south": {"uv": [6, 5, 7, 7], "texture": "#1"},
				"west": {"uv": [7, 5, 8, 7], "texture": "#1"},
				"up": {"uv": [6, 7, 7, 8], "texture": "#1"},
				"down": {"uv": [6, 8, 7, 9], "texture": "#1"}
			},
			"type": "cube"
		},
		{
			"name": "cube",
			"from": [9, 7, 8],
			"to": [11, 9, 9],
			"faces": {
				"north": {"uv": [5, 7, 7, 9], "texture": "#1"},
				"east": {"uv": [9, 9, 8, 7], "texture": "#1"},
				"south": {"uv": [9, 7, 11, 9], "texture": "#1"},
				"west": {"uv": [7, 7, 8, 9], "texture": "#1"},
				"up": {"uv": [9, 7, 11, 8], "texture": "#1"},
				"down": {"uv": [9, 8, 11, 9], "texture": "#1"}
			},
			"type": "cube"
		},
		{
			"name": "cube",
			"from": [6, 0, 6],
			"to": [10, 7, 10],
			"faces": {
				"north": {"uv": [6, 9, 10, 16], "texture": "#1"},
				"east": {"uv": [11, 16, 7, 9], "texture": "#1"},
				"south": {"uv": [6, 9, 10, 16], "texture": "#1"},
				"west": {"uv": [5, 9, 9, 16], "texture": "#1"},
				"up": {"uv": [6, 5, 10, 9], "texture": "#1"},
				"down": {"uv": [6, 7, 10, 11], "texture": "#1"}
			},
			"type": "cube"
		},
		{
			"name": "cube",
			"from": [5, 10, 7],
			"to": [6, 12, 8],
			"faces": {
				"north": {"uv": [10, 4, 11, 6], "texture": "#1"},
				"east": {"uv": [10, 6, 9, 4], "texture": "#1"},
				"south": {"uv": [5, 4, 6, 6], "texture": "#1"},
				"west": {"uv": [6, 4, 7, 6], "texture": "#1"},
				"up": {"uv": [5, 6, 6, 7], "texture": "#1"},
				"down": {"uv": [5, 9, 6, 10], "texture": "#1"}
			},
			"type": "cube"
		},
		{
			"name": "cube",
			"from": [4, 11, 7],
			"to": [5, 12, 8],
			"faces": {
				"north": {"uv": [11, 4, 12, 5], "texture": "#1"},
				"east": {"uv": [10, 5, 9, 4], "texture": "#1"},
				"south": {"uv": [4, 4, 5, 5], "texture": "#1"},
				"west": {"uv": [6, 4, 7, 5], "texture": "#1"},
				"up": {"uv": [4, 6, 5, 7], "texture": "#1"},
				"down": {"uv": [4, 9, 5, 10], "texture": "#1"}
			},
			"type": "cube"
		},
		{
			"name": "cube",
			"from": [11, 6, 8],
			"to": [12, 8, 9],
			"faces": {
				"north": {"uv": [4, 8, 5, 10], "texture": "#1"},
				"east": {"uv": [9, 10, 8, 8], "texture": "#1"},
				"south": {"uv": [11, 8, 12, 10], "texture": "#1"},
				"west": {"uv": [7, 8, 8, 10], "texture": "#1"},
				"up": {"uv": [11, 7, 12, 8], "texture": "#1"},
				"down": {"uv": [11, 8, 12, 9], "texture": "#1"}
			},
			"type": "cube"
		},
		{
			"name": "cube",
			"from": [10, 9, 7],
			"to": [11, 11, 8],
			"faces": {
				"north": {"uv": [5, 5, 6, 7], "texture": "#1"},
				"east": {"uv": [10, 7, 9, 5], "texture": "#1"},
				"south": {"uv": [10, 5, 11, 7], "texture": "#1"},
				"west": {"uv": [6, 5, 7, 7], "texture": "#1"},
				"up": {"uv": [10, 6, 11, 7], "texture": "#1"},
				"down": {"uv": [10, 9, 11, 10], "texture": "#1"}
			},
			"type": "cube"
		},
		{
			"name": "cube",
			"from": [11, 10, 6],
			"to": [12, 13, 7],
			"faces": {
				"north": {"uv": [4, 3, 5, 6], "texture": "#1"},
				"east": {"uv": [11, 6, 10, 3], "texture": "#1"},
				"south": {"uv": [11, 3, 12, 6], "texture": "#1"},
				"west": {"uv": [5, 3, 6, 6], "texture": "#1"},
				"up": {"uv": [11, 5, 12, 6], "texture": "#1"},
				"down": {"uv": [11, 10, 12, 11], "texture": "#1"}
			},
			"type": "cube"
		},
		{
			"name": "cube",
			"from": [12, 11, 6],
			"to": [13, 12, 7],
			"faces": {
				"north": {"uv": [3, 4, 4, 5], "texture": "#1"},
				"east": {"uv": [11, 5, 10, 4], "texture": "#1"},
				"south": {"uv": [12, 4, 13, 5], "texture": "#1"},
				"west": {"uv": [5, 4, 6, 5], "texture": "#1"},
				"up": {"uv": [12, 5, 13, 6], "texture": "#1"},
				"down": {"uv": [12, 10, 13, 11], "texture": "#1"}
			},
			"type": "cube"
		},
		{
			"name": "cube",
			"from": [3, 10, 7],
			"to": [4, 11, 8],
			"faces": {
				"north": {"uv": [12, 5, 13, 6], "texture": "#1"},
				"east": {"uv": [10, 6, 9, 5], "texture": "#1"},
				"south": {"uv": [3, 5, 4, 6], "texture": "#1"},
				"west": {"uv": [6, 5, 7, 6], "texture": "#1"},
				"up": {"uv": [3, 6, 4, 7], "texture": "#1"},
				"down": {"uv": [3, 9, 4, 10], "texture": "#1"}
			},
			"type": "cube"
		},
		{
			"name": "cube",
			"from": [7, 7, 7],
			"to": [9, 11, 9],
			"faces": {
				"north": {"uv": [7, 5, 9, 9], "texture": "#1"},
				"east": {"uv": [10, 9, 8, 5], "texture": "#1"},
				"south": {"uv": [7, 5, 9, 9], "texture": "#1"},
				"west": {"uv": [6, 5, 8, 9], "texture": "#1"},
				"up": {"uv": [7, 6, 9, 8], "texture": "#1"},
				"down": {"uv": [7, 8, 9, 10], "texture": "#1"}
			},
			"type": "cube"
		},
		{
			"name": "cube",
			"from": [9, 7, 7],
			"to": [10, 9, 8],
			"faces": {
				"north": {"uv": [6, 7, 7, 9], "texture": "#1"},
				"east": {"uv": [10, 9, 9, 7], "texture": "#1"},
				"south": {"uv": [9, 7, 10, 9], "texture": "#1"},
				"west": {"uv": [6, 7, 7, 9], "texture": "#1"},
				"up": {"uv": [9, 6, 10, 7], "texture": "#1"},
				"down": {"uv": [9, 9, 10, 10], "texture": "#1"}
			},
			"type": "cube"
		},
		{
			"name": "cube",
			"from": [7, 7, 6],
			"to": [8, 9, 7],
			"faces": {
				"north": {"uv": [8, 7, 9, 9], "texture": "#1"},
				"east": {"uv": [11, 9, 10, 7], "texture": "#1"},
				"south": {"uv": [7, 7, 8, 9], "texture": "#1"},
				"west": {"uv": [5, 7, 6, 9], "texture": "#1"},
				"up": {"uv": [7, 5, 8, 6], "texture": "#1"},
				"down": {"uv": [7, 10, 8, 11], "texture": "#1"}
			},
			"type": "cube"
		},
		{
			"name": "cube",
			"from": [6, 7, 7],
			"to": [7, 9, 8],
			"faces": {
				"north": {"uv": [9, 7, 10, 9], "texture": "#1"},
				"east": {"uv": [10, 9, 9, 7], "texture": "#1"},
				"south": {"uv": [6, 7, 7, 9], "texture": "#1"},
				"west": {"uv": [6, 7, 7, 9], "texture": "#1"},
				"up": {"uv": [6, 6, 7, 7], "texture": "#1"},
				"down": {"uv": [6, 9, 7, 10], "texture": "#1"}
			},
			"type": "cube"
		},
		{
			"name": "cube",
			"from": [6, 7, 8],
			"to": [7, 9, 9],
			"faces": {
				"north": {"uv": [9, 7, 10, 9], "texture": "#1"},
				"east": {"uv": [9, 9, 8, 7], "texture": "#1"},
				"south": {"uv": [6, 7, 7, 9], "texture": "#1"},
				"west": {"uv": [7, 7, 8, 9], "texture": "#1"},
				"up": {"uv": [6, 7, 7, 8], "texture": "#1"},
				"down": {"uv": [6, 8, 7, 9], "texture": "#1"}
			},
			"type": "cube"
		},
		{
			"name": "cube",
			"from": [8, 10, 3],
			"to": [9, 11, 4],
			"faces": {
				"north": {"uv": [7, 5, 8, 6], "texture": "#1"},
				"east": {"uv": [14, 6, 13, 5], "texture": "#1"},
				"south": {"uv": [8, 5, 9, 6], "texture": "#1"},
				"west": {"uv": [2, 5, 3, 6], "texture": "#1"},
				"up": {"uv": [8, 2, 9, 3], "texture": "#1"},
				"down": {"uv": [8, 13, 9, 14], "texture": "#1"}
			},
			"type": "cube"
		},
		{
			"name": "cube",
			"from": [7, 9, 6],
			"to": [8, 11, 7],
			"faces": {
				"north": {"uv": [8, 5, 9, 7], "texture": "#1"},
				"east": {"uv": [11, 7, 10, 5], "texture": "#1"},
				"south": {"uv": [7, 5, 8, 7], "texture": "#1"},
				"west": {"uv": [5, 5, 6, 7], "texture": "#1"},
				"up": {"uv": [7, 5, 8, 6], "texture": "#1"},
				"down": {"uv": [7, 10, 8, 11], "texture": "#1"}
			},
			"type": "cube"
		},
		{
			"name": "cube",
			"from": [7, 7, 9],
			"to": [8, 9, 11],
			"faces": {
				"north": {"uv": [8, 7, 9, 9], "texture": "#1"},
				"east": {"uv": [8, 9, 6, 7], "texture": "#1"},
				"south": {"uv": [7, 7, 8, 9], "texture": "#1"},
				"west": {"uv": [8, 7, 10, 9], "texture": "#1"},
				"up": {"uv": [7, 8, 8, 10], "texture": "#1"},
				"down": {"uv": [7, 6, 8, 8], "texture": "#1"}
			},
			"type": "cube"
		},
		{
			"name": "cube",
			"from": [8, 10, 5],
			"to": [9, 12, 6],
			"faces": {
				"north": {"uv": [7, 4, 8, 6], "texture": "#1"},
				"east": {"uv": [12, 6, 11, 4], "texture": "#1"},
				"south": {"uv": [8, 4, 9, 6], "texture": "#1"},
				"west": {"uv": [4, 4, 5, 6], "texture": "#1"},
				"up": {"uv": [8, 4, 9, 5], "texture": "#1"},
				"down": {"uv": [8, 11, 9, 12], "texture": "#1"}
			},
			"type": "cube"
		},
		{
			"name": "cube",
			"from": [8, 11, 4],
			"to": [9, 12, 5],
			"faces": {
				"north": {"uv": [7, 4, 8, 5], "texture": "#1"},
				"east": {"uv": [13, 5, 12, 4], "texture": "#1"},
				"south": {"uv": [8, 4, 9, 5], "texture": "#1"},
				"west": {"uv": [3, 4, 4, 5], "texture": "#1"},
				"up": {"uv": [8, 3, 9, 4], "texture": "#1"},
				"down": {"uv": [8, 12, 9, 13], "texture": "#1"}
			},
			"type": "cube"
		},
		{
			"name": "cube",
			"from": [7, 6, 11],
			"to": [8, 8, 12],
			"faces": {
				"north": {"uv": [8, 8, 9, 10], "texture": "#1"},
				"east": {"uv": [6, 10, 5, 8], "texture": "#1"},
				"south": {"uv": [7, 8, 8, 10], "texture": "#1"},
				"west": {"uv": [10, 8, 11, 10], "texture": "#1"},
				"up": {"uv": [7, 10, 8, 11], "texture": "#1"},
				"down": {"uv": [7, 5, 8, 6], "texture": "#1"}
			},
			"type": "cube"
		},
		{
			"name": "cube",
			"from": [8, 9, 10],
			"to": [9, 11, 11],
			"faces": {
				"north": {"uv": [7, 5, 8, 7], "texture": "#1"},
				"east": {"uv": [7, 7, 6, 5], "texture": "#1"},
				"south": {"uv": [8, 5, 9, 7], "texture": "#1"},
				"west": {"uv": [9, 5, 10, 7], "texture": "#1"},
				"up": {"uv": [8, 9, 9, 10], "texture": "#1"},
				"down": {"uv": [8, 6, 9, 7], "texture": "#1"}
			},
			"type": "cube"
		},
		{
			"name": "cube",
			"from": [9, 10, 11],
			"to": [10, 13, 12],
			"faces": {
				"north": {"uv": [6, 3, 7, 6], "texture": "#1"},
				"east": {"uv": [6, 6, 5, 3], "texture": "#1"},
				"south": {"uv": [9, 3, 10, 6], "texture": "#1"},
				"west": {"uv": [10, 3, 11, 6], "texture": "#1"},
				"up": {"uv": [9, 10, 10, 11], "texture": "#1"},
				"down": {"uv": [9, 5, 10, 6], "texture": "#1"}
			},
			"type": "cube"
		},
		{
			"name": "cube",
			"from": [9, 11, 12],
			"to": [10, 12, 13],
			"faces": {
				"north": {"uv": [6, 4, 7, 5], "texture": "#1"},
				"east": {"uv": [5, 5, 4, 4], "texture": "#1"},
				"south": {"uv": [9, 4, 10, 5], "texture": "#1"},
				"west": {"uv": [11, 4, 12, 5], "texture": "#1"},
				"up": {"uv": [9, 11, 10, 12], "texture": "#1"},
				"down": {"uv": [9, 4, 10, 5], "texture": "#1"}
			},
			"type": "cube"
		},
		{
			"name": "cube",
			"from": [5, 7, 5],
			"to": [7, 9, 7],
			"faces": {
				"north": {"uv": [9, 7, 11, 9], "texture": "#2"},
				"east": {"uv": [12, 9, 10, 7], "texture": "#2"},
				"south": {"uv": [5, 7, 7, 9], "texture": "#2"},
				"west": {"uv": [4, 7, 6, 9], "texture": "#2"},
				"up": {"uv": [5, 4, 7, 6], "texture": "#2"},
				"down": {"uv": [5, 10, 7, 12], "texture": "#2"}
			},
			"type": "cube"
		},
		{
			"name": "cube",
			"from": [8, 7, 5],
			"to": [10, 9, 7],
			"faces": {
				"north": {"uv": [6, 7, 8, 9], "texture": "#2"},
				"east": {"uv": [12, 9, 10, 7], "texture": "#2"},
				"south": {"uv": [8, 7, 10, 9], "texture": "#2"},
				"west": {"uv": [4, 7, 6, 9], "texture": "#2"},
				"up": {"uv": [8, 4, 10, 6], "texture": "#2"},
				"down": {"uv": [8, 10, 10, 12], "texture": "#2"}
			},
			"type": "cube"
		},
		{
			"name": "cube",
			"from": [9, 7, 9],
			"to": [11, 9, 11],
			"faces": {
				"north": {"uv": [5, 7, 7, 9], "texture": "#2"},
				"east": {"uv": [8, 9, 6, 7], "texture": "#2"},
				"south": {"uv": [9, 7, 11, 9], "texture": "#2"},
				"west": {"uv": [8, 7, 10, 9], "texture": "#2"},
				"up": {"uv": [9, 8, 11, 10], "texture": "#2"},
				"down": {"uv": [9, 6, 11, 8], "texture": "#2"}
			},
			"type": "cube"
		},
		{
			"name": "cube",
			"from": [7, 11, 6],
			"to": [9, 13, 8],
			"faces": {
				"north": {"uv": [7, 3, 9, 5], "texture": "#2"},
				"east": {"uv": [11, 5, 9, 3], "texture": "#2"},
				"south": {"uv": [7, 3, 9, 5], "texture": "#2"},
				"west": {"uv": [5, 3, 7, 5], "texture": "#2"},
				"up": {"uv": [7, 5, 9, 7], "texture": "#2"},
				"down": {"uv": [7, 9, 9, 11], "texture": "#2"}
			},
			"type": "cube"
		},
		{
			"name": "cube",
			"from": [7, 11, 10],
			"to": [9, 13, 12],
			"faces": {
				"north": {"uv": [7, 3, 9, 5], "texture": "#2"},
				"east": {"uv": [7, 5, 5, 3], "texture": "#2"},
				"south": {"uv": [7, 3, 9, 5], "texture": "#2"},
				"west": {"uv": [9, 3, 11, 5], "texture": "#2"},
				"up": {"uv": [7, 9, 9, 11], "texture": "#2"},
				"down": {"uv": [7, 5, 9, 7], "texture": "#2"}
			},
			"type": "cube"
		},
		{
			"name": "cube",
			"from": [9, 12, 12],
			"to": [11, 14, 14],
			"faces": {
				"north": {"uv": [5, 2, 7, 4], "texture": "#2"},
				"east": {"uv": [5, 4, 3, 2], "texture": "#2"},
				"south": {"uv": [9, 2, 11, 4], "texture": "#2"},
				"west": {"uv": [11, 2, 13, 4], "texture": "#2"},
				"up": {"uv": [9, 11, 11, 13], "texture": "#2"},
				"down": {"uv": [9, 3, 11, 5], "texture": "#2"}
			},
			"type": "cube"
		},
		{
			"name": "cube",
			"from": [9, 12, 9],
			"to": [11, 14, 11],
			"faces": {
				"north": {"uv": [5, 2, 7, 4], "texture": "#2"},
				"east": {"uv": [8, 4, 6, 2], "texture": "#2"},
				"south": {"uv": [9, 2, 11, 4], "texture": "#2"},
				"west": {"uv": [8, 2, 10, 4], "texture": "#2"},
				"up": {"uv": [9, 8, 11, 10], "texture": "#2"},
				"down": {"uv": [9, 6, 11, 8], "texture": "#2"}
			},
			"type": "cube"
		},
		{
			"name": "cube",
			"from": [9, 12, 6],
			"to": [11, 14, 8],
			"faces": {
				"north": {"uv": [5, 2, 7, 4], "texture": "#2"},
				"east": {"uv": [11, 4, 9, 2], "texture": "#2"},
				"south": {"uv": [9, 2, 11, 4], "texture": "#2"},
				"west": {"uv": [5, 2, 7, 4], "texture": "#2"},
				"up": {"uv": [9, 5, 11, 7], "texture": "#2"},
				"down": {"uv": [9, 9, 11, 11], "texture": "#2"}
			},
			"type": "cube"
		},
		{
			"name": "cube",
			"from": [12, 12, 5],
			"to": [14, 14, 7],
			"faces": {
				"north": {"uv": [2, 2, 4, 4], "texture": "#2"},
				"east": {"uv": [12, 4, 10, 2], "texture": "#2"},
				"south": {"uv": [12, 2, 14, 4], "texture": "#2"},
				"west": {"uv": [4, 2, 6, 4], "texture": "#2"},
				"up": {"uv": [12, 4, 14, 6], "texture": "#2"},
				"down": {"uv": [12, 10, 14, 12], "texture": "#2"}
			},
			"type": "cube"
		},
		{
			"name": "cube",
			"from": [7, 12, 4],
			"to": [9, 14, 6],
			"faces": {
				"north": {"uv": [7, 2, 9, 4], "texture": "#2"},
				"east": {"uv": [13, 4, 11, 2], "texture": "#2"},
				"south": {"uv": [7, 2, 9, 4], "texture": "#2"},
				"west": {"uv": [3, 2, 5, 4], "texture": "#2"},
				"up": {"uv": [7, 3, 9, 5], "texture": "#2"},
				"down": {"uv": [7, 11, 9, 13], "texture": "#2"}
			},
			"type": "cube"
		},
		{
			"name": "cube",
			"from": [8, 11, 2],
			"to": [10, 13, 4],
			"faces": {
				"north": {"uv": [6, 3, 8, 5], "texture": "#2"},
				"east": {"uv": [15, 5, 13, 3], "texture": "#2"},
				"south": {"uv": [8, 3, 10, 5], "texture": "#2"},
				"west": {"uv": [1, 3, 3, 5], "texture": "#2"},
				"up": {"uv": [8, 1, 10, 3], "texture": "#2"},
				"down": {"uv": [8, 13, 10, 15], "texture": "#2"}
			},
			"type": "cube"
		},
		{
			"name": "cube",
			"from": [2, 11, 7],
			"to": [4, 13, 9],
			"faces": {
				"north": {"uv": [12, 3, 14, 5], "texture": "#2"},
				"east": {"uv": [10, 5, 8, 3], "texture": "#2"},
				"south": {"uv": [2, 3, 4, 5], "texture": "#2"},
				"west": {"uv": [6, 3, 8, 5], "texture": "#2"},
				"up": {"uv": [2, 6, 4, 8], "texture": "#2"},
				"down": {"uv": [2, 8, 4, 10], "texture": "#2"}
			},
			"type": "cube"
		},
		{
			"name": "cube",
			"from": [5, 12, 7],
			"to": [7, 14, 9],
			"faces": {
				"north": {"uv": [9, 2, 11, 4], "texture": "#2"},
				"east": {"uv": [10, 4, 8, 2], "texture": "#2"},
				"south": {"uv": [5, 2, 7, 4], "texture": "#2"},
				"west": {"uv": [6, 2, 8, 4], "texture": "#2"},
				"up": {"uv": [5, 6, 7, 8], "texture": "#2"},
				"down": {"uv": [5, 8, 7, 10], "texture": "#2"}
			},
			"type": "cube"
		},
		{
			"name": "cube",
			"from": [7, 12, 8],
			"to": [9, 14, 10],
			"faces": {
				"north": {"uv": [7, 2, 9, 4], "texture": "#2"},
				"east": {"uv": [9, 4, 7, 2], "texture": "#2"},
				"south": {"uv": [7, 2, 9, 4], "texture": "#2"},
				"west": {"uv": [7, 2, 9, 4], "texture": "#2"},
				"up": {"uv": [7, 7, 9, 9], "texture": "#2"},
				"down": {"uv": [7, 7, 9, 9], "texture": "#2"}
			},
			"type": "cube"
		},
		{
			"name": "cube",
			"from": [4, 11, 5],
			"to": [6, 13, 7],
			"faces": {
				"north": {"uv": [10, 3, 12, 5], "texture": "#2"},
				"east": {"uv": [12, 5, 10, 3], "texture": "#2"},
				"south": {"uv": [4, 3, 6, 5], "texture": "#2"},
				"west": {"uv": [4, 3, 6, 5], "texture": "#2"},
				"up": {"uv": [4, 4, 6, 6], "texture": "#2"},
				"down": {"uv": [4, 10, 6, 12], "texture": "#2"}
			},
			"type": "cube"
		},
		{
			"name": "cube",
			"from": [5, 10, 9],
			"to": [7, 12, 11],
			"faces": {
				"north": {"uv": [9, 4, 11, 6], "texture": "#2"},
				"east": {"uv": [8, 6, 6, 4], "texture": "#2"},
				"south": {"uv": [5, 4, 7, 6], "texture": "#2"},
				"west": {"uv": [8, 4, 10, 6], "texture": "#2"},
				"up": {"uv": [5, 8, 7, 10], "texture": "#2"},
				"down": {"uv": [5, 6, 7, 8], "texture": "#2"}
			},
			"type": "cube"
		},
		{
			"name": "cube",
			"from": [11, 11, 7],
			"to": [13, 13, 9],
			"faces": {
				"north": {"uv": [3, 3, 5, 5], "texture": "#2"},
				"east": {"uv": [10, 5, 8, 3], "texture": "#2"},
				"south": {"uv": [11, 3, 13, 5], "texture": "#2"},
				"west": {"uv": [6, 3, 8, 5], "texture": "#2"},
				"up": {"uv": [11, 6, 13, 8], "texture": "#2"},
				"down": {"uv": [11, 8, 13, 10], "texture": "#2"}
			},
			"type": "cube"
		},
		{
			"name": "cube",
			"from": [10, 11, 4],
			"to": [12, 13, 6],
			"faces": {
				"north": {"uv": [4, 3, 6, 5], "texture": "#2"},
				"east": {"uv": [13, 5, 11, 3], "texture": "#2"},
				"south": {"uv": [10, 3, 12, 5], "texture": "#2"},
				"west": {"uv": [3, 3, 5, 5], "texture": "#2"},
				"up": {"uv": [10, 3, 12, 5], "texture": "#2"},
				"down": {"uv": [10, 11, 12, 13], "texture": "#2"}
			},
			"type": "cube"
		},
		{
			"name": "cube",
			"from": [5, 6, 11],
			"to": [7, 8, 13],
			"faces": {
				"north": {"uv": [5, 7, 7, 9], "texture": "#2"},
				"east": {"uv": [8, 9, 6, 7], "texture": "#2"},
				"south": {"uv": [9, 7, 11, 9], "texture": "#2"},
				"west": {"uv": [8, 7, 10, 9], "texture": "#2"},
				"up": {"uv": [9, 8, 11, 10], "texture": "#2"},
				"down": {"uv": [9, 6, 11, 8], "texture": "#2"}
			},
			"type": "cube"
		},
		{
			"name": "cube",
			"from": [12, 6, 8],
			"to": [14, 8, 10],
			"faces": {
				"north": {"uv": [5, 7, 7, 9], "texture": "#2"},
				"east": {"uv": [8, 9, 6, 7], "texture": "#2"},
				"south": {"uv": [9, 7, 11, 9], "texture": "#2"},
				"west": {"uv": [8, 7, 10, 9], "texture": "#2"},
				"up": {"uv": [9, 8, 11, 10], "texture": "#2"},
				"down": {"uv": [9, 6, 11, 8], "texture": "#2"}
			},
			"type": "cube"
		},
		{
			"name": "cube",
			"from": [5, 11, 3],
			"to": [7, 13, 5],
			"faces": {
				"north": {"uv": [10, 3, 12, 5], "texture": "#2"},
				"east": {"uv": [12, 5, 10, 3], "texture": "#2"},
				"south": {"uv": [4, 3, 6, 5], "texture": "#2"},
				"west": {"uv": [4, 3, 6, 5], "texture": "#2"},
				"up": {"uv": [4, 4, 6, 6], "texture": "#2"},
				"down": {"uv": [4, 10, 6, 12], "texture": "#2"}
			},
			"type": "cube"
		},
		{
			"name": "cube",
			"from": [11, 11, 10],
			"to": [13, 13, 12],
			"faces": {
				"north": {"uv": [5, 2, 7, 4], "texture": "#2"},
				"east": {"uv": [8, 4, 6, 2], "texture": "#2"},
				"south": {"uv": [9, 2, 11, 4], "texture": "#2"},
				"west": {"uv": [8, 2, 10, 4], "texture": "#2"},
				"up": {"uv": [9, 8, 11, 10], "texture": "#2"},
				"down": {"uv": [9, 6, 11, 8], "texture": "#2"}
			},
			"type": "cube"
		}
	],
	"groups": [
		{
			"name": "group",
			"isOpen": true,
			"display": {"visibility": true, "autouv": true},
			"children": [
				0,
				1,
				2,
				3,
				4,
				5,
				6,
				7,
				8,
				9,
				10,
				11,
				12,
				13,
				14
			]
		},
		{
			"name": "group",
			"isOpen": true,
			"display": {"visibility": true, "autouv": true},
			"children": [15, 16, 17, 18, 19, 20, 21, 22, 23]
		},
		{
			"name": "group",
			"isOpen": true,
			"display": {"visibility": true, "autouv": true},
			"children": [
				24,
				25,
				26,
				27,
				28,
				29,
				30,
				31,
				32,
				33,
				34,
				35,
				36,
				37,
				38,
				39,
				40,
				41,
				42,
				43,
				44,
				45
			]
		}
	]
}