{
	"credit": "Made with Blockbench, a free, modern block model editor by JannisX11",
	"parent": "block/thin_block",
	"textures": {
		"top": "blocks/daylight_detector_top",
		"particle": "blocks/daylight_detector_top",
		"side": "blocks/daylight_detector_side"
	},
	"elements": [
		{
			"name": "cube",
			"from": [0, 0, 0],
			"to": [16, 6, 16],
			"faces": {
				"north": {
					"uv": [0, 10, 16, 16],
					"texture": "#side",
					"cullface": "north"
				},
				"east": {
					"uv": [0, 10, 16, 16],
					"texture": "#side",
					"cullface": "east"
				},
				"south": {
					"uv": [0, 10, 16, 16],
					"texture": "#side",
					"cullface": "south"
				},
				"west": {
					"uv": [0, 10, 16, 16],
					"texture": "#side",
					"cullface": "west"
				},
				"up": {"uv": [0, 0, 16, 16], "texture": "#top"},
				"down": {
					"uv": [0, 0, 16, 16],
					"texture": "#side",
					"cullface": "down"
				}
			},
			"type": "cube"
		},
		{
			"name": "cube",
			"from": [2, 6, 1],
			"to": [4, 6.5, 5],
			"faces": {
				"north": {"uv": [2, 1, 4, 1.5], "texture": "#top"},
				"east": {"uv": [1, 3, 5, 3.5], "texture": "#top"},
				"south": {"uv": [2, 1, 4, 1.5], "texture": "#top"},
				"west": {"uv": [1, 2, 5, 2.5], "texture": "#top"},
				"up": {"uv": [2, 1, 4, 5], "texture": "#top"}
			},
			"type": "cube"
		},
		{
			"name": "cube",
			"from": [4, 6, 2],
			"to": [5, 6.5, 4],
			"faces": {
				"north": {"uv": [2, 1, 3, 1.5], "texture": "#top"},
				"east": {"uv": [2, 4, 4, 4.5], "texture": "#top"},
				"south": {"uv": [2, 1, 3, 1.5], "texture": "#top"},
				"up": {"uv": [4, 2, 5, 4], "texture": "#top"}
			},
			"type": "cube"
		},
		{
			"name": "cube",
			"from": [1, 6, 2],
			"to": [2, 6.5, 4],
			"faces": {
				"north": {"uv": [2, 1, 3, 1.5], "texture": "#top"},
				"south": {"uv": [2, 1, 3, 1.5], "texture": "#top"},
				"west": {"uv": [2, 4, 4, 4.5], "texture": "#top"},
				"up": {"uv": [1, 2, 2, 4], "texture": "#top"}
			},
			"type": "cube"
		},
		{
			"name": "cube",
			"from": [6, 6, 2],
			"to": [7, 6.5, 4],
			"faces": {
				"north": {"uv": [2, 1, 3, 1.5], "texture": "#top"},
				"south": {"uv": [2, 1, 3, 1.5], "texture": "#top"},
				"west": {"uv": [2, 4, 4, 4.5], "texture": "#top"},
				"up": {"uv": [1, 2, 2, 4], "texture": "#top"}
			},
			"type": "cube"
		},
		{
			"name": "cube",
			"from": [7, 6, 1],
			"to": [9, 6.5, 5],
			"faces": {
				"north": {"uv": [2, 1, 4, 1.5], "texture": "#top"},
				"east": {"uv": [1, 3, 5, 3.5], "texture": "#top"},
				"south": {"uv": [2, 1, 4, 1.5], "texture": "#top"},
				"west": {"uv": [1, 2, 5, 2.5], "texture": "#top"},
				"up": {"uv": [2, 1, 4, 5], "texture": "#top"}
			},
			"type": "cube"
		},
		{
			"name": "cube",
			"from": [9, 6, 2],
			"to": [10, 6.5, 4],
			"faces": {
				"north": {"uv": [2, 1, 3, 1.5], "texture": "#top"},
				"east": {"uv": [2, 4, 4, 4.5], "texture": "#top"},
				"south": {"uv": [2, 1, 3, 1.5], "texture": "#top"},
				"up": {"uv": [4, 2, 5, 4], "texture": "#top"}
			},
			"type": "cube"
		},
		{
			"name": "cube",
			"from": [11, 6, 2],
			"to": [12, 6.5, 4],
			"faces": {
				"north": {"uv": [2, 1, 3, 1.5], "texture": "#top"},
				"south": {"uv": [2, 1, 3, 1.5], "texture": "#top"},
				"west": {"uv": [2, 4, 4, 4.5], "texture": "#top"},
				"up": {"uv": [1, 2, 2, 4], "texture": "#top"}
			},
			"type": "cube"
		},
		{
			"name": "cube",
			"from": [12, 6, 1],
			"to": [14, 6.5, 5],
			"faces": {
				"north": {"uv": [2, 1, 4, 1.5], "texture": "#top"},
				"east": {"uv": [1, 3, 5, 3.5], "texture": "#top"},
				"south": {"uv": [2, 1, 4, 1.5], "texture": "#top"},
				"west": {"uv": [1, 2, 5, 2.5], "texture": "#top"},
				"up": {"uv": [2, 1, 4, 5], "texture": "#top"}
			},
			"type": "cube"
		},
		{
			"name": "cube",
			"from": [14, 6, 2],
			"to": [15, 6.5, 4],
			"faces": {
				"north": {"uv": [2, 1, 3, 1.5], "texture": "#top"},
				"east": {"uv": [2, 4, 4, 4.5], "texture": "#top"},
				"south": {"uv": [2, 1, 3, 1.5], "texture": "#top"},
				"up": {"uv": [4, 2, 5, 4], "texture": "#top"}
			},
			"type": "cube"
		},
		{
			"name": "cube",
			"from": [2, 6, 6],
			"to": [4, 6.5, 10],
			"faces": {
				"north": {"uv": [2, 1, 4, 1.5], "texture": "#top"},
				"east": {"uv": [1, 3, 5, 3.5], "texture": "#top"},
				"south": {"uv": [2, 1, 4, 1.5], "texture": "#top"},
				"west": {"uv": [1, 2, 5, 2.5], "texture": "#top"},
				"up": {"uv": [2, 1, 4, 5], "texture": "#top"}
			},
			"type": "cube"
		},
		{
			"name": "cube",
			"from": [4, 6, 7],
			"to": [5, 6.5, 9],
			"faces": {
				"north": {"uv": [2, 1, 3, 1.5], "texture": "#top"},
				"east": {"uv": [2, 4, 4, 4.5], "texture": "#top"},
				"south": {"uv": [2, 1, 3, 1.5], "texture": "#top"},
				"up": {"uv": [4, 2, 5, 4], "texture": "#top"}
			},
			"type": "cube"
		},
		{
			"name": "cube",
			"from": [1, 6, 7],
			"to": [2, 6.5, 9],
			"faces": {
				"north": {"uv": [2, 1, 3, 1.5], "texture": "#top"},
				"south": {"uv": [2, 1, 3, 1.5], "texture": "#top"},
				"west": {"uv": [2, 4, 4, 4.5], "texture": "#top"},
				"up": {"uv": [1, 2, 2, 4], "texture": "#top"}
			},
			"type": "cube"
		},
		{
			"name": "cube",
			"from": [2, 6, 11],
			"to": [4, 6.5, 15],
			"faces": {
				"north": {"uv": [2, 1, 4, 1.5], "texture": "#top"},
				"east": {"uv": [1, 3, 5, 3.5], "texture": "#top"},
				"south": {"uv": [2, 1, 4, 1.5], "texture": "#top"},
				"west": {"uv": [1, 2, 5, 2.5], "texture": "#top"},
				"up": {"uv": [2, 1, 4, 5], "texture": "#top"}
			},
			"type": "cube"
		},
		{
			"name": "cube",
			"from": [4, 6, 12],
			"to": [5, 6.5, 14],
			"faces": {
				"north": {"uv": [2, 1, 3, 1.5], "texture": "#top"},
				"east": {"uv": [2, 4, 4, 4.5], "texture": "#top"},
				"south": {"uv": [2, 1, 3, 1.5], "texture": "#top"},
				"up": {"uv": [4, 2, 5, 4], "texture": "#top"}
			},
			"type": "cube"
		},
		{
			"name": "cube",
			"from": [1, 6, 12],
			"to": [2, 6.5, 14],
			"faces": {
				"north": {"uv": [2, 1, 3, 1.5], "texture": "#top"},
				"south": {"uv": [2, 1, 3, 1.5], "texture": "#top"},
				"west": {"uv": [2, 4, 4, 4.5], "texture": "#top"},
				"up": {"uv": [1, 2, 2, 4], "texture": "#top"}
			},
			"type": "cube"
		},
		{
			"name": "cube",
			"from": [7, 6, 11],
			"to": [9, 6.5, 15],
			"faces": {
				"north": {"uv": [2, 1, 4, 1.5], "texture": "#top"},
				"east": {"uv": [1, 3, 5, 3.5], "texture": "#top"},
				"south": {"uv": [2, 1, 4, 1.5], "texture": "#top"},
				"west": {"uv": [1, 2, 5, 2.5], "texture": "#top"},
				"up": {"uv": [2, 1, 4, 5], "texture": "#top"}
			},
			"type": "cube"
		},
		{
			"name": "cube",
			"from": [9, 6, 12],
			"to": [10, 6.5, 14],
			"faces": {
				"north": {"uv": [2, 1, 3, 1.5], "texture": "#top"},
				"east": {"uv": [2, 4, 4, 4.5], "texture": "#top"},
				"south": {"uv": [2, 1, 3, 1.5], "texture": "#top"},
				"up": {"uv": [4, 2, 5, 4], "texture": "#top"}
			},
			"type": "cube"
		},
		{
			"name": "cube",
			"from": [6, 6, 12],
			"to": [7, 6.5, 14],
			"faces": {
				"north": {"uv": [2, 1, 3, 1.5], "texture": "#top"},
				"south": {"uv": [2, 1, 3, 1.5], "texture": "#top"},
				"west": {"uv": [2, 4, 4, 4.5], "texture": "#top"},
				"up": {"uv": [1, 2, 2, 4], "texture": "#top"}
			},
			"type": "cube"
		},
		{
			"name": "cube",
			"from": [12, 6, 11],
			"to": [14, 6.5, 15],
			"faces": {
				"north": {"uv": [2, 1, 4, 1.5], "texture": "#top"},
				"east": {"uv": [1, 3, 5, 3.5], "texture": "#top"},
				"south": {"uv": [2, 1, 4, 1.5], "texture": "#top"},
				"west": {"uv": [1, 2, 5, 2.5], "texture": "#top"},
				"up": {"uv": [2, 1, 4, 5], "texture": "#top"}
			},
			"type": "cube"
		},
		{
			"name": "cube",
			"from": [14, 6, 12],
			"to": [15, 6.5, 14],
			"faces": {
				"north": {"uv": [2, 1, 3, 1.5], "texture": "#top"},
				"east": {"uv": [2, 4, 4, 4.5], "texture": "#top"},
				"south": {"uv": [2, 1, 3, 1.5], "texture": "#top"},
				"up": {"uv": [4, 2, 5, 4], "texture": "#top"}
			},
			"type": "cube"
		},
		{
			"name": "cube",
			"from": [11, 6, 12],
			"to": [12, 6.5, 14],
			"faces": {
				"north": {"uv": [2, 1, 3, 1.5], "texture": "#top"},
				"south": {"uv": [2, 1, 3, 1.5], "texture": "#top"},
				"west": {"uv": [2, 4, 4, 4.5], "texture": "#top"},
				"up": {"uv": [1, 2, 2, 4], "texture": "#top"}
			},
			"type": "cube"
		},
		{
			"name": "cube",
			"from": [12, 6, 6],
			"to": [14, 6.5, 10],
			"faces": {
				"north": {"uv": [2, 1, 4, 1.5], "texture": "#top"},
				"east": {"uv": [1, 3, 5, 3.5], "texture": "#top"},
				"south": {"uv": [2, 1, 4, 1.5], "texture": "#top"},
				"west": {"uv": [1, 2, 5, 2.5], "texture": "#top"},
				"up": {"uv": [2, 1, 4, 5], "texture": "#top"}
			},
			"type": "cube"
		},
		{
			"name": "cube",
			"from": [14, 6, 7],
			"to": [15, 6.5, 9],
			"faces": {
				"north": {"uv": [2, 1, 3, 1.5], "texture": "#top"},
				"east": {"uv": [2, 4, 4, 4.5], "texture": "#top"},
				"south": {"uv": [2, 1, 3, 1.5], "texture": "#top"},
				"up": {"uv": [4, 2, 5, 4], "texture": "#top"}
			},
			"type": "cube"
		},
		{
			"name": "cube",
			"from": [11, 6, 7],
			"to": [12, 6.5, 9],
			"faces": {
				"north": {"uv": [2, 1, 3, 1.5], "texture": "#top"},
				"south": {"uv": [2, 1, 3, 1.5], "texture": "#top"},
				"west": {"uv": [2, 4, 4, 4.5], "texture": "#top"},
				"up": {"uv": [1, 2, 2, 4], "texture": "#top"}
			},
			"type": "cube"
		},
		{
			"name": "cube",
			"from": [7, 6, 6],
			"to": [9, 6.5, 10],
			"faces": {
				"north": {"uv": [2, 1, 4, 1.5], "texture": "#top"},
				"east": {"uv": [1, 3, 5, 3.5], "texture": "#top"},
				"south": {"uv": [2, 1, 4, 1.5], "texture": "#top"},
				"west": {"uv": [1, 2, 5, 2.5], "texture": "#top"},
				"up": {"uv": [2, 1, 4, 5], "texture": "#top"}
			},
			"type": "cube"
		},
		{
			"name": "cube",
			"from": [9, 6, 7],
			"to": [10, 6.5, 9],
			"faces": {
				"north": {"uv": [2, 1, 3, 1.5], "texture": "#top"},
				"east": {"uv": [2, 4, 4, 4.5], "texture": "#top"},
				"south": {"uv": [2, 1, 3, 1.5], "texture": "#top"},
				"up": {"uv": [4, 2, 5, 4], "texture": "#top"}
			},
			"type": "cube"
		},
		{
			"name": "cube",
			"from": [6, 6, 7],
			"to": [7, 6.5, 9],
			"faces": {
				"north": {"uv": [2, 1, 3, 1.5], "texture": "#top"},
				"south": {"uv": [2, 1, 3, 1.5], "texture": "#top"},
				"west": {"uv": [2, 4, 4, 4.5], "texture": "#top"},
				"up": {"uv": [1, 2, 2, 4], "texture": "#top"}
			},
			"type": "cube"
		},
		{
			"name": "cube",
			"from": [-0.5, 1, 6],
			"to": [0, 5, 10],
			"faces": {
				"north": {
					"uv": [15, 11, 15.5, 15],
					"texture": "#side",
					"cullface": "west"
				},
				"south": {
					"uv": [15, 11, 15.5, 15],
					"texture": "#side",
					"cullface": "west"
				},
				"west": {
					"uv": [6, 11, 10, 15],
					"texture": "#side",
					"cullface": "west"
				},
				"up": {
					"uv": [11, 10, 15, 10.5],
					"texture": "#side",
					"cullface": "west",
					"rotation": 270
				},
				"down": {
					"uv": [11, 10, 15, 10.5],
					"texture": "#side",
					"cullface": "west",
					"rotation": 90
				}
			},
			"type": "cube"
		},
		{
			"name": "cube",
			"from": [1, 1, -0.5],
			"to": [5, 5, 0],
			"faces": {
				"north": {
					"uv": [11, 11, 15, 15],
					"texture": "#side",
					"cullface": "north"
				},
				"east": {
					"uv": [15, 11, 15.5, 15],
					"texture": "#side",
					"cullface": "north"
				},
				"west": {
					"uv": [15, 11, 15.5, 15],
					"texture": "#side",
					"cullface": "north"
				},
				"up": {
					"uv": [11, 10, 15, 10.5],
					"texture": "#side",
					"cullface": "north"
				},
				"down": {
					"uv": [11, 10, 15, 10.5],
					"texture": "#side",
					"cullface": "north"
				}
			},
			"type": "cube"
		},
		{
			"name": "cube",
			"from": [6, 1, -0.5],
			"to": [10, 5, 0],
			"faces": {
				"north": {
					"uv": [6, 11, 10, 15],
					"texture": "#side",
					"cullface": "north"
				},
				"east": {
					"uv": [15, 11, 15.5, 15],
					"texture": "#side",
					"cullface": "north"
				},
				"west": {
					"uv": [15, 11, 15.5, 15],
					"texture": "#side",
					"cullface": "north"
				},
				"up": {
					"uv": [11, 10, 15, 10.5],
					"texture": "#side",
					"cullface": "north"
				},
				"down": {
					"uv": [11, 10, 15, 10.5],
					"texture": "#side",
					"cullface": "north"
				}
			},
			"type": "cube"
		},
		{
			"name": "cube",
			"from": [11, 1, -0.5],
			"to": [15, 5, 0],
			"faces": {
				"north": {
					"uv": [1, 11, 5, 15],
					"texture": "#side",
					"cullface": "north"
				},
				"east": {
					"uv": [15, 11, 15.5, 15],
					"texture": "#side",
					"cullface": "north"
				},
				"west": {
					"uv": [15, 11, 15.5, 15],
					"texture": "#side",
					"cullface": "north"
				},
				"up": {
					"uv": [11, 10, 15, 10.5],
					"texture": "#side",
					"cullface": "north"
				},
				"down": {
					"uv": [11, 10, 15, 10.5],
					"texture": "#side",
					"cullface": "north"
				}
			},
			"type": "cube"
		},
		{
			"name": "cube",
			"from": [16, 1, 11],
			"to": [16.5, 5, 15],
			"faces": {
				"north": {
					"uv": [15, 11, 15.5, 15],
					"texture": "#side",
					"cullface": "east"
				},
				"east": {
					"uv": [1, 11, 5, 15],
					"texture": "#side",
					"cullface": "east"
				},
				"south": {
					"uv": [15, 11, 15.5, 15],
					"texture": "#side",
					"cullface": "east"
				},
				"up": {
					"uv": [11, 10, 15, 10.5],
					"texture": "#side",
					"cullface": "east",
					"rotation": 90
				},
				"down": {
					"uv": [11, 10, 15, 10.5],
					"texture": "#side",
					"cullface": "east",
					"rotation": 270
				}
			},
			"type": "cube"
		},
		{
			"name": "cube",
			"from": [16, 1, 1],
			"to": [16.5, 5, 5],
			"faces": {
				"north": {
					"uv": [15, 11, 15.5, 15],
					"texture": "#side",
					"cullface": "east"
				},
				"east": {
					"uv": [11, 11, 15, 15],
					"texture": "#side",
					"cullface": "east"
				},
				"south": {
					"uv": [15, 11, 15.5, 15],
					"texture": "#side",
					"cullface": "east"
				},
				"up": {
					"uv": [11, 10, 15, 10.5],
					"texture": "#side",
					"cullface": "east",
					"rotation": 90
				},
				"down": {
					"uv": [11, 10, 15, 10.5],
					"texture": "#side",
					"cullface": "east",
					"rotation": 270
				}
			},
			"type": "cube"
		},
		{
			"name": "cube",
			"from": [16, 1, 6],
			"to": [16.5, 5, 10],
			"faces": {
				"north": {
					"uv": [15, 11, 15.5, 15],
					"texture": "#side",
					"cullface": "east"
				},
				"east": {
					"uv": [6, 11, 10, 15],
					"texture": "#side",
					"cullface": "east"
				},
				"south": {
					"uv": [15, 11, 15.5, 15],
					"texture": "#side",
					"cullface": "east"
				},
				"up": {
					"uv": [11, 10, 15, 10.5],
					"texture": "#side",
					"cullface": "east",
					"rotation": 90
				},
				"down": {
					"uv": [11, 10, 15, 10.5],
					"texture": "#side",
					"cullface": "east",
					"rotation": 270
				}
			},
			"type": "cube"
		},
		{
			"name": "cube",
			"from": [1, 1, 16],
			"to": [5, 5, 16.5],
			"faces": {
				"east": {
					"uv": [15, 11, 15.5, 15],
					"texture": "#side",
					"cullface": "south"
				},
				"south": {
					"uv": [1, 11, 5, 15],
					"texture": "#side",
					"cullface": "south"
				},
				"west": {
					"uv": [15, 11, 15.5, 15],
					"texture": "#side",
					"cullface": "south"
				},
				"up": {
					"uv": [11, 10, 15, 10.5],
					"texture": "#side",
					"cullface": "south",
					"rotation": 180
				},
				"down": {
					"uv": [11, 10, 15, 10.5],
					"texture": "#side",
					"cullface": "south",
					"rotation": 180
				}
			},
			"type": "cube"
		},
		{
			"name": "cube",
			"from": [11, 1, 16],
			"to": [15, 5, 16.5],
			"faces": {
				"east": {
					"uv": [15, 11, 15.5, 15],
					"texture": "#side",
					"cullface": "south"
				},
				"south": {
					"uv": [11, 11, 15, 15],
					"texture": "#side",
					"cullface": "south"
				},
				"west": {
					"uv": [15, 11, 15.5, 15],
					"texture": "#side",
					"cullface": "south"
				},
				"up": {
					"uv": [11, 10, 15, 10.5],
					"texture": "#side",
					"cullface": "south",
					"rotation": 180
				},
				"down": {
					"uv": [11, 10, 15, 10.5],
					"texture": "#side",
					"cullface": "south",
					"rotation": 180
				}
			},
			"type": "cube"
		},
		{
			"name": "cube",
			"from": [6, 1, 16],
			"to": [10, 5, 16.5],
			"faces": {
				"east": {
					"uv": [15, 11, 15.5, 15],
					"texture": "#side",
					"cullface": "south"
				},
				"south": {
					"uv": [6, 11, 10, 15],
					"texture": "#side",
					"cullface": "south"
				},
				"west": {
					"uv": [15, 11, 15.5, 15],
					"texture": "#side",
					"cullface": "south"
				},
				"up": {
					"uv": [11, 10, 15, 10.5],
					"texture": "#side",
					"cullface": "south",
					"rotation": 180
				},
				"down": {
					"uv": [11, 10, 15, 10.5],
					"texture": "#side",
					"cullface": "south",
					"rotation": 180
				}
			},
			"type": "cube"
		},
		{
			"name": "cube",
			"from": [-0.5, 1, 1],
			"to": [0, 5, 5],
			"faces": {
				"north": {
					"uv": [15, 11, 15.5, 15],
					"texture": "#side",
					"cullface": "west"
				},
				"south": {
					"uv": [15, 11, 15.5, 15],
					"texture": "#side",
					"cullface": "west"
				},
				"west": {
					"uv": [1, 11, 5, 15],
					"texture": "#side",
					"cullface": "west"
				},
				"up": {
					"uv": [11, 10, 15, 10.5],
					"texture": "#side",
					"cullface": "west",
					"rotation": 270
				},
				"down": {
					"uv": [11, 10, 15, 10.5],
					"texture": "#side",
					"cullface": "west",
					"rotation": 90
				}
			},
			"type": "cube"
		},
		{
			"name": "cube",
			"from": [-0.5, 1, 11],
			"to": [0, 5, 15],
			"faces": {
				"north": {
					"uv": [15, 11, 15.5, 15],
					"texture": "#side",
					"cullface": "west"
				},
				"south": {
					"uv": [15, 11, 15.5, 15],
					"texture": "#side",
					"cullface": "west"
				},
				"west": {
					"uv": [11, 11, 15, 15],
					"texture": "#side",
					"cullface": "west"
				},
				"up": {
					"uv": [11, 10, 15, 10.5],
					"texture": "#side",
					"cullface": "west",
					"rotation": 270
				},
				"down": {
					"uv": [11, 10, 15, 10.5],
					"texture": "#side",
					"cullface": "west",
					"rotation": 90
				}
			},
			"type": "cube"
		},
		{
			"name": "cube",
			"from": [1, -0.5, 1],
			"to": [5, 0, 5],
			"faces": {
				"north": {
					"uv": [1, 1, 5, 1.5],
					"texture": "#side",
					"cullface": "down"
				},
				"east": {
					"uv": [1, 10, 5, 10.5],
					"texture": "#side",
					"cullface": "down"
				},
				"south": {
					"uv": [1, 9, 5, 9.5],
					"texture": "#side",
					"cullface": "down"
				},
				"west": {
					"uv": [1, 10, 5, 10.5],
					"texture": "#side",
					"cullface": "down"
				},
				"down": {
					"uv": [1, 11, 5, 15],
					"texture": "#side",
					"cullface": "down"
				}
			},
			"type": "cube"
		},
		{
			"name": "cube",
			"from": [6, -0.5, 1],
			"to": [10, 0, 5],
			"faces": {
				"north": {
					"uv": [1, 1, 5, 1.5],
					"texture": "#side",
					"cullface": "down"
				},
				"east": {
					"uv": [1, 10, 5, 10.5],
					"texture": "#side",
					"cullface": "down"
				},
				"south": {
					"uv": [1, 9, 5, 9.5],
					"texture": "#side",
					"cullface": "down"
				},
				"west": {
					"uv": [1, 10, 5, 10.5],
					"texture": "#side",
					"cullface": "down"
				},
				"down": {
					"uv": [1, 11, 5, 15],
					"texture": "#side",
					"cullface": "down"
				}
			},
			"type": "cube"
		},
		{
			"name": "cube",
			"from": [11, -0.5, 1],
			"to": [15, 0, 5],
			"faces": {
				"north": {
					"uv": [1, 1, 5, 1.5],
					"texture": "#side",
					"cullface": "down"
				},
				"east": {
					"uv": [1, 10, 5, 10.5],
					"texture": "#side",
					"cullface": "down"
				},
				"south": {
					"uv": [1, 9, 5, 9.5],
					"texture": "#side",
					"cullface": "down"
				},
				"west": {
					"uv": [1, 10, 5, 10.5],
					"texture": "#side",
					"cullface": "down"
				},
				"down": {
					"uv": [1, 11, 5, 15],
					"texture": "#side",
					"cullface": "down"
				}
			},
			"type": "cube"
		},
		{
			"name": "cube",
			"from": [11, -0.5, 6],
			"to": [15, 0, 10],
			"faces": {
				"north": {
					"uv": [1, 1, 5, 1.5],
					"texture": "#side",
					"cullface": "down"
				},
				"east": {
					"uv": [1, 10, 5, 10.5],
					"texture": "#side",
					"cullface": "down"
				},
				"south": {
					"uv": [1, 9, 5, 9.5],
					"texture": "#side",
					"cullface": "down"
				},
				"west": {
					"uv": [1, 10, 5, 10.5],
					"texture": "#side",
					"cullface": "down"
				},
				"down": {
					"uv": [1, 11, 5, 15],
					"texture": "#side",
					"cullface": "down"
				}
			},
			"type": "cube"
		},
		{
			"name": "cube",
			"from": [6, -0.5, 6],
			"to": [10, 0, 10],
			"faces": {
				"north": {
					"uv": [1, 1, 5, 1.5],
					"texture": "#side",
					"cullface": "down"
				},
				"east": {
					"uv": [1, 10, 5, 10.5],
					"texture": "#side",
					"cullface": "down"
				},
				"south": {
					"uv": [1, 9, 5, 9.5],
					"texture": "#side",
					"cullface": "down"
				},
				"west": {
					"uv": [1, 10, 5, 10.5],
					"texture": "#side",
					"cullface": "down"
				},
				"down": {
					"uv": [1, 11, 5, 15],
					"texture": "#side",
					"cullface": "down"
				}
			},
			"type": "cube"
		},
		{
			"name": "cube",
			"from": [1, -0.5, 6],
			"to": [5, 0, 10],
			"faces": {
				"north": {
					"uv": [1, 1, 5, 1.5],
					"texture": "#side",
					"cullface": "down"
				},
				"east": {
					"uv": [1, 10, 5, 10.5],
					"texture": "#side",
					"cullface": "down"
				},
				"south": {
					"uv": [1, 9, 5, 9.5],
					"texture": "#side",
					"cullface": "down"
				},
				"west": {
					"uv": [1, 10, 5, 10.5],
					"texture": "#side",
					"cullface": "down"
				},
				"down": {
					"uv": [1, 11, 5, 15],
					"texture": "#side",
					"cullface": "down"
				}
			},
			"type": "cube"
		},
		{
			"name": "cube",
			"from": [1, -0.5, 11],
			"to": [5, 0, 15],
			"faces": {
				"north": {
					"uv": [1, 1, 5, 1.5],
					"texture": "#side",
					"cullface": "down"
				},
				"east": {
					"uv": [1, 10, 5, 10.5],
					"texture": "#side",
					"cullface": "down"
				},
				"south": {
					"uv": [1, 9, 5, 9.5],
					"texture": "#side",
					"cullface": "down"
				},
				"west": {
					"uv": [1, 10, 5, 10.5],
					"texture": "#side",
					"cullface": "down"
				},
				"down": {
					"uv": [1, 11, 5, 15],
					"texture": "#side",
					"cullface": "down"
				}
			},
			"type": "cube"
		},
		{
			"name": "cube",
			"from": [6, -0.5, 11],
			"to": [10, 0, 15],
			"faces": {
				"north": {
					"uv": [1, 1, 5, 1.5],
					"texture": "#side",
					"cullface": "down"
				},
				"east": {
					"uv": [1, 10, 5, 10.5],
					"texture": "#side",
					"cullface": "down"
				},
				"south": {
					"uv": [1, 9, 5, 9.5],
					"texture": "#side",
					"cullface": "down"
				},
				"west": {
					"uv": [1, 10, 5, 10.5],
					"texture": "#side",
					"cullface": "down"
				},
				"down": {
					"uv": [1, 11, 5, 15],
					"texture": "#side",
					"cullface": "down"
				}
			},
			"type": "cube"
		},
		{
			"name": "cube",
			"from": [11, -0.5, 11],
			"to": [15, 0, 15],
			"faces": {
				"north": {
					"uv": [1, 1, 5, 1.5],
					"texture": "#side",
					"cullface": "down"
				},
				"east": {
					"uv": [1, 10, 5, 10.5],
					"texture": "#side",
					"cullface": "down"
				},
				"south": {
					"uv": [1, 9, 5, 9.5],
					"texture": "#side",
					"cullface": "down"
				},
				"west": {
					"uv": [1, 10, 5, 10.5],
					"texture": "#side",
					"cullface": "down"
				},
				"down": {
					"uv": [1, 11, 5, 15],
					"texture": "#side",
					"cullface": "down"
				}
			},
			"type": "cube"
		}
	],
	"display": {
	"gui": {
			
			"scale": [0.65, 0.65, 0.65],
			"rotation": [30, 45, 0],
			"translation": [0, 2, 0]
		
		}
	}
}