{
	"__comment": "Designed by CreatorLabs with Cubik Studio - https://cubik.studio",
	"textures": {
		"0": "3d_decoration/double_plant_rose",
		"2": "3d_decoration/double_plant_rose_2",
		"4": "3d_decoration/3d_flower_stem_2",
		"particle": "blocks/double_plant_rose_bottom"
	},
	"elements": [ 	 
		{
			"from": [ 4, 14, 8 ],
			"to": [ 5, 16, 9 ],
			"faces": {
				"down": { "uv": [ 4, 7, 5, 8 ], "texture": "#4" },
				"up": { "uv": [ 4, 8, 5, 9 ], "texture": "#4" },
				"north": { "uv": [ 11, 0, 12, 2 ], "texture": "#4" },
				"south": { "uv": [ 4, 0, 5, 2 ], "texture": "#4" },
				"west": { "uv": [ 8, 0, 9, 2 ], "texture": "#4" },
				"east": { "uv": [ 8, 2, 7, 0 ], "texture": "#4" }
			}
		},
		{
			"from": [ 7, 0, 7.75 ],
			"to": [ 8, 16, 8.75 ],
			"faces": {
				"down": { "uv": [ 7, 7.25, 8, 8.25 ], "texture": "#4" },
				"up": { "uv": [ 7, 7.75, 8, 8.75 ], "texture": "#4" },
				"north": { "uv": [ 8, 0, 9, 16 ], "texture": "#4" },
				"south": { "uv": [ 7, 0, 8, 16 ], "texture": "#4" },
				"west": { "uv": [ 7.75, 0, 8.75, 16 ], "texture": "#4" },
				"east": { "uv": [ 8.25, 16, 7.25, 0 ], "texture": "#4" }
			}
		},
		{
			"from": [ 8, 0, 8 ],
			"to": [ 9, 16, 9 ],
			"faces": {
				"down": { "uv": [ 8, 7, 9, 8 ], "texture": "#4" },
				"up": { "uv": [ 8, 8, 9, 9 ], "texture": "#4" },
				"north": { "uv": [ 7, 0, 8, 16 ], "texture": "#4" },
				"south": { "uv": [ 8, 0, 9, 16 ], "texture": "#4" },
				"west": { "uv": [ 8, 0, 9, 16 ], "texture": "#4" },
				"east": { "uv": [ 8, 16, 7, 0 ], "texture": "#4" }
			}
		},
		{
			"from": [ 9, 0, 8.2 ],
			"to": [ 10, 16, 9.2 ],
			"faces": {
				"down": { "uv": [ 9, 6.8, 10, 7.8 ], "texture": "#4" },
				"up": { "uv": [ 9, 8.2, 10, 9.2 ], "texture": "#4" },
				"north": { "uv": [ 6, 0, 7, 16 ], "texture": "#4" },
				"south": { "uv": [ 9, 0, 10, 16 ], "texture": "#4" },
				"west": { "uv": [ 8.2, 0, 9.2, 16 ], "texture": "#4" },
				"east": { "uv": [ 7.8, 16, 6.8, 0 ], "texture": "#4" }
			}
		},
		{
			"from": [ 10, 0, 7.55 ],
			"to": [ 11, 16, 8.549999 ],
			"faces": {
				"down": { "uv": [ 10, 7.45, 11, 8.45 ], "texture": "#4" },
				"up": { "uv": [ 10, 7.55, 11, 8.55 ], "texture": "#4" },
				"north": { "uv": [ 5, 0, 6, 16 ], "texture": "#4" },
				"south": { "uv": [ 10, 0, 11, 16 ], "texture": "#4" },
				"west": { "uv": [ 7.55, 0, 8.55, 16 ], "texture": "#4" },
				"east": { "uv": [ 8.45, 16, 7.45, 0 ], "texture": "#4" }
			}
		},
		{
			"from": [ 11, 0, 7.95 ],
			"to": [ 12, 16, 8.95 ],
			"faces": {
				"down": { "uv": [ 11, 7.05, 12, 8.05 ], "texture": "#4" },
				"up": { "uv": [ 11, 7.95, 12, 8.95 ], "texture": "#4" },
				"north": { "uv": [ 4, 0, 5, 16 ], "texture": "#4" },
				"south": { "uv": [ 11, 0, 12, 16 ], "texture": "#4" },
				"west": { "uv": [ 7.95, 0, 8.95, 16 ], "texture": "#4" },
				"east": { "uv": [ 8.05, 16, 7.05, 0 ], "texture": "#4" }
			}
		},
		{
			"from": [ 13, 11, 8.8 ],
			"to": [ 14, 16, 9.8 ],
			"faces": {
				"down": { "uv": [ 13, 6.2, 14, 7.2 ], "texture": "#4" },
				"up": { "uv": [ 13, 8.8, 14, 9.8 ], "texture": "#4" },
				"north": { "uv": [ 2, 0, 3, 5 ], "texture": "#4" },
				"south": { "uv": [ 13, 0, 14, 5 ], "texture": "#4" },
				"west": { "uv": [ 8.8, 0, 9.8, 5 ], "texture": "#4" },
				"east": { "uv": [ 7.2, 5, 6.2, 0 ], "texture": "#4" }
			}
		},
		{
			"from": [ 3, 5, 7.4 ],
			"to": [ 4, 15, 8.4 ],
			"faces": {
				"down": { "uv": [ 3, 7.6, 4, 8.6 ], "texture": "#4" },
				"up": { "uv": [ 3, 7.4, 4, 8.4 ], "texture": "#4" },
				"north": { "uv": [ 12, 1, 13, 11 ], "texture": "#4" },
				"south": { "uv": [ 3, 1, 4, 11 ], "texture": "#4" },
				"west": { "uv": [ 7.4, 1, 8.4, 11 ], "texture": "#4" },
				"east": { "uv": [ 8.6, 11, 7.6, 1 ], "texture": "#4" }
			}
		},
		{
			"from": [ 6, 0, 8 ],
			"to": [ 7, 15, 9 ],
			"faces": {
				"down": { "uv": [ 6, 7, 7, 8 ], "texture": "#4" },
				"up": { "uv": [ 6, 8, 7, 9 ], "texture": "#4" },
				"north": { "uv": [ 9, 1, 10, 16 ], "texture": "#4" },
				"south": { "uv": [ 6, 1, 7, 16 ], "texture": "#4" },
				"west": { "uv": [ 8, 1, 9, 16 ], "texture": "#4" },
				"east": { "uv": [ 8, 16, 7, 1 ], "texture": "#4" }
			}
		},
		{
			"from": [ 12, 1, 8.5 ],
			"to": [ 13, 15, 9.5 ],
			"faces": {
				"down": { "uv": [ 12, 6.8, 13, 7.8 ], "texture": "#4" },
				"up": { "uv": [ 12, 8.2, 13, 9.2 ], "texture": "#4" },
				"north": { "uv": [ 3, 1, 4, 15 ], "texture": "#4" },
				"south": { "uv": [ 12, 1, 13, 15 ], "texture": "#4" },
				"west": { "uv": [ 8.2, 1, 9.2, 15 ], "texture": "#4" },
				"east": { "uv": [ 7.8, 15, 6.8, 1 ], "texture": "#4" }
			}
		},
		{
			"from": [ 5, 1, 8.5 ],
			"to": [ 6, 14, 9.5 ],
			"faces": {
				"down": { "uv": [ 5, 6.55, 6, 7.55 ], "texture": "#4" },
				"up": { "uv": [ 5, 8.45, 6, 9.45 ], "texture": "#4" },
				"north": { "uv": [ 10, 2, 11, 15 ], "texture": "#4" },
				"south": { "uv": [ 5, 2, 6, 15 ], "texture": "#4" },
				"west": { "uv": [ 8.45, 2, 9.45, 15 ], "texture": "#4" },
				"east": { "uv": [ 7.55, 15, 6.55, 2 ], "texture": "#4" }
			}
		},
		{
			"from": [ 2, 7, 6.85 ],
			"to": [ 3, 13, 7.85 ],
			"faces": {
				"down": { "uv": [ 2, 8.15, 3, 9.15 ], "texture": "#4" },
				"up": { "uv": [ 2, 6.85, 3, 7.85 ], "texture": "#4" },
				"north": { "uv": [ 13, 3, 14, 9 ], "texture": "#4" },
				"south": { "uv": [ 2, 3, 3, 9 ], "texture": "#4" },
				"west": { "uv": [ 6.85, 3, 7.85, 9 ], "texture": "#4" },
				"east": { "uv": [ 9.15, 9, 8.15, 3 ], "texture": "#4" }
			}
		},
		{
			"from": [ 4, 3, 8 ],
			"to": [ 5, 13, 9 ],
			"faces": {
				"down": { "uv": [ 4, 7, 5, 8 ], "texture": "#4" },
				"up": { "uv": [ 4, 8, 5, 9 ], "texture": "#4" },
				"north": { "uv": [ 11, 3, 12, 13 ], "texture": "#4" },
				"south": { "uv": [ 4, 3, 5, 13 ], "texture": "#4" },
				"west": { "uv": [ 8, 3, 9, 13 ], "texture": "#4" },
				"east": { "uv": [ 8, 13, 7, 3 ], "texture": "#4" }
			}
		},
		{
			"from": [ 1, 9, 7.2 ],
			"to": [ 2, 12, 8.2 ],
			"faces": {
				"down": { "uv": [ 1, 7.8, 2, 8.8 ], "texture": "#4" },
				"up": { "uv": [ 1, 7.2, 2, 8.2 ], "texture": "#4" },
				"north": { "uv": [ 14, 4, 15, 7 ], "texture": "#4" },
				"south": { "uv": [ 1, 4, 2, 7 ], "texture": "#4" },
				"west": { "uv": [ 7.2, 4, 8.2, 7 ], "texture": "#4" },
				"east": { "uv": [ 8.8, 7, 7.8, 4 ], "texture": "#4" }
			}
		},
		{
			"from": [ 13, 3, 9.099999 ],
			"to": [ 14, 10, 10.1 ],
			"faces": {
				"down": { "uv": [ 13, 5.9, 14, 6.9 ], "texture": "#4" },
				"up": { "uv": [ 13, 9.1, 14, 10.1 ], "texture": "#4" },
				"north": { "uv": [ 2, 6, 3, 13 ], "texture": "#4" },
				"south": { "uv": [ 13, 6, 14, 13 ], "texture": "#4" },
				"west": { "uv": [ 9.1, 6, 10.1, 13 ], "texture": "#4" },
				"east": { "uv": [ 6.9, 13, 5.9, 6 ], "texture": "#4" }
			}
		},
		{
			"from": [ 14, 5, 9.5 ],
			"to": [ 15, 8, 10.5 ],
			"faces": {
				"down": { "uv": [ 14, 5.5, 15, 6.5 ], "texture": "#4" },
				"up": { "uv": [ 14, 9.5, 15, 10.5 ], "texture": "#4" },
				"north": { "uv": [ 1, 8, 2, 11 ], "texture": "#4" },
				"south": { "uv": [ 14, 8, 15, 11 ], "texture": "#4" },
				"west": { "uv": [ 9.5, 8, 10.5, 11 ], "texture": "#4" },
				"east": { "uv": [ 6.5, 11, 5.5, 8 ], "texture": "#4" }
			}
		},
		{
			"from": [ 3, 3, 8 ],
			"to": [ 4, 4, 9 ],
			"faces": {
				"down": { "uv": [ 3, 7, 4, 8 ], "texture": "#2" },
				"up": { "uv": [ 3, 8, 4, 9 ], "texture": "#2" },
				"north": { "uv": [ 12, 12, 13, 13 ], "texture": "#2" },
				"south": { "uv": [ 3, 12, 4, 13 ], "texture": "#2" },
				"west": { "uv": [ 8, 12, 9, 13 ], "texture": "#2" },
				"east": { "uv": [ 8, 13, 7, 12 ], "texture": "#2" }
			}
		},
		{
			"from": [ 0, 11, 7.2 ],
			"to": [ 1, 12, 8.2 ],
			"faces": {
				"down": { "uv": [ 0, 7.8, 1, 8.8 ], "texture": "#2" },
				"up": { "uv": [ 0, 7.2, 1, 8.2 ], "texture": "#2" },
				"north": { "uv": [ 15, 4, 16, 5 ], "texture": "#2" },
				"south": { "uv": [ 0, 4, 1, 5 ], "texture": "#2" },
				"west": { "uv": [ 7.2, 4, 8.2, 5 ], "texture": "#2" },
				"east": { "uv": [ 8.8, 5, 7.8, 4 ], "texture": "#2" }
			}
		},
		{
			"from": [ 14, 3, 9.349999 ],
			"to": [ 15, 4, 10.35 ],
			"faces": {
				"down": { "uv": [ 14, 5.65, 15, 6.65 ], "texture": "#2" },
				"up": { "uv": [ 14, 9.35, 15, 10.35 ], "texture": "#2" },
				"north": { "uv": [ 1, 12, 2, 13 ], "texture": "#2" },
				"south": { "uv": [ 14, 12, 15, 13 ], "texture": "#2" },
				"west": { "uv": [ 9.35, 12, 10.35, 13 ], "texture": "#2" },
				"east": { "uv": [ 6.65, 13, 5.65, 12 ], "texture": "#2" }
			}
		},
		{
			"from": [ 3.1, 10, 8.15 ],
			"to": [ 4.1, 11, 9.15 ],
			"faces": {
				"down": { "uv": [ 3.1, 6.85, 4.1, 7.85 ], "texture": "#2" },
				"up": { "uv": [ 3.1, 8.15, 4.1, 9.15 ], "texture": "#2" },
				"north": { "uv": [ 11.9, 5, 12.9, 6 ], "texture": "#2" },
				"south": { "uv": [ 3.1, 5, 4.1, 6 ], "texture": "#2" },
				"west": { "uv": [ 8.15, 5, 9.15, 6 ], "texture": "#2" },
				"east": { "uv": [ 7.85, 6, 6.85, 5 ], "texture": "#2" }
			}
		},
		{
			"from": [ 8.05, 14, 8.8 ],
			"to": [ 9.05, 15, 9.8 ],
			"faces": {
				"down": { "uv": [ 8.05, 6.2, 9.05, 7.2 ], "texture": "#2" },
				"up": { "uv": [ 8.05, 8.8, 9.05, 9.8 ], "texture": "#2" },
				"north": { "uv": [ 6.95, 1, 7.95, 2 ], "texture": "#2" },
				"south": { "uv": [ 8.05, 1, 9.05, 2 ], "texture": "#2" },
				"west": { "uv": [ 8.8, 1, 9.8, 2 ], "texture": "#2" },
				"east": { "uv": [ 7.2, 2, 6.2, 1 ], "texture": "#2" }
			}
		},
		{
			"from": [ 5.95, 12, 8.9 ],
			"to": [ 6.95, 13, 9.9 ],
			"faces": {
				"down": { "uv": [ 5.95, 6.1, 6.95, 7.1 ], "texture": "#2" },
				"up": { "uv": [ 5.95, 8.9, 6.95, 9.9 ], "texture": "#2" },
				"north": { "uv": [ 9.05, 3, 10.05, 4 ], "texture": "#2" },
				"south": { "uv": [ 5.95, 3, 6.95, 4 ], "texture": "#2" },
				"west": { "uv": [ 8.9, 3, 9.9, 4 ], "texture": "#2" },
				"east": { "uv": [ 7.1, 4, 6.1, 3 ], "texture": "#2" }
			}
		},
		{
			"from": [ 10.1, 14.9, 8.45 ],
			"to": [ 11.1, 15.9, 9.45 ],
			"faces": {
				"down": { "uv": [ 10.1, 6.55, 11.1, 7.55 ], "texture": "#2" },
				"up": { "uv": [ 10.1, 8.45, 11.1, 9.45 ], "texture": "#2" },
				"north": { "uv": [ 4.9, 0.1000004, 5.9, 1.1 ], "texture": "#2" },
				"south": { "uv": [ 10.1, 0.1000004, 11.1, 1.1 ], "texture": "#2" },
				"west": { "uv": [ 8.45, 0.1000004, 9.45, 1.1 ], "texture": "#2" },
				"east": { "uv": [ 7.55, 1.1, 6.55, 0.1000004 ], "texture": "#2" }
			}
		},
		{
			"from": [ 10.1, 14.7, 6.6 ],
			"to": [ 11.1, 15.7, 7.6 ],
			"faces": {
				"down": { "uv": [ 10.1, 8.4, 11.1, 9.4 ], "texture": "#2" },
				"up": { "uv": [ 10.1, 6.6, 11.1, 7.6 ], "texture": "#2" },
				"north": { "uv": [ 4.9, 0.3000002, 5.9, 1.3 ], "texture": "#2" },
				"south": { "uv": [ 10.1, 0.3000002, 11.1, 1.3 ], "texture": "#2" },
				"west": { "uv": [ 6.6, 0.3000002, 7.6, 1.3 ], "texture": "#2" },
				"east": { "uv": [ 9.4, 1.3, 8.4, 0.3000002 ], "texture": "#2" }
			}
		},
		{
			"from": [ 7.95, 13.95, 7.3 ],
			"to": [ 8.95, 14.95, 8.299999 ],
			"faces": {
				"down": { "uv": [ 7.95, 7.7, 8.95, 8.7 ], "texture": "#2" },
				"up": { "uv": [ 7.95, 7.3, 8.95, 8.3 ], "texture": "#2" },
				"north": { "uv": [ 7.05, 1.05, 8.05, 2.05 ], "texture": "#2" },
				"south": { "uv": [ 7.95, 1.05, 8.95, 2.05 ], "texture": "#2" },
				"west": { "uv": [ 7.3, 1.05, 8.3, 2.05 ], "texture": "#2" },
				"east": { "uv": [ 8.7, 2.05, 7.7, 1.05 ], "texture": "#2" }
			}
		},
		{
			"from": [ 6.05, 11.9, 7.3 ],
			"to": [ 7.05, 12.9, 8.299999 ],
			"faces": {
				"down": { "uv": [ 6.05, 7.7, 7.05, 8.7 ], "texture": "#2" },
				"up": { "uv": [ 6.05, 7.3, 7.05, 8.3 ], "texture": "#2" },
				"north": { "uv": [ 8.95, 3.1, 9.95, 4.1 ], "texture": "#2" },
				"south": { "uv": [ 6.05, 3.1, 7.05, 4.1 ], "texture": "#2" },
				"west": { "uv": [ 7.3, 3.1, 8.3, 4.1 ], "texture": "#2" },
				"east": { "uv": [ 8.7, 4.1, 7.7, 3.1 ], "texture": "#2" }
			}
		},
		{
			"from": [ 3.85, 13.9, 7.3 ],
			"to": [ 4.85, 14.9, 8.299999 ],
			"faces": {
				"down": { "uv": [ 3.85, 7.7, 4.85, 8.7 ], "texture": "#2" },
				"up": { "uv": [ 3.85, 7.3, 4.85, 8.3 ], "texture": "#2" },
				"north": { "uv": [ 11.15, 1.1, 12.15, 2.1 ], "texture": "#2" },
				"south": { "uv": [ 3.85, 1.1, 4.85, 2.1 ], "texture": "#2" },
				"west": { "uv": [ 7.3, 1.1, 8.3, 2.1 ], "texture": "#2" },
				"east": { "uv": [ 8.7, 2.1, 7.7, 1.1 ], "texture": "#2" }
			}
		},
		{
			"from": [ 4.1, 13.9, 8.849999 ],
			"to": [ 5.1, 14.9, 9.849999 ],
			"faces": {
				"down": { "uv": [ 4.1, 6.15, 5.1, 7.15 ], "texture": "#2" },
				"up": { "uv": [ 4.1, 8.85, 5.1, 9.85 ], "texture": "#2" },
				"north": { "uv": [ 10.9, 1.1, 11.9, 2.1 ], "texture": "#2" },
				"south": { "uv": [ 4.1, 1.1, 5.1, 2.1 ], "texture": "#2" },
				"west": { "uv": [ 8.85, 1.1, 9.85, 2.1 ], "texture": "#2" },
				"east": { "uv": [ 7.15, 2.1, 6.15, 1.1 ], "texture": "#2" }
			}
		},
		{
			"from": [ 10.9, 10.1, 8.849999 ],
			"to": [ 11.9, 11.1, 9.849999 ],
			"faces": {
				"down": { "uv": [ 10.9, 6.15, 11.9, 7.15 ], "texture": "#2" },
				"up": { "uv": [ 10.9, 8.85, 11.9, 9.85 ], "texture": "#2" },
				"north": { "uv": [ 4.1, 4.9, 5.1, 5.9 ], "texture": "#2" },
				"south": { "uv": [ 10.9, 4.9, 11.9, 5.9 ], "texture": "#2" },
				"west": { "uv": [ 8.85, 4.9, 9.85, 5.9 ], "texture": "#2" },
				"east": { "uv": [ 7.15, 5.9, 6.15, 4.9 ], "texture": "#2" }
			}
		},
		{
			"from": [ 11.1, 10.1, 7.25 ],
			"to": [ 12.1, 11.1, 8.25 ],
			"faces": {
				"down": { "uv": [ 11.1, 7.75, 12.1, 8.75 ], "texture": "#2" },
				"up": { "uv": [ 11.1, 7.25, 12.1, 8.25 ], "texture": "#2" },
				"north": { "uv": [ 3.9, 4.9, 4.9, 5.9 ], "texture": "#2" },
				"south": { "uv": [ 11.1, 4.9, 12.1, 5.9 ], "texture": "#2" },
				"west": { "uv": [ 7.25, 4.9, 8.25, 5.9 ], "texture": "#2" },
				"east": { "uv": [ 8.75, 5.9, 7.75, 4.9 ], "texture": "#2" }
			}
		},
		{
			"from": [ 7.95, 7.3, 8.65 ],
			"to": [ 8.95, 8.299999, 9.65 ],
			"faces": {
				"down": { "uv": [ 7.95, 6.35, 8.95, 7.35 ], "texture": "#2" },
				"up": { "uv": [ 7.95, 8.65, 8.95, 9.65 ], "texture": "#2" },
				"north": { "uv": [ 7.05, 7.7, 8.05, 8.7 ], "texture": "#2" },
				"south": { "uv": [ 7.95, 7.7, 8.95, 8.7 ], "texture": "#2" },
				"west": { "uv": [ 8.65, 7.7, 9.65, 8.7 ], "texture": "#2" },
				"east": { "uv": [ 7.35, 8.7, 6.35, 7.7 ], "texture": "#2" }
			}
		},
		{
			"from": [ 5.9, 6.75, 8.9 ],
			"to": [ 6.9, 7.75, 9.9 ],
			"faces": {
				"down": { "uv": [ 5.9, 6.1, 6.9, 7.1 ], "texture": "#2" },
				"up": { "uv": [ 5.9, 8.9, 6.9, 9.9 ], "texture": "#2" },
				"north": { "uv": [ 9.1, 8.25, 10.1, 9.25 ], "texture": "#2" },
				"south": { "uv": [ 5.9, 8.25, 6.9, 9.25 ], "texture": "#2" },
				"west": { "uv": [ 8.9, 8.25, 9.9, 9.25 ], "texture": "#2" },
				"east": { "uv": [ 7.1, 9.25, 6.1, 8.25 ], "texture": "#2" }
			}
		},
		{
			"from": [ 5.9, 2.1, 8.9 ],
			"to": [ 6.9, 3.1, 9.9 ],
			"faces": {
				"down": { "uv": [ 5.9, 6.1, 6.9, 7.1 ], "texture": "#2" },
				"up": { "uv": [ 5.9, 8.9, 6.9, 9.9 ], "texture": "#2" },
				"north": { "uv": [ 9.1, 12.9, 10.1, 13.9 ], "texture": "#2" },
				"south": { "uv": [ 5.9, 12.9, 6.9, 13.9 ], "texture": "#2" },
				"west": { "uv": [ 8.9, 12.9, 9.9, 13.9 ], "texture": "#2" },
				"east": { "uv": [ 7.1, 13.9, 6.1, 12.9 ], "texture": "#2" }
			}
		},
		{
			"from": [ 8.05, 1.05, 8.7 ],
			"to": [ 9.05, 2.05, 9.7 ],
			"faces": {
				"down": { "uv": [ 8.05, 6.3, 9.05, 7.3 ], "texture": "#2" },
				"up": { "uv": [ 8.05, 8.7, 9.05, 9.7 ], "texture": "#2" },
				"north": { "uv": [ 6.95, 13.95, 7.95, 14.95 ], "texture": "#2" },
				"south": { "uv": [ 8.05, 13.95, 9.05, 14.95 ], "texture": "#2" },
				"west": { "uv": [ 8.7, 13.95, 9.7, 14.95 ], "texture": "#2" },
				"east": { "uv": [ 7.3, 14.95, 6.3, 13.95 ], "texture": "#2" }
			}
		},
		{
			"from": [ 10.85, 2, 8.7 ],
			"to": [ 11.85, 3, 9.7 ],
			"faces": {
				"down": { "uv": [ 10.85, 6.3, 11.85, 7.3 ], "texture": "#2" },
				"up": { "uv": [ 10.85, 8.7, 11.85, 9.7 ], "texture": "#2" },
				"north": { "uv": [ 4.15, 13, 5.15, 14 ], "texture": "#2" },
				"south": { "uv": [ 10.85, 13, 11.85, 14 ], "texture": "#2" },
				"west": { "uv": [ 8.7, 13, 9.7, 14 ], "texture": "#2" },
				"east": { "uv": [ 7.3, 14, 6.3, 13 ], "texture": "#2" }
			}
		},
		{
			"from": [ 9.3, 4, 8.7 ],
			"to": [ 10.3, 5, 9.7 ],
			"faces": {
				"down": { "uv": [ 9.3, 6.3, 10.3, 7.3 ], "texture": "#2" },
				"up": { "uv": [ 9.3, 8.7, 10.3, 9.7 ], "texture": "#2" },
				"north": { "uv": [ 5.7, 11, 6.7, 12 ], "texture": "#2" },
				"south": { "uv": [ 9.3, 11, 10.3, 12 ], "texture": "#2" },
				"west": { "uv": [ 8.7, 11, 9.7, 12 ], "texture": "#2" },
				"east": { "uv": [ 7.3, 12, 6.3, 11 ], "texture": "#2" }
			}
		},
		{
			"from": [ 11.95, 4.95, 8.9 ],
			"to": [ 12.95, 5.95, 9.9 ],
			"faces": {
				"down": { "uv": [ 11.95, 6.1, 12.95, 7.1 ], "texture": "#2" },
				"up": { "uv": [ 11.95, 8.9, 12.95, 9.9 ], "texture": "#2" },
				"north": { "uv": [ 3.05, 10.05, 4.05, 11.05 ], "texture": "#2" },
				"south": { "uv": [ 11.95, 10.05, 12.95, 11.05 ], "texture": "#2" },
				"west": { "uv": [ 8.9, 10.05, 9.9, 11.05 ], "texture": "#2" },
				"east": { "uv": [ 7.1, 11.05, 6.1, 10.05 ], "texture": "#2" }
			}
		},
		{
			"from": [ 10.1, 5.85, 8.349999 ],
			"to": [ 11.1, 6.85, 9.349999 ],
			"faces": {
				"down": { "uv": [ 10.1, 6.65, 11.1, 7.65 ], "texture": "#2" },
				"up": { "uv": [ 10.1, 8.35, 11.1, 9.35 ], "texture": "#2" },
				"north": { "uv": [ 4.9, 9.15, 5.9, 10.15 ], "texture": "#2" },
				"south": { "uv": [ 10.1, 9.15, 11.1, 10.15 ], "texture": "#2" },
				"west": { "uv": [ 8.35, 9.15, 9.35, 10.15 ], "texture": "#2" },
				"east": { "uv": [ 7.65, 10.15, 6.65, 9.15 ], "texture": "#2" }
			}
		},
		{
			"from": [ 4.05, 4.85, 8.7 ],
			"to": [ 5.05, 5.85, 9.7 ],
			"faces": {
				"down": { "uv": [ 4.05, 6.3, 5.05, 7.3 ], "texture": "#2" },
				"up": { "uv": [ 4.05, 8.7, 5.05, 9.7 ], "texture": "#2" },
				"north": { "uv": [ 10.95, 10.15, 11.95, 11.15 ], "texture": "#2" },
				"south": { "uv": [ 4.05, 10.15, 5.05, 11.15 ], "texture": "#2" },
				"west": { "uv": [ 8.7, 10.15, 9.7, 11.15 ], "texture": "#2" },
				"east": { "uv": [ 7.3, 11.15, 6.3, 10.15 ], "texture": "#2" }
			}
		},
		{
			"from": [ 10.1, 5.95, 7.15 ],
			"to": [ 11.1, 6.95, 8.15 ],
			"faces": {
				"down": { "uv": [ 10.1, 7.85, 11.1, 8.85 ], "texture": "#2" },
				"up": { "uv": [ 10.1, 7.15, 11.1, 8.15 ], "texture": "#2" },
				"north": { "uv": [ 4.9, 9.05, 5.9, 10.05 ], "texture": "#2" },
				"south": { "uv": [ 10.1, 9.05, 11.1, 10.05 ], "texture": "#2" },
				"west": { "uv": [ 7.15, 9.05, 8.15, 10.05 ], "texture": "#2" },
				"east": { "uv": [ 8.85, 10.05, 7.85, 9.05 ], "texture": "#2" }
			}
		},
		{
			"from": [ 8.9, 4, 7.3 ],
			"to": [ 9.9, 5, 8.299999 ],
			"faces": {
				"down": { "uv": [ 8.9, 7.7, 9.9, 8.7 ], "texture": "#2" },
				"up": { "uv": [ 8.9, 7.3, 9.9, 8.3 ], "texture": "#2" },
				"north": { "uv": [ 6.1, 11, 7.1, 12 ], "texture": "#2" },
				"south": { "uv": [ 8.9, 11, 9.9, 12 ], "texture": "#2" },
				"west": { "uv": [ 7.3, 11, 8.3, 12 ], "texture": "#2" },
				"east": { "uv": [ 8.7, 12, 7.7, 11 ], "texture": "#2" }
			}
		},
		{
			"from": [ 5.95, 5, 7.3 ],
			"to": [ 6.95, 6, 8.299999 ],
			"faces": {
				"down": { "uv": [ 5.95, 7.7, 6.95, 8.7 ], "texture": "#2" },
				"up": { "uv": [ 5.95, 7.3, 6.95, 8.3 ], "texture": "#2" },
				"north": { "uv": [ 9.05, 10, 10.05, 11 ], "texture": "#2" },
				"south": { "uv": [ 5.95, 10, 6.95, 11 ], "texture": "#2" },
				"west": { "uv": [ 7.3, 10, 8.3, 11 ], "texture": "#2" },
				"east": { "uv": [ 8.7, 11, 7.7, 10 ], "texture": "#2" }
			}
		},
		{
			"from": [ 3.75, 5, 7.3 ],
			"to": [ 4.75, 6, 8.299999 ],
			"faces": {
				"down": { "uv": [ 3.75, 7.7, 4.75, 8.7 ], "texture": "#2" },
				"up": { "uv": [ 3.75, 7.3, 4.75, 8.3 ], "texture": "#2" },
				"north": { "uv": [ 11.25, 10, 12.25, 11 ], "texture": "#2" },
				"south": { "uv": [ 3.75, 10, 4.75, 11 ], "texture": "#2" },
				"west": { "uv": [ 7.3, 10, 8.3, 11 ], "texture": "#2" },
				"east": { "uv": [ 8.7, 11, 7.7, 10 ], "texture": "#2" }
			}
		},
		{
			"from": [ 2.85, 9.95, 6.65 ],
			"to": [ 3.85, 10.95, 7.65 ],
			"faces": {
				"down": { "uv": [ 2.85, 8.35, 3.85, 9.35 ], "texture": "#2" },
				"up": { "uv": [ 2.85, 6.65, 3.85, 7.65 ], "texture": "#2" },
				"north": { "uv": [ 12.15, 5.05, 13.15, 6.05 ], "texture": "#2" },
				"south": { "uv": [ 2.85, 5.05, 3.85, 6.05 ], "texture": "#2" },
				"west": { "uv": [ 6.65, 5.05, 7.65, 6.05 ], "texture": "#2" },
				"east": { "uv": [ 9.35, 6.05, 8.35, 5.05 ], "texture": "#2" }
			}
		},
		{
			"from": [ 6.05, 2.1, 7.15 ],
			"to": [ 7.05, 3.1, 8.15 ],
			"faces": {
				"down": { "uv": [ 6.05, 7.85, 7.05, 8.85 ], "texture": "#2" },
				"up": { "uv": [ 6.05, 7.15, 7.05, 8.15 ], "texture": "#2" },
				"north": { "uv": [ 8.95, 12.9, 9.95, 13.9 ], "texture": "#2" },
				"south": { "uv": [ 6.05, 12.9, 7.05, 13.9 ], "texture": "#2" },
				"west": { "uv": [ 7.15, 12.9, 8.15, 13.9 ], "texture": "#2" },
				"east": { "uv": [ 8.85, 13.9, 7.85, 12.9 ], "texture": "#2" }
			}
		},
		{
			"from": [ 8.05, 0.9, 7.5 ],
			"to": [ 9.05, 1.9, 8.5 ],
			"faces": {
				"down": { "uv": [ 8.05, 7.5, 9.05, 8.5 ], "texture": "#2" },
				"up": { "uv": [ 8.05, 7.5, 9.05, 8.5 ], "texture": "#2" },
				"north": { "uv": [ 6.95, 14.1, 7.95, 15.1 ], "texture": "#2" },
				"south": { "uv": [ 8.05, 14.1, 9.05, 15.1 ], "texture": "#2" },
				"west": { "uv": [ 7.5, 14.1, 8.5, 15.1 ], "texture": "#2" },
				"east": { "uv": [ 8.5, 15.1, 7.5, 14.1 ], "texture": "#2" }
			}
		},
		{
			"from": [ 12.15, 5.05, 7.45 ],
			"to": [ 13.15, 6.05, 8.45 ],
			"faces": {
				"down": { "uv": [ 12.15, 7.55, 13.15, 8.55 ], "texture": "#2" },
				"up": { "uv": [ 12.15, 7.45, 13.15, 8.45 ], "texture": "#2" },
				"north": { "uv": [ 2.85, 9.95, 3.85, 10.95 ], "texture": "#2" },
				"south": { "uv": [ 12.15, 9.95, 13.15, 10.95 ], "texture": "#2" },
				"west": { "uv": [ 7.45, 9.95, 8.45, 10.95 ], "texture": "#2" },
				"east": { "uv": [ 8.55, 10.95, 7.55, 9.95 ], "texture": "#2" }
			}
		},
		{
			"from": [ 11.05, 2.05, 7.05 ],
			"to": [ 12.05, 3.05, 8.049999 ],
			"faces": {
				"down": { "uv": [ 11.05, 7.95, 12.05, 8.95 ], "texture": "#2" },
				"up": { "uv": [ 11.05, 7.05, 12.05, 8.05 ], "texture": "#2" },
				"north": { "uv": [ 3.95, 12.95, 4.95, 13.95 ], "texture": "#2" },
				"south": { "uv": [ 11.05, 12.95, 12.05, 13.95 ], "texture": "#2" },
				"west": { "uv": [ 7.05, 12.95, 8.05, 13.95 ], "texture": "#2" },
				"east": { "uv": [ 8.95, 13.95, 7.95, 12.95 ], "texture": "#2" }
			}
		},
		{
			"from": [ 10.9, 11.05, 6.9 ],
			"to": [ 14.9, 14.05, 8.4 ],
			"faces": {
				"down": { "uv": [ 10.9, 7.6, 14.9, 9.1 ], "texture": "#0" },
				"up": { "uv": [ 10.9, 6.9, 14.9, 8.4 ], "texture": "#0" },
				"north": { "uv": [ 1.1, 1.95, 5.1, 4.95 ], "texture": "#0" },
				"south": { "uv": [ 10.9, 1.95, 14.9, 4.95 ], "texture": "#0" },
				"west": { "uv": [ 6.9, 1.95, 8.4, 4.95 ], "texture": "#0" },
				"east": { "uv": [ 9.1, 4.95, 7.6, 1.95 ], "texture": "#0" }
			}
		},
		{
			"from": [ 12.9, 6.05, 7.35 ],
			"to": [ 13.9, 11.05, 8.85 ],
			"faces": {
				"down": { "uv": [ 12.9, 7.15, 13.9, 8.65 ], "texture": "#0" },
				"up": { "uv": [ 12.9, 7.35, 13.9, 8.85 ], "texture": "#0" },
				"north": { "uv": [ 2.1, 4.95, 3.1, 9.95 ], "texture": "#0" },
				"south": { "uv": [ 12.9, 4.95, 13.9, 9.95 ], "texture": "#0" },
				"west": { "uv": [ 7.35, 4.95, 8.85, 9.95 ], "texture": "#0" },
				"east": { "uv": [ 8.65, 9.95, 7.15, 4.95 ], "texture": "#0" }
			}
		},
		{
			"from": [ 0.9, 6.05, 6 ],
			"to": [ 2.9, 10.05, 7.5 ],
			"faces": {
				"down": { "uv": [ 0.9, 8.5, 2.9, 10 ], "texture": "#0" },
				"up": { "uv": [ 0.9, 6, 2.9, 7.5 ], "texture": "#0" },
				"north": { "uv": [ 13.1, 5.95, 15.1, 9.95 ], "texture": "#0" },
				"south": { "uv": [ 0.9, 5.95, 2.9, 9.95 ], "texture": "#0" },
				"west": { "uv": [ 6, 5.95, 7.5, 9.95 ], "texture": "#0" },
				"east": { "uv": [ 10, 9.95, 8.5, 5.95 ], "texture": "#0" }
			}
		},
		{
			"from": [ 7, 7, 6.5 ],
			"to": [ 10, 10, 8 ],
			"faces": {
				"down": { "uv": [ 6.9, 7.8, 9.9, 9.3 ], "texture": "#0" },
				"up": { "uv": [ 6.9, 6.7, 9.9, 8.2 ], "texture": "#0" },
				"north": { "uv": [ 6.1, 5.95, 9.1, 8.95 ], "texture": "#0" },
				"south": { "uv": [ 6.9, 5.95, 9.9, 8.95 ], "texture": "#0" },
				"west": { "uv": [ 6.7, 5.95, 8.2, 8.95 ], "texture": "#0" },
				"east": { "uv": [ 9.3, 8.95, 7.8, 5.95 ], "texture": "#0" }
			}
		},
		{
			"from": [ 9.9, 8.05, 6.7 ],
			"to": [ 10.9, 10.05, 8.2 ],
			"faces": {
				"down": { "uv": [ 9.9, 7.8, 10.9, 9.3 ], "texture": "#0" },
				"up": { "uv": [ 9.9, 6.7, 10.9, 8.2 ], "texture": "#0" },
				"north": { "uv": [ 5.1, 5.95, 6.1, 7.95 ], "texture": "#0" },
				"south": { "uv": [ 9.9, 5.95, 10.9, 7.95 ], "texture": "#0" },
				"west": { "uv": [ 6.7, 5.95, 8.2, 7.95 ], "texture": "#0" },
				"east": { "uv": [ 9.3, 7.95, 7.8, 5.95 ], "texture": "#0" }
			}
		},
		{
			"from": [ 13.9, 6.05, 7.35 ],
			"to": [ 14.9, 10.05, 8.85 ],
			"faces": {
				"down": { "uv": [ 13.9, 7.15, 14.9, 8.65 ], "texture": "#0" },
				"up": { "uv": [ 13.9, 7.35, 14.9, 8.85 ], "texture": "#0" },
				"north": { "uv": [ 1.1, 5.95, 2.1, 9.95 ], "texture": "#0" },
				"south": { "uv": [ 13.9, 5.95, 14.9, 9.95 ], "texture": "#0" },
				"west": { "uv": [ 7.35, 5.95, 8.85, 9.95 ], "texture": "#0" },
				"east": { "uv": [ 8.65, 9.95, 7.15, 5.95 ], "texture": "#0" }
			}
		},
		{
			"from": [ -0.09999999, 8.05, 6 ],
			"to": [ 0.9, 9.05, 7.5 ],
			"faces": {
				"down": { "uv": [ 0, 8.5, 0.9, 10 ], "texture": "#0" },
				"up": { "uv": [ 0, 6, 0.9, 7.5 ], "texture": "#0" },
				"north": { "uv": [ 15.1, 6.95, 16, 7.95 ], "texture": "#0" },
				"south": { "uv": [ 0, 6.95, 0.9, 7.95 ], "texture": "#0" },
				"west": { "uv": [ 6, 6.95, 7.5, 7.95 ], "texture": "#0" },
				"east": { "uv": [ 10, 7.95, 8.5, 6.95 ], "texture": "#0" }
			}
		},
		{
			"from": [ 2.9, 6.05, 6 ],
			"to": [ 3.9, 9.049999, 7.5 ],
			"faces": {
				"down": { "uv": [ 2.9, 8.5, 3.9, 10 ], "texture": "#0" },
				"up": { "uv": [ 2.9, 6, 3.9, 7.5 ], "texture": "#0" },
				"north": { "uv": [ 12.1, 6.95, 13.1, 9.95 ], "texture": "#0" },
				"south": { "uv": [ 2.9, 6.95, 3.9, 9.95 ], "texture": "#0" },
				"west": { "uv": [ 6, 6.95, 7.5, 9.95 ], "texture": "#0" },
				"east": { "uv": [ 10, 9.95, 8.5, 6.95 ], "texture": "#0" }
			}
		},
		{
			"from": [ 5.9, 6.05, 6.7 ],
			"to": [ 6.9, 9.049999, 8.2 ],
			"faces": {
				"down": { "uv": [ 5.9, 7.8, 6.9, 9.3 ], "texture": "#0" },
				"up": { "uv": [ 5.9, 6.7, 6.9, 8.2 ], "texture": "#0" },
				"north": { "uv": [ 9.1, 6.95, 10.1, 9.95 ], "texture": "#0" },
				"south": { "uv": [ 5.9, 6.95, 6.9, 9.95 ], "texture": "#0" },
				"west": { "uv": [ 6.7, 6.95, 8.2, 9.95 ], "texture": "#0" },
				"east": { "uv": [ 9.3, 9.95, 7.8, 6.95 ], "texture": "#0" }
			}
		},
		{
			"from": [ 11.9, 7.05, 7.35 ],
			"to": [ 12.9, 9.049999, 8.85 ],
			"faces": {
				"down": { "uv": [ 11.9, 7.15, 12.9, 8.65 ], "texture": "#0" },
				"up": { "uv": [ 11.9, 7.35, 12.9, 8.85 ], "texture": "#0" },
				"north": { "uv": [ 3.1, 6.95, 4.1, 8.95 ], "texture": "#0" },
				"south": { "uv": [ 11.9, 6.95, 12.9, 8.95 ], "texture": "#0" },
				"west": { "uv": [ 7.35, 6.95, 8.85, 8.95 ], "texture": "#0" },
				"east": { "uv": [ 8.65, 8.95, 7.15, 6.95 ], "texture": "#0" }
			}
		},
		{
			"from": [ 14.9, 8.05, 7.35 ],
			"to": [ 15.9, 9.05, 8.85 ],
			"faces": {
				"down": { "uv": [ 14.9, 7.15, 15.9, 8.65 ], "texture": "#0" },
				"up": { "uv": [ 14.9, 7.35, 15.9, 8.85 ], "texture": "#0" },
				"north": { "uv": [ 0.1, 6.95, 1.1, 7.95 ], "texture": "#0" },
				"south": { "uv": [ 14.9, 6.95, 15.9, 7.95 ], "texture": "#0" },
				"west": { "uv": [ 7.35, 6.95, 8.85, 7.95 ], "texture": "#0" },
				"east": { "uv": [ 8.65, 7.95, 7.15, 6.95 ], "texture": "#0" }
			}
		},
		{
			"from": [ 6.9, 6.05, 6.7 ],
			"to": [ 8.9, 7.05, 8.2 ],
			"faces": {
				"down": { "uv": [ 6.9, 7.8, 8.9, 9.3 ], "texture": "#0" },
				"up": { "uv": [ 6.9, 6.7, 8.9, 8.2 ], "texture": "#0" },
				"north": { "uv": [ 7.1, 8.95, 9.1, 9.95 ], "texture": "#0" },
				"south": { "uv": [ 6.9, 8.95, 8.9, 9.95 ], "texture": "#0" },
				"west": { "uv": [ 6.7, 8.95, 8.2, 9.95 ], "texture": "#0" },
				"east": { "uv": [ 9.3, 9.95, 7.8, 8.95 ], "texture": "#0" }
			}
		},
		{
			"from": [ 1.9, 5.05, 6 ],
			"to": [ 2.9, 6.05, 7.5 ],
			"faces": {
				"down": { "uv": [ 1.9, 8.5, 2.9, 10 ], "texture": "#0" },
				"up": { "uv": [ 1.9, 6, 2.9, 7.5 ], "texture": "#0" },
				"north": { "uv": [ 13.1, 9.95, 14.1, 10.95 ], "texture": "#0" },
				"south": { "uv": [ 1.9, 9.95, 2.9, 10.95 ], "texture": "#0" },
				"west": { "uv": [ 6, 9.95, 7.5, 10.95 ], "texture": "#0" },
				"east": { "uv": [ 10, 10.95, 8.5, 9.95 ], "texture": "#0" }
			}
		},
		{
			"from": [ 1.15, 10.55, 8.65 ],
			"to": [ 5.15, 13.55, 10.15 ],
			"faces": {
				"down": { "uv": [ 1.15, 5.85, 5.15, 7.35 ], "texture": "#0" },
				"up": { "uv": [ 1.15, 8.65, 5.15, 10.15 ], "texture": "#0" },
				"north": { "uv": [ 10.85, 2.45, 14.85, 5.45 ], "texture": "#0" },
				"south": { "uv": [ 1.15, 2.45, 5.15, 5.45 ], "texture": "#0" },
				"west": { "uv": [ 8.65, 2.45, 10.15, 5.45 ], "texture": "#0" },
				"east": { "uv": [ 7.35, 5.45, 5.85, 2.45 ], "texture": "#0" }
			}
		},
		{
			"from": [ 2.15, 5.55, 8.2 ],
			"to": [ 3.15, 10.55, 9.7 ],
			"faces": {
				"down": { "uv": [ 2.15, 6.3, 3.15, 7.8 ], "texture": "#0" },
				"up": { "uv": [ 2.15, 8.2, 3.15, 9.7 ], "texture": "#0" },
				"north": { "uv": [ 12.85, 5.45, 13.85, 10.45 ], "texture": "#0" },
				"south": { "uv": [ 2.15, 5.45, 3.15, 10.45 ], "texture": "#0" },
				"west": { "uv": [ 8.2, 5.45, 9.7, 10.45 ], "texture": "#0" },
				"east": { "uv": [ 7.8, 10.45, 6.3, 5.45 ], "texture": "#0" }
			}
		},
		{
			"from": [ 13.15, 5.55, 9.55 ],
			"to": [ 15.15, 9.549999, 11.05 ],
			"faces": {
				"down": { "uv": [ 13.15, 4.95, 15.15, 6.45 ], "texture": "#0" },
				"up": { "uv": [ 13.15, 9.55, 15.15, 11.05 ], "texture": "#0" },
				"north": { "uv": [ 0.85, 6.45, 2.85, 10.45 ], "texture": "#0" },
				"south": { "uv": [ 13.15, 6.45, 15.15, 10.45 ], "texture": "#0" },
				"west": { "uv": [ 9.55, 6.45, 11.05, 10.45 ], "texture": "#0" },
				"east": { "uv": [ 6.45, 10.45, 4.95, 6.45 ], "texture": "#0" }
			}
		},
		{
			"from": [ 6.15, 6.55, 8.849999 ],
			"to": [ 9.15, 9.549999, 10.35 ],
			"faces": {
				"down": { "uv": [ 6.15, 5.65, 9.15, 7.15 ], "texture": "#0" },
				"up": { "uv": [ 6.15, 8.85, 9.15, 10.35 ], "texture": "#0" },
				"north": { "uv": [ 6.85, 6.45, 9.85, 9.45 ], "texture": "#0" },
				"south": { "uv": [ 6.15, 6.45, 9.15, 9.45 ], "texture": "#0" },
				"west": { "uv": [ 8.85, 6.45, 10.35, 9.45 ], "texture": "#0" },
				"east": { "uv": [ 7.15, 9.45, 5.65, 6.45 ], "texture": "#0" }
			}
		},
		{
			"from": [ 5.15, 7.55, 8.849999 ],
			"to": [ 6.15, 9.549999, 10.35 ],
			"faces": {
				"down": { "uv": [ 5.15, 5.65, 6.15, 7.15 ], "texture": "#0" },
				"up": { "uv": [ 5.15, 8.85, 6.15, 10.35 ], "texture": "#0" },
				"north": { "uv": [ 9.85, 6.45, 10.85, 8.45 ], "texture": "#0" },
				"south": { "uv": [ 5.15, 6.45, 6.15, 8.45 ], "texture": "#0" },
				"west": { "uv": [ 8.85, 6.45, 10.35, 8.45 ], "texture": "#0" },
				"east": { "uv": [ 7.15, 8.45, 5.65, 6.45 ], "texture": "#0" }
			}
		},
		{
			"from": [ 1.15, 5.55, 8.2 ],
			"to": [ 2.15, 9.549999, 9.7 ],
			"faces": {
				"down": { "uv": [ 1.15, 6.3, 2.15, 7.8 ], "texture": "#0" },
				"up": { "uv": [ 1.15, 8.2, 2.15, 9.7 ], "texture": "#0" },
				"north": { "uv": [ 13.85, 6.45, 14.85, 10.45 ], "texture": "#0" },
				"south": { "uv": [ 1.15, 6.45, 2.15, 10.45 ], "texture": "#0" },
				"west": { "uv": [ 8.2, 6.45, 9.7, 10.45 ], "texture": "#0" },
				"east": { "uv": [ 7.8, 10.45, 6.3, 6.45 ], "texture": "#0" }
			}
		},
		{
			"from": [ 15.15, 7.55, 9.55 ],
			"to": [ 16.15, 8.549999, 11.05 ],
			"faces": {
				"down": { "uv": [ 15.15, 4.95, 16, 6.45 ], "texture": "#0" },
				"up": { "uv": [ 15.15, 9.55, 16, 11.05 ], "texture": "#0" },
				"north": { "uv": [ 0, 7.45, 0.85, 8.45 ], "texture": "#0" },
				"south": { "uv": [ 15.15, 7.45, 16, 8.45 ], "texture": "#0" },
				"west": { "uv": [ 9.55, 7.45, 11.05, 8.45 ], "texture": "#0" },
				"east": { "uv": [ 6.45, 8.45, 4.95, 7.45 ], "texture": "#0" }
			}
		},
		{
			"from": [ 12.15, 5.55, 9.55 ],
			"to": [ 13.15, 8.549999, 11.05 ],
			"faces": {
				"down": { "uv": [ 12.15, 4.95, 13.15, 6.45 ], "texture": "#0" },
				"up": { "uv": [ 12.15, 9.55, 13.15, 11.05 ], "texture": "#0" },
				"north": { "uv": [ 2.85, 7.45, 3.85, 10.45 ], "texture": "#0" },
				"south": { "uv": [ 12.15, 7.45, 13.15, 10.45 ], "texture": "#0" },
				"west": { "uv": [ 9.55, 7.45, 11.05, 10.45 ], "texture": "#0" },
				"east": { "uv": [ 6.45, 10.45, 4.95, 7.45 ], "texture": "#0" }
			}
		},
		{
			"from": [ 9.15, 5.55, 8.849999 ],
			"to": [ 10.15, 8.549999, 10.35 ],
			"faces": {
				"down": { "uv": [ 9.15, 5.65, 10.15, 7.15 ], "texture": "#0" },
				"up": { "uv": [ 9.15, 8.85, 10.15, 10.35 ], "texture": "#0" },
				"north": { "uv": [ 5.85, 7.45, 6.85, 10.45 ], "texture": "#0" },
				"south": { "uv": [ 9.15, 7.45, 10.15, 10.45 ], "texture": "#0" },
				"west": { "uv": [ 8.85, 7.45, 10.35, 10.45 ], "texture": "#0" },
				"east": { "uv": [ 7.15, 10.45, 5.65, 7.45 ], "texture": "#0" }
			}
		},
		{
			"from": [ 3.15, 6.55, 8.2 ],
			"to": [ 4.15, 8.549999, 9.7 ],
			"faces": {
				"down": { "uv": [ 3.15, 6.3, 4.15, 7.8 ], "texture": "#0" },
				"up": { "uv": [ 3.15, 8.2, 4.15, 9.7 ], "texture": "#0" },
				"north": { "uv": [ 11.85, 7.45, 12.85, 9.45 ], "texture": "#0" },
				"south": { "uv": [ 3.15, 7.45, 4.15, 9.45 ], "texture": "#0" },
				"west": { "uv": [ 8.2, 7.45, 9.7, 9.45 ], "texture": "#0" },
				"east": { "uv": [ 7.8, 9.45, 6.3, 7.45 ], "texture": "#0" }
			}
		},
		{
			"from": [ 0.15, 7.55, 8.2 ],
			"to": [ 1.15, 8.549999, 9.7 ],
			"faces": {
				"down": { "uv": [ 0.15, 6.3, 1.15, 7.8 ], "texture": "#0" },
				"up": { "uv": [ 0.15, 8.2, 1.15, 9.7 ], "texture": "#0" },
				"north": { "uv": [ 14.85, 7.45, 15.85, 8.45 ], "texture": "#0" },
				"south": { "uv": [ 0.15, 7.45, 1.15, 8.45 ], "texture": "#0" },
				"west": { "uv": [ 8.2, 7.45, 9.7, 8.45 ], "texture": "#0" },
				"east": { "uv": [ 7.8, 8.45, 6.3, 7.45 ], "texture": "#0" }
			}
		},
		{
			"from": [ 7.15, 5.55, 8.849999 ],
			"to": [ 9.15, 6.55, 10.35 ],
			"faces": {
				"down": { "uv": [ 7.15, 5.65, 9.15, 7.15 ], "texture": "#0" },
				"up": { "uv": [ 7.15, 8.85, 9.15, 10.35 ], "texture": "#0" },
				"north": { "uv": [ 6.85, 9.45, 8.85, 10.45 ], "texture": "#0" },
				"south": { "uv": [ 7.15, 9.45, 9.15, 10.45 ], "texture": "#0" },
				"west": { "uv": [ 8.85, 9.45, 10.35, 10.45 ], "texture": "#0" },
				"east": { "uv": [ 7.15, 10.45, 5.65, 9.45 ], "texture": "#0" }
			}
		},
		{
			"from": [ 13.15, 4.55, 9.55 ],
			"to": [ 14.15, 5.55, 11.05 ],
			"faces": {
				"down": { "uv": [ 13.15, 4.95, 14.15, 6.45 ], "texture": "#0" },
				"up": { "uv": [ 13.15, 9.55, 14.15, 11.05 ], "texture": "#0" },
				"north": { "uv": [ 1.85, 10.45, 2.85, 11.45 ], "texture": "#0" },
				"south": { "uv": [ 13.15, 10.45, 14.15, 11.45 ], "texture": "#0" },
				"west": { "uv": [ 9.55, 10.45, 11.05, 11.45 ], "texture": "#0" },
				"east": { "uv": [ 6.45, 11.45, 4.95, 10.45 ], "texture": "#0" }
			}
		},
		{
			"from": [ 7, 13.95, 3.7 ],
			"to": [ 8, 15.95, 4.7 ],
			"faces": {
				"down": { "uv": [ 4, 7, 5, 8 ], "texture": "#4", "rotation": 90 },
				"up": { "uv": [ 4, 8, 5, 9 ], "texture": "#4", "rotation": 270 },
				"north": { "uv": [ 8, 0, 9, 2 ], "texture": "#4" },
				"south": { "uv": [ 8, 2, 7, 0 ], "texture": "#4" },
				"west": { "uv": [ 4, 0, 5, 2 ], "texture": "#4" },
				"east": { "uv": [ 11, 0, 12, 2 ], "texture": "#4" }
			}
		},
		{
			"from": [ 6.8, -0.05, 8.7 ],
			"to": [ 7.8, 15.95, 9.7 ],
			"faces": {
				"down": { "uv": [ 9, 6.8, 10, 7.8 ], "texture": "#4", "rotation": 90 },
				"up": { "uv": [ 9, 8.2, 10, 9.2 ], "texture": "#4", "rotation": 270 },
				"north": { "uv": [ 8.2, 0, 9.2, 16 ], "texture": "#4" },
				"south": { "uv": [ 7.8, 16, 6.8, 0 ], "texture": "#4" },
				"west": { "uv": [ 9, 0, 10, 16 ], "texture": "#4" },
				"east": { "uv": [ 6, 0, 7, 16 ], "texture": "#4" }
			}
		},
		{
			"from": [ 7.45, -0.05, 9.7 ],
			"to": [ 8.45, 15.95, 10.7 ],
			"faces": {
				"down": { "uv": [ 10, 7.45, 11, 8.45 ], "texture": "#4", "rotation": 90 },
				"up": { "uv": [ 10, 7.55, 11, 8.55 ], "texture": "#4", "rotation": 270 },
				"north": { "uv": [ 7.55, 0, 8.55, 16 ], "texture": "#4" },
				"south": { "uv": [ 8.45, 16, 7.45, 0 ], "texture": "#4" },
				"west": { "uv": [ 10, 0, 11, 16 ], "texture": "#4" },
				"east": { "uv": [ 5, 0, 6, 16 ], "texture": "#4" }
			}
		},
		{
			"from": [ 7.05, -0.05, 10.7 ],
			"to": [ 8.049999, 15.95, 11.7 ],
			"faces": {
				"down": { "uv": [ 11, 7.05, 12, 8.05 ], "texture": "#4", "rotation": 90 },
				"up": { "uv": [ 11, 7.95, 12, 8.95 ], "texture": "#4", "rotation": 270 },
				"north": { "uv": [ 7.95, 0, 8.95, 16 ], "texture": "#4" },
				"south": { "uv": [ 8.05, 16, 7.05, 0 ], "texture": "#4" },
				"west": { "uv": [ 11, 0, 12, 16 ], "texture": "#4" },
				"east": { "uv": [ 4, 0, 5, 16 ], "texture": "#4" }
			}
		},
		{
			"from": [ 6.2, 11.125, 12.7 ],
			"to": [ 7.2, 16.125, 13.7 ],
			"faces": {
				"down": { "uv": [ 13, 6.2, 14, 7.2 ], "texture": "#4", "rotation": 90 },
				"up": { "uv": [ 13, 8.8, 14, 9.8 ], "texture": "#4", "rotation": 270 },
				"north": { "uv": [ 8.8, 0, 9.8, 5 ], "texture": "#4" },
				"south": { "uv": [ 7.2, 5, 6.2, 0 ], "texture": "#4" },
				"west": { "uv": [ 13, 0, 14, 5 ], "texture": "#4" },
				"east": { "uv": [ 2, 0, 3, 5 ], "texture": "#4" }
			}
		},
		{
			"from": [ 7.6, 4.95, 2.7 ],
			"to": [ 8.6, 14.95, 3.7 ],
			"faces": {
				"down": { "uv": [ 3, 7.6, 4, 8.6 ], "texture": "#4", "rotation": 90 },
				"up": { "uv": [ 3, 7.4, 4, 8.4 ], "texture": "#4", "rotation": 270 },
				"north": { "uv": [ 7.4, 1, 8.4, 11 ], "texture": "#4" },
				"south": { "uv": [ 8.6, 11, 7.6, 1 ], "texture": "#4" },
				"west": { "uv": [ 3, 1, 4, 11 ], "texture": "#4" },
				"east": { "uv": [ 12, 1, 13, 11 ], "texture": "#4" }
			}
		},
		{
			"from": [ 7, -0.05, 5.7 ],
			"to": [ 8, 14.95, 6.7 ],
			"faces": {
				"down": { "uv": [ 6, 7, 7, 8 ], "texture": "#4", "rotation": 90 },
				"up": { "uv": [ 6, 8, 7, 9 ], "texture": "#4", "rotation": 270 },
				"north": { "uv": [ 8, 1, 9, 16 ], "texture": "#4" },
				"south": { "uv": [ 8, 16, 7, 1 ], "texture": "#4" },
				"west": { "uv": [ 6, 1, 7, 16 ], "texture": "#4" },
				"east": { "uv": [ 9, 1, 10, 16 ], "texture": "#4" }
			}
		},
		{
			"from": [ 6.8, 0.95, 11.7 ],
			"to": [ 7.8, 14.95, 12.7 ],
			"faces": {
				"down": { "uv": [ 12, 6.8, 13, 7.8 ], "texture": "#4", "rotation": 90 },
				"up": { "uv": [ 12, 8.2, 13, 9.2 ], "texture": "#4", "rotation": 270 },
				"north": { "uv": [ 8.2, 1, 9.2, 15 ], "texture": "#4" },
				"south": { "uv": [ 7.8, 15, 6.8, 1 ], "texture": "#4" },
				"west": { "uv": [ 12, 1, 13, 15 ], "texture": "#4" },
				"east": { "uv": [ 3, 1, 4, 15 ], "texture": "#4" }
			}
		},
		{
			"from": [ 6.55, 0.95, 4.7 ],
			"to": [ 7.55, 13.95, 5.7 ],
			"faces": {
				"down": { "uv": [ 5, 6.55, 6, 7.55 ], "texture": "#4", "rotation": 90 },
				"up": { "uv": [ 5, 8.45, 6, 9.45 ], "texture": "#4", "rotation": 270 },
				"north": { "uv": [ 8.45, 2, 9.45, 15 ], "texture": "#4" },
				"south": { "uv": [ 7.55, 15, 6.55, 2 ], "texture": "#4" },
				"west": { "uv": [ 5, 2, 6, 15 ], "texture": "#4" },
				"east": { "uv": [ 10, 2, 11, 15 ], "texture": "#4" }
			}
		},
		{
			"from": [ 8.15, 6.95, 1.7 ],
			"to": [ 9.15, 12.95, 2.7 ],
			"faces": {
				"down": { "uv": [ 2, 8.15, 3, 9.15 ], "texture": "#4", "rotation": 90 },
				"up": { "uv": [ 2, 6.85, 3, 7.85 ], "texture": "#4", "rotation": 270 },
				"north": { "uv": [ 6.85, 3, 7.85, 9 ], "texture": "#4" },
				"south": { "uv": [ 9.15, 9, 8.15, 3 ], "texture": "#4" },
				"west": { "uv": [ 2, 3, 3, 9 ], "texture": "#4" },
				"east": { "uv": [ 13, 3, 14, 9 ], "texture": "#4" }
			}
		},
		{
			"from": [ 7, 2.95, 3.7 ],
			"to": [ 8, 12.95, 4.7 ],
			"faces": {
				"down": { "uv": [ 4, 7, 5, 8 ], "texture": "#4", "rotation": 90 },
				"up": { "uv": [ 4, 8, 5, 9 ], "texture": "#4", "rotation": 270 },
				"north": { "uv": [ 8, 3, 9, 13 ], "texture": "#4" },
				"south": { "uv": [ 8, 13, 7, 3 ], "texture": "#4" },
				"west": { "uv": [ 4, 3, 5, 13 ], "texture": "#4" },
				"east": { "uv": [ 11, 3, 12, 13 ], "texture": "#4" }
			}
		},
		{
			"from": [ 7.8, 10.95, -0.3 ],
			"to": [ 8.799999, 11.95, 0.7 ],
			"faces": {
				"down": { "uv": [ 0, 7.8, 1, 8.8 ], "texture": "#2", "rotation": 90 },
				"up": { "uv": [ 0, 7.2, 1, 8.2 ], "texture": "#2", "rotation": 270 },
				"north": { "uv": [ 7.2, 4, 8.2, 5 ], "texture": "#2" },
				"south": { "uv": [ 8.8, 5, 7.8, 4 ], "texture": "#2" },
				"west": { "uv": [ 0, 4, 1, 5 ], "texture": "#2" },
				"east": { "uv": [ 15, 4, 16, 5 ], "texture": "#2" }
			}
		},
		{
			"from": [ 7.8, 8.95, 0.7 ],
			"to": [ 8.799999, 11.95, 1.7 ],
			"faces": {
				"down": { "uv": [ 1, 7.8, 2, 8.8 ], "texture": "#4", "rotation": 90 },
				"up": { "uv": [ 1, 7.2, 2, 8.2 ], "texture": "#4", "rotation": 270 },
				"north": { "uv": [ 7.2, 4, 8.2, 7 ], "texture": "#4" },
				"south": { "uv": [ 8.8, 7, 7.8, 4 ], "texture": "#4" },
				"west": { "uv": [ 1, 4, 2, 7 ], "texture": "#4" },
				"east": { "uv": [ 14, 4, 15, 7 ], "texture": "#4" }
			}
		},
		{
			"from": [ 5.9, 2.95, 12.7 ],
			"to": [ 6.9, 9.95, 13.7 ],
			"faces": {
				"down": { "uv": [ 13, 5.9, 14, 6.9 ], "texture": "#4", "rotation": 90 },
				"up": { "uv": [ 13, 9.1, 14, 10.1 ], "texture": "#4", "rotation": 270 },
				"north": { "uv": [ 9.1, 6, 10.1, 13 ], "texture": "#4" },
				"south": { "uv": [ 6.9, 13, 5.9, 6 ], "texture": "#4" },
				"west": { "uv": [ 13, 6, 14, 13 ], "texture": "#4" },
				"east": { "uv": [ 2, 6, 3, 13 ], "texture": "#4" }
			}
		},
		{
			"from": [ 5.5, 4.95, 13.7 ],
			"to": [ 6.5, 7.95, 14.7 ],
			"faces": {
				"down": { "uv": [ 14, 5.5, 15, 6.5 ], "texture": "#4", "rotation": 90 },
				"up": { "uv": [ 14, 9.5, 15, 10.5 ], "texture": "#4", "rotation": 270 },
				"north": { "uv": [ 9.5, 8, 10.5, 11 ], "texture": "#4" },
				"south": { "uv": [ 6.5, 11, 5.5, 8 ], "texture": "#4" },
				"west": { "uv": [ 14, 8, 15, 11 ], "texture": "#4" },
				"east": { "uv": [ 1, 8, 2, 11 ], "texture": "#4" }
			}
		},
		{
			"from": [ 7, 2.95, 2.7 ],
			"to": [ 8, 3.95, 3.7 ],
			"faces": {
				"down": { "uv": [ 3, 7, 4, 8 ], "texture": "#2", "rotation": 90 },
				"up": { "uv": [ 3, 8, 4, 9 ], "texture": "#2", "rotation": 270 },
				"north": { "uv": [ 8, 12, 9, 13 ], "texture": "#2" },
				"south": { "uv": [ 8, 13, 7, 12 ], "texture": "#2" },
				"west": { "uv": [ 3, 12, 4, 13 ], "texture": "#2" },
				"east": { "uv": [ 12, 12, 13, 13 ], "texture": "#2" }
			}
		},
		{
			"from": [ 5.65, 2.95, 13.7 ],
			"to": [ 6.65, 3.95, 14.7 ],
			"faces": {
				"down": { "uv": [ 14, 5.65, 15, 6.65 ], "texture": "#2", "rotation": 90 },
				"up": { "uv": [ 14, 9.35, 15, 10.35 ], "texture": "#2", "rotation": 270 },
				"north": { "uv": [ 9.35, 12, 10.35, 13 ], "texture": "#2" },
				"south": { "uv": [ 6.65, 13, 5.65, 12 ], "texture": "#2" },
				"west": { "uv": [ 14, 12, 15, 13 ], "texture": "#2" },
				"east": { "uv": [ 1, 12, 2, 13 ], "texture": "#2" }
			}
		},
		{
			"from": [ 6.85, 9.95, 2.8 ],
			"to": [ 7.85, 10.95, 3.8 ],
			"faces": {
				"down": { "uv": [ 3.1, 6.85, 4.1, 7.85 ], "texture": "#2", "rotation": 90 },
				"up": { "uv": [ 3.1, 8.15, 4.1, 9.15 ], "texture": "#2", "rotation": 270 },
				"north": { "uv": [ 8.15, 5, 9.15, 6 ], "texture": "#2" },
				"south": { "uv": [ 7.85, 6, 6.85, 5 ], "texture": "#2" },
				"west": { "uv": [ 3.1, 5, 4.1, 6 ], "texture": "#2" },
				"east": { "uv": [ 11.9, 5, 12.9, 6 ], "texture": "#2" }
			}
		},
		{
			"from": [ 6.1, 11.95, 5.65 ],
			"to": [ 7.1, 12.95, 6.65 ],
			"faces": {
				"down": { "uv": [ 5.95, 6.1, 6.95, 7.1 ], "texture": "#2", "rotation": 90 },
				"up": { "uv": [ 5.95, 8.9, 6.95, 9.9 ], "texture": "#2", "rotation": 270 },
				"north": { "uv": [ 8.9, 3, 9.9, 4 ], "texture": "#2" },
				"south": { "uv": [ 7.1, 4, 6.1, 3 ], "texture": "#2" },
				"west": { "uv": [ 5.95, 3, 6.95, 4 ], "texture": "#2" },
				"east": { "uv": [ 9.05, 3, 10.05, 4 ], "texture": "#2" }
			}
		},
		{
			"from": [ 6.55, 14.85, 9.8 ],
			"to": [ 7.55, 15.85, 10.8 ],
			"faces": {
				"down": { "uv": [ 10.1, 6.55, 11.1, 7.55 ], "texture": "#2", "rotation": 90 },
				"up": { "uv": [ 10.1, 8.45, 11.1, 9.45 ], "texture": "#2", "rotation": 270 },
				"north": { "uv": [ 8.45, 0.1000004, 9.45, 1.1 ], "texture": "#2" },
				"south": { "uv": [ 7.55, 1.1, 6.55, 0.1000004 ], "texture": "#2" },
				"west": { "uv": [ 10.1, 0.1000004, 11.1, 1.1 ], "texture": "#2" },
				"east": { "uv": [ 4.9, 0.1000004, 5.9, 1.1 ], "texture": "#2" }
			}
		},
		{
			"from": [ 8.4, 14.65, 9.8 ],
			"to": [ 9.4, 15.65, 10.8 ],
			"faces": {
				"down": { "uv": [ 10.1, 8.4, 11.1, 9.4 ], "texture": "#2", "rotation": 90 },
				"up": { "uv": [ 10.1, 6.6, 11.1, 7.6 ], "texture": "#2", "rotation": 270 },
				"north": { "uv": [ 6.6, 0.3000002, 7.6, 1.3 ], "texture": "#2" },
				"south": { "uv": [ 9.4, 1.3, 8.4, 0.3000002 ], "texture": "#2" },
				"west": { "uv": [ 10.1, 0.3000002, 11.1, 1.3 ], "texture": "#2" },
				"east": { "uv": [ 4.9, 0.3000002, 5.9, 1.3 ], "texture": "#2" }
			}
		},
		{
			"from": [ 7.7, 11.85, 5.75 ],
			"to": [ 8.7, 12.85, 6.75 ],
			"faces": {
				"down": { "uv": [ 6.05, 7.7, 7.05, 8.7 ], "texture": "#2", "rotation": 90 },
				"up": { "uv": [ 6.05, 7.3, 7.05, 8.3 ], "texture": "#2", "rotation": 270 },
				"north": { "uv": [ 7.3, 3.1, 8.3, 4.1 ], "texture": "#2" },
				"south": { "uv": [ 8.7, 4.1, 7.7, 3.1 ], "texture": "#2" },
				"west": { "uv": [ 6.05, 3.1, 7.05, 4.1 ], "texture": "#2" },
				"east": { "uv": [ 8.95, 3.1, 9.95, 4.1 ], "texture": "#2" }
			}
		},
		{
			"from": [ 7.7, 13.85, 3.55 ],
			"to": [ 8.7, 14.85, 4.55 ],
			"faces": {
				"down": { "uv": [ 3.85, 7.7, 4.85, 8.7 ], "texture": "#2", "rotation": 90 },
				"up": { "uv": [ 3.85, 7.3, 4.85, 8.3 ], "texture": "#2", "rotation": 270 },
				"north": { "uv": [ 7.3, 1.1, 8.3, 2.1 ], "texture": "#2" },
				"south": { "uv": [ 8.7, 2.1, 7.7, 1.1 ], "texture": "#2" },
				"west": { "uv": [ 3.85, 1.1, 4.85, 2.1 ], "texture": "#2" },
				"east": { "uv": [ 11.15, 1.1, 12.15, 2.1 ], "texture": "#2" }
			}
		},
		{
			"from": [ 6.15, 13.85, 3.8 ],
			"to": [ 7.15, 14.85, 4.8 ],
			"faces": {
				"down": { "uv": [ 4.1, 6.15, 5.1, 7.15 ], "texture": "#2", "rotation": 90 },
				"up": { "uv": [ 4.1, 8.85, 5.1, 9.85 ], "texture": "#2", "rotation": 270 },
				"north": { "uv": [ 8.85, 1.1, 9.85, 2.1 ], "texture": "#2" },
				"south": { "uv": [ 7.15, 2.1, 6.15, 1.1 ], "texture": "#2" },
				"west": { "uv": [ 4.1, 1.1, 5.1, 2.1 ], "texture": "#2" },
				"east": { "uv": [ 10.9, 1.1, 11.9, 2.1 ], "texture": "#2" }
			}
		},
		{
			"from": [ 6.15, 10.05, 10.6 ],
			"to": [ 7.15, 11.05, 11.6 ],
			"faces": {
				"down": { "uv": [ 10.9, 6.15, 11.9, 7.15 ], "texture": "#2", "rotation": 90 },
				"up": { "uv": [ 10.9, 8.85, 11.9, 9.85 ], "texture": "#2", "rotation": 270 },
				"north": { "uv": [ 8.85, 4.9, 9.85, 5.9 ], "texture": "#2" },
				"south": { "uv": [ 7.15, 5.9, 6.15, 4.9 ], "texture": "#2" },
				"west": { "uv": [ 10.9, 4.9, 11.9, 5.9 ], "texture": "#2" },
				"east": { "uv": [ 4.1, 4.9, 5.1, 5.9 ], "texture": "#2" }
			}
		},
		{
			"from": [ 7.75, 10.05, 10.8 ],
			"to": [ 8.75, 11.05, 11.8 ],
			"faces": {
				"down": { "uv": [ 11.1, 7.75, 12.1, 8.75 ], "texture": "#2", "rotation": 90 },
				"up": { "uv": [ 11.1, 7.25, 12.1, 8.25 ], "texture": "#2", "rotation": 270 },
				"north": { "uv": [ 7.25, 4.9, 8.25, 5.9 ], "texture": "#2" },
				"south": { "uv": [ 8.75, 5.9, 7.75, 4.9 ], "texture": "#2" },
				"west": { "uv": [ 11.1, 4.9, 12.1, 5.9 ], "texture": "#2" },
				"east": { "uv": [ 3.9, 4.9, 4.9, 5.9 ], "texture": "#2" }
			}
		},
		{
			"from": [ 6.1, 6.7, 5.6 ],
			"to": [ 7.1, 7.7, 6.6 ],
			"faces": {
				"down": { "uv": [ 5.9, 6.1, 6.9, 7.1 ], "texture": "#2", "rotation": 90 },
				"up": { "uv": [ 5.9, 8.9, 6.9, 9.9 ], "texture": "#2", "rotation": 270 },
				"north": { "uv": [ 8.9, 8.25, 9.9, 9.25 ], "texture": "#2" },
				"south": { "uv": [ 7.1, 9.25, 6.1, 8.25 ], "texture": "#2" },
				"west": { "uv": [ 5.9, 8.25, 6.9, 9.25 ], "texture": "#2" },
				"east": { "uv": [ 9.1, 8.25, 10.1, 9.25 ], "texture": "#2" }
			}
		},
		{
			"from": [ 6.1, 2.05, 5.6 ],
			"to": [ 7.1, 3.05, 6.6 ],
			"faces": {
				"down": { "uv": [ 5.9, 6.1, 6.9, 7.1 ], "texture": "#2", "rotation": 90 },
				"up": { "uv": [ 5.9, 8.9, 6.9, 9.9 ], "texture": "#2", "rotation": 270 },
				"north": { "uv": [ 8.9, 12.9, 9.9, 13.9 ], "texture": "#2" },
				"south": { "uv": [ 7.1, 13.9, 6.1, 12.9 ], "texture": "#2" },
				"west": { "uv": [ 5.9, 12.9, 6.9, 13.9 ], "texture": "#2" },
				"east": { "uv": [ 9.1, 12.9, 10.1, 13.9 ], "texture": "#2" }
			}
		},
		{
			"from": [ 6.3, 1.95, 10.55 ],
			"to": [ 7.3, 2.95, 11.55 ],
			"faces": {
				"down": { "uv": [ 10.85, 6.3, 11.85, 7.3 ], "texture": "#2", "rotation": 90 },
				"up": { "uv": [ 10.85, 8.7, 11.85, 9.7 ], "texture": "#2", "rotation": 270 },
				"north": { "uv": [ 8.7, 13, 9.7, 14 ], "texture": "#2" },
				"south": { "uv": [ 7.3, 14, 6.3, 13 ], "texture": "#2" },
				"west": { "uv": [ 10.85, 13, 11.85, 14 ], "texture": "#2" },
				"east": { "uv": [ 4.15, 13, 5.15, 14 ], "texture": "#2" }
			}
		},
		{
			"from": [ 6.3, 3.95, 9 ],
			"to": [ 7.3, 4.95, 10 ],
			"faces": {
				"down": { "uv": [ 9.3, 6.3, 10.3, 7.3 ], "texture": "#2", "rotation": 90 },
				"up": { "uv": [ 9.3, 8.7, 10.3, 9.7 ], "texture": "#2", "rotation": 270 },
				"north": { "uv": [ 8.7, 11, 9.7, 12 ], "texture": "#2" },
				"south": { "uv": [ 7.3, 12, 6.3, 11 ], "texture": "#2" },
				"west": { "uv": [ 9.3, 11, 10.3, 12 ], "texture": "#2" },
				"east": { "uv": [ 5.7, 11, 6.7, 12 ], "texture": "#2" }
			}
		},
		{
			"from": [ 6.1, 4.9, 11.65 ],
			"to": [ 7.1, 5.9, 12.65 ],
			"faces": {
				"down": { "uv": [ 11.95, 6.1, 12.95, 7.1 ], "texture": "#2", "rotation": 90 },
				"up": { "uv": [ 11.95, 8.9, 12.95, 9.9 ], "texture": "#2", "rotation": 270 },
				"north": { "uv": [ 8.9, 10.05, 9.9, 11.05 ], "texture": "#2" },
				"south": { "uv": [ 7.1, 11.05, 6.1, 10.05 ], "texture": "#2" },
				"west": { "uv": [ 11.95, 10.05, 12.95, 11.05 ], "texture": "#2" },
				"east": { "uv": [ 3.05, 10.05, 4.05, 11.05 ], "texture": "#2" }
			}
		},
		{
			"from": [ 6.65, 5.8, 9.8 ],
			"to": [ 7.65, 6.8, 10.8 ],
			"faces": {
				"down": { "uv": [ 10.1, 6.65, 11.1, 7.65 ], "texture": "#2", "rotation": 90 },
				"up": { "uv": [ 10.1, 8.35, 11.1, 9.35 ], "texture": "#2", "rotation": 270 },
				"north": { "uv": [ 8.35, 9.15, 9.35, 10.15 ], "texture": "#2" },
				"south": { "uv": [ 7.65, 10.15, 6.65, 9.15 ], "texture": "#2" },
				"west": { "uv": [ 10.1, 9.15, 11.1, 10.15 ], "texture": "#2" },
				"east": { "uv": [ 4.9, 9.15, 5.9, 10.15 ], "texture": "#2" }
			}
		},
		{
			"from": [ 6.3, 4.8, 3.75 ],
			"to": [ 7.3, 5.8, 4.75 ],
			"faces": {
				"down": { "uv": [ 4.05, 6.3, 5.05, 7.3 ], "texture": "#2", "rotation": 90 },
				"up": { "uv": [ 4.05, 8.7, 5.05, 9.7 ], "texture": "#2", "rotation": 270 },
				"north": { "uv": [ 8.7, 10.15, 9.7, 11.15 ], "texture": "#2" },
				"south": { "uv": [ 7.3, 11.15, 6.3, 10.15 ], "texture": "#2" },
				"west": { "uv": [ 4.05, 10.15, 5.05, 11.15 ], "texture": "#2" },
				"east": { "uv": [ 10.95, 10.15, 11.95, 11.15 ], "texture": "#2" }
			}
		},
		{
			"from": [ 7.85, 5.9, 9.8 ],
			"to": [ 8.85, 6.9, 10.8 ],
			"faces": {
				"down": { "uv": [ 10.1, 7.85, 11.1, 8.85 ], "texture": "#2", "rotation": 90 },
				"up": { "uv": [ 10.1, 7.15, 11.1, 8.15 ], "texture": "#2", "rotation": 270 },
				"north": { "uv": [ 7.15, 9.05, 8.15, 10.05 ], "texture": "#2" },
				"south": { "uv": [ 8.85, 10.05, 7.85, 9.05 ], "texture": "#2" },
				"west": { "uv": [ 10.1, 9.05, 11.1, 10.05 ], "texture": "#2" },
				"east": { "uv": [ 4.9, 9.05, 5.9, 10.05 ], "texture": "#2" }
			}
		},
		{
			"from": [ 7.7, 3.95, 8.599999 ],
			"to": [ 8.7, 4.95, 9.599999 ],
			"faces": {
				"down": { "uv": [ 8.9, 7.7, 9.9, 8.7 ], "texture": "#2", "rotation": 90 },
				"up": { "uv": [ 8.9, 7.3, 9.9, 8.3 ], "texture": "#2", "rotation": 270 },
				"north": { "uv": [ 7.3, 11, 8.3, 12 ], "texture": "#2" },
				"south": { "uv": [ 8.7, 12, 7.7, 11 ], "texture": "#2" },
				"west": { "uv": [ 8.9, 11, 9.9, 12 ], "texture": "#2" },
				"east": { "uv": [ 6.1, 11, 7.1, 12 ], "texture": "#2" }
			}
		},
		{
			"from": [ 7.7, 4.95, 5.65 ],
			"to": [ 8.7, 5.95, 6.65 ],
			"faces": {
				"down": { "uv": [ 5.95, 7.7, 6.95, 8.7 ], "texture": "#2", "rotation": 90 },
				"up": { "uv": [ 5.95, 7.3, 6.95, 8.3 ], "texture": "#2", "rotation": 270 },
				"north": { "uv": [ 7.3, 10, 8.3, 11 ], "texture": "#2" },
				"south": { "uv": [ 8.7, 11, 7.7, 10 ], "texture": "#2" },
				"west": { "uv": [ 5.95, 10, 6.95, 11 ], "texture": "#2" },
				"east": { "uv": [ 9.05, 10, 10.05, 11 ], "texture": "#2" }
			}
		},
		{
			"from": [ 7.7, 4.95, 3.45 ],
			"to": [ 8.7, 5.95, 4.45 ],
			"faces": {
				"down": { "uv": [ 3.75, 7.7, 4.75, 8.7 ], "texture": "#2", "rotation": 90 },
				"up": { "uv": [ 3.75, 7.3, 4.75, 8.3 ], "texture": "#2", "rotation": 270 },
				"north": { "uv": [ 7.3, 10, 8.3, 11 ], "texture": "#2" },
				"south": { "uv": [ 8.7, 11, 7.7, 10 ], "texture": "#2" },
				"west": { "uv": [ 3.75, 10, 4.75, 11 ], "texture": "#2" },
				"east": { "uv": [ 11.25, 10, 12.25, 11 ], "texture": "#2" }
			}
		},
		{
			"from": [ 8.349999, 9.9, 2.55 ],
			"to": [ 9.349999, 10.9, 3.55 ],
			"faces": {
				"down": { "uv": [ 2.85, 8.35, 3.85, 9.35 ], "texture": "#2", "rotation": 90 },
				"up": { "uv": [ 2.85, 6.65, 3.85, 7.65 ], "texture": "#2", "rotation": 270 },
				"north": { "uv": [ 6.65, 5.05, 7.65, 6.05 ], "texture": "#2" },
				"south": { "uv": [ 9.35, 6.05, 8.35, 5.05 ], "texture": "#2" },
				"west": { "uv": [ 2.85, 5.05, 3.85, 6.05 ], "texture": "#2" },
				"east": { "uv": [ 12.15, 5.05, 13.15, 6.05 ], "texture": "#2" }
			}
		},
		{
			"from": [ 7.85, 2.05, 5.75 ],
			"to": [ 8.85, 3.05, 6.75 ],
			"faces": {
				"down": { "uv": [ 6.05, 7.85, 7.05, 8.85 ], "texture": "#2", "rotation": 90 },
				"up": { "uv": [ 6.05, 7.15, 7.05, 8.15 ], "texture": "#2", "rotation": 270 },
				"north": { "uv": [ 7.15, 12.9, 8.15, 13.9 ], "texture": "#2" },
				"south": { "uv": [ 8.85, 13.9, 7.85, 12.9 ], "texture": "#2" },
				"west": { "uv": [ 6.05, 12.9, 7.05, 13.9 ], "texture": "#2" },
				"east": { "uv": [ 8.95, 12.9, 9.95, 13.9 ], "texture": "#2" }
			}
		},
		{
			"from": [ 7.55, 5, 11.85 ],
			"to": [ 8.549999, 6, 12.85 ],
			"faces": {
				"down": { "uv": [ 12.15, 7.55, 13.15, 8.55 ], "texture": "#2", "rotation": 90 },
				"up": { "uv": [ 12.15, 7.45, 13.15, 8.45 ], "texture": "#2", "rotation": 270 },
				"north": { "uv": [ 7.45, 9.95, 8.45, 10.95 ], "texture": "#2" },
				"south": { "uv": [ 8.55, 10.95, 7.55, 9.95 ], "texture": "#2" },
				"west": { "uv": [ 12.15, 9.95, 13.15, 10.95 ], "texture": "#2" },
				"east": { "uv": [ 2.85, 9.95, 3.85, 10.95 ], "texture": "#2" }
			}
		},
		{
			"from": [ 7.95, 2, 10.75 ],
			"to": [ 8.95, 3, 11.75 ],
			"faces": {
				"down": { "uv": [ 11.05, 7.95, 12.05, 8.95 ], "texture": "#2", "rotation": 90 },
				"up": { "uv": [ 11.05, 7.05, 12.05, 8.05 ], "texture": "#2", "rotation": 270 },
				"north": { "uv": [ 7.05, 12.95, 8.05, 13.95 ], "texture": "#2" },
				"south": { "uv": [ 8.95, 13.95, 7.95, 12.95 ], "texture": "#2" },
				"west": { "uv": [ 11.05, 12.95, 12.05, 13.95 ], "texture": "#2" },
				"east": { "uv": [ 3.95, 12.95, 4.95, 13.95 ], "texture": "#2" }
			}
		},
		{
			"from": [ 7.6, 11, 10.6 ],
			"to": [ 9.1, 14, 14.6 ],
			"faces": {
				"down": { "uv": [ 7.6, 1.4, 9.1, 5.4 ], "texture": "#0" },
				"up": { "uv": [ 7.6, 10.6, 9.1, 14.6 ], "texture": "#0" },
				"north": { "uv": [ 6.9, 2, 8.4, 5 ], "texture": "#0" },
				"south": { "uv": [ 7.6, 2, 9.1, 5 ], "texture": "#0" },
				"west": { "uv": [ 10.6, 2, 14.6, 5 ], "texture": "#0" },
				"east": { "uv": [ 5.4, 5, 1.4, 2 ], "texture": "#0" }
			}
		},
		{
			"from": [ 7.15, 6, 12.6 ],
			"to": [ 8.65, 11, 13.6 ],
			"faces": {
				"down": { "uv": [ 7.15, 2.4, 8.65, 3.4 ], "texture": "#0" },
				"up": { "uv": [ 7.15, 12.6, 8.65, 13.6 ], "texture": "#0" },
				"north": { "uv": [ 7.35, 5, 8.85, 10 ], "texture": "#0" },
				"south": { "uv": [ 7.15, 5, 8.65, 10 ], "texture": "#0" },
				"west": { "uv": [ 12.6, 5, 13.6, 10 ], "texture": "#0" },
				"east": { "uv": [ 3.4, 10, 2.4, 5 ], "texture": "#0" }
			}
		},
		{
			"from": [ 8.5, 6, 0.6 ],
			"to": [ 10, 10, 2.6 ],
			"faces": {
				"down": { "uv": [ 8.5, 13.4, 10, 15.4 ], "texture": "#0" },
				"up": { "uv": [ 8.5, 0.6000004, 10, 2.6 ], "texture": "#0" },
				"north": { "uv": [ 6, 6, 7.5, 10 ], "texture": "#0" },
				"south": { "uv": [ 8.5, 6, 10, 10 ], "texture": "#0" },
				"west": { "uv": [ 0.6, 6, 2.6, 10 ], "texture": "#0" },
				"east": { "uv": [ 15.4, 10, 13.4, 6 ], "texture": "#0" }
			}
		},
		{
			"from": [ 7.8, 8, 9.599999 ],
			"to": [ 9.299999, 10, 10.6 ],
			"faces": {
				"down": { "uv": [ 7.8, 5.4, 9.3, 6.4 ], "texture": "#0" },
				"up": { "uv": [ 7.8, 9.6, 9.3, 10.6 ], "texture": "#0" },
				"north": { "uv": [ 6.7, 6, 8.2, 8 ], "texture": "#0" },
				"south": { "uv": [ 7.8, 6, 9.3, 8 ], "texture": "#0" },
				"west": { "uv": [ 9.6, 6, 10.6, 8 ], "texture": "#0" },
				"east": { "uv": [ 6.4, 8, 5.4, 6 ], "texture": "#0" }
			}
		},
		{
			"from": [ 7.15, 6, 13.6 ],
			"to": [ 8.65, 10, 14.6 ],
			"faces": {
				"down": { "uv": [ 7.15, 1.4, 8.65, 2.4 ], "texture": "#0" },
				"up": { "uv": [ 7.15, 13.6, 8.65, 14.6 ], "texture": "#0" },
				"north": { "uv": [ 7.35, 6, 8.85, 10 ], "texture": "#0" },
				"south": { "uv": [ 7.15, 6, 8.65, 10 ], "texture": "#0" },
				"west": { "uv": [ 13.6, 6, 14.6, 10 ], "texture": "#0" },
				"east": { "uv": [ 2.4, 10, 1.4, 6 ], "texture": "#0" }
			}
		},
		{
			"from": [ 8.5, 8, -0.4 ],
			"to": [ 10, 9, 0.6 ],
			"faces": {
				"down": { "uv": [ 8.5, 15.4, 10, 16 ], "texture": "#0" },
				"up": { "uv": [ 8.5, 0, 10, 0.6000004 ], "texture": "#0" },
				"north": { "uv": [ 6, 7, 7.5, 8 ], "texture": "#0" },
				"south": { "uv": [ 8.5, 7, 10, 8 ], "texture": "#0" },
				"west": { "uv": [ 0, 7, 0.6, 8 ], "texture": "#0" },
				"east": { "uv": [ 16, 8, 15.4, 7 ], "texture": "#0" }
			}
		},
		{
			"from": [ 8.5, 6, 2.6 ],
			"to": [ 10, 9, 3.6 ],
			"faces": {
				"down": { "uv": [ 8.5, 12.4, 10, 13.4 ], "texture": "#0" },
				"up": { "uv": [ 8.5, 2.6, 10, 3.6 ], "texture": "#0" },
				"north": { "uv": [ 6, 7, 7.5, 10 ], "texture": "#0" },
				"south": { "uv": [ 8.5, 7, 10, 10 ], "texture": "#0" },
				"west": { "uv": [ 2.6, 7, 3.6, 10 ], "texture": "#0" },
				"east": { "uv": [ 13.4, 10, 12.4, 7 ], "texture": "#0" }
			}
		},
		{
			"from": [ 7.8, 6, 6 ],
			"to": [ 9.299999, 9, 7 ],
			"faces": {
				"down": { "uv": [ 7.8, 9, 9.3, 10 ], "texture": "#0" },
				"up": { "uv": [ 7.8, 6, 9.3, 7 ], "texture": "#0" },
				"north": { "uv": [ 6.7, 7, 8.2, 10 ], "texture": "#0" },
				"south": { "uv": [ 7.8, 7, 9.3, 10 ], "texture": "#0" },
				"west": { "uv": [ 6, 7, 7, 10 ], "texture": "#0" },
				"east": { "uv": [ 10, 10, 9, 7 ], "texture": "#0" }
			}
		},
		{
			"from": [ 7.15, 7, 11.6 ],
			"to": [ 8.65, 9, 12.6 ],
			"faces": {
				"down": { "uv": [ 7.15, 3.4, 8.65, 4.4 ], "texture": "#0" },
				"up": { "uv": [ 7.15, 11.6, 8.65, 12.6 ], "texture": "#0" },
				"north": { "uv": [ 7.35, 7, 8.85, 9 ], "texture": "#0" },
				"south": { "uv": [ 7.15, 7, 8.65, 9 ], "texture": "#0" },
				"west": { "uv": [ 11.6, 7, 12.6, 9 ], "texture": "#0" },
				"east": { "uv": [ 4.4, 9, 3.4, 7 ], "texture": "#0" }
			}
		},
		{
			"from": [ 7.15, 8, 14.6 ],
			"to": [ 8.65, 9, 15.6 ],
			"faces": {
				"down": { "uv": [ 7.15, 0.3999996, 8.65, 1.4 ], "texture": "#0" },
				"up": { "uv": [ 7.15, 14.6, 8.65, 15.6 ], "texture": "#0" },
				"north": { "uv": [ 7.35, 7, 8.85, 8 ], "texture": "#0" },
				"south": { "uv": [ 7.15, 7, 8.65, 8 ], "texture": "#0" },
				"west": { "uv": [ 14.6, 7, 15.6, 8 ], "texture": "#0" },
				"east": { "uv": [ 1.4, 8, 0.4, 7 ], "texture": "#0" }
			}
		},
		{
			"from": [ 8.5, 5, 1.6 ],
			"to": [ 10, 6, 2.6 ],
			"faces": {
				"down": { "uv": [ 8.5, 13.4, 10, 14.4 ], "texture": "#0" },
				"up": { "uv": [ 8.5, 1.6, 10, 2.6 ], "texture": "#0" },
				"north": { "uv": [ 6, 10, 7.5, 11 ], "texture": "#0" },
				"south": { "uv": [ 8.5, 10, 10, 11 ], "texture": "#0" },
				"west": { "uv": [ 1.6, 10, 2.6, 11 ], "texture": "#0" },
				"east": { "uv": [ 14.4, 11, 13.4, 10 ], "texture": "#0" }
			}
		},
		{
			"from": [ 5.85, 10.5, 0.85 ],
			"to": [ 7.35, 13.5, 4.85 ],
			"faces": {
				"down": { "uv": [ 5.85, 11.15, 7.35, 15.15 ], "texture": "#0" },
				"up": { "uv": [ 5.85, 0.8500004, 7.35, 4.85 ], "texture": "#0" },
				"north": { "uv": [ 8.65, 2.5, 10.15, 5.5 ], "texture": "#0" },
				"south": { "uv": [ 5.85, 2.5, 7.35, 5.5 ], "texture": "#0" },
				"west": { "uv": [ 0.85, 2.5, 4.85, 5.5 ], "texture": "#0" },
				"east": { "uv": [ 15.15, 5.5, 11.15, 2.5 ], "texture": "#0" }
			}
		},
		{
			"from": [ 6.3, 5.5, 1.85 ],
			"to": [ 7.8, 10.5, 2.85 ],
			"faces": {
				"down": { "uv": [ 6.3, 13.15, 7.8, 14.15 ], "texture": "#0" },
				"up": { "uv": [ 6.3, 1.85, 7.8, 2.85 ], "texture": "#0" },
				"north": { "uv": [ 8.2, 5.5, 9.7, 10.5 ], "texture": "#0" },
				"south": { "uv": [ 6.3, 5.5, 7.8, 10.5 ], "texture": "#0" },
				"west": { "uv": [ 1.85, 5.5, 2.85, 10.5 ], "texture": "#0" },
				"east": { "uv": [ 14.15, 10.5, 13.15, 5.5 ], "texture": "#0" }
			}
		},
		{
			"from": [ 4.95, 5.5, 12.85 ],
			"to": [ 6.45, 9.5, 14.85 ],
			"faces": {
				"down": { "uv": [ 4.95, 1.15, 6.45, 3.15 ], "texture": "#0" },
				"up": { "uv": [ 4.95, 12.85, 6.45, 14.85 ], "texture": "#0" },
				"north": { "uv": [ 9.55, 6.5, 11.05, 10.5 ], "texture": "#0" },
				"south": { "uv": [ 4.95, 6.5, 6.45, 10.5 ], "texture": "#0" },
				"west": { "uv": [ 12.85, 6.5, 14.85, 10.5 ], "texture": "#0" },
				"east": { "uv": [ 3.15, 10.5, 1.15, 6.5 ], "texture": "#0" }
			}
		},
		{
			"from": [ 5.65, 7.5, 4.85 ],
			"to": [ 7.15, 9.5, 5.85 ],
			"faces": {
				"down": { "uv": [ 5.65, 10.15, 7.15, 11.15 ], "texture": "#0" },
				"up": { "uv": [ 5.65, 4.85, 7.15, 5.85 ], "texture": "#0" },
				"north": { "uv": [ 8.85, 6.5, 10.35, 8.5 ], "texture": "#0" },
				"south": { "uv": [ 5.65, 6.5, 7.15, 8.5 ], "texture": "#0" },
				"west": { "uv": [ 4.85, 6.5, 5.85, 8.5 ], "texture": "#0" },
				"east": { "uv": [ 11.15, 8.5, 10.15, 6.5 ], "texture": "#0" }
			}
		},
		{
			"from": [ 6.3, 5.5, 0.85 ],
			"to": [ 7.8, 9.5, 1.85 ],
			"faces": {
				"down": { "uv": [ 6.3, 14.15, 7.8, 15.15 ], "texture": "#0" },
				"up": { "uv": [ 6.3, 0.8500004, 7.8, 1.85 ], "texture": "#0" },
				"north": { "uv": [ 8.2, 6.5, 9.7, 10.5 ], "texture": "#0" },
				"south": { "uv": [ 6.3, 6.5, 7.8, 10.5 ], "texture": "#0" },
				"west": { "uv": [ 0.85, 6.5, 1.85, 10.5 ], "texture": "#0" },
				"east": { "uv": [ 15.15, 10.5, 14.15, 6.5 ], "texture": "#0" }
			}
		},
		{
			"from": [ 4.95, 7.5, 14.85 ],
			"to": [ 6.45, 8.5, 15.85 ],
			"faces": {
				"down": { "uv": [ 4.95, 0.1499996, 6.45, 1.15 ], "texture": "#0" },
				"up": { "uv": [ 4.95, 14.85, 6.45, 15.85 ], "texture": "#0" },
				"north": { "uv": [ 9.55, 7.5, 11.05, 8.5 ], "texture": "#0" },
				"south": { "uv": [ 4.95, 7.5, 6.45, 8.5 ], "texture": "#0" },
				"west": { "uv": [ 14.85, 7.5, 15.85, 8.5 ], "texture": "#0" },
				"east": { "uv": [ 1.15, 8.5, 0.15, 7.5 ], "texture": "#0" }
			}
		},
		{
			"from": [ 4.95, 5.5, 11.85 ],
			"to": [ 6.45, 8.5, 12.85 ],
			"faces": {
				"down": { "uv": [ 4.95, 3.15, 6.45, 4.15 ], "texture": "#0" },
				"up": { "uv": [ 4.95, 11.85, 6.45, 12.85 ], "texture": "#0" },
				"north": { "uv": [ 9.55, 7.5, 11.05, 10.5 ], "texture": "#0" },
				"south": { "uv": [ 4.95, 7.5, 6.45, 10.5 ], "texture": "#0" },
				"west": { "uv": [ 11.85, 7.5, 12.85, 10.5 ], "texture": "#0" },
				"east": { "uv": [ 4.15, 10.5, 3.15, 7.5 ], "texture": "#0" }
			}
		},
		{
			"from": [ 6.3, 6.5, 2.85 ],
			"to": [ 7.8, 8.5, 3.85 ],
			"faces": {
				"down": { "uv": [ 6.3, 12.15, 7.8, 13.15 ], "texture": "#0" },
				"up": { "uv": [ 6.3, 2.85, 7.8, 3.85 ], "texture": "#0" },
				"north": { "uv": [ 8.2, 7.5, 9.7, 9.5 ], "texture": "#0" },
				"south": { "uv": [ 6.3, 7.5, 7.8, 9.5 ], "texture": "#0" },
				"west": { "uv": [ 2.85, 7.5, 3.85, 9.5 ], "texture": "#0" },
				"east": { "uv": [ 13.15, 9.5, 12.15, 7.5 ], "texture": "#0" }
			}
		},
		{
			"from": [ 6.3, 7.5, -0.15 ],
			"to": [ 7.8, 8.5, 0.85 ],
			"faces": {
				"down": { "uv": [ 6.3, 15.15, 7.8, 16 ], "texture": "#0" },
				"up": { "uv": [ 6.3, 0, 7.8, 0.8500004 ], "texture": "#0" },
				"north": { "uv": [ 8.2, 7.5, 9.7, 8.5 ], "texture": "#0" },
				"south": { "uv": [ 6.3, 7.5, 7.8, 8.5 ], "texture": "#0" },
				"west": { "uv": [ 0, 7.5, 0.85, 8.5 ], "texture": "#0" },
				"east": { "uv": [ 16, 8.5, 15.15, 7.5 ], "texture": "#0" }
			}
		},
		{
			"from": [ 4.95, 4.5, 12.85 ],
			"to": [ 6.45, 5.5, 13.85 ],
			"faces": {
				"down": { "uv": [ 4.95, 2.15, 6.45, 3.15 ], "texture": "#0" },
				"up": { "uv": [ 4.95, 12.85, 6.45, 13.85 ], "texture": "#0" },
				"north": { "uv": [ 9.55, 10.5, 11.05, 11.5 ], "texture": "#0" },
				"south": { "uv": [ 4.95, 10.5, 6.45, 11.5 ], "texture": "#0" },
				"west": { "uv": [ 12.85, 10.5, 13.85, 11.5 ], "texture": "#0" },
				"east": { "uv": [ 3.15, 11.5, 2.15, 10.5 ], "texture": "#0" }
			}
		},
		{
			"from": [ 7.3, -0.05, 6.65 ],
			"to": [ 8.299999, 15.95, 7.775 ],
			"faces": {
				"down": { "uv": [ 10, 6.8, 9, 7.8 ], "texture": "#4", "rotation": 90 },
				"up": { "uv": [ 10, 8.2, 9, 9.2 ], "texture": "#4", "rotation": 270 },
				"north": { "uv": [ 9.2, 0, 8.2, 16 ], "texture": "#4" },
				"south": { "uv": [ 6.8, 16, 7.8, 0 ], "texture": "#4" },
				"west": { "uv": [ 7, 0, 6, 16 ], "texture": "#4" },
				"east": { "uv": [ 10, 0, 9, 16 ], "texture": "#4" }
			}
		}
	]
}