{
	"__comment": "Designed by CreatorLabs with Cubik Studio - https://cubik.studio",
	"textures": {
		"1": "3d_decoration/3d_flower_stem_1",
		"2": "3d_decoration/flower_syringa",
		"particle": "blocks/double_plant_syringa_bottom"
	},
	"elements": [ 	 
		{
			"from": [ 13, 9, 7.55 ],
			"to": [ 14, 10, 9.549999 ],
			"faces": {
				"down": { "uv": [ 13, 6.45, 14, 8.45 ], "texture": "#2" },
				"up": { "uv": [ 13, 7.55, 14, 9.55 ], "texture": "#2" },
				"north": { "uv": [ 2, 6, 3, 7 ], "texture": "#2" },
				"south": { "uv": [ 13, 6, 14, 7 ], "texture": "#2" },
				"west": { "uv": [ 7.55, 6, 9.55, 7 ], "texture": "#2" },
				"east": { "uv": [ 8.45, 7, 6.45, 6 ], "texture": "#2" }
			}
		},
		{
			"from": [ 12, 12, 8.2 ],
			"to": [ 13, 13, 10.2 ],
			"faces": {
				"down": { "uv": [ 12, 5.8, 13, 7.8 ], "texture": "#2" },
				"up": { "uv": [ 12, 8.2, 13, 10.2 ], "texture": "#2" },
				"north": { "uv": [ 3, 3, 4, 4 ], "texture": "#2" },
				"south": { "uv": [ 12, 3, 13, 4 ], "texture": "#2" },
				"west": { "uv": [ 8.2, 3, 10.2, 4 ], "texture": "#2" },
				"east": { "uv": [ 7.8, 4, 5.8, 3 ], "texture": "#2" }
			}
		},
		{
			"from": [ 14, 13, 8.2 ],
			"to": [ 15, 14, 10.2 ],
			"faces": {
				"down": { "uv": [ 14, 5.8, 15, 7.8 ], "texture": "#2" },
				"up": { "uv": [ 14, 8.2, 15, 10.2 ], "texture": "#2" },
				"north": { "uv": [ 1, 2, 2, 3 ], "texture": "#2" },
				"south": { "uv": [ 14, 2, 15, 3 ], "texture": "#2" },
				"west": { "uv": [ 8.2, 2, 10.2, 3 ], "texture": "#2" },
				"east": { "uv": [ 7.8, 3, 5.8, 2 ], "texture": "#2" }
			}
		},
		{
			"from": [ 12, 14, 8.2 ],
			"to": [ 13, 15, 10.2 ],
			"faces": {
				"down": { "uv": [ 12, 5.8, 13, 7.8 ], "texture": "#2" },
				"up": { "uv": [ 12, 8.2, 13, 10.2 ], "texture": "#2" },
				"north": { "uv": [ 3, 1, 4, 2 ], "texture": "#2" },
				"south": { "uv": [ 12, 1, 13, 2 ], "texture": "#2" },
				"west": { "uv": [ 8.2, 1, 10.2, 2 ], "texture": "#2" },
				"east": { "uv": [ 7.8, 2, 5.8, 1 ], "texture": "#2" }
			}
		},
		{
			"from": [ 10, 13, 8.2 ],
			"to": [ 11, 14, 10.2 ],
			"faces": {
				"down": { "uv": [ 10, 5.8, 11, 7.8 ], "texture": "#2" },
				"up": { "uv": [ 10, 8.2, 11, 10.2 ], "texture": "#2" },
				"north": { "uv": [ 5, 2, 6, 3 ], "texture": "#2" },
				"south": { "uv": [ 10, 2, 11, 3 ], "texture": "#2" },
				"west": { "uv": [ 8.2, 2, 10.2, 3 ], "texture": "#2" },
				"east": { "uv": [ 7.8, 3, 5.8, 2 ], "texture": "#2" }
			}
		},
		{
			"from": [ 12, 7, 7.55 ],
			"to": [ 13, 8, 9.549999 ],
			"faces": {
				"down": { "uv": [ 12, 6.45, 13, 8.45 ], "texture": "#2" },
				"up": { "uv": [ 12, 7.55, 13, 9.55 ], "texture": "#2" },
				"north": { "uv": [ 3, 8, 4, 9 ], "texture": "#2" },
				"south": { "uv": [ 12, 8, 13, 9 ], "texture": "#2" },
				"west": { "uv": [ 7.55, 8, 9.55, 9 ], "texture": "#2" },
				"east": { "uv": [ 8.45, 9, 6.45, 8 ], "texture": "#2" }
			}
		},
		{
			"from": [ 2, 6, 7.55 ],
			"to": [ 3, 7, 9.549999 ],
			"faces": {
				"down": { "uv": [ 2, 6.45, 3, 8.45 ], "texture": "#2" },
				"up": { "uv": [ 2, 7.55, 3, 9.55 ], "texture": "#2" },
				"north": { "uv": [ 13, 9, 14, 10 ], "texture": "#2" },
				"south": { "uv": [ 2, 9, 3, 10 ], "texture": "#2" },
				"west": { "uv": [ 7.55, 9, 9.55, 10 ], "texture": "#2" },
				"east": { "uv": [ 8.45, 10, 6.45, 9 ], "texture": "#2" }
			}
		},
		{
			"from": [ 6, 5, 7.55 ],
			"to": [ 7, 6, 9.549999 ],
			"faces": {
				"down": { "uv": [ 6, 6.45, 7, 8.45 ], "texture": "#2" },
				"up": { "uv": [ 6, 7.55, 7, 9.55 ], "texture": "#2" },
				"north": { "uv": [ 9, 10, 10, 11 ], "texture": "#2" },
				"south": { "uv": [ 6, 10, 7, 11 ], "texture": "#2" },
				"west": { "uv": [ 7.55, 10, 9.55, 11 ], "texture": "#2" },
				"east": { "uv": [ 8.45, 11, 6.45, 10 ], "texture": "#2" }
			}
		},
		{
			"from": [ 4.3, 9, 6.7 ],
			"to": [ 5.3, 10, 8.7 ],
			"faces": {
				"down": { "uv": [ 4.3, 7.3, 5.3, 9.3 ], "texture": "#2" },
				"up": { "uv": [ 4.3, 6.7, 5.3, 8.7 ], "texture": "#2" },
				"north": { "uv": [ 10.7, 6, 11.7, 7 ], "texture": "#2" },
				"south": { "uv": [ 4.3, 6, 5.3, 7 ], "texture": "#2" },
				"west": { "uv": [ 6.7, 6, 8.7, 7 ], "texture": "#2" },
				"east": { "uv": [ 9.3, 7, 7.3, 6 ], "texture": "#2" }
			}
		},
		{
			"from": [ 1.3, 11, 6.7 ],
			"to": [ 2.3, 12, 8.7 ],
			"faces": {
				"down": { "uv": [ 1.3, 7.3, 2.3, 9.3 ], "texture": "#2" },
				"up": { "uv": [ 1.3, 6.7, 2.3, 8.7 ], "texture": "#2" },
				"north": { "uv": [ 13.7, 4, 14.7, 5 ], "texture": "#2" },
				"south": { "uv": [ 1.3, 4, 2.3, 5 ], "texture": "#2" },
				"west": { "uv": [ 6.7, 4, 8.7, 5 ], "texture": "#2" },
				"east": { "uv": [ 9.3, 5, 7.3, 4 ], "texture": "#2" }
			}
		},
		{
			"from": [ 2.3, 12, 6.7 ],
			"to": [ 3.3, 13, 8.7 ],
			"faces": {
				"down": { "uv": [ 2.3, 7.3, 3.3, 9.3 ], "texture": "#2" },
				"up": { "uv": [ 2.3, 6.7, 3.3, 8.7 ], "texture": "#2" },
				"north": { "uv": [ 12.7, 3, 13.7, 4 ], "texture": "#2" },
				"south": { "uv": [ 2.3, 3, 3.3, 4 ], "texture": "#2" },
				"west": { "uv": [ 6.7, 3, 8.7, 4 ], "texture": "#2" },
				"east": { "uv": [ 9.3, 4, 7.3, 3 ], "texture": "#2" }
			}
		},
		{
			"from": [ 3, 14, 7.2 ],
			"to": [ 4, 15, 9.2 ],
			"faces": {
				"down": { "uv": [ 3, 6.8, 4, 8.8 ], "texture": "#2" },
				"up": { "uv": [ 3, 7.2, 4, 9.2 ], "texture": "#2" },
				"north": { "uv": [ 12, 1, 13, 2 ], "texture": "#2" },
				"south": { "uv": [ 3, 1, 4, 2 ], "texture": "#2" },
				"west": { "uv": [ 7.2, 1, 9.2, 2 ], "texture": "#2" },
				"east": { "uv": [ 8.8, 2, 6.8, 1 ], "texture": "#2" }
			}
		},
		{
			"from": [ 12, 9, 7.67 ],
			"to": [ 13, 10, 9.43 ],
			"faces": {
				"down": { "uv": [ 12, 6.57, 13, 8.33 ], "texture": "#2" },
				"up": { "uv": [ 12, 7.67, 13, 9.43 ], "texture": "#2" },
				"north": { "uv": [ 3, 6, 4, 7 ], "texture": "#2" },
				"south": { "uv": [ 12, 6, 13, 7 ], "texture": "#2" },
				"west": { "uv": [ 7.67, 6, 9.43, 7 ], "texture": "#2" },
				"east": { "uv": [ 8.33, 7, 6.57, 6 ], "texture": "#2" }
			}
		},
		{
			"from": [ 11, 8, 7.67 ],
			"to": [ 12, 9, 9.43 ],
			"faces": {
				"down": { "uv": [ 11, 6.57, 12, 8.33 ], "texture": "#2" },
				"up": { "uv": [ 11, 7.67, 12, 9.43 ], "texture": "#2" },
				"north": { "uv": [ 4, 7, 5, 8 ], "texture": "#2" },
				"south": { "uv": [ 11, 7, 12, 8 ], "texture": "#2" },
				"west": { "uv": [ 7.67, 7, 9.43, 8 ], "texture": "#2" },
				"east": { "uv": [ 8.33, 8, 6.57, 7 ], "texture": "#2" }
			}
		},
		{
			"from": [ 13, 8, 7.67 ],
			"to": [ 14, 9, 9.43 ],
			"faces": {
				"down": { "uv": [ 13, 6.57, 14, 8.33 ], "texture": "#2" },
				"up": { "uv": [ 13, 7.67, 14, 9.43 ], "texture": "#2" },
				"north": { "uv": [ 2, 7, 3, 8 ], "texture": "#2" },
				"south": { "uv": [ 13, 7, 14, 8 ], "texture": "#2" },
				"west": { "uv": [ 7.67, 7, 9.43, 8 ], "texture": "#2" },
				"east": { "uv": [ 8.33, 8, 6.57, 7 ], "texture": "#2" }
			}
		},
		{
			"from": [ 11, 6, 7.67 ],
			"to": [ 12, 7, 9.43 ],
			"faces": {
				"down": { "uv": [ 11, 6.57, 12, 8.33 ], "texture": "#2" },
				"up": { "uv": [ 11, 7.67, 12, 9.43 ], "texture": "#2" },
				"north": { "uv": [ 4, 9, 5, 10 ], "texture": "#2" },
				"south": { "uv": [ 11, 9, 12, 10 ], "texture": "#2" },
				"west": { "uv": [ 7.67, 9, 9.43, 10 ], "texture": "#2" },
				"east": { "uv": [ 8.33, 10, 6.57, 9 ], "texture": "#2" }
			}
		},
		{
			"from": [ 9, 7, 7.67 ],
			"to": [ 10, 8, 9.43 ],
			"faces": {
				"down": { "uv": [ 9, 6.57, 10, 8.33 ], "texture": "#2" },
				"up": { "uv": [ 9, 7.67, 10, 9.43 ], "texture": "#2" },
				"north": { "uv": [ 6, 8, 7, 9 ], "texture": "#2" },
				"south": { "uv": [ 9, 8, 10, 9 ], "texture": "#2" },
				"west": { "uv": [ 7.67, 8, 9.43, 9 ], "texture": "#2" },
				"east": { "uv": [ 8.33, 9, 6.57, 8 ], "texture": "#2" }
			}
		},
		{
			"from": [ 11, 11, 8.32 ],
			"to": [ 12, 12, 10.08 ],
			"faces": {
				"down": { "uv": [ 11, 5.92, 12, 7.68 ], "texture": "#2" },
				"up": { "uv": [ 11, 8.32, 12, 10.08 ], "texture": "#2" },
				"north": { "uv": [ 4, 4, 5, 5 ], "texture": "#2" },
				"south": { "uv": [ 11, 4, 12, 5 ], "texture": "#2" },
				"west": { "uv": [ 8.32, 4, 10.08, 5 ], "texture": "#2" },
				"east": { "uv": [ 7.68, 5, 5.92, 4 ], "texture": "#2" }
			}
		},
		{
			"from": [ 11, 13, 8.32 ],
			"to": [ 12, 14, 10.08 ],
			"faces": {
				"down": { "uv": [ 11, 5.92, 12, 7.68 ], "texture": "#2" },
				"up": { "uv": [ 11, 8.32, 12, 10.08 ], "texture": "#2" },
				"north": { "uv": [ 4, 2, 5, 3 ], "texture": "#2" },
				"south": { "uv": [ 11, 2, 12, 3 ], "texture": "#2" },
				"west": { "uv": [ 8.32, 2, 10.08, 3 ], "texture": "#2" },
				"east": { "uv": [ 7.68, 3, 5.92, 2 ], "texture": "#2" }
			}
		},
		{
			"from": [ 13, 12, 8.32 ],
			"to": [ 14, 13, 10.08 ],
			"faces": {
				"down": { "uv": [ 13, 5.92, 14, 7.68 ], "texture": "#2" },
				"up": { "uv": [ 13, 8.32, 14, 10.08 ], "texture": "#2" },
				"north": { "uv": [ 2, 3, 3, 4 ], "texture": "#2" },
				"south": { "uv": [ 13, 3, 14, 4 ], "texture": "#2" },
				"west": { "uv": [ 8.32, 3, 10.08, 4 ], "texture": "#2" },
				"east": { "uv": [ 7.68, 4, 5.92, 3 ], "texture": "#2" }
			}
		},
		{
			"from": [ 13, 14, 8.32 ],
			"to": [ 14, 15, 10.08 ],
			"faces": {
				"down": { "uv": [ 13, 5.92, 14, 7.68 ], "texture": "#2" },
				"up": { "uv": [ 13, 8.32, 14, 10.08 ], "texture": "#2" },
				"north": { "uv": [ 2, 1, 3, 2 ], "texture": "#2" },
				"south": { "uv": [ 13, 1, 14, 2 ], "texture": "#2" },
				"west": { "uv": [ 8.32, 1, 10.08, 2 ], "texture": "#2" },
				"east": { "uv": [ 7.68, 2, 5.92, 1 ], "texture": "#2" }
			}
		},
		{
			"from": [ 3.3, 9, 6.82 ],
			"to": [ 4.3, 10, 8.58 ],
			"faces": {
				"down": { "uv": [ 3.3, 7.42, 4.3, 9.18 ], "texture": "#2" },
				"up": { "uv": [ 3.3, 6.82, 4.3, 8.58 ], "texture": "#2" },
				"north": { "uv": [ 11.7, 6, 12.7, 7 ], "texture": "#2" },
				"south": { "uv": [ 3.3, 6, 4.3, 7 ], "texture": "#2" },
				"west": { "uv": [ 6.82, 6, 8.58, 7 ], "texture": "#2" },
				"east": { "uv": [ 9.18, 7, 7.42, 6 ], "texture": "#2" }
			}
		},
		{
			"from": [ 5.3, 10, 6.82 ],
			"to": [ 6.3, 11, 8.58 ],
			"faces": {
				"down": { "uv": [ 5.3, 7.42, 6.3, 9.18 ], "texture": "#2" },
				"up": { "uv": [ 5.3, 6.82, 6.3, 8.58 ], "texture": "#2" },
				"north": { "uv": [ 9.7, 5, 10.7, 6 ], "texture": "#2" },
				"south": { "uv": [ 5.3, 5, 6.3, 6 ], "texture": "#2" },
				"west": { "uv": [ 6.82, 5, 8.58, 6 ], "texture": "#2" },
				"east": { "uv": [ 9.18, 6, 7.42, 5 ], "texture": "#2" }
			}
		},
		{
			"from": [ 3.3, 11, 6.82 ],
			"to": [ 4.3, 12, 8.58 ],
			"faces": {
				"down": { "uv": [ 3.3, 7.42, 4.3, 9.18 ], "texture": "#2" },
				"up": { "uv": [ 3.3, 6.82, 4.3, 8.58 ], "texture": "#2" },
				"north": { "uv": [ 11.7, 4, 12.7, 5 ], "texture": "#2" },
				"south": { "uv": [ 3.3, 4, 4.3, 5 ], "texture": "#2" },
				"west": { "uv": [ 6.82, 4, 8.58, 5 ], "texture": "#2" },
				"east": { "uv": [ 9.18, 5, 7.42, 4 ], "texture": "#2" }
			}
		},
		{
			"from": [ 2.3, 10, 6.82 ],
			"to": [ 3.3, 11, 8.58 ],
			"faces": {
				"down": { "uv": [ 2.3, 7.42, 3.3, 9.18 ], "texture": "#2" },
				"up": { "uv": [ 2.3, 6.82, 3.3, 8.58 ], "texture": "#2" },
				"north": { "uv": [ 12.7, 5, 13.7, 6 ], "texture": "#2" },
				"south": { "uv": [ 2.3, 5, 3.3, 6 ], "texture": "#2" },
				"west": { "uv": [ 6.82, 5, 8.58, 6 ], "texture": "#2" },
				"east": { "uv": [ 9.18, 6, 7.42, 5 ], "texture": "#2" }
			}
		},
		{
			"from": [ 1.3, 12, 6.82 ],
			"to": [ 2.3, 13, 8.58 ],
			"faces": {
				"down": { "uv": [ 1.3, 7.42, 2.3, 9.18 ], "texture": "#2" },
				"up": { "uv": [ 1.3, 6.82, 2.3, 8.58 ], "texture": "#2" },
				"north": { "uv": [ 13.7, 3, 14.7, 4 ], "texture": "#2" },
				"south": { "uv": [ 1.3, 3, 2.3, 4 ], "texture": "#2" },
				"west": { "uv": [ 6.82, 3, 8.58, 4 ], "texture": "#2" },
				"east": { "uv": [ 9.18, 4, 7.42, 3 ], "texture": "#2" }
			}
		},
		{
			"from": [ 2, 15, 7.32 ],
			"to": [ 3, 16, 9.08 ],
			"faces": {
				"down": { "uv": [ 2, 6.92, 3, 8.68 ], "texture": "#2" },
				"up": { "uv": [ 2, 7.32, 3, 9.08 ], "texture": "#2" },
				"north": { "uv": [ 13, 0, 14, 1 ], "texture": "#2" },
				"south": { "uv": [ 2, 0, 3, 1 ], "texture": "#2" },
				"west": { "uv": [ 7.32, 0, 9.08, 1 ], "texture": "#2" },
				"east": { "uv": [ 8.68, 1, 6.92, 0 ], "texture": "#2" }
			}
		},
		{
			"from": [ 4, 15, 7.32 ],
			"to": [ 5, 16, 9.08 ],
			"faces": {
				"down": { "uv": [ 4, 6.92, 5, 8.68 ], "texture": "#2" },
				"up": { "uv": [ 4, 7.32, 5, 9.08 ], "texture": "#2" },
				"north": { "uv": [ 11, 0, 12, 1 ], "texture": "#2" },
				"south": { "uv": [ 4, 0, 5, 1 ], "texture": "#2" },
				"west": { "uv": [ 7.32, 0, 9.08, 1 ], "texture": "#2" },
				"east": { "uv": [ 8.68, 1, 6.92, 0 ], "texture": "#2" }
			}
		},
		{
			"from": [ 4, 6, 7.67 ],
			"to": [ 5, 7, 9.43 ],
			"faces": {
				"down": { "uv": [ 4, 6.57, 5, 8.33 ], "texture": "#2" },
				"up": { "uv": [ 4, 7.67, 5, 9.43 ], "texture": "#2" },
				"north": { "uv": [ 11, 9, 12, 10 ], "texture": "#2" },
				"south": { "uv": [ 4, 9, 5, 10 ], "texture": "#2" },
				"west": { "uv": [ 7.67, 9, 9.43, 10 ], "texture": "#2" },
				"east": { "uv": [ 8.33, 10, 6.57, 9 ], "texture": "#2" }
			}
		},
		{
			"from": [ 4, 4, 7.67 ],
			"to": [ 5, 5, 9.43 ],
			"faces": {
				"down": { "uv": [ 4, 6.57, 5, 8.33 ], "texture": "#2" },
				"up": { "uv": [ 4, 7.67, 5, 9.43 ], "texture": "#2" },
				"north": { "uv": [ 11, 11, 12, 12 ], "texture": "#2" },
				"south": { "uv": [ 4, 11, 5, 12 ], "texture": "#2" },
				"west": { "uv": [ 7.67, 11, 9.43, 12 ], "texture": "#2" },
				"east": { "uv": [ 8.33, 12, 6.57, 11 ], "texture": "#2" }
			}
		},
		{
			"from": [ 3, 5, 7.67 ],
			"to": [ 4, 6, 9.43 ],
			"faces": {
				"down": { "uv": [ 3, 6.57, 4, 8.33 ], "texture": "#2" },
				"up": { "uv": [ 3, 7.67, 4, 9.43 ], "texture": "#2" },
				"north": { "uv": [ 12, 10, 13, 11 ], "texture": "#2" },
				"south": { "uv": [ 3, 10, 4, 11 ], "texture": "#2" },
				"west": { "uv": [ 7.67, 10, 9.43, 11 ], "texture": "#2" },
				"east": { "uv": [ 8.33, 11, 6.57, 10 ], "texture": "#2" }
			}
		},
		{
			"from": [ 3, 7, 7.67 ],
			"to": [ 4, 8, 9.43 ],
			"faces": {
				"down": { "uv": [ 3, 6.57, 4, 8.33 ], "texture": "#2" },
				"up": { "uv": [ 3, 7.67, 4, 9.43 ], "texture": "#2" },
				"north": { "uv": [ 12, 8, 13, 9 ], "texture": "#2" },
				"south": { "uv": [ 3, 8, 4, 9 ], "texture": "#2" },
				"west": { "uv": [ 7.67, 8, 9.43, 9 ], "texture": "#2" },
				"east": { "uv": [ 8.33, 9, 6.57, 8 ], "texture": "#2" }
			}
		},
		{
			"from": [ 4, 5, 7.8 ],
			"to": [ 5, 6, 9.299999 ],
			"faces": {
				"down": { "uv": [ 4, 6.7, 5, 8.2 ], "texture": "#2" },
				"up": { "uv": [ 4, 7.8, 5, 9.3 ], "texture": "#2" },
				"north": { "uv": [ 11, 10, 12, 11 ], "texture": "#2" },
				"south": { "uv": [ 4, 10, 5, 11 ], "texture": "#2" },
				"west": { "uv": [ 7.8, 10, 9.3, 11 ], "texture": "#2" },
				"east": { "uv": [ 8.2, 11, 6.7, 10 ], "texture": "#2" }
			}
		},
		{
			"from": [ 5, 4, 7.8 ],
			"to": [ 6, 5, 9.299999 ],
			"faces": {
				"down": { "uv": [ 5, 6.7, 6, 8.2 ], "texture": "#2" },
				"up": { "uv": [ 5, 7.8, 6, 9.3 ], "texture": "#2" },
				"north": { "uv": [ 10, 11, 11, 12 ], "texture": "#2" },
				"south": { "uv": [ 5, 11, 6, 12 ], "texture": "#2" },
				"west": { "uv": [ 7.8, 11, 9.3, 12 ], "texture": "#2" },
				"east": { "uv": [ 8.2, 12, 6.7, 11 ], "texture": "#2" }
			}
		},
		{
			"from": [ 3, 6, 7.8 ],
			"to": [ 4, 7, 9.299999 ],
			"faces": {
				"down": { "uv": [ 3, 6.7, 4, 8.2 ], "texture": "#2" },
				"up": { "uv": [ 3, 7.8, 4, 9.3 ], "texture": "#2" },
				"north": { "uv": [ 12, 9, 13, 10 ], "texture": "#2" },
				"south": { "uv": [ 3, 9, 4, 10 ], "texture": "#2" },
				"west": { "uv": [ 7.8, 9, 9.3, 10 ], "texture": "#2" },
				"east": { "uv": [ 8.2, 10, 6.7, 9 ], "texture": "#2" }
			}
		},
		{
			"from": [ 5, 6, 7.8 ],
			"to": [ 6, 7, 9.299999 ],
			"faces": {
				"down": { "uv": [ 5, 6.7, 6, 8.2 ], "texture": "#2" },
				"up": { "uv": [ 5, 7.8, 6, 9.3 ], "texture": "#2" },
				"north": { "uv": [ 10, 9, 11, 10 ], "texture": "#2" },
				"south": { "uv": [ 5, 9, 6, 10 ], "texture": "#2" },
				"west": { "uv": [ 7.8, 9, 9.3, 10 ], "texture": "#2" },
				"east": { "uv": [ 8.2, 10, 6.7, 9 ], "texture": "#2" }
			}
		},
		{
			"from": [ 2, 7, 7.8 ],
			"to": [ 3, 8, 9.299999 ],
			"faces": {
				"down": { "uv": [ 2, 6.7, 3, 8.2 ], "texture": "#2" },
				"up": { "uv": [ 2, 7.8, 3, 9.3 ], "texture": "#2" },
				"north": { "uv": [ 13, 8, 14, 9 ], "texture": "#2" },
				"south": { "uv": [ 2, 8, 3, 9 ], "texture": "#2" },
				"west": { "uv": [ 7.8, 8, 9.3, 9 ], "texture": "#2" },
				"east": { "uv": [ 8.2, 9, 6.7, 8 ], "texture": "#2" }
			}
		},
		{
			"from": [ 3.3, 10, 6.95 ],
			"to": [ 4.3, 11, 8.45 ],
			"faces": {
				"down": { "uv": [ 3.3, 7.55, 4.3, 9.05 ], "texture": "#2" },
				"up": { "uv": [ 3.3, 6.95, 4.3, 8.45 ], "texture": "#2" },
				"north": { "uv": [ 11.7, 5, 12.7, 6 ], "texture": "#2" },
				"south": { "uv": [ 3.3, 5, 4.3, 6 ], "texture": "#2" },
				"west": { "uv": [ 6.95, 5, 8.45, 6 ], "texture": "#2" },
				"east": { "uv": [ 9.05, 6, 7.55, 5 ], "texture": "#2" }
			}
		},
		{
			"from": [ 2.3, 11, 6.95 ],
			"to": [ 3.3, 12, 8.45 ],
			"faces": {
				"down": { "uv": [ 2.3, 7.55, 3.3, 9.05 ], "texture": "#2" },
				"up": { "uv": [ 2.3, 6.95, 3.3, 8.45 ], "texture": "#2" },
				"north": { "uv": [ 12.7, 4, 13.7, 5 ], "texture": "#2" },
				"south": { "uv": [ 2.3, 4, 3.3, 5 ], "texture": "#2" },
				"west": { "uv": [ 6.95, 4, 8.45, 5 ], "texture": "#2" },
				"east": { "uv": [ 9.05, 5, 7.55, 4 ], "texture": "#2" }
			}
		},
		{
			"from": [ 4.3, 11, 6.95 ],
			"to": [ 5.3, 12, 8.45 ],
			"faces": {
				"down": { "uv": [ 4.3, 7.55, 5.3, 9.05 ], "texture": "#2" },
				"up": { "uv": [ 4.3, 6.95, 5.3, 8.45 ], "texture": "#2" },
				"north": { "uv": [ 10.7, 4, 11.7, 5 ], "texture": "#2" },
				"south": { "uv": [ 4.3, 4, 5.3, 5 ], "texture": "#2" },
				"west": { "uv": [ 6.95, 4, 8.45, 5 ], "texture": "#2" },
				"east": { "uv": [ 9.05, 5, 7.55, 4 ], "texture": "#2" }
			}
		},
		{
			"from": [ 4, 13, 7.45 ],
			"to": [ 5, 14, 8.95 ],
			"faces": {
				"down": { "uv": [ 4, 7.05, 5, 8.55 ], "texture": "#2" },
				"up": { "uv": [ 4, 7.45, 5, 8.95 ], "texture": "#2" },
				"north": { "uv": [ 11, 2, 12, 3 ], "texture": "#2" },
				"south": { "uv": [ 4, 2, 5, 3 ], "texture": "#2" },
				"west": { "uv": [ 7.45, 2, 8.95, 3 ], "texture": "#2" },
				"east": { "uv": [ 8.55, 3, 7.05, 2 ], "texture": "#2" }
			}
		},
		{
			"from": [ 2, 14, 7.45 ],
			"to": [ 3, 15, 8.95 ],
			"faces": {
				"down": { "uv": [ 2, 7.05, 3, 8.55 ], "texture": "#2" },
				"up": { "uv": [ 2, 7.45, 3, 8.95 ], "texture": "#2" },
				"north": { "uv": [ 13, 1, 14, 2 ], "texture": "#2" },
				"south": { "uv": [ 2, 1, 3, 2 ], "texture": "#2" },
				"west": { "uv": [ 7.45, 1, 8.95, 2 ], "texture": "#2" },
				"east": { "uv": [ 8.55, 2, 7.05, 1 ], "texture": "#2" }
			}
		},
		{
			"from": [ 3, 15, 7.45 ],
			"to": [ 4, 16, 8.95 ],
			"faces": {
				"down": { "uv": [ 3, 7.05, 4, 8.55 ], "texture": "#2" },
				"up": { "uv": [ 3, 7.45, 4, 8.95 ], "texture": "#2" },
				"north": { "uv": [ 12, 0, 13, 1 ], "texture": "#2" },
				"south": { "uv": [ 3, 0, 4, 1 ], "texture": "#2" },
				"west": { "uv": [ 7.45, 0, 8.95, 1 ], "texture": "#2" },
				"east": { "uv": [ 8.55, 1, 7.05, 0 ], "texture": "#2" }
			}
		},
		{
			"from": [ 11, 12, 8.45 ],
			"to": [ 12, 13, 9.95 ],
			"faces": {
				"down": { "uv": [ 11, 6.05, 12, 7.55 ], "texture": "#2" },
				"up": { "uv": [ 11, 8.45, 12, 9.95 ], "texture": "#2" },
				"north": { "uv": [ 4, 3, 5, 4 ], "texture": "#2" },
				"south": { "uv": [ 11, 3, 12, 4 ], "texture": "#2" },
				"west": { "uv": [ 8.45, 3, 9.95, 4 ], "texture": "#2" },
				"east": { "uv": [ 7.55, 4, 6.05, 3 ], "texture": "#2" }
			}
		},
		{
			"from": [ 12, 13, 8.45 ],
			"to": [ 13, 14, 9.95 ],
			"faces": {
				"down": { "uv": [ 12, 6.05, 13, 7.55 ], "texture": "#2" },
				"up": { "uv": [ 12, 8.45, 13, 9.95 ], "texture": "#2" },
				"north": { "uv": [ 3, 2, 4, 3 ], "texture": "#2" },
				"south": { "uv": [ 12, 2, 13, 3 ], "texture": "#2" },
				"west": { "uv": [ 8.45, 2, 9.95, 3 ], "texture": "#2" },
				"east": { "uv": [ 7.55, 3, 6.05, 2 ], "texture": "#2" }
			}
		},
		{
			"from": [ 13, 13, 8.45 ],
			"to": [ 14, 14, 9.95 ],
			"faces": {
				"down": { "uv": [ 13, 6.05, 14, 7.55 ], "texture": "#2" },
				"up": { "uv": [ 13, 8.45, 14, 9.95 ], "texture": "#2" },
				"north": { "uv": [ 2, 2, 3, 3 ], "texture": "#2" },
				"south": { "uv": [ 13, 2, 14, 3 ], "texture": "#2" },
				"west": { "uv": [ 8.45, 2, 9.95, 3 ], "texture": "#2" },
				"east": { "uv": [ 7.55, 3, 6.05, 2 ], "texture": "#2" }
			}
		},
		{
			"from": [ 10, 11, 8.45 ],
			"to": [ 11, 12, 9.95 ],
			"faces": {
				"down": { "uv": [ 10, 6.05, 11, 7.55 ], "texture": "#2" },
				"up": { "uv": [ 10, 8.45, 11, 9.95 ], "texture": "#2" },
				"north": { "uv": [ 5, 4, 6, 5 ], "texture": "#2" },
				"south": { "uv": [ 10, 4, 11, 5 ], "texture": "#2" },
				"west": { "uv": [ 8.45, 4, 9.95, 5 ], "texture": "#2" },
				"east": { "uv": [ 7.55, 5, 6.05, 4 ], "texture": "#2" }
			}
		},
		{
			"from": [ 11, 7, 7.8 ],
			"to": [ 12, 8, 9.299999 ],
			"faces": {
				"down": { "uv": [ 11, 6.7, 12, 8.2 ], "texture": "#2" },
				"up": { "uv": [ 11, 7.8, 12, 9.3 ], "texture": "#2" },
				"north": { "uv": [ 4, 8, 5, 9 ], "texture": "#2" },
				"south": { "uv": [ 11, 8, 12, 9 ], "texture": "#2" },
				"west": { "uv": [ 7.8, 8, 9.3, 9 ], "texture": "#2" },
				"east": { "uv": [ 8.2, 9, 6.7, 8 ], "texture": "#2" }
			}
		},
		{
			"from": [ 12, 8, 7.8 ],
			"to": [ 13, 9, 9.299999 ],
			"faces": {
				"down": { "uv": [ 12, 6.7, 13, 8.2 ], "texture": "#2" },
				"up": { "uv": [ 12, 7.8, 13, 9.3 ], "texture": "#2" },
				"north": { "uv": [ 3, 7, 4, 8 ], "texture": "#2" },
				"south": { "uv": [ 12, 7, 13, 8 ], "texture": "#2" },
				"west": { "uv": [ 7.8, 7, 9.3, 8 ], "texture": "#2" },
				"east": { "uv": [ 8.2, 8, 6.7, 7 ], "texture": "#2" }
			}
		},
		{
			"from": [ 10, 8, 7.8 ],
			"to": [ 11, 9, 9.299999 ],
			"faces": {
				"down": { "uv": [ 10, 6.7, 11, 8.2 ], "texture": "#2" },
				"up": { "uv": [ 10, 7.8, 11, 9.3 ], "texture": "#2" },
				"north": { "uv": [ 5, 7, 6, 8 ], "texture": "#2" },
				"south": { "uv": [ 10, 7, 11, 8 ], "texture": "#2" },
				"west": { "uv": [ 7.8, 7, 9.3, 8 ], "texture": "#2" },
				"east": { "uv": [ 8.2, 8, 6.7, 7 ], "texture": "#2" }
			}
		},
		{
			"from": [ 10, 6, 7.8 ],
			"to": [ 11, 7, 9.299999 ],
			"faces": {
				"down": { "uv": [ 10, 6.7, 11, 8.2 ], "texture": "#2" },
				"up": { "uv": [ 10, 7.8, 11, 9.3 ], "texture": "#2" },
				"north": { "uv": [ 5, 9, 6, 10 ], "texture": "#2" },
				"south": { "uv": [ 10, 9, 11, 10 ], "texture": "#2" },
				"west": { "uv": [ 7.8, 9, 9.3, 10 ], "texture": "#2" },
				"east": { "uv": [ 8.2, 10, 6.7, 9 ], "texture": "#2" }
			}
		},
		{
			"from": [ 8, 0, 8 ],
			"to": [ 9, 6, 9 ],
			"faces": {
				"down": { "uv": [ 8, 7, 9, 8 ], "texture": "#1" },
				"up": { "uv": [ 8, 8, 9, 9 ], "texture": "#1" },
				"north": { "uv": [ 7, 10, 8, 16 ], "texture": "#1" },
				"south": { "uv": [ 8, 10, 9, 16 ], "texture": "#1" },
				"west": { "uv": [ 8, 10, 9, 16 ], "texture": "#1" },
				"east": { "uv": [ 8, 16, 7, 10 ], "texture": "#1" }
			}
		},
		{
			"from": [ 7, 6, 8 ],
			"to": [ 8, 13, 9 ],
			"faces": {
				"down": { "uv": [ 7, 7, 8, 8 ], "texture": "#1" },
				"up": { "uv": [ 7, 8, 8, 9 ], "texture": "#1" },
				"north": { "uv": [ 8, 3, 9, 10 ], "texture": "#1" },
				"south": { "uv": [ 7, 3, 8, 10 ], "texture": "#1" },
				"west": { "uv": [ 8, 3, 9, 10 ], "texture": "#1" },
				"east": { "uv": [ 8, 10, 7, 3 ], "texture": "#1" }
			}
		},
		{
			"from": [ 8, 13, 7.7 ],
			"to": [ 9, 16, 8.7 ],
			"faces": {
				"down": { "uv": [ 8, 7.3, 9, 8.3 ], "texture": "#1" },
				"up": { "uv": [ 8, 7.7, 9, 8.7 ], "texture": "#1" },
				"north": { "uv": [ 7, 0, 8, 3 ], "texture": "#1" },
				"south": { "uv": [ 8, 0, 9, 3 ], "texture": "#1" },
				"west": { "uv": [ 7.7, 0, 8.7, 3 ], "texture": "#1" },
				"east": { "uv": [ 8.3, 3, 7.3, 0 ], "texture": "#1" }
			}
		},
		{
			"from": [ 6, 8, 7.6 ],
			"to": [ 7, 9, 8.6 ],
			"faces": {
				"down": { "uv": [ 6, 7.4, 7, 8.4 ], "texture": "#1" },
				"up": { "uv": [ 6, 7.6, 7, 8.6 ], "texture": "#1" },
				"north": { "uv": [ 9, 7, 10, 8 ], "texture": "#1" },
				"south": { "uv": [ 6, 7, 7, 8 ], "texture": "#1" },
				"west": { "uv": [ 7.6, 7, 8.6, 8 ], "texture": "#1" },
				"east": { "uv": [ 8.4, 8, 7.4, 7 ], "texture": "#1" }
			}
		},
		{
			"from": [ 6, 7, 7.7 ],
			"to": [ 7, 8, 8.7 ],
			"faces": {
				"down": { "uv": [ 6, 7.3, 7, 8.3 ], "texture": "#1" },
				"up": { "uv": [ 6, 7.7, 7, 8.7 ], "texture": "#1" },
				"north": { "uv": [ 9, 8, 10, 9 ], "texture": "#1" },
				"south": { "uv": [ 6, 8, 7, 9 ], "texture": "#1" },
				"west": { "uv": [ 7.7, 8, 8.7, 9 ], "texture": "#1" },
				"east": { "uv": [ 8.3, 9, 7.3, 8 ], "texture": "#1" }
			}
		},
		{
			"from": [ 5.3, 9, 7.15 ],
			"to": [ 6.3, 10, 8.15 ],
			"faces": {
				"down": { "uv": [ 5.3, 7.85, 6.3, 8.85 ], "texture": "#1" },
				"up": { "uv": [ 5.3, 7.15, 6.3, 8.15 ], "texture": "#1" },
				"north": { "uv": [ 9.7, 6, 10.7, 7 ], "texture": "#1" },
				"south": { "uv": [ 5.3, 6, 6.3, 7 ], "texture": "#1" },
				"west": { "uv": [ 7.15, 6, 8.15, 7 ], "texture": "#1" },
				"east": { "uv": [ 8.85, 7, 7.85, 6 ], "texture": "#1" }
			}
		},
		{
			"from": [ 4.3, 10, 7.15 ],
			"to": [ 5.3, 11, 8.15 ],
			"faces": {
				"down": { "uv": [ 4.3, 7.85, 5.3, 8.85 ], "texture": "#1" },
				"up": { "uv": [ 4.3, 7.15, 5.3, 8.15 ], "texture": "#1" },
				"north": { "uv": [ 10.7, 5, 11.7, 6 ], "texture": "#1" },
				"south": { "uv": [ 4.3, 5, 5.3, 6 ], "texture": "#1" },
				"west": { "uv": [ 7.15, 5, 8.15, 6 ], "texture": "#1" },
				"east": { "uv": [ 8.85, 6, 7.85, 5 ], "texture": "#1" }
			}
		},
		{
			"from": [ 8, 10, 8.5 ],
			"to": [ 9, 11, 9.5 ],
			"faces": {
				"down": { "uv": [ 8, 6.5, 9, 7.5 ], "texture": "#1" },
				"up": { "uv": [ 8, 8.5, 9, 9.5 ], "texture": "#1" },
				"north": { "uv": [ 7, 5, 8, 6 ], "texture": "#1" },
				"south": { "uv": [ 8, 5, 9, 6 ], "texture": "#1" },
				"west": { "uv": [ 8.5, 5, 9.5, 6 ], "texture": "#1" },
				"east": { "uv": [ 7.5, 6, 6.5, 5 ], "texture": "#1" }
			}
		},
		{
			"from": [ 9, 11, 8.65 ],
			"to": [ 10, 12, 9.65 ],
			"faces": {
				"down": { "uv": [ 9, 6.35, 10, 7.35 ], "texture": "#1" },
				"up": { "uv": [ 9, 8.65, 10, 9.65 ], "texture": "#1" },
				"north": { "uv": [ 6, 4, 7, 5 ], "texture": "#1" },
				"south": { "uv": [ 9, 4, 10, 5 ], "texture": "#1" },
				"west": { "uv": [ 8.65, 4, 9.65, 5 ], "texture": "#1" },
				"east": { "uv": [ 7.35, 5, 6.35, 4 ], "texture": "#1" }
			}
		},
		{
			"from": [ 10, 12, 8.65 ],
			"to": [ 11, 13, 9.65 ],
			"faces": {
				"down": { "uv": [ 10, 6.35, 11, 7.35 ], "texture": "#1" },
				"up": { "uv": [ 10, 8.65, 11, 9.65 ], "texture": "#1" },
				"north": { "uv": [ 5, 3, 6, 4 ], "texture": "#1" },
				"south": { "uv": [ 10, 3, 11, 4 ], "texture": "#1" },
				"west": { "uv": [ 8.65, 3, 9.65, 4 ], "texture": "#1" },
				"east": { "uv": [ 7.35, 4, 6.35, 3 ], "texture": "#1" }
			}
		},
		{
			"from": [ 9, 14, 7.5 ],
			"to": [ 10, 15, 8.5 ],
			"faces": {
				"down": { "uv": [ 9, 7.5, 10, 8.5 ], "texture": "#1" },
				"up": { "uv": [ 9, 7.5, 10, 8.5 ], "texture": "#1" },
				"north": { "uv": [ 6, 1, 7, 2 ], "texture": "#1" },
				"south": { "uv": [ 9, 1, 10, 2 ], "texture": "#1" },
				"west": { "uv": [ 7.5, 1, 8.5, 2 ], "texture": "#1" },
				"east": { "uv": [ 8.5, 2, 7.5, 1 ], "texture": "#1" }
			}
		},
		{
			"from": [ 10, 15, 7.75 ],
			"to": [ 11, 16, 8.75 ],
			"faces": {
				"down": { "uv": [ 10, 7.25, 11, 8.25 ], "texture": "#1" },
				"up": { "uv": [ 10, 7.75, 11, 8.75 ], "texture": "#1" },
				"north": { "uv": [ 5, 0, 6, 1 ], "texture": "#1" },
				"south": { "uv": [ 10, 0, 11, 1 ], "texture": "#1" },
				"west": { "uv": [ 7.75, 0, 8.75, 1 ], "texture": "#1" },
				"east": { "uv": [ 8.25, 1, 7.25, 0 ], "texture": "#1" }
			}
		},
		{
			"from": [ 6, 13, 7.8 ],
			"to": [ 7, 14, 8.799999 ],
			"faces": {
				"down": { "uv": [ 6, 7.2, 7, 8.2 ], "texture": "#1" },
				"up": { "uv": [ 6, 7.8, 7, 8.8 ], "texture": "#1" },
				"north": { "uv": [ 9, 2, 10, 3 ], "texture": "#1" },
				"south": { "uv": [ 6, 2, 7, 3 ], "texture": "#1" },
				"west": { "uv": [ 7.8, 2, 8.8, 3 ], "texture": "#1" },
				"east": { "uv": [ 8.2, 3, 7.2, 2 ], "texture": "#1" }
			}
		},
		{
			"from": [ 5, 14, 7.4 ],
			"to": [ 6, 15, 8.4 ],
			"faces": {
				"down": { "uv": [ 5, 7.6, 6, 8.6 ], "texture": "#1" },
				"up": { "uv": [ 5, 7.4, 6, 8.4 ], "texture": "#1" },
				"north": { "uv": [ 10, 1, 11, 2 ], "texture": "#1" },
				"south": { "uv": [ 5, 1, 6, 2 ], "texture": "#1" },
				"west": { "uv": [ 7.4, 1, 8.4, 2 ], "texture": "#1" },
				"east": { "uv": [ 8.6, 2, 7.6, 1 ], "texture": "#1" }
			}
		},
		{
			"from": [ 5, 13, 7.4 ],
			"to": [ 6, 14, 8.4 ],
			"faces": {
				"down": { "uv": [ 5, 7.6, 6, 8.6 ], "texture": "#1" },
				"up": { "uv": [ 5, 7.4, 6, 8.4 ], "texture": "#1" },
				"north": { "uv": [ 10, 2, 11, 3 ], "texture": "#1" },
				"south": { "uv": [ 5, 2, 6, 3 ], "texture": "#1" },
				"west": { "uv": [ 7.4, 2, 8.4, 3 ], "texture": "#1" },
				"east": { "uv": [ 8.6, 3, 7.6, 2 ], "texture": "#1" }
			}
		},
		{
			"from": [ 4, 14, 7.65 ],
			"to": [ 5, 15, 8.65 ],
			"faces": {
				"down": { "uv": [ 4, 7.35, 5, 8.35 ], "texture": "#1" },
				"up": { "uv": [ 4, 7.65, 5, 8.65 ], "texture": "#1" },
				"north": { "uv": [ 11, 1, 12, 2 ], "texture": "#1" },
				"south": { "uv": [ 4, 1, 5, 2 ], "texture": "#1" },
				"west": { "uv": [ 7.65, 1, 8.65, 2 ], "texture": "#1" },
				"east": { "uv": [ 8.35, 2, 7.35, 1 ], "texture": "#1" }
			}
		},
		{
			"from": [ 5, 5, 8 ],
			"to": [ 6, 6, 9 ],
			"faces": {
				"down": { "uv": [ 5, 7, 6, 8 ], "texture": "#1" },
				"up": { "uv": [ 5, 8, 6, 9 ], "texture": "#1" },
				"north": { "uv": [ 10, 10, 11, 11 ], "texture": "#1" },
				"south": { "uv": [ 5, 10, 6, 11 ], "texture": "#1" },
				"west": { "uv": [ 8, 10, 9, 11 ], "texture": "#1" },
				"east": { "uv": [ 8, 11, 7, 10 ], "texture": "#1" }
			}
		},
		{
			"from": [ 6, 4, 8 ],
			"to": [ 7, 5, 9 ],
			"faces": {
				"down": { "uv": [ 6, 7, 7, 8 ], "texture": "#1" },
				"up": { "uv": [ 6, 8, 7, 9 ], "texture": "#1" },
				"north": { "uv": [ 9, 11, 10, 12 ], "texture": "#1" },
				"south": { "uv": [ 6, 11, 7, 12 ], "texture": "#1" },
				"west": { "uv": [ 8, 11, 9, 12 ], "texture": "#1" },
				"east": { "uv": [ 8, 12, 7, 11 ], "texture": "#1" }
			}
		},
		{
			"from": [ 7, 3, 8 ],
			"to": [ 8, 4, 9 ],
			"faces": {
				"down": { "uv": [ 7, 7, 8, 8 ], "texture": "#1" },
				"up": { "uv": [ 7, 8, 8, 9 ], "texture": "#1" },
				"north": { "uv": [ 8, 12, 9, 13 ], "texture": "#1" },
				"south": { "uv": [ 7, 12, 8, 13 ], "texture": "#1" },
				"west": { "uv": [ 8, 12, 9, 13 ], "texture": "#1" },
				"east": { "uv": [ 8, 13, 7, 12 ], "texture": "#1" }
			}
		},
		{
			"from": [ 9, 3, 8 ],
			"to": [ 10, 4, 9 ],
			"faces": {
				"down": { "uv": [ 9, 7, 10, 8 ], "texture": "#1" },
				"up": { "uv": [ 9, 8, 10, 9 ], "texture": "#1" },
				"north": { "uv": [ 6, 12, 7, 13 ], "texture": "#1" },
				"south": { "uv": [ 9, 12, 10, 13 ], "texture": "#1" },
				"west": { "uv": [ 8, 12, 9, 13 ], "texture": "#1" },
				"east": { "uv": [ 8, 13, 7, 12 ], "texture": "#1" }
			}
		},
		{
			"from": [ 10, 4, 8 ],
			"to": [ 11, 5, 9 ],
			"faces": {
				"down": { "uv": [ 10, 7, 11, 8 ], "texture": "#1" },
				"up": { "uv": [ 10, 8, 11, 9 ], "texture": "#1" },
				"north": { "uv": [ 5, 11, 6, 12 ], "texture": "#1" },
				"south": { "uv": [ 10, 11, 11, 12 ], "texture": "#1" },
				"west": { "uv": [ 8, 11, 9, 12 ], "texture": "#1" },
				"east": { "uv": [ 8, 12, 7, 11 ], "texture": "#1" }
			}
		},
		{
			"from": [ 9, 6, 8 ],
			"to": [ 10, 7, 9 ],
			"faces": {
				"down": { "uv": [ 9, 7, 10, 8 ], "texture": "#1" },
				"up": { "uv": [ 9, 8, 10, 9 ], "texture": "#1" },
				"north": { "uv": [ 6, 9, 7, 10 ], "texture": "#1" },
				"south": { "uv": [ 9, 9, 10, 10 ], "texture": "#1" },
				"west": { "uv": [ 8, 9, 9, 10 ], "texture": "#1" },
				"east": { "uv": [ 8, 10, 7, 9 ], "texture": "#1" }
			}
		},
		{
			"from": [ 10, 7, 8 ],
			"to": [ 11, 8, 9 ],
			"faces": {
				"down": { "uv": [ 10, 7, 11, 8 ], "texture": "#1" },
				"up": { "uv": [ 10, 8, 11, 9 ], "texture": "#1" },
				"north": { "uv": [ 5, 8, 6, 9 ], "texture": "#1" },
				"south": { "uv": [ 10, 8, 11, 9 ], "texture": "#1" },
				"west": { "uv": [ 8, 8, 9, 9 ], "texture": "#1" },
				"east": { "uv": [ 8, 9, 7, 8 ], "texture": "#1" }
			}
		},
		{
			"from": [ 7.92, 15, 2 ],
			"to": [ 9.68, 16, 3 ],
			"faces": {
				"down": { "uv": [ 2, 6.92, 3, 8.68 ], "texture": "#2", "rotation": 90 },
				"up": { "uv": [ 2, 7.32, 3, 9.08 ], "texture": "#2", "rotation": 270 },
				"north": { "uv": [ 7.32, 0, 9.08, 1 ], "texture": "#2" },
				"south": { "uv": [ 8.68, 1, 6.92, 0 ], "texture": "#2" },
				"west": { "uv": [ 2, 0, 3, 1 ], "texture": "#2" },
				"east": { "uv": [ 13, 0, 14, 1 ], "texture": "#2" }
			}
		},
		{
			"from": [ 8.05, 15, 3 ],
			"to": [ 9.55, 16, 4 ],
			"faces": {
				"down": { "uv": [ 3, 7.05, 4, 8.55 ], "texture": "#2", "rotation": 90 },
				"up": { "uv": [ 3, 7.45, 4, 8.95 ], "texture": "#2", "rotation": 270 },
				"north": { "uv": [ 7.45, 0, 8.95, 1 ], "texture": "#2" },
				"south": { "uv": [ 8.55, 1, 7.05, 0 ], "texture": "#2" },
				"west": { "uv": [ 3, 0, 4, 1 ], "texture": "#2" },
				"east": { "uv": [ 12, 0, 13, 1 ], "texture": "#2" }
			}
		},
		{
			"from": [ 7.92, 15, 4 ],
			"to": [ 9.68, 16, 5 ],
			"faces": {
				"down": { "uv": [ 4, 6.92, 5, 8.68 ], "texture": "#2", "rotation": 90 },
				"up": { "uv": [ 4, 7.32, 5, 9.08 ], "texture": "#2", "rotation": 270 },
				"north": { "uv": [ 7.32, 0, 9.08, 1 ], "texture": "#2" },
				"south": { "uv": [ 8.68, 1, 6.92, 0 ], "texture": "#2" },
				"west": { "uv": [ 4, 0, 5, 1 ], "texture": "#2" },
				"east": { "uv": [ 11, 0, 12, 1 ], "texture": "#2" }
			}
		},
		{
			"from": [ 8.25, 15, 10 ],
			"to": [ 9.25, 16, 11 ],
			"faces": {
				"down": { "uv": [ 10, 7.25, 11, 8.25 ], "texture": "#1", "rotation": 90 },
				"up": { "uv": [ 10, 7.75, 11, 8.75 ], "texture": "#1", "rotation": 270 },
				"north": { "uv": [ 7.75, 0, 8.75, 1 ], "texture": "#1" },
				"south": { "uv": [ 8.25, 1, 7.25, 0 ], "texture": "#1" },
				"west": { "uv": [ 10, 0, 11, 1 ], "texture": "#1" },
				"east": { "uv": [ 5, 0, 6, 1 ], "texture": "#1" }
			}
		},
		{
			"from": [ 8.05, 14, 2 ],
			"to": [ 9.55, 15, 3 ],
			"faces": {
				"down": { "uv": [ 2, 7.05, 3, 8.55 ], "texture": "#2", "rotation": 90 },
				"up": { "uv": [ 2, 7.45, 3, 8.95 ], "texture": "#2", "rotation": 270 },
				"north": { "uv": [ 7.45, 1, 8.95, 2 ], "texture": "#2" },
				"south": { "uv": [ 8.55, 2, 7.05, 1 ], "texture": "#2" },
				"west": { "uv": [ 2, 1, 3, 2 ], "texture": "#2" },
				"east": { "uv": [ 13, 1, 14, 2 ], "texture": "#2" }
			}
		},
		{
			"from": [ 7.8, 14, 3 ],
			"to": [ 9.799999, 15, 4 ],
			"faces": {
				"down": { "uv": [ 3, 6.8, 4, 8.8 ], "texture": "#2", "rotation": 90 },
				"up": { "uv": [ 3, 7.2, 4, 9.2 ], "texture": "#2", "rotation": 270 },
				"north": { "uv": [ 7.2, 1, 9.2, 2 ], "texture": "#2" },
				"south": { "uv": [ 8.8, 2, 6.8, 1 ], "texture": "#2" },
				"west": { "uv": [ 3, 1, 4, 2 ], "texture": "#2" },
				"east": { "uv": [ 12, 1, 13, 2 ], "texture": "#2" }
			}
		},
		{
			"from": [ 8.349999, 14, 4 ],
			"to": [ 9.349999, 15, 5 ],
			"faces": {
				"down": { "uv": [ 4, 7.35, 5, 8.35 ], "texture": "#1", "rotation": 90 },
				"up": { "uv": [ 4, 7.65, 5, 8.65 ], "texture": "#1", "rotation": 270 },
				"north": { "uv": [ 7.65, 1, 8.65, 2 ], "texture": "#1" },
				"south": { "uv": [ 8.35, 2, 7.35, 1 ], "texture": "#1" },
				"west": { "uv": [ 4, 1, 5, 2 ], "texture": "#1" },
				"east": { "uv": [ 11, 1, 12, 2 ], "texture": "#1" }
			}
		},
		{
			"from": [ 8.599999, 14, 5 ],
			"to": [ 9.599999, 15, 6 ],
			"faces": {
				"down": { "uv": [ 5, 7.6, 6, 8.6 ], "texture": "#1", "rotation": 90 },
				"up": { "uv": [ 5, 7.4, 6, 8.4 ], "texture": "#1", "rotation": 270 },
				"north": { "uv": [ 7.4, 1, 8.4, 2 ], "texture": "#1" },
				"south": { "uv": [ 8.6, 2, 7.6, 1 ], "texture": "#1" },
				"west": { "uv": [ 5, 1, 6, 2 ], "texture": "#1" },
				"east": { "uv": [ 10, 1, 11, 2 ], "texture": "#1" }
			}
		},
		{
			"from": [ 8.5, 14, 9 ],
			"to": [ 9.5, 15, 10 ],
			"faces": {
				"down": { "uv": [ 9, 7.5, 10, 8.5 ], "texture": "#1", "rotation": 90 },
				"up": { "uv": [ 9, 7.5, 10, 8.5 ], "texture": "#1", "rotation": 270 },
				"north": { "uv": [ 7.5, 1, 8.5, 2 ], "texture": "#1" },
				"south": { "uv": [ 8.5, 2, 7.5, 1 ], "texture": "#1" },
				"west": { "uv": [ 9, 1, 10, 2 ], "texture": "#1" },
				"east": { "uv": [ 6, 1, 7, 2 ], "texture": "#1" }
			}
		},
		{
			"from": [ 6.8, 14, 12 ],
			"to": [ 8.799999, 15, 13 ],
			"faces": {
				"down": { "uv": [ 12, 5.8, 13, 7.8 ], "texture": "#2", "rotation": 90 },
				"up": { "uv": [ 12, 8.2, 13, 10.2 ], "texture": "#2", "rotation": 270 },
				"north": { "uv": [ 8.2, 1, 10.2, 2 ], "texture": "#2" },
				"south": { "uv": [ 7.8, 2, 5.8, 1 ], "texture": "#2" },
				"west": { "uv": [ 12, 1, 13, 2 ], "texture": "#2" },
				"east": { "uv": [ 3, 1, 4, 2 ], "texture": "#2" }
			}
		},
		{
			"from": [ 6.92, 14, 13 ],
			"to": [ 8.68, 15, 14 ],
			"faces": {
				"down": { "uv": [ 13, 5.92, 14, 7.68 ], "texture": "#2", "rotation": 90 },
				"up": { "uv": [ 13, 8.32, 14, 10.08 ], "texture": "#2", "rotation": 270 },
				"north": { "uv": [ 8.32, 1, 10.08, 2 ], "texture": "#2" },
				"south": { "uv": [ 7.68, 2, 5.92, 1 ], "texture": "#2" },
				"west": { "uv": [ 13, 1, 14, 2 ], "texture": "#2" },
				"east": { "uv": [ 2, 1, 3, 2 ], "texture": "#2" }
			}
		},
		{
			"from": [ 8.05, 13, 4 ],
			"to": [ 9.55, 14, 5 ],
			"faces": {
				"down": { "uv": [ 4, 7.05, 5, 8.55 ], "texture": "#2", "rotation": 90 },
				"up": { "uv": [ 4, 7.45, 5, 8.95 ], "texture": "#2", "rotation": 270 },
				"north": { "uv": [ 7.45, 2, 8.95, 3 ], "texture": "#2" },
				"south": { "uv": [ 8.55, 3, 7.05, 2 ], "texture": "#2" },
				"west": { "uv": [ 4, 2, 5, 3 ], "texture": "#2" },
				"east": { "uv": [ 11, 2, 12, 3 ], "texture": "#2" }
			}
		},
		{
			"from": [ 8.599999, 13, 5 ],
			"to": [ 9.599999, 14, 6 ],
			"faces": {
				"down": { "uv": [ 5, 7.6, 6, 8.6 ], "texture": "#1", "rotation": 90 },
				"up": { "uv": [ 5, 7.4, 6, 8.4 ], "texture": "#1", "rotation": 270 },
				"north": { "uv": [ 7.4, 2, 8.4, 3 ], "texture": "#1" },
				"south": { "uv": [ 8.6, 3, 7.6, 2 ], "texture": "#1" },
				"west": { "uv": [ 5, 2, 6, 3 ], "texture": "#1" },
				"east": { "uv": [ 10, 2, 11, 3 ], "texture": "#1" }
			}
		},
		{
			"from": [ 8.2, 13, 6 ],
			"to": [ 9.2, 14, 7 ],
			"faces": {
				"down": { "uv": [ 6, 7.2, 7, 8.2 ], "texture": "#1", "rotation": 90 },
				"up": { "uv": [ 6, 7.8, 7, 8.8 ], "texture": "#1", "rotation": 270 },
				"north": { "uv": [ 7.8, 2, 8.8, 3 ], "texture": "#1" },
				"south": { "uv": [ 8.2, 3, 7.2, 2 ], "texture": "#1" },
				"west": { "uv": [ 6, 2, 7, 3 ], "texture": "#1" },
				"east": { "uv": [ 9, 2, 10, 3 ], "texture": "#1" }
			}
		},
		{
			"from": [ 6.8, 13, 10 ],
			"to": [ 8.799999, 14, 11 ],
			"faces": {
				"down": { "uv": [ 10, 5.8, 11, 7.8 ], "texture": "#2", "rotation": 90 },
				"up": { "uv": [ 10, 8.2, 11, 10.2 ], "texture": "#2", "rotation": 270 },
				"north": { "uv": [ 8.2, 2, 10.2, 3 ], "texture": "#2" },
				"south": { "uv": [ 7.8, 3, 5.8, 2 ], "texture": "#2" },
				"west": { "uv": [ 10, 2, 11, 3 ], "texture": "#2" },
				"east": { "uv": [ 5, 2, 6, 3 ], "texture": "#2" }
			}
		},
		{
			"from": [ 6.92, 13, 11 ],
			"to": [ 8.68, 14, 12 ],
			"faces": {
				"down": { "uv": [ 11, 5.92, 12, 7.68 ], "texture": "#2", "rotation": 90 },
				"up": { "uv": [ 11, 8.32, 12, 10.08 ], "texture": "#2", "rotation": 270 },
				"north": { "uv": [ 8.32, 2, 10.08, 3 ], "texture": "#2" },
				"south": { "uv": [ 7.68, 3, 5.92, 2 ], "texture": "#2" },
				"west": { "uv": [ 11, 2, 12, 3 ], "texture": "#2" },
				"east": { "uv": [ 4, 2, 5, 3 ], "texture": "#2" }
			}
		},
		{
			"from": [ 7.05, 13, 12 ],
			"to": [ 8.549999, 14, 13 ],
			"faces": {
				"down": { "uv": [ 12, 6.05, 13, 7.55 ], "texture": "#2", "rotation": 90 },
				"up": { "uv": [ 12, 8.45, 13, 9.95 ], "texture": "#2", "rotation": 270 },
				"north": { "uv": [ 8.45, 2, 9.95, 3 ], "texture": "#2" },
				"south": { "uv": [ 7.55, 3, 6.05, 2 ], "texture": "#2" },
				"west": { "uv": [ 12, 2, 13, 3 ], "texture": "#2" },
				"east": { "uv": [ 3, 2, 4, 3 ], "texture": "#2" }
			}
		},
		{
			"from": [ 7.05, 13, 13 ],
			"to": [ 8.549999, 14, 14 ],
			"faces": {
				"down": { "uv": [ 13, 6.05, 14, 7.55 ], "texture": "#2", "rotation": 90 },
				"up": { "uv": [ 13, 8.45, 14, 9.95 ], "texture": "#2", "rotation": 270 },
				"north": { "uv": [ 8.45, 2, 9.95, 3 ], "texture": "#2" },
				"south": { "uv": [ 7.55, 3, 6.05, 2 ], "texture": "#2" },
				"west": { "uv": [ 13, 2, 14, 3 ], "texture": "#2" },
				"east": { "uv": [ 2, 2, 3, 3 ], "texture": "#2" }
			}
		},
		{
			"from": [ 6.8, 13, 14 ],
			"to": [ 8.799999, 14, 15 ],
			"faces": {
				"down": { "uv": [ 14, 5.8, 15, 7.8 ], "texture": "#2", "rotation": 90 },
				"up": { "uv": [ 14, 8.2, 15, 10.2 ], "texture": "#2", "rotation": 270 },
				"north": { "uv": [ 8.2, 2, 10.2, 3 ], "texture": "#2" },
				"south": { "uv": [ 7.8, 3, 5.8, 2 ], "texture": "#2" },
				"west": { "uv": [ 14, 2, 15, 3 ], "texture": "#2" },
				"east": { "uv": [ 1, 2, 2, 3 ], "texture": "#2" }
			}
		},
		{
			"from": [ 8.42, 12, 1.3 ],
			"to": [ 10.18, 13, 2.3 ],
			"faces": {
				"down": { "uv": [ 1.3, 7.42, 2.3, 9.18 ], "texture": "#2", "rotation": 90 },
				"up": { "uv": [ 1.3, 6.82, 2.3, 8.58 ], "texture": "#2", "rotation": 270 },
				"north": { "uv": [ 6.82, 3, 8.58, 4 ], "texture": "#2" },
				"south": { "uv": [ 9.18, 4, 7.42, 3 ], "texture": "#2" },
				"west": { "uv": [ 1.3, 3, 2.3, 4 ], "texture": "#2" },
				"east": { "uv": [ 13.7, 3, 14.7, 4 ], "texture": "#2" }
			}
		},
		{
			"from": [ 8.3, 12, 2.3 ],
			"to": [ 10.3, 13, 3.3 ],
			"faces": {
				"down": { "uv": [ 2.3, 7.3, 3.3, 9.3 ], "texture": "#2", "rotation": 90 },
				"up": { "uv": [ 2.3, 6.7, 3.3, 8.7 ], "texture": "#2", "rotation": 270 },
				"north": { "uv": [ 6.7, 3, 8.7, 4 ], "texture": "#2" },
				"south": { "uv": [ 9.3, 4, 7.3, 3 ], "texture": "#2" },
				"west": { "uv": [ 2.3, 3, 3.3, 4 ], "texture": "#2" },
				"east": { "uv": [ 12.7, 3, 13.7, 4 ], "texture": "#2" }
			}
		},
		{
			"from": [ 7.35, 12, 10 ],
			"to": [ 8.35, 13, 11 ],
			"faces": {
				"down": { "uv": [ 10, 6.35, 11, 7.35 ], "texture": "#1", "rotation": 90 },
				"up": { "uv": [ 10, 8.65, 11, 9.65 ], "texture": "#1", "rotation": 270 },
				"north": { "uv": [ 8.65, 3, 9.65, 4 ], "texture": "#1" },
				"south": { "uv": [ 7.35, 4, 6.35, 3 ], "texture": "#1" },
				"west": { "uv": [ 10, 3, 11, 4 ], "texture": "#1" },
				"east": { "uv": [ 5, 3, 6, 4 ], "texture": "#1" }
			}
		},
		{
			"from": [ 7.05, 12, 11 ],
			"to": [ 8.549999, 13, 12 ],
			"faces": {
				"down": { "uv": [ 11, 6.05, 12, 7.55 ], "texture": "#2", "rotation": 90 },
				"up": { "uv": [ 11, 8.45, 12, 9.95 ], "texture": "#2", "rotation": 270 },
				"north": { "uv": [ 8.45, 3, 9.95, 4 ], "texture": "#2" },
				"south": { "uv": [ 7.55, 4, 6.05, 3 ], "texture": "#2" },
				"west": { "uv": [ 11, 3, 12, 4 ], "texture": "#2" },
				"east": { "uv": [ 4, 3, 5, 4 ], "texture": "#2" }
			}
		},
		{
			"from": [ 6.8, 12, 12 ],
			"to": [ 8.799999, 13, 13 ],
			"faces": {
				"down": { "uv": [ 12, 5.8, 13, 7.8 ], "texture": "#2", "rotation": 90 },
				"up": { "uv": [ 12, 8.2, 13, 10.2 ], "texture": "#2", "rotation": 270 },
				"north": { "uv": [ 8.2, 3, 10.2, 4 ], "texture": "#2" },
				"south": { "uv": [ 7.8, 4, 5.8, 3 ], "texture": "#2" },
				"west": { "uv": [ 12, 3, 13, 4 ], "texture": "#2" },
				"east": { "uv": [ 3, 3, 4, 4 ], "texture": "#2" }
			}
		},
		{
			"from": [ 6.92, 12, 13 ],
			"to": [ 8.68, 13, 14 ],
			"faces": {
				"down": { "uv": [ 13, 5.92, 14, 7.68 ], "texture": "#2", "rotation": 90 },
				"up": { "uv": [ 13, 8.32, 14, 10.08 ], "texture": "#2", "rotation": 270 },
				"north": { "uv": [ 8.32, 3, 10.08, 4 ], "texture": "#2" },
				"south": { "uv": [ 7.68, 4, 5.92, 3 ], "texture": "#2" },
				"west": { "uv": [ 13, 3, 14, 4 ], "texture": "#2" },
				"east": { "uv": [ 2, 3, 3, 4 ], "texture": "#2" }
			}
		},
		{
			"from": [ 8.3, 11, 1.3 ],
			"to": [ 10.3, 12, 2.3 ],
			"faces": {
				"down": { "uv": [ 1.3, 7.3, 2.3, 9.3 ], "texture": "#2", "rotation": 90 },
				"up": { "uv": [ 1.3, 6.7, 2.3, 8.7 ], "texture": "#2", "rotation": 270 },
				"north": { "uv": [ 6.7, 4, 8.7, 5 ], "texture": "#2" },
				"south": { "uv": [ 9.3, 5, 7.3, 4 ], "texture": "#2" },
				"west": { "uv": [ 1.3, 4, 2.3, 5 ], "texture": "#2" },
				"east": { "uv": [ 13.7, 4, 14.7, 5 ], "texture": "#2" }
			}
		},
		{
			"from": [ 8.55, 11, 2.3 ],
			"to": [ 10.05, 12, 3.3 ],
			"faces": {
				"down": { "uv": [ 2.3, 7.55, 3.3, 9.05 ], "texture": "#2", "rotation": 90 },
				"up": { "uv": [ 2.3, 6.95, 3.3, 8.45 ], "texture": "#2", "rotation": 270 },
				"north": { "uv": [ 6.95, 4, 8.45, 5 ], "texture": "#2" },
				"south": { "uv": [ 9.05, 5, 7.55, 4 ], "texture": "#2" },
				"west": { "uv": [ 2.3, 4, 3.3, 5 ], "texture": "#2" },
				"east": { "uv": [ 12.7, 4, 13.7, 5 ], "texture": "#2" }
			}
		},
		{
			"from": [ 8.42, 11, 3.3 ],
			"to": [ 10.18, 12, 4.3 ],
			"faces": {
				"down": { "uv": [ 3.3, 7.42, 4.3, 9.18 ], "texture": "#2", "rotation": 90 },
				"up": { "uv": [ 3.3, 6.82, 4.3, 8.58 ], "texture": "#2", "rotation": 270 },
				"north": { "uv": [ 6.82, 4, 8.58, 5 ], "texture": "#2" },
				"south": { "uv": [ 9.18, 5, 7.42, 4 ], "texture": "#2" },
				"west": { "uv": [ 3.3, 4, 4.3, 5 ], "texture": "#2" },
				"east": { "uv": [ 11.7, 4, 12.7, 5 ], "texture": "#2" }
			}
		},
		{
			"from": [ 8.55, 11, 4.3 ],
			"to": [ 10.05, 12, 5.3 ],
			"faces": {
				"down": { "uv": [ 4.3, 7.55, 5.3, 9.05 ], "texture": "#2", "rotation": 90 },
				"up": { "uv": [ 4.3, 6.95, 5.3, 8.45 ], "texture": "#2", "rotation": 270 },
				"north": { "uv": [ 6.95, 4, 8.45, 5 ], "texture": "#2" },
				"south": { "uv": [ 9.05, 5, 7.55, 4 ], "texture": "#2" },
				"west": { "uv": [ 4.3, 4, 5.3, 5 ], "texture": "#2" },
				"east": { "uv": [ 10.7, 4, 11.7, 5 ], "texture": "#2" }
			}
		},
		{
			"from": [ 7.35, 11, 9 ],
			"to": [ 8.35, 12, 10 ],
			"faces": {
				"down": { "uv": [ 9, 6.35, 10, 7.35 ], "texture": "#1", "rotation": 90 },
				"up": { "uv": [ 9, 8.65, 10, 9.65 ], "texture": "#1", "rotation": 270 },
				"north": { "uv": [ 8.65, 4, 9.65, 5 ], "texture": "#1" },
				"south": { "uv": [ 7.35, 5, 6.35, 4 ], "texture": "#1" },
				"west": { "uv": [ 9, 4, 10, 5 ], "texture": "#1" },
				"east": { "uv": [ 6, 4, 7, 5 ], "texture": "#1" }
			}
		},
		{
			"from": [ 7.05, 11, 10 ],
			"to": [ 8.549999, 12, 11 ],
			"faces": {
				"down": { "uv": [ 10, 6.05, 11, 7.55 ], "texture": "#2", "rotation": 90 },
				"up": { "uv": [ 10, 8.45, 11, 9.95 ], "texture": "#2", "rotation": 270 },
				"north": { "uv": [ 8.45, 4, 9.95, 5 ], "texture": "#2" },
				"south": { "uv": [ 7.55, 5, 6.05, 4 ], "texture": "#2" },
				"west": { "uv": [ 10, 4, 11, 5 ], "texture": "#2" },
				"east": { "uv": [ 5, 4, 6, 5 ], "texture": "#2" }
			}
		},
		{
			"from": [ 6.92, 11, 11 ],
			"to": [ 8.68, 12, 12 ],
			"faces": {
				"down": { "uv": [ 11, 5.92, 12, 7.68 ], "texture": "#2", "rotation": 90 },
				"up": { "uv": [ 11, 8.32, 12, 10.08 ], "texture": "#2", "rotation": 270 },
				"north": { "uv": [ 8.32, 4, 10.08, 5 ], "texture": "#2" },
				"south": { "uv": [ 7.68, 5, 5.92, 4 ], "texture": "#2" },
				"west": { "uv": [ 11, 4, 12, 5 ], "texture": "#2" },
				"east": { "uv": [ 4, 4, 5, 5 ], "texture": "#2" }
			}
		},
		{
			"from": [ 8.42, 10, 2.3 ],
			"to": [ 10.18, 11, 3.3 ],
			"faces": {
				"down": { "uv": [ 2.3, 7.42, 3.3, 9.18 ], "texture": "#2", "rotation": 90 },
				"up": { "uv": [ 2.3, 6.82, 3.3, 8.58 ], "texture": "#2", "rotation": 270 },
				"north": { "uv": [ 6.82, 5, 8.58, 6 ], "texture": "#2" },
				"south": { "uv": [ 9.18, 6, 7.42, 5 ], "texture": "#2" },
				"west": { "uv": [ 2.3, 5, 3.3, 6 ], "texture": "#2" },
				"east": { "uv": [ 12.7, 5, 13.7, 6 ], "texture": "#2" }
			}
		},
		{
			"from": [ 8.55, 10, 3.3 ],
			"to": [ 10.05, 11, 4.3 ],
			"faces": {
				"down": { "uv": [ 3.3, 7.55, 4.3, 9.05 ], "texture": "#2", "rotation": 90 },
				"up": { "uv": [ 3.3, 6.95, 4.3, 8.45 ], "texture": "#2", "rotation": 270 },
				"north": { "uv": [ 6.95, 5, 8.45, 6 ], "texture": "#2" },
				"south": { "uv": [ 9.05, 6, 7.55, 5 ], "texture": "#2" },
				"west": { "uv": [ 3.3, 5, 4.3, 6 ], "texture": "#2" },
				"east": { "uv": [ 11.7, 5, 12.7, 6 ], "texture": "#2" }
			}
		},
		{
			"from": [ 8.849999, 10, 4.3 ],
			"to": [ 9.849999, 11, 5.3 ],
			"faces": {
				"down": { "uv": [ 4.3, 7.85, 5.3, 8.85 ], "texture": "#1", "rotation": 90 },
				"up": { "uv": [ 4.3, 7.15, 5.3, 8.15 ], "texture": "#1", "rotation": 270 },
				"north": { "uv": [ 7.15, 5, 8.15, 6 ], "texture": "#1" },
				"south": { "uv": [ 8.85, 6, 7.85, 5 ], "texture": "#1" },
				"west": { "uv": [ 4.3, 5, 5.3, 6 ], "texture": "#1" },
				"east": { "uv": [ 10.7, 5, 11.7, 6 ], "texture": "#1" }
			}
		},
		{
			"from": [ 8.42, 10, 5.3 ],
			"to": [ 10.18, 11, 6.3 ],
			"faces": {
				"down": { "uv": [ 5.3, 7.42, 6.3, 9.18 ], "texture": "#2", "rotation": 90 },
				"up": { "uv": [ 5.3, 6.82, 6.3, 8.58 ], "texture": "#2", "rotation": 270 },
				"north": { "uv": [ 6.82, 5, 8.58, 6 ], "texture": "#2" },
				"south": { "uv": [ 9.18, 6, 7.42, 5 ], "texture": "#2" },
				"west": { "uv": [ 5.3, 5, 6.3, 6 ], "texture": "#2" },
				"east": { "uv": [ 9.7, 5, 10.7, 6 ], "texture": "#2" }
			}
		},
		{
			"from": [ 8.42, 9, 3.3 ],
			"to": [ 10.18, 10, 4.3 ],
			"faces": {
				"down": { "uv": [ 3.3, 7.42, 4.3, 9.18 ], "texture": "#2", "rotation": 90 },
				"up": { "uv": [ 3.3, 6.82, 4.3, 8.58 ], "texture": "#2", "rotation": 270 },
				"north": { "uv": [ 6.82, 6, 8.58, 7 ], "texture": "#2" },
				"south": { "uv": [ 9.18, 7, 7.42, 6 ], "texture": "#2" },
				"west": { "uv": [ 3.3, 6, 4.3, 7 ], "texture": "#2" },
				"east": { "uv": [ 11.7, 6, 12.7, 7 ], "texture": "#2" }
			}
		},
		{
			"from": [ 8.3, 9, 4.3 ],
			"to": [ 10.3, 10, 5.3 ],
			"faces": {
				"down": { "uv": [ 4.3, 7.3, 5.3, 9.3 ], "texture": "#2", "rotation": 90 },
				"up": { "uv": [ 4.3, 6.7, 5.3, 8.7 ], "texture": "#2", "rotation": 270 },
				"north": { "uv": [ 6.7, 6, 8.7, 7 ], "texture": "#2" },
				"south": { "uv": [ 9.3, 7, 7.3, 6 ], "texture": "#2" },
				"west": { "uv": [ 4.3, 6, 5.3, 7 ], "texture": "#2" },
				"east": { "uv": [ 10.7, 6, 11.7, 7 ], "texture": "#2" }
			}
		},
		{
			"from": [ 8.849999, 9, 5.3 ],
			"to": [ 9.849999, 10, 6.3 ],
			"faces": {
				"down": { "uv": [ 5.3, 7.85, 6.3, 8.85 ], "texture": "#1", "rotation": 90 },
				"up": { "uv": [ 5.3, 7.15, 6.3, 8.15 ], "texture": "#1", "rotation": 270 },
				"north": { "uv": [ 7.15, 6, 8.15, 7 ], "texture": "#1" },
				"south": { "uv": [ 8.85, 7, 7.85, 6 ], "texture": "#1" },
				"west": { "uv": [ 5.3, 6, 6.3, 7 ], "texture": "#1" },
				"east": { "uv": [ 9.7, 6, 10.7, 7 ], "texture": "#1" }
			}
		},
		{
			"from": [ 7.57, 9, 12 ],
			"to": [ 9.33, 10, 13 ],
			"faces": {
				"down": { "uv": [ 12, 6.57, 13, 8.33 ], "texture": "#2", "rotation": 90 },
				"up": { "uv": [ 12, 7.67, 13, 9.43 ], "texture": "#2", "rotation": 270 },
				"north": { "uv": [ 7.67, 6, 9.43, 7 ], "texture": "#2" },
				"south": { "uv": [ 8.33, 7, 6.57, 6 ], "texture": "#2" },
				"west": { "uv": [ 12, 6, 13, 7 ], "texture": "#2" },
				"east": { "uv": [ 3, 6, 4, 7 ], "texture": "#2" }
			}
		},
		{
			"from": [ 7.45, 9, 13 ],
			"to": [ 9.45, 10, 14 ],
			"faces": {
				"down": { "uv": [ 13, 6.45, 14, 8.45 ], "texture": "#2", "rotation": 90 },
				"up": { "uv": [ 13, 7.55, 14, 9.55 ], "texture": "#2", "rotation": 270 },
				"north": { "uv": [ 7.55, 6, 9.55, 7 ], "texture": "#2" },
				"south": { "uv": [ 8.45, 7, 6.45, 6 ], "texture": "#2" },
				"west": { "uv": [ 13, 6, 14, 7 ], "texture": "#2" },
				"east": { "uv": [ 2, 6, 3, 7 ], "texture": "#2" }
			}
		},
		{
			"from": [ 8.4, 8, 6 ],
			"to": [ 9.4, 9, 7 ],
			"faces": {
				"down": { "uv": [ 6, 7.4, 7, 8.4 ], "texture": "#1", "rotation": 90 },
				"up": { "uv": [ 6, 7.6, 7, 8.6 ], "texture": "#1", "rotation": 270 },
				"north": { "uv": [ 7.6, 7, 8.6, 8 ], "texture": "#1" },
				"south": { "uv": [ 8.4, 8, 7.4, 7 ], "texture": "#1" },
				"west": { "uv": [ 6, 7, 7, 8 ], "texture": "#1" },
				"east": { "uv": [ 9, 7, 10, 8 ], "texture": "#1" }
			}
		},
		{
			"from": [ 7.7, 8, 10 ],
			"to": [ 9.2, 9, 11 ],
			"faces": {
				"down": { "uv": [ 10, 6.7, 11, 8.2 ], "texture": "#2", "rotation": 90 },
				"up": { "uv": [ 10, 7.8, 11, 9.3 ], "texture": "#2", "rotation": 270 },
				"north": { "uv": [ 7.8, 7, 9.3, 8 ], "texture": "#2" },
				"south": { "uv": [ 8.2, 8, 6.7, 7 ], "texture": "#2" },
				"west": { "uv": [ 10, 7, 11, 8 ], "texture": "#2" },
				"east": { "uv": [ 5, 7, 6, 8 ], "texture": "#2" }
			}
		},
		{
			"from": [ 7.57, 8, 11 ],
			"to": [ 9.33, 9, 12 ],
			"faces": {
				"down": { "uv": [ 11, 6.57, 12, 8.33 ], "texture": "#2", "rotation": 90 },
				"up": { "uv": [ 11, 7.67, 12, 9.43 ], "texture": "#2", "rotation": 270 },
				"north": { "uv": [ 7.67, 7, 9.43, 8 ], "texture": "#2" },
				"south": { "uv": [ 8.33, 8, 6.57, 7 ], "texture": "#2" },
				"west": { "uv": [ 11, 7, 12, 8 ], "texture": "#2" },
				"east": { "uv": [ 4, 7, 5, 8 ], "texture": "#2" }
			}
		},
		{
			"from": [ 7.7, 8, 12 ],
			"to": [ 9.2, 9, 13 ],
			"faces": {
				"down": { "uv": [ 12, 6.7, 13, 8.2 ], "texture": "#2", "rotation": 90 },
				"up": { "uv": [ 12, 7.8, 13, 9.3 ], "texture": "#2", "rotation": 270 },
				"north": { "uv": [ 7.8, 7, 9.3, 8 ], "texture": "#2" },
				"south": { "uv": [ 8.2, 8, 6.7, 7 ], "texture": "#2" },
				"west": { "uv": [ 12, 7, 13, 8 ], "texture": "#2" },
				"east": { "uv": [ 3, 7, 4, 8 ], "texture": "#2" }
			}
		},
		{
			"from": [ 7.57, 8, 13 ],
			"to": [ 9.33, 9, 14 ],
			"faces": {
				"down": { "uv": [ 13, 6.57, 14, 8.33 ], "texture": "#2", "rotation": 90 },
				"up": { "uv": [ 13, 7.67, 14, 9.43 ], "texture": "#2", "rotation": 270 },
				"north": { "uv": [ 7.67, 7, 9.43, 8 ], "texture": "#2" },
				"south": { "uv": [ 8.33, 8, 6.57, 7 ], "texture": "#2" },
				"west": { "uv": [ 13, 7, 14, 8 ], "texture": "#2" },
				"east": { "uv": [ 2, 7, 3, 8 ], "texture": "#2" }
			}
		},
		{
			"from": [ 7.7, 7, 2 ],
			"to": [ 9.2, 8, 3 ],
			"faces": {
				"down": { "uv": [ 2, 6.7, 3, 8.2 ], "texture": "#2", "rotation": 90 },
				"up": { "uv": [ 2, 7.8, 3, 9.3 ], "texture": "#2", "rotation": 270 },
				"north": { "uv": [ 7.8, 8, 9.3, 9 ], "texture": "#2" },
				"south": { "uv": [ 8.2, 9, 6.7, 8 ], "texture": "#2" },
				"west": { "uv": [ 2, 8, 3, 9 ], "texture": "#2" },
				"east": { "uv": [ 13, 8, 14, 9 ], "texture": "#2" }
			}
		},
		{
			"from": [ 7.57, 7, 3 ],
			"to": [ 9.33, 8, 4 ],
			"faces": {
				"down": { "uv": [ 3, 6.57, 4, 8.33 ], "texture": "#2", "rotation": 90 },
				"up": { "uv": [ 3, 7.67, 4, 9.43 ], "texture": "#2", "rotation": 270 },
				"north": { "uv": [ 7.67, 8, 9.43, 9 ], "texture": "#2" },
				"south": { "uv": [ 8.33, 9, 6.57, 8 ], "texture": "#2" },
				"west": { "uv": [ 3, 8, 4, 9 ], "texture": "#2" },
				"east": { "uv": [ 12, 8, 13, 9 ], "texture": "#2" }
			}
		},
		{
			"from": [ 8.3, 7, 6 ],
			"to": [ 9.3, 8, 7 ],
			"faces": {
				"down": { "uv": [ 6, 7.3, 7, 8.3 ], "texture": "#1", "rotation": 90 },
				"up": { "uv": [ 6, 7.7, 7, 8.7 ], "texture": "#1", "rotation": 270 },
				"north": { "uv": [ 7.7, 8, 8.7, 9 ], "texture": "#1" },
				"south": { "uv": [ 8.3, 9, 7.3, 8 ], "texture": "#1" },
				"west": { "uv": [ 6, 8, 7, 9 ], "texture": "#1" },
				"east": { "uv": [ 9, 8, 10, 9 ], "texture": "#1" }
			}
		},
		{
			"from": [ 7.57, 7, 9 ],
			"to": [ 9.33, 8, 10 ],
			"faces": {
				"down": { "uv": [ 9, 6.57, 10, 8.33 ], "texture": "#2", "rotation": 90 },
				"up": { "uv": [ 9, 7.67, 10, 9.43 ], "texture": "#2", "rotation": 270 },
				"north": { "uv": [ 7.67, 8, 9.43, 9 ], "texture": "#2" },
				"south": { "uv": [ 8.33, 9, 6.57, 8 ], "texture": "#2" },
				"west": { "uv": [ 9, 8, 10, 9 ], "texture": "#2" },
				"east": { "uv": [ 6, 8, 7, 9 ], "texture": "#2" }
			}
		},
		{
			"from": [ 8, 7, 10 ],
			"to": [ 9, 8, 11 ],
			"faces": {
				"down": { "uv": [ 10, 7, 11, 8 ], "texture": "#1", "rotation": 90 },
				"up": { "uv": [ 10, 8, 11, 9 ], "texture": "#1", "rotation": 270 },
				"north": { "uv": [ 8, 8, 9, 9 ], "texture": "#1" },
				"south": { "uv": [ 8, 9, 7, 8 ], "texture": "#1" },
				"west": { "uv": [ 10, 8, 11, 9 ], "texture": "#1" },
				"east": { "uv": [ 5, 8, 6, 9 ], "texture": "#1" }
			}
		},
		{
			"from": [ 7.7, 7, 11 ],
			"to": [ 9.2, 8, 12 ],
			"faces": {
				"down": { "uv": [ 11, 6.7, 12, 8.2 ], "texture": "#2", "rotation": 90 },
				"up": { "uv": [ 11, 7.8, 12, 9.3 ], "texture": "#2", "rotation": 270 },
				"north": { "uv": [ 7.8, 8, 9.3, 9 ], "texture": "#2" },
				"south": { "uv": [ 8.2, 9, 6.7, 8 ], "texture": "#2" },
				"west": { "uv": [ 11, 8, 12, 9 ], "texture": "#2" },
				"east": { "uv": [ 4, 8, 5, 9 ], "texture": "#2" }
			}
		},
		{
			"from": [ 7.45, 7, 12 ],
			"to": [ 9.45, 8, 13 ],
			"faces": {
				"down": { "uv": [ 12, 6.45, 13, 8.45 ], "texture": "#2", "rotation": 90 },
				"up": { "uv": [ 12, 7.55, 13, 9.55 ], "texture": "#2", "rotation": 270 },
				"north": { "uv": [ 7.55, 8, 9.55, 9 ], "texture": "#2" },
				"south": { "uv": [ 8.45, 9, 6.45, 8 ], "texture": "#2" },
				"west": { "uv": [ 12, 8, 13, 9 ], "texture": "#2" },
				"east": { "uv": [ 3, 8, 4, 9 ], "texture": "#2" }
			}
		},
		{
			"from": [ 7.45, 6, 2 ],
			"to": [ 9.45, 7, 3 ],
			"faces": {
				"down": { "uv": [ 2, 6.45, 3, 8.45 ], "texture": "#2", "rotation": 90 },
				"up": { "uv": [ 2, 7.55, 3, 9.55 ], "texture": "#2", "rotation": 270 },
				"north": { "uv": [ 7.55, 9, 9.55, 10 ], "texture": "#2" },
				"south": { "uv": [ 8.45, 10, 6.45, 9 ], "texture": "#2" },
				"west": { "uv": [ 2, 9, 3, 10 ], "texture": "#2" },
				"east": { "uv": [ 13, 9, 14, 10 ], "texture": "#2" }
			}
		},
		{
			"from": [ 7.7, 6, 3 ],
			"to": [ 9.2, 7, 4 ],
			"faces": {
				"down": { "uv": [ 3, 6.7, 4, 8.2 ], "texture": "#2", "rotation": 90 },
				"up": { "uv": [ 3, 7.8, 4, 9.3 ], "texture": "#2", "rotation": 270 },
				"north": { "uv": [ 7.8, 9, 9.3, 10 ], "texture": "#2" },
				"south": { "uv": [ 8.2, 10, 6.7, 9 ], "texture": "#2" },
				"west": { "uv": [ 3, 9, 4, 10 ], "texture": "#2" },
				"east": { "uv": [ 12, 9, 13, 10 ], "texture": "#2" }
			}
		},
		{
			"from": [ 7.57, 6, 4 ],
			"to": [ 9.33, 7, 5 ],
			"faces": {
				"down": { "uv": [ 4, 6.57, 5, 8.33 ], "texture": "#2", "rotation": 90 },
				"up": { "uv": [ 4, 7.67, 5, 9.43 ], "texture": "#2", "rotation": 270 },
				"north": { "uv": [ 7.67, 9, 9.43, 10 ], "texture": "#2" },
				"south": { "uv": [ 8.33, 10, 6.57, 9 ], "texture": "#2" },
				"west": { "uv": [ 4, 9, 5, 10 ], "texture": "#2" },
				"east": { "uv": [ 11, 9, 12, 10 ], "texture": "#2" }
			}
		},
		{
			"from": [ 7.7, 6, 5 ],
			"to": [ 9.2, 7, 6 ],
			"faces": {
				"down": { "uv": [ 5, 6.7, 6, 8.2 ], "texture": "#2", "rotation": 90 },
				"up": { "uv": [ 5, 7.8, 6, 9.3 ], "texture": "#2", "rotation": 270 },
				"north": { "uv": [ 7.8, 9, 9.3, 10 ], "texture": "#2" },
				"south": { "uv": [ 8.2, 10, 6.7, 9 ], "texture": "#2" },
				"west": { "uv": [ 5, 9, 6, 10 ], "texture": "#2" },
				"east": { "uv": [ 10, 9, 11, 10 ], "texture": "#2" }
			}
		},
		{
			"from": [ 8, 6, 9 ],
			"to": [ 9, 7, 10 ],
			"faces": {
				"down": { "uv": [ 9, 7, 10, 8 ], "texture": "#1", "rotation": 90 },
				"up": { "uv": [ 9, 8, 10, 9 ], "texture": "#1", "rotation": 270 },
				"north": { "uv": [ 8, 9, 9, 10 ], "texture": "#1" },
				"south": { "uv": [ 8, 10, 7, 9 ], "texture": "#1" },
				"west": { "uv": [ 9, 9, 10, 10 ], "texture": "#1" },
				"east": { "uv": [ 6, 9, 7, 10 ], "texture": "#1" }
			}
		},
		{
			"from": [ 7.7, 6, 10 ],
			"to": [ 9.2, 7, 11 ],
			"faces": {
				"down": { "uv": [ 10, 6.7, 11, 8.2 ], "texture": "#2", "rotation": 90 },
				"up": { "uv": [ 10, 7.8, 11, 9.3 ], "texture": "#2", "rotation": 270 },
				"north": { "uv": [ 7.8, 9, 9.3, 10 ], "texture": "#2" },
				"south": { "uv": [ 8.2, 10, 6.7, 9 ], "texture": "#2" },
				"west": { "uv": [ 10, 9, 11, 10 ], "texture": "#2" },
				"east": { "uv": [ 5, 9, 6, 10 ], "texture": "#2" }
			}
		},
		{
			"from": [ 7.57, 6, 11 ],
			"to": [ 9.33, 7, 12 ],
			"faces": {
				"down": { "uv": [ 11, 6.57, 12, 8.33 ], "texture": "#2", "rotation": 90 },
				"up": { "uv": [ 11, 7.67, 12, 9.43 ], "texture": "#2", "rotation": 270 },
				"north": { "uv": [ 7.67, 9, 9.43, 10 ], "texture": "#2" },
				"south": { "uv": [ 8.33, 10, 6.57, 9 ], "texture": "#2" },
				"west": { "uv": [ 11, 9, 12, 10 ], "texture": "#2" },
				"east": { "uv": [ 4, 9, 5, 10 ], "texture": "#2" }
			}
		},
		{
			"from": [ 7.57, 5, 3 ],
			"to": [ 9.33, 6, 4 ],
			"faces": {
				"down": { "uv": [ 3, 6.57, 4, 8.33 ], "texture": "#2", "rotation": 90 },
				"up": { "uv": [ 3, 7.67, 4, 9.43 ], "texture": "#2", "rotation": 270 },
				"north": { "uv": [ 7.67, 10, 9.43, 11 ], "texture": "#2" },
				"south": { "uv": [ 8.33, 11, 6.57, 10 ], "texture": "#2" },
				"west": { "uv": [ 3, 10, 4, 11 ], "texture": "#2" },
				"east": { "uv": [ 12, 10, 13, 11 ], "texture": "#2" }
			}
		},
		{
			"from": [ 7.7, 5, 4 ],
			"to": [ 9.2, 6, 5 ],
			"faces": {
				"down": { "uv": [ 4, 6.7, 5, 8.2 ], "texture": "#2", "rotation": 90 },
				"up": { "uv": [ 4, 7.8, 5, 9.3 ], "texture": "#2", "rotation": 270 },
				"north": { "uv": [ 7.8, 10, 9.3, 11 ], "texture": "#2" },
				"south": { "uv": [ 8.2, 11, 6.7, 10 ], "texture": "#2" },
				"west": { "uv": [ 4, 10, 5, 11 ], "texture": "#2" },
				"east": { "uv": [ 11, 10, 12, 11 ], "texture": "#2" }
			}
		},
		{
			"from": [ 8, 5, 5 ],
			"to": [ 9, 6, 6 ],
			"faces": {
				"down": { "uv": [ 5, 7, 6, 8 ], "texture": "#1", "rotation": 90 },
				"up": { "uv": [ 5, 8, 6, 9 ], "texture": "#1", "rotation": 270 },
				"north": { "uv": [ 8, 10, 9, 11 ], "texture": "#1" },
				"south": { "uv": [ 8, 11, 7, 10 ], "texture": "#1" },
				"west": { "uv": [ 5, 10, 6, 11 ], "texture": "#1" },
				"east": { "uv": [ 10, 10, 11, 11 ], "texture": "#1" }
			}
		},
		{
			"from": [ 7.45, 5, 6 ],
			"to": [ 9.45, 6, 7 ],
			"faces": {
				"down": { "uv": [ 6, 6.45, 7, 8.45 ], "texture": "#2", "rotation": 90 },
				"up": { "uv": [ 6, 7.55, 7, 9.55 ], "texture": "#2", "rotation": 270 },
				"north": { "uv": [ 7.55, 10, 9.55, 11 ], "texture": "#2" },
				"south": { "uv": [ 8.45, 11, 6.45, 10 ], "texture": "#2" },
				"west": { "uv": [ 6, 10, 7, 11 ], "texture": "#2" },
				"east": { "uv": [ 9, 10, 10, 11 ], "texture": "#2" }
			}
		},
		{
			"from": [ 7.57, 4, 4 ],
			"to": [ 9.33, 5, 5 ],
			"faces": {
				"down": { "uv": [ 4, 6.57, 5, 8.33 ], "texture": "#2", "rotation": 90 },
				"up": { "uv": [ 4, 7.67, 5, 9.43 ], "texture": "#2", "rotation": 270 },
				"north": { "uv": [ 7.67, 11, 9.43, 12 ], "texture": "#2" },
				"south": { "uv": [ 8.33, 12, 6.57, 11 ], "texture": "#2" },
				"west": { "uv": [ 4, 11, 5, 12 ], "texture": "#2" },
				"east": { "uv": [ 11, 11, 12, 12 ], "texture": "#2" }
			}
		},
		{
			"from": [ 7.7, 4, 5 ],
			"to": [ 9.2, 5, 6 ],
			"faces": {
				"down": { "uv": [ 5, 6.7, 6, 8.2 ], "texture": "#2", "rotation": 90 },
				"up": { "uv": [ 5, 7.8, 6, 9.3 ], "texture": "#2", "rotation": 270 },
				"north": { "uv": [ 7.8, 11, 9.3, 12 ], "texture": "#2" },
				"south": { "uv": [ 8.2, 12, 6.7, 11 ], "texture": "#2" },
				"west": { "uv": [ 5, 11, 6, 12 ], "texture": "#2" },
				"east": { "uv": [ 10, 11, 11, 12 ], "texture": "#2" }
			}
		},
		{
			"from": [ 8, 4, 6 ],
			"to": [ 9, 5, 7 ],
			"faces": {
				"down": { "uv": [ 6, 7, 7, 8 ], "texture": "#1", "rotation": 90 },
				"up": { "uv": [ 6, 8, 7, 9 ], "texture": "#1", "rotation": 270 },
				"north": { "uv": [ 8, 11, 9, 12 ], "texture": "#1" },
				"south": { "uv": [ 8, 12, 7, 11 ], "texture": "#1" },
				"west": { "uv": [ 6, 11, 7, 12 ], "texture": "#1" },
				"east": { "uv": [ 9, 11, 10, 12 ], "texture": "#1" }
			}
		},
		{
			"from": [ 8, 4, 10 ],
			"to": [ 9, 5, 11 ],
			"faces": {
				"down": { "uv": [ 10, 7, 11, 8 ], "texture": "#1", "rotation": 90 },
				"up": { "uv": [ 10, 8, 11, 9 ], "texture": "#1", "rotation": 270 },
				"north": { "uv": [ 8, 11, 9, 12 ], "texture": "#1" },
				"south": { "uv": [ 8, 12, 7, 11 ], "texture": "#1" },
				"west": { "uv": [ 10, 11, 11, 12 ], "texture": "#1" },
				"east": { "uv": [ 5, 11, 6, 12 ], "texture": "#1" }
			}
		},
		{
			"from": [ 8, 3, 7 ],
			"to": [ 9, 4, 8 ],
			"faces": {
				"down": { "uv": [ 7, 7, 8, 8 ], "texture": "#1", "rotation": 90 },
				"up": { "uv": [ 7, 8, 8, 9 ], "texture": "#1", "rotation": 270 },
				"north": { "uv": [ 8, 12, 9, 13 ], "texture": "#1" },
				"south": { "uv": [ 8, 13, 7, 12 ], "texture": "#1" },
				"west": { "uv": [ 7, 12, 8, 13 ], "texture": "#1" },
				"east": { "uv": [ 8, 12, 9, 13 ], "texture": "#1" }
			}
		},
		{
			"from": [ 8, 3, 9 ],
			"to": [ 9, 4, 10 ],
			"faces": {
				"down": { "uv": [ 9, 7, 10, 8 ], "texture": "#1", "rotation": 90 },
				"up": { "uv": [ 9, 8, 10, 9 ], "texture": "#1", "rotation": 270 },
				"north": { "uv": [ 8, 12, 9, 13 ], "texture": "#1" },
				"south": { "uv": [ 8, 13, 7, 12 ], "texture": "#1" },
				"west": { "uv": [ 9, 12, 10, 13 ], "texture": "#1" },
				"east": { "uv": [ 6, 12, 7, 13 ], "texture": "#1" }
			}
		}
	]
}