{
	"credit": "Made with Blockbench, a free, modern block model editor by JannisX11",
	"parent": "item/parents/flower_double",
	"textures": {
		"1_2": "3d_decoration/3d_flower_stem_3",
		"1_3": "3d_decoration/double_plant_paeonia",
		"particle": "blocks/double_plant_paeonia_top"
	},
	"elements": [
		{
			"name": "stange",
			"from": [3.4000000000000004, 2, 8.45],
			"to": [4.4, 11, 9.45],
			"faces": {
				"north": {
					"uv": [12, 5, 13, 14],
					"texture": "#1_2"
				},
				"east": {
					"uv": [9.35, 14, 8.35, 5],
					"texture": "#1_2"
				},
				"south": {"uv": [3, 5, 4, 14], "texture": "#1_2"},
				"west": {
					"uv": [6.65, 5, 7.65, 14],
					"texture": "#1_2"
				},
				"up": {
					"uv": [3, 6.65, 4, 7.65],
					"texture": "#1_2"
				},
				"down": {
					"uv": [3, 8.35, 4, 9.35],
					"texture": "#1_2"
				}
			},
			"type": "cube"
		},
		{
			"name": "stange",
			"from": [8.4, 0, 8.3],
			"to": [9.4, 11, 9.3],
			"faces": {
				"north": {
					"uv": [7, 5, 8, 16],
					"texture": "#1_2"
				},
				"east": {
					"uv": [9.5, 16, 8.5, 5],
					"texture": "#1_2"
				},
				"south": {"uv": [8, 5, 9, 16], "texture": "#1_2"},
				"west": {
					"uv": [6.5, 5, 7.5, 16],
					"texture": "#1_2"
				},
				"up": {
					"uv": [8, 6.5, 9, 7.5],
					"texture": "#1_2"
				},
				"down": {"uv": [8, 8.5, 9, 9.5], "texture": "#1_2"}
			},
			"type": "cube"
		},
		{
			"name": "stange",
			"from": [2.4000000000000004, 6, 8.25],
			"to": [3.4000000000000004, 10, 9.25],
			"faces": {
				"north": {
					"uv": [13, 6, 14, 10],
					"texture": "#1_2"
				},
				"east": {
					"uv": [9.55, 10, 8.55, 6],
					"texture": "#1_2"
				},
				"south": {"uv": [2, 6, 3, 10], "texture": "#1_2"},
				"west": {
					"uv": [6.45, 6, 7.45, 10],
					"texture": "#1_2"
				},
				"up": {
					"uv": [2, 6.45, 3, 7.45],
					"texture": "#1_2"
				},
				"down": {
					"uv": [2, 8.55, 3, 9.55],
					"texture": "#1_2"
				}
			},
			"type": "cube"
		},
		{
			"name": "stange",
			"from": [4.4, 1, 8.749999999999998],
			"to": [5.4, 10, 9.749999999999998],
			"faces": {
				"north": {
					"uv": [11, 6, 12, 15],
					"texture": "#1_2"
				},
				"east": {
					"uv": [9.65, 15, 8.65, 6],
					"texture": "#1_2"
				},
				"south": {"uv": [4, 6, 5, 15], "texture": "#1_2"},
				"west": {
					"uv": [6.35, 6, 7.35, 15],
					"texture": "#1_2"
				},
				"up": {
					"uv": [4, 6.35, 5, 7.35],
					"texture": "#1_2"
				},
				"down": {
					"uv": [4, 8.65, 5, 9.65],
					"texture": "#1_2"
				}
			},
			"type": "cube"
		},
		{
			"name": "stange",
			"from": [5.4, 0, 8.450000000000001],
			"to": [6.4, 10, 9.450000000000001],
			"faces": {
				"north": {
					"uv": [10, 6, 11, 16],
					"texture": "#1_2"
				},
				"east": {
					"uv": [9.95, 16, 8.95, 6],
					"texture": "#1_2"
				},
				"south": {"uv": [5, 6, 6, 16], "texture": "#1_2"},
				"west": {
					"uv": [
						6.050000000000001,
						6,
						7.050000000000001,
						16
					],
					"texture": "#1_2"
				},
				"up": {
					"uv": [5, 6.050000000000001, 6, 7.050000000000001],
					"texture": "#1_2"
				},
				"down": {
					"uv": [5, 8.95, 6, 9.95],
					"texture": "#1_2"
				}
			},
			"type": "cube"
		},
		{
			"name": "stange",
			"from": [9.4, 0, 8.349999999999998],
			"to": [10.4, 10, 9.349999999999998],
			"faces": {
				"north": {
					"uv": [6, 6, 7, 16],
					"texture": "#1_2"
				},
				"east": {
					"uv": [8.9, 16, 7.9, 6],
					"texture": "#1_2"
				},
				"south": {"uv": [9, 6, 10, 16], "texture": "#1_2"},
				"west": {
					"uv": [7.1, 6, 8.1, 16],
					"texture": "#1_2"
				},
				"up": {
					"uv": [9, 7.1, 10, 8.1],
					"texture": "#1_2"
				},
				"down": {"uv": [9, 7.9, 10, 8.9], "texture": "#1_2"}
			},
			"type": "cube"
		},
		{
			"name": "stange",
			"from": [10.4, 0, 8.5],
			"to": [11.4, 10, 9.5],
			"faces": {
				"north": {
					"uv": [5, 6, 6, 16],
					"texture": "#1_2"
				},
				"east": {
					"uv": [8.6, 16, 7.6, 6],
					"texture": "#1_2"
				},
				"south": {"uv": [10, 6, 11, 16], "texture": "#1_2"},
				"west": {
					"uv": [7.4, 6, 8.4, 16],
					"texture": "#1_2"
				},
				"up": {
					"uv": [10, 7.4, 11, 8.4],
					"texture": "#1_2"
				},
				"down": {
					"uv": [10, 7.6, 11, 8.6],
					"texture": "#1_2"
				}
			},
			"type": "cube"
		},
		{
			"name": "stange",
			"from": [6.4, 0, 8.25],
			"to": [7.4, 9, 9.25],
			"faces": {
				"north": {
					"uv": [9, 7, 10, 16],
					"texture": "#1_2"
				},
				"east": {
					"uv": [9.55, 16, 8.55, 7],
					"texture": "#1_2"
				},
				"south": {"uv": [6, 7, 7, 16], "texture": "#1_2"},
				"west": {
					"uv": [6.45, 7, 7.45, 16],
					"texture": "#1_2"
				},
				"up": {
					"uv": [6, 6.45, 7, 7.45],
					"texture": "#1_2"
				},
				"down": {
					"uv": [6, 8.55, 7, 9.55],
					"texture": "#1_2"
				}
			},
			"type": "cube"
		},
		{
			"name": "stange",
			"from": [7.4, 0, 8.8],
			"to": [8.4, 9, 9.8],
			"faces": {
				"north": {
					"uv": [8, 7, 9, 16],
					"texture": "#1_2"
				},
				"east": {"uv": [9, 16, 8, 7], "texture": "#1_2"},
				"south": {"uv": [7, 7, 8, 16], "texture": "#1_2"},
				"west": {"uv": [7, 7, 8, 16], "texture": "#1_2"},
				"up": {
					"uv": [7, 7, 8, 8],
					"texture": "#1_2"
				},
				"down": {"uv": [7, 8, 8, 9], "texture": "#1_2"}
			},
			"type": "cube"
		},
		{
			"name": "stange",
			"from": [1.4000000000000004, 7, 8.349999999999998],
			"to": [2.4000000000000004, 8, 9.349999999999998],
			"faces": {
				"north": {
					"uv": [14, 8, 15, 9],
					"texture": "#1_2"
				},
				"east": {
					"uv": [9.450000000000001, 9, 8.450000000000001, 8],
					"texture": "#1_2"
				},
				"south": {"uv": [1, 8, 2, 9], "texture": "#1_2"},
				"west": {
					"uv": [6.549999999999999, 8, 7.549999999999999, 9],
					"texture": "#1_2"
				},
				"up": {
					"uv": [1, 6.549999999999999, 2, 7.549999999999999],
					"texture": "#1_2"
				},
				"down": {
					"uv": [1, 8.450000000000001, 2, 9.450000000000001],
					"texture": "#1_2"
				}
			},
			"type": "cube"
		},
		{
			"name": "stange",
			"from": [11.4, 0, 8.45],
			"to": [12.4, 8, 9.45],
			"faces": {
				"north": {
					"uv": [4, 8, 5, 16],
					"texture": "#1_2"
				},
				"east": {
					"uv": [8.85, 16, 7.85, 8],
					"texture": "#1_2"
				},
				"south": {"uv": [11, 8, 12, 16], "texture": "#1_2"},
				"west": {
					"uv": [7.15, 8, 8.15, 16],
					"texture": "#1_2"
				},
				"up": {
					"uv": [11, 7.15, 12, 8.15],
					"texture": "#1_2"
				},
				"down": {
					"uv": [11, 7.85, 12, 8.85],
					"texture": "#1_2"
				}
			},
			"type": "cube"
		},
		{
			"name": "stange",
			"from": [12.4, 0, 8.100000000000001],
			"to": [13.4, 7, 9.100000000000001],
			"faces": {
				"north": {
					"uv": [3, 9, 4, 16],
					"texture": "#1_2"
				},
				"east": {
					"uv": [9.25, 16, 8.25, 9],
					"texture": "#1_2"
				},
				"south": {"uv": [12, 9, 13, 16], "texture": "#1_2"},
				"west": {
					"uv": [6.75, 9, 7.75, 16],
					"texture": "#1_2"
				},
				"up": {
					"uv": [12, 6.75, 13, 7.75],
					"texture": "#1_2"
				},
				"down": {
					"uv": [12, 8.25, 13, 9.25],
					"texture": "#1_2"
				}
			},
			"type": "cube"
		},
		{
			"name": "stange",
			"from": [13.4, 6, 8.899999999999999],
			"to": [14.4, 7, 9.899999999999999],
			"faces": {
				"north": {
					"uv": [2, 9, 3, 10],
					"texture": "#1_2"
				},
				"east": {
					"uv": [8.9, 10, 7.9, 9],
					"texture": "#1_2"
				},
				"south": {"uv": [13, 9, 14, 10], "texture": "#1_2"},
				"west": {
					"uv": [7.1, 9, 8.1, 10],
					"texture": "#1_2"
				},
				"up": {
					"uv": [13, 7.1, 14, 8.1],
					"texture": "#1_2"
				},
				"down": {
					"uv": [13, 7.9, 14, 8.9],
					"texture": "#1_2"
				}
			},
			"type": "cube"
		},
		{
			"name": "stange",
			"from": [1.4000000000000004, 3, 8.35],
			"to": [2.4000000000000004, 5, 9.35],
			"faces": {
				"north": {
					"uv": [14, 11, 15, 13],
					"texture": "#1_2"
				},
				"east": {
					"uv": [9.45, 13, 8.45, 11],
					"texture": "#1_2"
				},
				"south": {"uv": [1, 11, 2, 13], "texture": "#1_2"},
				"west": {
					"uv": [6.55, 11, 7.55, 13],
					"texture": "#1_2"
				},
				"up": {
					"uv": [1, 6.55, 2, 7.55],
					"texture": "#1_2"
				},
				"down": {
					"uv": [1, 8.45, 2, 9.45],
					"texture": "#1_2"
				}
			},
			"type": "cube"
		},
		{
			"name": "stange",
			"from": [2.4000000000000004, 3, 8.149999999999999],
			"to": [3.4000000000000004, 5, 9.149999999999999],
			"faces": {
				"north": {
					"uv": [13, 11, 14, 13],
					"texture": "#1_2"
				},
				"east": {
					"uv": [9.65, 13, 8.65, 11],
					"texture": "#1_2"
				},
				"south": {"uv": [2, 11, 3, 13], "texture": "#1_2"},
				"west": {
					"uv": [6.35, 11, 7.35, 13],
					"texture": "#1_2"
				},
				"up": {
					"uv": [2, 6.35, 3, 7.35],
					"texture": "#1_2"
				},
				"down": {
					"uv": [2, 8.65, 3, 9.65],
					"texture": "#1_2"
				}
			},
			"type": "cube"
		},
		{
			"name": "stange",
			"from": [13.4, 3, 8.1],
			"to": [14.4, 5, 9.1],
			"faces": {
				"north": {
					"uv": [2, 11, 3, 13],
					"texture": "#1_2"
				},
				"east": {
					"uv": [9.7, 13, 8.7, 11],
					"texture": "#1_2"
				},
				"south": {
					"uv": [13, 11, 14, 13],
					"texture": "#1_2"
				},
				"west": {
					"uv": [6.3, 11, 7.3, 13],
					"texture": "#1_2"
				},
				"up": {
					"uv": [13, 6.3, 14, 7.3],
					"texture": "#1_2"
				},
				"down": {
					"uv": [13, 8.7, 14, 9.7],
					"texture": "#1_2"
				}
			},
			"type": "cube"
		},
		{
			"name": "stange",
			"from": [14.4, 3, 8.399999999999999],
			"to": [15.4, 5, 9.399999999999999],
			"faces": {
				"north": {
					"uv": [1, 11, 2, 13],
					"texture": "#1_2"
				},
				"east": {
					"uv": [9.4, 13, 8.4, 11],
					"texture": "#1_2"
				},
				"south": {
					"uv": [14, 11, 15, 13],
					"texture": "#1_2"
				},
				"west": {
					"uv": [6.6, 11, 7.6, 13],
					"texture": "#1_2"
				},
				"up": {
					"uv": [14, 6.6, 15, 7.6],
					"texture": "#1_2"
				},
				"down": {
					"uv": [14, 8.4, 15, 9.4],
					"texture": "#1_2"
				}
			},
			"type": "cube"
		},
		{
			"name": "bluete",
			"from": [3.2, 7, 7.800000000000001],
			"to": [6.2, 12, 9.8],
			"faces": {
				"north": {
					"uv": [10.2, 4, 13.2, 9],
					"texture": "#1_3"
				},
				"east": {"uv": [10, 9, 8, 4], "texture": "#1_3"},
				"south": {
					"uv": [2.8, 4, 5.8, 9],
					"texture": "#1_3"
				},
				"west": {"uv": [6, 4, 8, 9], "texture": "#1_3"},
				"up": {
					"uv": [2.8, 6, 5.8, 8],
					"texture": "#1_3"
				},
				"down": {"uv": [2.8, 8, 5.8, 10], "texture": "#1_3"}
			},
			"type": "cube"
		},
		{
			"name": "bluete",
			"from": [9.6, 9, 7.649999999999999],
			"to": [12.6, 12, 9.649999999999999],
			"faces": {
				"north": {
					"uv": [
						3.8000000000000007,
						4,
						6.800000000000001,
						7
					],
					"texture": "#1_3"
				},
				"east": {"uv": [9.4, 7, 7.4, 4], "texture": "#1_3"},
				"south": {
					"uv": [9.2, 4, 12.2, 7],
					"texture": "#1_3"
				},
				"west": {"uv": [6.6, 4, 8.6, 7], "texture": "#1_3"},
				"up": {
					"uv": [9.2, 6.6, 12.2, 8.6],
					"texture": "#1_3"
				},
				"down": {
					"uv": [9.2, 7.4, 12.2, 9.4],
					"texture": "#1_3"
				}
			},
			"type": "cube"
		},
		{
			"name": "bluete",
			"from": [2.2, 7, 7.800000000000001],
			"to": [3.2, 11, 9.8],
			"faces": {
				"north": {
					"uv": [13.2, 5, 14.2, 9],
					"texture": "#1_3"
				},
				"east": {"uv": [10, 9, 8, 5], "texture": "#1_3"},
				"south": {
					"uv": [1.7999999999999998, 5, 2.8, 9],
					"texture": "#1_3"
				},
				"west": {"uv": [6, 5, 8, 9], "texture": "#1_3"},
				"up": {
					"uv": [1.7999999999999998, 6, 2.8, 8],
					"texture": "#1_3"
				},
				"down": {
					"uv": [1.7999999999999998, 8, 2.8, 10],
					"texture": "#1_3"
				}
			},
			"type": "cube"
		},
		{
			"name": "bluete",
			"from": [6.2, 7, 7.800000000000001],
			"to": [7.2, 11, 9.8],
			"faces": {
				"north": {
					"uv": [9.2, 5, 10.2, 9],
					"texture": "#1_3"
				},
				"east": {"uv": [10, 9, 8, 5], "texture": "#1_3"},
				"south": {
					"uv": [5.8, 5, 6.8, 9],
					"texture": "#1_3"
				},
				"west": {"uv": [6, 5, 8, 9], "texture": "#1_3"},
				"up": {
					"uv": [5.8, 6, 6.8, 8],
					"texture": "#1_3"
				},
				"down": {"uv": [5.8, 8, 6.8, 10], "texture": "#1_3"}
			},
			"type": "cube"
		},
		{
			"name": "bluete",
			"from": [12.6, 7, 7.649999999999999],
			"to": [13.6, 11, 9.649999999999999],
			"faces": {
				"north": {
					"uv": [
						2.8000000000000007,
						5,
						3.8000000000000007,
						9
					],
					"texture": "#1_3"
				},
				"east": {"uv": [9.4, 9, 7.4, 5], "texture": "#1_3"},
				"south": {
					"uv": [12.2, 5, 13.2, 9],
					"texture": "#1_3"
				},
				"west": {"uv": [6.6, 5, 8.6, 9], "texture": "#1_3"},
				"up": {
					"uv": [12.2, 6.6, 13.2, 8.6],
					"texture": "#1_3"
				},
				"down": {
					"uv": [12.2, 7.4, 13.2, 9.4],
					"texture": "#1_3"
				}
			},
			"type": "cube"
		},
		{
			"name": "bluete",
			"from": [1.2000000000000002, 8, 7.800000000000001],
			"to": [2.2, 10, 9.8],
			"faces": {
				"north": {
					"uv": [14.2, 6, 15.2, 8],
					"texture": "#1_3"
				},
				"east": {"uv": [10, 8, 8, 6], "texture": "#1_3"},
				"south": {
					"uv": [
						0.7999999999999998,
						6,
						1.7999999999999998,
						8
					],
					"texture": "#1_3"
				},
				"west": {"uv": [6, 6, 8, 8], "texture": "#1_3"},
				"up": {
					"uv": [
						0.7999999999999998,
						6,
						1.7999999999999998,
						8
					],
					"texture": "#1_3"
				},
				"down": {
					"uv": [
						0.7999999999999998,
						8,
						1.7999999999999998,
						10
					],
					"texture": "#1_3"
				}
			},
			"type": "cube"
		},
		{
			"name": "bluete",
			"from": [13.6, 7, 7.649999999999999],
			"to": [14.6, 10, 9.649999999999999],
			"faces": {
				"north": {
					"uv": [
						1.8000000000000007,
						6,
						2.8000000000000007,
						9
					],
					"texture": "#1_3"
				},
				"east": {"uv": [9.4, 9, 7.4, 6], "texture": "#1_3"},
				"south": {
					"uv": [13.2, 6, 14.2, 9],
					"texture": "#1_3"
				},
				"west": {"uv": [6.6, 6, 8.6, 9], "texture": "#1_3"},
				"up": {
					"uv": [13.2, 6.6, 14.2, 8.6],
					"texture": "#1_3"
				},
				"down": {
					"uv": [13.2, 7.4, 14.2, 9.4],
					"texture": "#1_3"
				}
			},
			"type": "cube"
		},
		{
			"name": "bluete",
			"from": [10.6, 8, 7.649999999999999],
			"to": [12.6, 9, 9.649999999999999],
			"faces": {
				"north": {
					"uv": [
						3.8000000000000007,
						7,
						5.800000000000001,
						8
					],
					"texture": "#1_3"
				},
				"east": {"uv": [9.4, 8, 7.4, 7], "texture": "#1_3"},
				"south": {
					"uv": [10.2, 7, 12.2, 8],
					"texture": "#1_3"
				},
				"west": {"uv": [6.6, 7, 8.6, 8], "texture": "#1_3"},
				"up": {
					"uv": [10.2, 6.6, 12.2, 8.6],
					"texture": "#1_3"
				},
				"down": {
					"uv": [10.2, 7.4, 12.2, 9.4],
					"texture": "#1_3"
				}
			},
			"type": "cube"
		},
		{
			"name": "bluete",
			"from": [11.6, 7, 7.649999999999999],
			"to": [12.6, 8, 9.649999999999999],
			"faces": {
				"north": {
					"uv": [
						3.8000000000000007,
						8,
						4.800000000000001,
						9
					],
					"texture": "#1_3"
				},
				"east": {"uv": [9.4, 9, 7.4, 8], "texture": "#1_3"},
				"south": {
					"uv": [11.2, 8, 12.2, 9],
					"texture": "#1_3"
				},
				"west": {"uv": [6.6, 8, 8.6, 9], "texture": "#1_3"},
				"up": {
					"uv": [11.2, 6.6, 12.2, 8.6],
					"texture": "#1_3"
				},
				"down": {
					"uv": [11.2, 7.4, 12.2, 9.4],
					"texture": "#1_3"
				}
			},
			"type": "cube"
		},
		{
			"name": "bluete",
			"from": [3.2, 6, 7.800000000000001],
			"to": [5.2, 7, 9.8],
			"faces": {
				"north": {
					"uv": [11.2, 9, 13.2, 10],
					"texture": "#1_3"
				},
				"east": {"uv": [10, 10, 8, 9], "texture": "#1_3"},
				"south": {
					"uv": [2.8, 9, 4.8, 10],
					"texture": "#1_3"
				},
				"west": {"uv": [6, 9, 8, 10], "texture": "#1_3"},
				"up": {
					"uv": [2.8, 6, 4.8, 8],
					"texture": "#1_3"
				},
				"down": {"uv": [2.8, 8, 4.8, 10], "texture": "#1_3"}
			},
			"type": "cube"
		},
		{
			"name": "bluete",
			"from": [7.299999999999999, 1, 7.75],
			"to": [9.299999999999999, 6, 10.125],
			"faces": {
				"north": {
					"uv": [
						7.100000000000001,
						10,
						9.100000000000001,
						15
					],
					"texture": "#1_3"
				},
				"east": {
					"uv": [
						10.049999999999999,
						15,
						7.674999999999999,
						10
					],
					"texture": "#1_3"
				},
				"south": {
					"uv": [
						6.899999999999999,
						10,
						8.899999999999999,
						15
					],
					"texture": "#1_3"
				},
				"west": {
					"uv": [
						5.950000000000001,
						10,
						8.325000000000001,
						15
					],
					"texture": "#1_3"
				},
				"up": {
					"uv": [
						6.899999999999999,
						5.950000000000001,
						8.899999999999999,
						8.325000000000001
					],
					"texture": "#1_3"
				},
				"down": {
					"uv": [
						6.899999999999999,
						7.674999999999999,
						8.899999999999999,
						10.049999999999999
					],
					"texture": "#1_3"
				}
			},
			"type": "cube"
		},
		{
			"name": "bluete",
			"from": [6.3, 1, 7.75],
			"to": [7.3, 5, 10.125],
			"faces": {
				"north": {
					"uv": [
						9.100000000000001,
						11,
						10.100000000000001,
						15
					],
					"texture": "#1_3"
				},
				"east": {
					"uv": [
						10.049999999999999,
						15,
						7.674999999999999,
						11
					],
					"texture": "#1_3"
				},
				"south": {
					"uv": [
						5.8999999999999995,
						11,
						6.8999999999999995,
						15
					],
					"texture": "#1_3"
				},
				"west": {
					"uv": [
						5.950000000000001,
						11,
						8.325000000000001,
						15
					],
					"texture": "#1_3"
				},
				"up": {
					"uv": [
						5.8999999999999995,
						5.950000000000001,
						6.8999999999999995,
						8.325000000000001
					],
					"texture": "#1_3"
				},
				"down": {
					"uv": [
						5.8999999999999995,
						7.674999999999999,
						6.8999999999999995,
						10.049999999999999
					],
					"texture": "#1_3"
				}
			},
			"type": "cube"
		},
		{
			"name": "bluete",
			"from": [9.299999999999999, 2, 7.75],
			"to": [10.299999999999999, 5, 10.125],
			"faces": {
				"north": {
					"uv": [
						6.100000000000001,
						11,
						7.100000000000001,
						14
					],
					"texture": "#1_3"
				},
				"east": {
					"uv": [
						10.049999999999999,
						14,
						7.674999999999999,
						11
					],
					"texture": "#1_3"
				},
				"south": {
					"uv": [
						8.899999999999999,
						11,
						9.899999999999999,
						14
					],
					"texture": "#1_3"
				},
				"west": {
					"uv": [
						5.950000000000001,
						11,
						8.325000000000001,
						14
					],
					"texture": "#1_3"
				},
				"up": {
					"uv": [
						8.899999999999999,
						5.950000000000001,
						9.899999999999999,
						8.325000000000001
					],
					"texture": "#1_3"
				},
				"down": {
					"uv": [
						8.899999999999999,
						7.674999999999999,
						9.899999999999999,
						10.049999999999999
					],
					"texture": "#1_3"
				}
			},
			"type": "cube"
		},
		{
			"name": "bluete",
			"from": [5.3, 2, 7.75],
			"to": [6.3, 4, 10.125],
			"faces": {
				"north": {
					"uv": [
						10.100000000000001,
						12,
						11.100000000000001,
						14
					],
					"texture": "#1_3"
				},
				"east": {
					"uv": [
						10.049999999999999,
						14,
						7.674999999999999,
						12
					],
					"texture": "#1_3"
				},
				"south": {
					"uv": [
						4.8999999999999995,
						12,
						5.8999999999999995,
						14
					],
					"texture": "#1_3"
				},
				"west": {
					"uv": [
						5.950000000000001,
						12,
						8.325000000000001,
						14
					],
					"texture": "#1_3"
				},
				"up": {
					"uv": [
						4.8999999999999995,
						5.950000000000001,
						5.8999999999999995,
						8.325000000000001
					],
					"texture": "#1_3"
				},
				"down": {
					"uv": [
						4.8999999999999995,
						7.674999999999999,
						5.8999999999999995,
						10.049999999999999
					],
					"texture": "#1_3"
				}
			},
			"type": "cube"
		},
		{
			"name": "stange",
			"from": [6.350000000000001, 2, 2.7],
			"to": [7.350000000000001, 11, 3.7],
			"faces": {
				"north": {
					"uv": [6.65, 5, 7.65, 14],
					"texture": "#1_2"
				},
				"east": {
					"uv": [12, 5, 13, 14],
					"texture": "#1_2"
				},
				"south": {
					"uv": [9.35, 14, 8.35, 5],
					"texture": "#1_2"
				},
				"west": {"uv": [3, 5, 4, 14], "texture": "#1_2"},
				"up": {
					"uv": [3, 6.65, 4, 7.65],
					"texture": "#1_2",
					"rotation": 270
				},
				"down": {
					"uv": [3, 8.35, 4, 9.35],
					"texture": "#1_2",
					"rotation": 270
				}
			},
			"type": "cube"
		},
		{
			"name": "stange",
			"from": [7.5, 0, 7.699999999999999],
			"to": [8.5, 11, 8.7],
			"faces": {
				"north": {
					"uv": [6.5, 5, 7.5, 16],
					"texture": "#1_2"
				},
				"east": {
					"uv": [7, 5, 8, 16],
					"texture": "#1_2"
				},
				"south": {
					"uv": [9.5, 16, 8.5, 5],
					"texture": "#1_2"
				},
				"west": {"uv": [8, 5, 9, 16], "texture": "#1_2"},
				"up": {
					"uv": [8, 6.5, 9, 7.5],
					"texture": "#1_2",
					"rotation": 270
				},
				"down": {
					"uv": [8, 8.5, 9, 9.5],
					"texture": "#1_2",
					"rotation": 270
				}
			},
			"type": "cube"
		},
		{
			"name": "stange",
			"from": [6.15, 6, 1.7000000000000002],
			"to": [7.15, 10, 2.7],
			"faces": {
				"north": {
					"uv": [6.45, 6, 7.45, 10],
					"texture": "#1_2"
				},
				"east": {
					"uv": [13, 6, 14, 10],
					"texture": "#1_2"
				},
				"south": {
					"uv": [9.55, 10, 8.55, 6],
					"texture": "#1_2"
				},
				"west": {"uv": [2, 6, 3, 10], "texture": "#1_2"},
				"up": {
					"uv": [2, 6.45, 3, 7.45],
					"texture": "#1_2",
					"rotation": 270
				},
				"down": {
					"uv": [2, 8.55, 3, 9.55],
					"texture": "#1_2",
					"rotation": 270
				}
			},
			"type": "cube"
		},
		{
			"name": "stange",
			"from": [5.850000000000002, 1, 3.7],
			"to": [6.850000000000002, 10, 4.7],
			"faces": {
				"north": {
					"uv": [6.35, 6, 7.35, 15],
					"texture": "#1_2"
				},
				"east": {
					"uv": [11, 6, 12, 15],
					"texture": "#1_2"
				},
				"south": {
					"uv": [9.65, 15, 8.65, 6],
					"texture": "#1_2"
				},
				"west": {"uv": [4, 6, 5, 15], "texture": "#1_2"},
				"up": {
					"uv": [4, 6.35, 5, 7.35],
					"texture": "#1_2",
					"rotation": 270
				},
				"down": {
					"uv": [4, 8.65, 5, 9.65],
					"texture": "#1_2",
					"rotation": 270
				}
			},
			"type": "cube"
		},
		{
			"name": "stange",
			"from": [6.449999999999999, 0, 4.7],
			"to": [7.449999999999999, 10, 5.7],
			"faces": {
				"north": {
					"uv": [
						6.050000000000001,
						6,
						7.050000000000001,
						16
					],
					"texture": "#1_2"
				},
				"east": {
					"uv": [10, 6, 11, 16],
					"texture": "#1_2"
				},
				"south": {
					"uv": [9.95, 16, 8.95, 6],
					"texture": "#1_2"
				},
				"west": {"uv": [5, 6, 6, 16], "texture": "#1_2"},
				"up": {
					"uv": [5, 6.050000000000001, 6, 7.050000000000001],
					"texture": "#1_2",
					"rotation": 270
				},
				"down": {
					"uv": [5, 8.95, 6, 9.95],
					"texture": "#1_2",
					"rotation": 270
				}
			},
			"type": "cube"
		},
		{
			"name": "stange",
			"from": [6.950000000000001, 0, 8.7],
			"to": [7.950000000000001, 10, 9.7],
			"faces": {
				"north": {
					"uv": [7.1, 6, 8.1, 16],
					"texture": "#1_2"
				},
				"east": {
					"uv": [6, 6, 7, 16],
					"texture": "#1_2"
				},
				"south": {
					"uv": [8.9, 16, 7.9, 6],
					"texture": "#1_2"
				},
				"west": {"uv": [9, 6, 10, 16], "texture": "#1_2"},
				"up": {
					"uv": [9, 7.1, 10, 8.1],
					"texture": "#1_2",
					"rotation": 270
				},
				"down": {
					"uv": [9, 7.9, 10, 8.9],
					"texture": "#1_2",
					"rotation": 270
				}
			},
			"type": "cube"
		},
		{
			"name": "stange",
			"from": [6.6499999999999995, 0, 9.7],
			"to": [7.6499999999999995, 10, 10.7],
			"faces": {
				"north": {
					"uv": [7.4, 6, 8.4, 16],
					"texture": "#1_2"
				},
				"east": {
					"uv": [5, 6, 6, 16],
					"texture": "#1_2"
				},
				"south": {
					"uv": [8.6, 16, 7.6, 6],
					"texture": "#1_2"
				},
				"west": {"uv": [10, 6, 11, 16], "texture": "#1_2"},
				"up": {
					"uv": [10, 7.4, 11, 8.4],
					"texture": "#1_2",
					"rotation": 270
				},
				"down": {
					"uv": [10, 7.6, 11, 8.6],
					"texture": "#1_2",
					"rotation": 270
				}
			},
			"type": "cube"
		},
		{
			"name": "stange",
			"from": [6.75, 0, 5.7],
			"to": [7.75, 9, 6.7],
			"faces": {
				"north": {
					"uv": [6.45, 7, 7.45, 16],
					"texture": "#1_2"
				},
				"east": {
					"uv": [9, 7, 10, 16],
					"texture": "#1_2"
				},
				"south": {
					"uv": [9.55, 16, 8.55, 7],
					"texture": "#1_2"
				},
				"west": {"uv": [6, 7, 7, 16], "texture": "#1_2"},
				"up": {
					"uv": [6, 6.45, 7, 7.45],
					"texture": "#1_2",
					"rotation": 270
				},
				"down": {
					"uv": [6, 8.55, 7, 9.55],
					"texture": "#1_2",
					"rotation": 270
				}
			},
			"type": "cube"
		},
		{
			"name": "stange",
			"from": [7.049999999999999, 0, 6.7],
			"to": [8.049999999999999, 9, 7.7],
			"faces": {
				"north": {"uv": [7, 7, 8, 16], "texture": "#1_2"},
				"east": {
					"uv": [8, 7, 9, 16],
					"texture": "#1_2"
				},
				"south": {"uv": [9, 16, 8, 7], "texture": "#1_2"},
				"west": {"uv": [7, 7, 8, 16], "texture": "#1_2"},
				"up": {
					"uv": [7, 7, 8, 8],
					"texture": "#1_2",
					"rotation": 270
				},
				"down": {
					"uv": [7, 8, 8, 9],
					"texture": "#1_2",
					"rotation": 270
				}
			},
			"type": "cube"
		},
		{
			"name": "stange",
			"from": [6.100000000000002, 7, 0.7000000000000002],
			"to": [7.100000000000002, 8, 1.7000000000000002],
			"faces": {
				"north": {
					"uv": [6.549999999999999, 8, 7.549999999999999, 9],
					"texture": "#1_2"
				},
				"east": {
					"uv": [14, 8, 15, 9],
					"texture": "#1_2"
				},
				"south": {
					"uv": [9.450000000000001, 9, 8.450000000000001, 8],
					"texture": "#1_2"
				},
				"west": {"uv": [1, 8, 2, 9], "texture": "#1_2"},
				"up": {
					"uv": [1, 6.549999999999999, 2, 7.549999999999999],
					"texture": "#1_2",
					"rotation": 270
				},
				"down": {
					"uv": [1, 8.450000000000001, 2, 9.450000000000001],
					"texture": "#1_2",
					"rotation": 270
				}
			},
			"type": "cube"
		},
		{
			"name": "stange",
			"from": [6.9, 0, 10.7],
			"to": [7.9, 8, 11.7],
			"faces": {
				"north": {
					"uv": [7.15, 8, 8.15, 16],
					"texture": "#1_2"
				},
				"east": {
					"uv": [4, 8, 5, 16],
					"texture": "#1_2"
				},
				"south": {
					"uv": [8.85, 16, 7.85, 8],
					"texture": "#1_2"
				},
				"west": {"uv": [11, 8, 12, 16], "texture": "#1_2"},
				"up": {
					"uv": [11, 7.15, 12, 8.15],
					"texture": "#1_2",
					"rotation": 270
				},
				"down": {
					"uv": [11, 7.85, 12, 8.85],
					"texture": "#1_2",
					"rotation": 270
				}
			},
			"type": "cube"
		},
		{
			"name": "stange",
			"from": [7.300000000000001, 0, 11.7],
			"to": [8.3, 7, 12.7],
			"faces": {
				"north": {
					"uv": [6.75, 9, 7.75, 16],
					"texture": "#1_2"
				},
				"east": {
					"uv": [3, 9, 4, 16],
					"texture": "#1_2"
				},
				"south": {
					"uv": [9.25, 16, 8.25, 9],
					"texture": "#1_2"
				},
				"west": {"uv": [12, 9, 13, 16], "texture": "#1_2"},
				"up": {
					"uv": [12, 6.75, 13, 7.75],
					"texture": "#1_2",
					"rotation": 270
				},
				"down": {
					"uv": [12, 8.25, 13, 9.25],
					"texture": "#1_2",
					"rotation": 270
				}
			},
			"type": "cube"
		},
		{
			"name": "stange",
			"from": [6.950000000000001, 6, 12.7],
			"to": [7.950000000000001, 7, 13.7],
			"faces": {
				"north": {
					"uv": [7.1, 9, 8.1, 10],
					"texture": "#1_2"
				},
				"east": {
					"uv": [2, 9, 3, 10],
					"texture": "#1_2"
				},
				"south": {
					"uv": [8.9, 10, 7.9, 9],
					"texture": "#1_2"
				},
				"west": {"uv": [13, 9, 14, 10], "texture": "#1_2"},
				"up": {
					"uv": [13, 7.1, 14, 8.1],
					"texture": "#1_2",
					"rotation": 270
				},
				"down": {
					"uv": [13, 7.9, 14, 8.9],
					"texture": "#1_2",
					"rotation": 270
				}
			},
			"type": "cube"
		},
		{
			"name": "stange",
			"from": [7.149999999999999, 3, 0.7000000000000002],
			"to": [8.149999999999999, 5, 1.7000000000000002],
			"faces": {
				"north": {
					"uv": [6.55, 11, 7.55, 13],
					"texture": "#1_2"
				},
				"east": {
					"uv": [14, 11, 15, 13],
					"texture": "#1_2"
				},
				"south": {
					"uv": [9.45, 13, 8.45, 11],
					"texture": "#1_2"
				},
				"west": {"uv": [1, 11, 2, 13], "texture": "#1_2"},
				"up": {
					"uv": [1, 6.55, 2, 7.55],
					"texture": "#1_2",
					"rotation": 270
				},
				"down": {
					"uv": [1, 8.45, 2, 9.45],
					"texture": "#1_2",
					"rotation": 270
				}
			},
			"type": "cube"
		},
		{
			"name": "stange",
			"from": [6.650000000000002, 3, 1.7000000000000002],
			"to": [7.650000000000002, 5, 2.7],
			"faces": {
				"north": {
					"uv": [6.35, 11, 7.35, 13],
					"texture": "#1_2"
				},
				"east": {
					"uv": [13, 11, 14, 13],
					"texture": "#1_2"
				},
				"south": {
					"uv": [9.65, 13, 8.65, 11],
					"texture": "#1_2"
				},
				"west": {"uv": [2, 11, 3, 13], "texture": "#1_2"},
				"up": {
					"uv": [2, 6.35, 3, 7.35],
					"texture": "#1_2",
					"rotation": 270
				},
				"down": {
					"uv": [2, 8.65, 3, 9.65],
					"texture": "#1_2",
					"rotation": 270
				}
			},
			"type": "cube"
		},
		{
			"name": "stange",
			"from": [7.75, 3, 12.7],
			"to": [8.75, 5, 13.7],
			"faces": {
				"north": {
					"uv": [6.3, 11, 7.3, 13],
					"texture": "#1_2"
				},
				"east": {
					"uv": [2, 11, 3, 13],
					"texture": "#1_2"
				},
				"south": {
					"uv": [9.7, 13, 8.7, 11],
					"texture": "#1_2"
				},
				"west": {"uv": [13, 11, 14, 13], "texture": "#1_2"},
				"up": {
					"uv": [13, 6.3, 14, 7.3],
					"texture": "#1_2",
					"rotation": 270
				},
				"down": {
					"uv": [13, 8.7, 14, 9.7],
					"texture": "#1_2",
					"rotation": 270
				}
			},
			"type": "cube"
		},
		{
			"name": "stange",
			"from": [7.450000000000003, 3, 13.7],
			"to": [8.450000000000003, 5, 14.7],
			"faces": {
				"north": {
					"uv": [6.6, 11, 7.6, 13],
					"texture": "#1_2"
				},
				"east": {
					"uv": [1, 11, 2, 13],
					"texture": "#1_2"
				},
				"south": {
					"uv": [9.4, 13, 8.4, 11],
					"texture": "#1_2"
				},
				"west": {"uv": [14, 11, 15, 13], "texture": "#1_2"},
				"up": {
					"uv": [14, 6.6, 15, 7.6],
					"texture": "#1_2",
					"rotation": 270
				},
				"down": {
					"uv": [14, 8.4, 15, 9.4],
					"texture": "#1_2",
					"rotation": 270
				}
			},
			"type": "cube"
		},
		{
			"name": "bluete",
			"from": [5.7, 7, 2.5],
			"to": [7.7, 12, 5.5],
			"faces": {
				"north": {"uv": [6, 4, 8, 9], "texture": "#1_3"},
				"east": {
					"uv": [10.2, 4, 13.2, 9],
					"texture": "#1_3"
				},
				"south": {"uv": [10, 9, 8, 4], "texture": "#1_3"},
				"west": {"uv": [2.8, 4, 5.8, 9], "texture": "#1_3"},
				"up": {
					"uv": [2.8, 6, 5.8, 8],
					"texture": "#1_3",
					"rotation": 270
				},
				"down": {
					"uv": [2.8, 8, 5.8, 10],
					"texture": "#1_3",
					"rotation": 270
				}
			},
			"type": "cube"
		},
		{
			"name": "bluete",
			"from": [6.450000000000003, 9, 8.899999999999999],
			"to": [8.450000000000003, 12, 11.899999999999999],
			"faces": {
				"north": {
					"uv": [6.6, 4, 8.6, 7],
					"texture": "#1_3"
				},
				"east": {
					"uv": [
						3.8000000000000007,
						4,
						6.800000000000001,
						7
					],
					"texture": "#1_3"
				},
				"south": {
					"uv": [9.4, 7, 7.4, 4],
					"texture": "#1_3"
				},
				"west": {
					"uv": [9.2, 4, 12.2, 7],
					"texture": "#1_3"
				},
				"up": {
					"uv": [9.2, 6.6, 12.2, 8.6],
					"texture": "#1_3",
					"rotation": 270
				},
				"down": {
					"uv": [9.2, 7.4, 12.2, 9.4],
					"texture": "#1_3",
					"rotation": 270
				}
			},
			"type": "cube"
		},
		{
			"name": "bluete",
			"from": [5.7, 7, 1.5],
			"to": [7.7, 11, 2.5],
			"faces": {
				"north": {"uv": [6, 5, 8, 9], "texture": "#1_3"},
				"east": {
					"uv": [13.2, 5, 14.2, 9],
					"texture": "#1_3"
				},
				"south": {"uv": [10, 9, 8, 5], "texture": "#1_3"},
				"west": {
					"uv": [1.7999999999999998, 5, 2.8, 9],
					"texture": "#1_3"
				},
				"up": {
					"uv": [1.7999999999999998, 6, 2.8, 8],
					"texture": "#1_3",
					"rotation": 270
				},
				"down": {
					"uv": [1.7999999999999998, 8, 2.8, 10],
					"texture": "#1_3",
					"rotation": 270
				}
			},
			"type": "cube"
		},
		{
			"name": "bluete",
			"from": [5.7, 7, 5.5],
			"to": [7.7, 11, 6.5],
			"faces": {
				"north": {"uv": [6, 5, 8, 9], "texture": "#1_3"},
				"east": {
					"uv": [9.2, 5, 10.2, 9],
					"texture": "#1_3"
				},
				"south": {"uv": [10, 9, 8, 5], "texture": "#1_3"},
				"west": {"uv": [5.8, 5, 6.8, 9], "texture": "#1_3"},
				"up": {
					"uv": [5.8, 6, 6.8, 8],
					"texture": "#1_3",
					"rotation": 270
				},
				"down": {
					"uv": [5.8, 8, 6.8, 10],
					"texture": "#1_3",
					"rotation": 270
				}
			},
			"type": "cube"
		},
		{
			"name": "bluete",
			"from": [6.450000000000003, 7, 11.899999999999999],
			"to": [8.450000000000003, 11, 12.899999999999999],
			"faces": {
				"north": {
					"uv": [6.6, 5, 8.6, 9],
					"texture": "#1_3"
				},
				"east": {
					"uv": [
						2.8000000000000007,
						5,
						3.8000000000000007,
						9
					],
					"texture": "#1_3"
				},
				"south": {
					"uv": [9.4, 9, 7.4, 5],
					"texture": "#1_3"
				},
				"west": {
					"uv": [12.2, 5, 13.2, 9],
					"texture": "#1_3"
				},
				"up": {
					"uv": [12.2, 6.6, 13.2, 8.6],
					"texture": "#1_3",
					"rotation": 270
				},
				"down": {
					"uv": [12.2, 7.4, 13.2, 9.4],
					"texture": "#1_3",
					"rotation": 270
				}
			},
			"type": "cube"
		},
		{
			"name": "bluete",
			"from": [5.7, 8, 0.5],
			"to": [7.7, 10, 1.5],
			"faces": {
				"north": {"uv": [6, 6, 8, 8], "texture": "#1_3"},
				"east": {
					"uv": [14.2, 6, 15.2, 8],
					"texture": "#1_3"
				},
				"south": {"uv": [10, 8, 8, 6], "texture": "#1_3"},
				"west": {
					"uv": [
						0.7999999999999998,
						6,
						1.7999999999999998,
						8
					],
					"texture": "#1_3"
				},
				"up": {
					"uv": [
						0.7999999999999998,
						6,
						1.7999999999999998,
						8
					],
					"texture": "#1_3",
					"rotation": 270
				},
				"down": {
					"uv": [
						0.7999999999999998,
						8,
						1.7999999999999998,
						10
					],
					"texture": "#1_3",
					"rotation": 270
				}
			},
			"type": "cube"
		},
		{
			"name": "bluete",
			"from": [6.450000000000003, 7, 12.899999999999999],
			"to": [8.450000000000003, 10, 13.899999999999999],
			"faces": {
				"north": {
					"uv": [6.6, 6, 8.6, 9],
					"texture": "#1_3"
				},
				"east": {
					"uv": [
						1.8000000000000007,
						6,
						2.8000000000000007,
						9
					],
					"texture": "#1_3"
				},
				"south": {
					"uv": [9.4, 9, 7.4, 6],
					"texture": "#1_3"
				},
				"west": {
					"uv": [13.2, 6, 14.2, 9],
					"texture": "#1_3"
				},
				"up": {
					"uv": [13.2, 6.6, 14.2, 8.6],
					"texture": "#1_3",
					"rotation": 270
				},
				"down": {
					"uv": [13.2, 7.4, 14.2, 9.4],
					"texture": "#1_3",
					"rotation": 270
				}
			},
			"type": "cube"
		},
		{
			"name": "bluete",
			"from": [6.450000000000003, 8, 9.899999999999999],
			"to": [8.450000000000003, 9, 11.899999999999999],
			"faces": {
				"north": {
					"uv": [6.6, 7, 8.6, 8],
					"texture": "#1_3"
				},
				"east": {
					"uv": [
						3.8000000000000007,
						7,
						5.800000000000001,
						8
					],
					"texture": "#1_3"
				},
				"south": {
					"uv": [9.4, 8, 7.4, 7],
					"texture": "#1_3"
				},
				"west": {
					"uv": [10.2, 7, 12.2, 8],
					"texture": "#1_3"
				},
				"up": {
					"uv": [10.2, 6.6, 12.2, 8.6],
					"texture": "#1_3",
					"rotation": 270
				},
				"down": {
					"uv": [10.2, 7.4, 12.2, 9.4],
					"texture": "#1_3",
					"rotation": 270
				}
			},
			"type": "cube"
		},
		{
			"name": "bluete",
			"from": [6.450000000000003, 7, 10.899999999999999],
			"to": [8.450000000000003, 8, 11.899999999999999],
			"faces": {
				"north": {
					"uv": [6.6, 8, 8.6, 9],
					"texture": "#1_3"
				},
				"east": {
					"uv": [
						3.8000000000000007,
						8,
						4.800000000000001,
						9
					],
					"texture": "#1_3"
				},
				"south": {
					"uv": [9.4, 9, 7.4, 8],
					"texture": "#1_3"
				},
				"west": {
					"uv": [11.2, 8, 12.2, 9],
					"texture": "#1_3"
				},
				"up": {
					"uv": [11.2, 6.6, 12.2, 8.6],
					"texture": "#1_3",
					"rotation": 270
				},
				"down": {
					"uv": [11.2, 7.4, 12.2, 9.4],
					"texture": "#1_3",
					"rotation": 270
				}
			},
			"type": "cube"
		},
		{
			"name": "bluete",
			"from": [5.65, 6, 2.5],
			"to": [7.65, 7, 4.5],
			"faces": {
				"north": {"uv": [6, 9, 8, 10], "texture": "#1_3"},
				"east": {
					"uv": [11.2, 9, 13.2, 10],
					"texture": "#1_3"
				},
				"south": {"uv": [10, 10, 8, 9], "texture": "#1_3"},
				"west": {
					"uv": [2.8, 9, 4.8, 10],
					"texture": "#1_3"
				},
				"up": {
					"uv": [2.8, 6, 4.8, 8],
					"texture": "#1_3",
					"rotation": 270
				},
				"down": {
					"uv": [2.8, 8, 4.8, 10],
					"texture": "#1_3",
					"rotation": 270
				}
			},
			"type": "cube"
		},
		{
			"name": "bluete",
			"from": [6.675000000000001, 1, 6.599999999999998],
			"to": [9.05, 6, 8.599999999999998],
			"faces": {
				"north": {
					"uv": [
						5.950000000000001,
						10,
						8.325000000000001,
						15
					],
					"texture": "#1_3"
				},
				"east": {
					"uv": [
						7.100000000000001,
						10,
						9.100000000000001,
						15
					],
					"texture": "#1_3"
				},
				"south": {
					"uv": [
						10.049999999999999,
						15,
						7.674999999999999,
						10
					],
					"texture": "#1_3"
				},
				"west": {
					"uv": [
						6.899999999999999,
						10,
						8.899999999999999,
						15
					],
					"texture": "#1_3"
				},
				"up": {
					"uv": [
						6.899999999999999,
						5.950000000000001,
						8.899999999999999,
						8.325000000000001
					],
					"texture": "#1_3",
					"rotation": 270
				},
				"down": {
					"uv": [
						6.899999999999999,
						7.674999999999999,
						8.899999999999999,
						10.049999999999999
					],
					"texture": "#1_3",
					"rotation": 270
				}
			},
			"type": "cube"
		},
		{
			"name": "bluete",
			"from": [6.675000000000001, 1, 5.6],
			"to": [9.05, 5, 6.6],
			"faces": {
				"north": {
					"uv": [
						5.950000000000001,
						11,
						8.325000000000001,
						15
					],
					"texture": "#1_3"
				},
				"east": {
					"uv": [
						9.100000000000001,
						11,
						10.100000000000001,
						15
					],
					"texture": "#1_3"
				},
				"south": {
					"uv": [
						10.049999999999999,
						15,
						7.674999999999999,
						11
					],
					"texture": "#1_3"
				},
				"west": {
					"uv": [
						5.8999999999999995,
						11,
						6.8999999999999995,
						15
					],
					"texture": "#1_3"
				},
				"up": {
					"uv": [
						5.8999999999999995,
						5.950000000000001,
						6.8999999999999995,
						8.325000000000001
					],
					"texture": "#1_3",
					"rotation": 270
				},
				"down": {
					"uv": [
						5.8999999999999995,
						7.674999999999999,
						6.8999999999999995,
						10.049999999999999
					],
					"texture": "#1_3",
					"rotation": 270
				}
			},
			"type": "cube"
		},
		{
			"name": "bluete",
			"from": [6.675000000000001, 2, 8.599999999999998],
			"to": [9.05, 5, 9.599999999999998],
			"faces": {
				"north": {
					"uv": [
						5.950000000000001,
						11,
						8.325000000000001,
						14
					],
					"texture": "#1_3"
				},
				"east": {
					"uv": [
						6.100000000000001,
						11,
						7.100000000000001,
						14
					],
					"texture": "#1_3"
				},
				"south": {
					"uv": [
						10.049999999999999,
						14,
						7.674999999999999,
						11
					],
					"texture": "#1_3"
				},
				"west": {
					"uv": [
						8.899999999999999,
						11,
						9.899999999999999,
						14
					],
					"texture": "#1_3"
				},
				"up": {
					"uv": [
						8.899999999999999,
						5.950000000000001,
						9.899999999999999,
						8.325000000000001
					],
					"texture": "#1_3",
					"rotation": 270
				},
				"down": {
					"uv": [
						8.899999999999999,
						7.674999999999999,
						9.899999999999999,
						10.049999999999999
					],
					"texture": "#1_3",
					"rotation": 270
				}
			},
			"type": "cube"
		},
		{
			"name": "bluete",
			"from": [6.675000000000001, 2, 4.6],
			"to": [9.05, 4, 5.6],
			"faces": {
				"north": {
					"uv": [
						5.950000000000001,
						12,
						8.325000000000001,
						14
					],
					"texture": "#1_3"
				},
				"east": {
					"uv": [
						10.100000000000001,
						12,
						11.100000000000001,
						14
					],
					"texture": "#1_3"
				},
				"south": {
					"uv": [
						10.049999999999999,
						14,
						7.674999999999999,
						12
					],
					"texture": "#1_3"
				},
				"west": {
					"uv": [
						4.8999999999999995,
						12,
						5.8999999999999995,
						14
					],
					"texture": "#1_3"
				},
				"up": {
					"uv": [
						4.8999999999999995,
						5.950000000000001,
						5.8999999999999995,
						8.325000000000001
					],
					"texture": "#1_3",
					"rotation": 270
				},
				"down": {
					"uv": [
						4.8999999999999995,
						7.674999999999999,
						5.8999999999999995,
						10.049999999999999
					],
					"texture": "#1_3",
					"rotation": 270
				}
			},
			"type": "cube"
		}
	],
	"groups": [
		{
			"name": "double_paeonia_bottom",
			"isOpen": true,
			"display": {"visibility": true, "autouv": true},
			"children": [
				0,
				1,
				2,
				3,
				4,
				5,
				6,
				7,
				8,
				9,
				10,
				11,
				12,
				13,
				14,
				15,
				16,
				17,
				18,
				19,
				20,
				21,
				22,
				23,
				24,
				25,
				26,
				27,
				28,
				29,
				30,
				31,
				32,
				33,
				34,
				35,
				36,
				37,
				38,
				39,
				40,
				41,
				42,
				43,
				44,
				45,
				46,
				47,
				48,
				49,
				50,
				51,
				52,
				53,
				54,
				55,
				56,
				57,
				58,
				59,
				60,
				61
			]
		}
	]
}