{
	"__comment": "Designed by CreatorLabs with Cubik Studio - https://cubik.studio",
	"textures": {
		"particle": "3d_blocks/brick_light",
		"flowerpot": "3d_blocks/brick_light",
		"dirt": "3d_blocks/dirt",
		"1": "3d_decoration/3d_flower_houstonia_1",
		"2": "3d_decoration/3d_flower_houstonia",
		"3": "3d_decoration/3d_flower_stem_1"
	},
	"elements": [ 	 
		{
			"__comment": "pot1",
			"from": [ 4, 5, 7 ],
			"to": [ 5, 6, 9 ],
			"faces": {
				"down": { "uv": [ 4, 7, 5, 9 ], "texture": "#flowerpot" },
				"up": { "uv": [ 4, 7, 5, 9 ], "texture": "#flowerpot" },
				"north": { "uv": [ 11, 10, 12, 11 ], "texture": "#flowerpot" },
				"south": { "uv": [ 4, 10, 5, 11 ], "texture": "#flowerpot" },
				"west": { "uv": [ 7, 10, 9, 11 ], "texture": "#flowerpot" },
				"east": { "uv": [ 7, 10, 9, 11 ], "texture": "#flowerpot" }
			}
		},
		{
			"__comment": "pot2",
			"from": [ 5, 2, 7 ],
			"to": [ 7, 3, 9 ],
			"faces": {
				"down": { "uv": [ 5, 7, 7, 9 ], "texture": "#flowerpot" },
				"north": { "uv": [ 9, 13, 11, 14 ], "texture": "#flowerpot" },
				"south": { "uv": [ 5, 13, 7, 14 ], "texture": "#flowerpot" },
				"west": { "uv": [ 7, 13, 9, 14 ], "texture": "#flowerpot" }
			}
		},
		{
			"__comment": "pot3",
			"from": [ 5, 3, 7 ],
			"to": [ 6, 5, 9 ],
			"faces": {
				"north": { "uv": [ 10, 11, 11, 13 ], "texture": "#flowerpot" },
				"south": { "uv": [ 5, 11, 6, 13 ], "texture": "#flowerpot" },
				"west": { "uv": [ 7, 11, 9, 13 ], "texture": "#flowerpot" }
			}
		},
		{
			"__comment": "pot4",
			"from": [ 5, 5, 6 ],
			"to": [ 6, 6, 7 ],
			"faces": {
				"down": { "uv": [ 5, 9, 6, 10 ], "texture": "#flowerpot" },
				"up": { "uv": [ 5, 6, 6, 7 ], "texture": "#flowerpot" },
				"north": { "uv": [ 10, 10, 11, 11 ], "texture": "#flowerpot" },
				"south": { "uv": [ 5, 10, 6, 11 ], "texture": "#flowerpot" },
				"west": { "uv": [ 6, 10, 7, 11 ], "texture": "#flowerpot" },
				"east": { "uv": [ 9, 10, 10, 11 ], "texture": "#flowerpot" }
			}
		},
		{
			"__comment": "pot5",
			"from": [ 5, 5, 9 ],
			"to": [ 6, 6, 10 ],
			"faces": {
				"down": { "uv": [ 5, 6, 6, 7 ], "texture": "#flowerpot" },
				"up": { "uv": [ 5, 9, 6, 10 ], "texture": "#flowerpot" },
				"north": { "uv": [ 10, 10, 11, 11 ], "texture": "#flowerpot" },
				"south": { "uv": [ 5, 10, 6, 11 ], "texture": "#flowerpot" },
				"west": { "uv": [ 9, 10, 10, 11 ], "texture": "#flowerpot" },
				"east": { "uv": [ 6, 10, 7, 11 ], "texture": "#flowerpot" }
			}
		},
		{
			"__comment": "pot6",
			"from": [ 6, 0, 7 ],
			"to": [ 10, 1, 9 ],
			"faces": {
				"down": { "uv": [ 6, 7, 10, 9 ], "texture": "#flowerpot" },
				"north": { "uv": [ 6, 15, 10, 16 ], "texture": "#flowerpot" },
				"south": { "uv": [ 6, 15, 10, 16 ], "texture": "#flowerpot" },
				"west": { "uv": [ 7, 15, 9, 16 ], "texture": "#flowerpot" },
				"east": { "uv": [ 7, 15, 9, 16 ], "texture": "#flowerpot" }
			}
		},
		{
			"__comment": "pot7",
			"from": [ 6, 1, 7 ],
			"to": [ 7, 2, 9 ],
			"faces": {
				"north": { "uv": [ 9, 14, 10, 15 ], "texture": "#flowerpot" },
				"south": { "uv": [ 6, 14, 7, 15 ], "texture": "#flowerpot" },
				"west": { "uv": [ 7, 14, 9, 15 ], "texture": "#flowerpot" }
			}
		},
		{
			"__comment": "pot8",
			"from": [ 6, 2, 6 ],
			"to": [ 10, 3, 7 ],
			"faces": {
				"down": { "uv": [ 6, 9, 10, 10 ], "texture": "#flowerpot" },
				"north": { "uv": [ 6, 13, 10, 14 ], "texture": "#flowerpot" },
				"west": { "uv": [ 6, 13, 7, 14 ], "texture": "#flowerpot" },
				"east": { "uv": [ 9, 13, 10, 14 ], "texture": "#flowerpot" }
			}
		},
		{
			"__comment": "pot9",
			"from": [ 6, 2, 9 ],
			"to": [ 10, 3, 10 ],
			"faces": {
				"down": { "uv": [ 6, 6, 10, 7 ], "texture": "#flowerpot" },
				"south": { "uv": [ 6, 13, 10, 14 ], "texture": "#flowerpot" },
				"west": { "uv": [ 9, 13, 10, 14 ], "texture": "#flowerpot" },
				"east": { "uv": [ 6, 13, 7, 14 ], "texture": "#flowerpot" }
			}
		},
		{
			"__comment": "pot10",
			"from": [ 6, 3, 6 ],
			"to": [ 7, 5, 7 ],
			"faces": {
				"north": { "uv": [ 9, 11, 10, 13 ], "texture": "#flowerpot" },
				"west": { "uv": [ 6, 11, 7, 13 ], "texture": "#flowerpot" }
			}
		},
		{
			"__comment": "pot11",
			"from": [ 6, 3, 9 ],
			"to": [ 7, 5, 10 ],
			"faces": {
				"south": { "uv": [ 6, 11, 7, 13 ], "texture": "#flowerpot" },
				"west": { "uv": [ 9, 11, 10, 13 ], "texture": "#flowerpot" }
			}
		},
		{
			"__comment": "pot12",
			"from": [ 6, 5, 5 ],
			"to": [ 7, 6, 6 ],
			"faces": {
				"down": { "uv": [ 6, 10, 7, 11 ], "texture": "#flowerpot" },
				"up": { "uv": [ 6, 5, 7, 6 ], "texture": "#flowerpot" },
				"north": { "uv": [ 9, 10, 10, 11 ], "texture": "#flowerpot" },
				"south": { "uv": [ 6, 10, 7, 11 ], "texture": "#flowerpot" },
				"west": { "uv": [ 5, 10, 6, 11 ], "texture": "#flowerpot" },
				"east": { "uv": [ 10, 10, 11, 11 ], "texture": "#flowerpot" }
			}
		},
		{
			"__comment": "pot13",
			"from": [ 6, 5, 10 ],
			"to": [ 7, 6, 11 ],
			"faces": {
				"down": { "uv": [ 6, 5, 7, 6 ], "texture": "#flowerpot" },
				"up": { "uv": [ 6, 10, 7, 11 ], "texture": "#flowerpot" },
				"north": { "uv": [ 9, 10, 10, 11 ], "texture": "#flowerpot" },
				"south": { "uv": [ 6, 10, 7, 11 ], "texture": "#flowerpot" },
				"west": { "uv": [ 10, 10, 11, 11 ], "texture": "#flowerpot" },
				"east": { "uv": [ 5, 10, 6, 11 ], "texture": "#flowerpot" }
			}
		},
		{
			"__comment": "pot14",
			"from": [ 7, 0, 6 ],
			"to": [ 9, 2, 7 ],
			"faces": {
				"down": { "uv": [ 7, 9, 9, 10 ], "texture": "#flowerpot" },
				"north": { "uv": [ 7, 14, 9, 16 ], "texture": "#flowerpot" },
				"west": { "uv": [ 6, 14, 7, 16 ], "texture": "#flowerpot" },
				"east": { "uv": [ 9, 14, 10, 16 ], "texture": "#flowerpot" }
			}
		},
		{
			"__comment": "pot15",
			"from": [ 7, 0, 9 ],
			"to": [ 9, 2, 10 ],
			"faces": {
				"down": { "uv": [ 7, 6, 9, 7 ], "texture": "#flowerpot" },
				"south": { "uv": [ 7, 14, 9, 16 ], "texture": "#flowerpot" },
				"west": { "uv": [ 9, 14, 10, 16 ], "texture": "#flowerpot" },
				"east": { "uv": [ 6, 14, 7, 16 ], "texture": "#flowerpot" }
			}
		},
		{
			"__comment": "pot16",
			"from": [ 7, 2, 5 ],
			"to": [ 9, 5, 6 ],
			"faces": {
				"down": { "uv": [ 7, 10, 9, 11 ], "texture": "#flowerpot" },
				"north": { "uv": [ 7, 11, 9, 14 ], "texture": "#flowerpot" },
				"west": { "uv": [ 5, 11, 6, 14 ], "texture": "#flowerpot" },
				"east": { "uv": [ 10, 11, 11, 14 ], "texture": "#flowerpot" }
			}
		},
		{
			"__comment": "pot17",
			"from": [ 7, 2, 10 ],
			"to": [ 9, 5, 11 ],
			"faces": {
				"down": { "uv": [ 7, 5, 9, 6 ], "texture": "#flowerpot" },
				"south": { "uv": [ 7, 11, 9, 14 ], "texture": "#flowerpot" },
				"west": { "uv": [ 10, 11, 11, 14 ], "texture": "#flowerpot" },
				"east": { "uv": [ 5, 11, 6, 14 ], "texture": "#flowerpot" }
			}
		},
		{
			"__comment": "pot18",
			"from": [ 7, 5, 4 ],
			"to": [ 9, 6, 5 ],
			"faces": {
				"down": { "uv": [ 7, 11, 9, 12 ], "texture": "#flowerpot" },
				"up": { "uv": [ 7, 4, 9, 5 ], "texture": "#flowerpot" },
				"north": { "uv": [ 7, 10, 9, 11 ], "texture": "#flowerpot" },
				"south": { "uv": [ 7, 10, 9, 11 ], "texture": "#flowerpot" },
				"west": { "uv": [ 4, 10, 5, 11 ], "texture": "#flowerpot" },
				"east": { "uv": [ 11, 10, 12, 11 ], "texture": "#flowerpot" }
			}
		},
		{
			"__comment": "pot19",
			"from": [ 7, 5, 11 ],
			"to": [ 9, 6, 12 ],
			"faces": {
				"down": { "uv": [ 7, 4, 9, 5 ], "texture": "#flowerpot" },
				"up": { "uv": [ 7, 11, 9, 12 ], "texture": "#flowerpot" },
				"north": { "uv": [ 7, 10, 9, 11 ], "texture": "#flowerpot" },
				"south": { "uv": [ 7, 10, 9, 11 ], "texture": "#flowerpot" },
				"west": { "uv": [ 11, 10, 12, 11 ], "texture": "#flowerpot" },
				"east": { "uv": [ 4, 10, 5, 11 ], "texture": "#flowerpot" }
			}
		},
		{
			"__comment": "pot20",
			"from": [ 9, 1, 7 ],
			"to": [ 10, 3, 9 ],
			"faces": {
				"north": { "uv": [ 6, 13, 7, 15 ], "texture": "#flowerpot" },
				"south": { "uv": [ 9, 13, 10, 15 ], "texture": "#flowerpot" },
				"east": { "uv": [ 7, 13, 9, 15 ], "texture": "#flowerpot" }
			}
		},
		{
			"__comment": "pot21",
			"from": [ 9, 3, 6 ],
			"to": [ 10, 5, 7 ],
			"faces": {
				"north": { "uv": [ 6, 11, 7, 13 ], "texture": "#flowerpot" },
				"east": { "uv": [ 9, 11, 10, 13 ], "texture": "#flowerpot" }
			}
		},
		{
			"__comment": "pot22",
			"from": [ 9, 3, 9 ],
			"to": [ 10, 5, 10 ],
			"faces": {
				"south": { "uv": [ 9, 11, 10, 13 ], "texture": "#flowerpot" },
				"east": { "uv": [ 6, 11, 7, 13 ], "texture": "#flowerpot" }
			}
		},
		{
			"__comment": "pot23",
			"from": [ 9, 5, 5 ],
			"to": [ 10, 6, 6 ],
			"faces": {
				"down": { "uv": [ 9, 10, 10, 11 ], "texture": "#flowerpot" },
				"up": { "uv": [ 9, 5, 10, 6 ], "texture": "#flowerpot" },
				"north": { "uv": [ 6, 10, 7, 11 ], "texture": "#flowerpot" },
				"south": { "uv": [ 9, 10, 10, 11 ], "texture": "#flowerpot" },
				"west": { "uv": [ 5, 10, 6, 11 ], "texture": "#flowerpot" },
				"east": { "uv": [ 10, 10, 11, 11 ], "texture": "#flowerpot" }
			}
		},
		{
			"__comment": "pot24",
			"from": [ 9, 5, 10 ],
			"to": [ 10, 6, 11 ],
			"faces": {
				"down": { "uv": [ 9, 5, 10, 6 ], "texture": "#flowerpot" },
				"up": { "uv": [ 9, 10, 10, 11 ], "texture": "#flowerpot" },
				"north": { "uv": [ 6, 10, 7, 11 ], "texture": "#flowerpot" },
				"south": { "uv": [ 9, 10, 10, 11 ], "texture": "#flowerpot" },
				"west": { "uv": [ 10, 10, 11, 11 ], "texture": "#flowerpot" },
				"east": { "uv": [ 5, 10, 6, 11 ], "texture": "#flowerpot" }
			}
		},
		{
			"__comment": "pot25",
			"from": [ 10, 2, 7 ],
			"to": [ 11, 5, 9 ],
			"faces": {
				"down": { "uv": [ 10, 7, 11, 9 ], "texture": "#flowerpot" },
				"north": { "uv": [ 5, 11, 6, 14 ], "texture": "#flowerpot" },
				"south": { "uv": [ 10, 11, 11, 14 ], "texture": "#flowerpot" },
				"east": { "uv": [ 7, 11, 9, 14 ], "texture": "#flowerpot" }
			}
		},
		{
			"__comment": "pot26",
			"from": [ 10, 5, 6 ],
			"to": [ 11, 6, 7 ],
			"faces": {
				"down": { "uv": [ 10, 9, 11, 10 ], "texture": "#flowerpot" },
				"up": { "uv": [ 10, 6, 11, 7 ], "texture": "#flowerpot" },
				"north": { "uv": [ 5, 10, 6, 11 ], "texture": "#flowerpot" },
				"south": { "uv": [ 10, 10, 11, 11 ], "texture": "#flowerpot" },
				"west": { "uv": [ 6, 10, 7, 11 ], "texture": "#flowerpot" },
				"east": { "uv": [ 9, 10, 10, 11 ], "texture": "#flowerpot" }
			}
		},
		{
			"__comment": "pot27",
			"from": [ 10, 5, 9 ],
			"to": [ 11, 6, 10 ],
			"faces": {
				"down": { "uv": [ 10, 6, 11, 7 ], "texture": "#flowerpot" },
				"up": { "uv": [ 10, 9, 11, 10 ], "texture": "#flowerpot" },
				"north": { "uv": [ 5, 10, 6, 11 ], "texture": "#flowerpot" },
				"south": { "uv": [ 10, 10, 11, 11 ], "texture": "#flowerpot" },
				"west": { "uv": [ 9, 10, 10, 11 ], "texture": "#flowerpot" },
				"east": { "uv": [ 6, 10, 7, 11 ], "texture": "#flowerpot" }
			}
		},
		{
			"__comment": "pot",
			"from": [ 11, 5, 7 ],
			"to": [ 12, 6, 9 ],
			"faces": {
				"down": { "uv": [ 11, 7, 12, 9 ], "texture": "#flowerpot" },
				"up": { "uv": [ 11, 7, 12, 9 ], "texture": "#flowerpot" },
				"north": { "uv": [ 4, 10, 5, 11 ], "texture": "#flowerpot" },
				"south": { "uv": [ 11, 10, 12, 11 ], "texture": "#flowerpot" },
				"west": { "uv": [ 7, 10, 9, 11 ], "texture": "#flowerpot" },
				"east": { "uv": [ 7, 10, 9, 11 ], "texture": "#flowerpot" }
			}
		},
		{
			"__comment": "dirt",
			"from": [ 5, 5, 7 ],
			"to": [ 11, 5.25, 9 ],
			"faces": {
				"up": { "uv": [ 5, 7, 11, 9 ], "texture": "#dirt" }
			}
		},
		{
			"__comment": "dirt2",
			"from": [ 6, 5, 6 ],
			"to": [ 10, 5.25, 7 ],
			"faces": {
				"up": { "uv": [ 6, 6, 10, 7 ], "texture": "#dirt" }
			}
		},
		{
			"__comment": "dirt3",
			"from": [ 6, 5, 9 ],
			"to": [ 10, 5.25, 10 ],
			"faces": {
				"up": { "uv": [ 6, 9, 10, 10 ], "texture": "#dirt" }
			}
		},
		{
			"__comment": "dirt4",
			"from": [ 7, 5, 5 ],
			"to": [ 9, 5.25, 6 ],
			"faces": {
				"up": { "uv": [ 7, 5, 9, 6 ], "texture": "#dirt" }
			}
		},
		{
			"__comment": "dirt5",
			"from": [ 7, 5, 10 ],
			"to": [ 9, 5.25, 11 ],
			"faces": {
				"up": { "uv": [ 7, 10, 9, 11 ], "texture": "#dirt" }
			}
		},
		{
			"__comment": "flower",
			"from": [ 7.6352, 4, 7.6028 ],
			"to": [ 8.635201, 8, 8.602799 ],
			"rotation": { "origin": [ 8, 12, 8 ], "axis": "y", "angle": -45 },
			"faces": {
				"down": { "uv": [ 8.022916, 7.538841, 9.022916, 8.538841 ], "texture": "#3" },
				"up": { "uv": [ 8.022916, 7.461159, 9.022916, 8.461159 ], "texture": "#3" },
				"north": { "uv": [ 6.977084, 8, 7.977084, 12 ], "texture": "#3" },
				"south": { "uv": [ 8.022916, 8, 9.022916, 12 ], "texture": "#3" },
				"west": { "uv": [ 7.461159, 8, 8.461159, 12 ], "texture": "#3" },
				"east": { "uv": [ 7.538842, 8, 8.538841, 12 ], "texture": "#3" }
			}
		},
		{
			"__comment": "flower1",
			"from": [ 6.6352, 5, 7.4528 ],
			"to": [ 7.6352, 9, 8.4528 ],
			"rotation": { "origin": [ 8, 12, 8 ], "axis": "y", "angle": -45 },
			"faces": {
				"down": { "uv": [ 7.421875, 8.352015, 8.421875, 9.352015 ], "texture": "#3" },
				"up": { "uv": [ 7.421875, 6.647985, 8.421875, 7.647985 ], "texture": "#3" },
				"north": { "uv": [ 7.578125, 7, 8.578125, 11 ], "texture": "#3" },
				"south": { "uv": [ 7.421875, 7, 8.421875, 11 ], "texture": "#3" },
				"west": { "uv": [ 6.647985, 7, 7.647985, 11 ], "texture": "#3" },
				"east": { "uv": [ 8.352015, 7, 9.352015, 11 ], "texture": "#3" }
			}
		},
		{
			"__comment": "flower2",
			"from": [ 5.6352, 6, 6.9528 ],
			"to": [ 6.6352, 7, 7.9528 ],
			"rotation": { "origin": [ 8, 12, 8 ], "axis": "y", "angle": -45 },
			"faces": {
				"down": { "uv": [ 7.068321, 9.412674, 8.068321, 10.41267 ], "texture": "#3" },
				"up": { "uv": [ 7.068321, 5.587326, 8.068321, 6.587326 ], "texture": "#3" },
				"north": { "uv": [ 7.931679, 9, 8.931679, 10 ], "texture": "#3" },
				"south": { "uv": [ 7.068321, 9, 8.068321, 10 ], "texture": "#3" },
				"west": { "uv": [ 5.587326, 9, 6.587326, 10 ], "texture": "#3" },
				"east": { "uv": [ 9.412674, 9, 10.41267, 10 ], "texture": "#3" }
			}
		},
		{
			"__comment": "flower3",
			"from": [ 4.6352, 7, 6.3028 ],
			"to": [ 5.6352, 8, 7.3028 ],
			"rotation": { "origin": [ 8, 12, 8 ], "axis": "y", "angle": -45 },
			"faces": {
				"down": { "uv": [ 6.820834, 10.5794, 7.820834, 11.5794 ], "texture": "#3" },
				"up": { "uv": [ 6.820834, 4.420599, 7.820834, 5.420599 ], "texture": "#3" },
				"north": { "uv": [ 8.179166, 8, 9.179166, 9 ], "texture": "#3" },
				"south": { "uv": [ 6.820834, 8, 7.820834, 9 ], "texture": "#3" },
				"west": { "uv": [ 4.420599, 8, 5.420599, 9 ], "texture": "#3" },
				"east": { "uv": [ 10.5794, 8, 11.5794, 9 ], "texture": "#3" }
			}
		},
		{
			"__comment": "flower4",
			"from": [ 8.6352, 6, 7.6528 ],
			"to": [ 9.6352, 10, 8.6528 ],
			"rotation": { "origin": [ 8, 12, 8 ], "axis": "y", "angle": -45 },
			"faces": {
				"down": { "uv": [ 8.694667, 6.796379, 9.694667, 7.796379 ], "texture": "#3" },
				"up": { "uv": [ 8.694667, 8.203621, 9.694667, 9.203621 ], "texture": "#3" },
				"north": { "uv": [ 6.305333, 6, 7.305333, 10 ], "texture": "#3" },
				"south": { "uv": [ 8.694667, 6, 9.694667, 10 ], "texture": "#3" },
				"west": { "uv": [ 8.203621, 6, 9.203621, 10 ], "texture": "#3" },
				"east": { "uv": [ 6.796379, 6, 7.796379, 10 ], "texture": "#3" }
			}
		},
		{
			"__comment": "flower5",
			"from": [ 9.6352, 8, 8.102799 ],
			"to": [ 10.6352, 9, 9.102799 ],
			"rotation": { "origin": [ 8, 12, 8 ], "axis": "y", "angle": -45 },
			"faces": {
				"down": { "uv": [ 9.083576, 5.771074, 10.08358, 6.771074 ], "texture": "#3" },
				"up": { "uv": [ 9.083576, 9.228926, 10.08358, 10.22893 ], "texture": "#3" },
				"north": { "uv": [ 5.916424, 7, 6.916424, 8 ], "texture": "#3" },
				"south": { "uv": [ 9.083576, 7, 10.08358, 8 ], "texture": "#3" },
				"west": { "uv": [ 9.228926, 7, 10.22893, 8 ], "texture": "#3" },
				"east": { "uv": [ 5.771074, 7, 6.771074, 8 ], "texture": "#3" }
			}
		},
		{
			"__comment": "flower6",
			"from": [ 10.6352, 8, 8.4028 ],
			"to": [ 11.6352, 10, 9.4028 ],
			"rotation": { "origin": [ 8, 12, 8 ], "axis": "y", "angle": -45 },
			"faces": {
				"down": { "uv": [ 9.57855, 4.851835, 10.57855, 5.851835 ], "texture": "#3" },
				"up": { "uv": [ 9.57855, 10.14816, 10.57855, 11.14816 ], "texture": "#3" },
				"north": { "uv": [ 5.42145, 6, 6.42145, 8 ], "texture": "#3" },
				"south": { "uv": [ 9.57855, 6, 10.57855, 8 ], "texture": "#3" },
				"west": { "uv": [ 10.14816, 6, 11.14816, 8 ], "texture": "#3" },
				"east": { "uv": [ 4.851835, 6, 5.851835, 8 ], "texture": "#3" }
			}
		},
		{
			"__comment": "flower7",
			"from": [ 5.6352, 9, 7.6028 ],
			"to": [ 6.6352, 11, 8.602799 ],
			"rotation": { "origin": [ 8, 12, 8 ], "axis": "y", "angle": -45 },
			"faces": {
				"down": { "uv": [ 6.608702, 8.953055, 7.608702, 9.953054 ], "texture": "#3" },
				"up": { "uv": [ 6.608702, 6.046946, 7.608702, 7.046945 ], "texture": "#3" },
				"north": { "uv": [ 8.391298, 5, 9.391298, 7 ], "texture": "#3" },
				"south": { "uv": [ 6.608702, 5, 7.608702, 7 ], "texture": "#3" },
				"west": { "uv": [ 6.046945, 5, 7.046945, 7 ], "texture": "#3" },
				"east": { "uv": [ 8.953055, 5, 9.953054, 7 ], "texture": "#3" }
			}
		},
		{
			"__comment": "flower8",
			"from": [ 7.6352, 10, 7.6028 ],
			"to": [ 8.635201, 12, 8.602799 ],
			"rotation": { "origin": [ 8, 12, 8 ], "axis": "y", "angle": -45 },
			"faces": {
				"down": { "uv": [ 8.022916, 7.538841, 9.022916, 8.538841 ], "texture": "#3" },
				"up": { "uv": [ 8.022916, 7.461159, 9.022916, 8.461159 ], "texture": "#3" },
				"north": { "uv": [ 6.977084, 4, 7.977084, 6 ], "texture": "#3" },
				"south": { "uv": [ 8.022916, 4, 9.022916, 6 ], "texture": "#3" },
				"west": { "uv": [ 7.461159, 4, 8.461159, 6 ], "texture": "#3" },
				"east": { "uv": [ 7.538842, 4, 8.538841, 6 ], "texture": "#3" }
			}
		},
		{
			"__comment": "flower9",
			"from": [ 8.6352, 11, 7.8028 ],
			"to": [ 9.6352, 12, 8.8028 ],
			"rotation": { "origin": [ 8, 12, 8 ], "axis": "y", "angle": -45 },
			"faces": {
				"down": { "uv": [ 8.588601, 6.690313, 9.588601, 7.690313 ], "texture": "#3" },
				"up": { "uv": [ 8.588601, 8.309687, 9.588601, 9.309687 ], "texture": "#3" },
				"north": { "uv": [ 6.411399, 4, 7.411399, 5 ], "texture": "#3" },
				"south": { "uv": [ 8.588601, 4, 9.588601, 5 ], "texture": "#3" },
				"west": { "uv": [ 8.309687, 4, 9.309687, 5 ], "texture": "#3" },
				"east": { "uv": [ 6.690313, 4, 7.690313, 5 ], "texture": "#3" }
			}
		},
		{
			"__comment": "flower10",
			"from": [ 3.6352, 7, 6.2028 ],
			"to": [ 4.6352, 8, 7.2028 ],
			"rotation": { "origin": [ 8, 12, 8 ], "axis": "y", "angle": -45 },
			"faces": {
				"down": { "uv": [ 6.184438, 11.35722, 7.184438, 12.35722 ], "texture": "#2" },
				"up": { "uv": [ 6.184438, 3.642782, 7.184438, 4.642782 ], "texture": "#2" },
				"north": { "uv": [ 8.815561, 8, 9.815561, 9 ], "texture": "#2" },
				"south": { "uv": [ 6.184438, 8, 7.184438, 9 ], "texture": "#2" },
				"west": { "uv": [ 3.642782, 8, 4.642782, 9 ], "texture": "#2" },
				"east": { "uv": [ 11.35722, 8, 12.35722, 9 ], "texture": "#2" }
			}
		},
		{
			"__comment": "flower11",
			"from": [ 4.6352, 8, 6.3028 ],
			"to": [ 5.6352, 9, 7.3028 ],
			"rotation": { "origin": [ 8, 12, 8 ], "axis": "y", "angle": -45 },
			"faces": {
				"down": { "uv": [ 6.820834, 10.5794, 7.820834, 11.5794 ], "texture": "#2" },
				"up": { "uv": [ 6.820834, 4.420599, 7.820834, 5.420599 ], "texture": "#2" },
				"north": { "uv": [ 8.179166, 7, 9.179166, 8 ], "texture": "#2" },
				"south": { "uv": [ 6.820834, 7, 7.820834, 8 ], "texture": "#2" },
				"west": { "uv": [ 4.420599, 7, 5.420599, 8 ], "texture": "#2" },
				"east": { "uv": [ 10.5794, 7, 11.5794, 8 ], "texture": "#2" }
			}
		},
		{
			"__comment": "flower12",
			"from": [ 4.6352, 10, 7.5028 ],
			"to": [ 5.6352, 11, 8.5028 ],
			"rotation": { "origin": [ 8, 12, 8 ], "axis": "y", "angle": -45 },
			"faces": {
				"down": { "uv": [ 5.972306, 9.730873, 6.972306, 10.73087 ], "texture": "#2" },
				"up": { "uv": [ 5.972306, 5.269127, 6.972306, 6.269127 ], "texture": "#2" },
				"north": { "uv": [ 9.027694, 5, 10.02769, 6 ], "texture": "#2" },
				"south": { "uv": [ 5.972306, 5, 6.972306, 6 ], "texture": "#2" },
				"west": { "uv": [ 5.269127, 5, 6.269127, 6 ], "texture": "#2" },
				"east": { "uv": [ 9.730873, 5, 10.73087, 6 ], "texture": "#2" }
			}
		},
		{
			"__comment": "flower13",
			"from": [ 5.5852, 11, 7.4028 ],
			"to": [ 6.5852, 12, 8.4028 ],
			"rotation": { "origin": [ 8, 12, 8 ], "axis": "y", "angle": -45 },
			"faces": {
				"down": { "uv": [ 6.714768, 9.129832, 7.714768, 10.12983 ], "texture": "#2" },
				"up": { "uv": [ 6.714768, 5.870168, 7.714768, 6.870168 ], "texture": "#2" },
				"north": { "uv": [ 8.285233, 4, 9.285233, 5 ], "texture": "#2" },
				"south": { "uv": [ 6.714768, 4, 7.714768, 5 ], "texture": "#2" },
				"west": { "uv": [ 5.870168, 4, 6.870168, 5 ], "texture": "#2" },
				"east": { "uv": [ 9.129832, 4, 10.12983, 5 ], "texture": "#2" }
			}
		},
		{
			"__comment": "flower14",
			"from": [ 6.6352, 9.95, 7.4028 ],
			"to": [ 7.6352, 10.95, 8.4028 ],
			"rotation": { "origin": [ 8, 12, 8 ], "axis": "y", "angle": -45 },
			"faces": {
				"down": { "uv": [ 7.45723, 8.387369, 8.45723, 9.387369 ], "texture": "#2" },
				"up": { "uv": [ 7.45723, 6.612631, 8.45723, 7.612631 ], "texture": "#2" },
				"north": { "uv": [ 7.54277, 5.05, 8.54277, 6.05 ], "texture": "#2" },
				"south": { "uv": [ 7.45723, 5.05, 8.45723, 6.05 ], "texture": "#2" },
				"west": { "uv": [ 6.61263, 5.05, 7.61263, 6.05 ], "texture": "#2" },
				"east": { "uv": [ 8.387369, 5.05, 9.387369, 6.05 ], "texture": "#2" }
			}
		},
		{
			"__comment": "flower15",
			"from": [ 6.7352, 11.95, 7.6028 ],
			"to": [ 7.7352, 12.95, 8.602799 ],
			"rotation": { "origin": [ 8, 12, 8 ], "axis": "y", "angle": -45 },
			"faces": {
				"down": { "uv": [ 7.386519, 8.175238, 8.386519, 9.175238 ], "texture": "#2" },
				"up": { "uv": [ 7.386519, 6.824762, 8.386519, 7.824762 ], "texture": "#2" },
				"north": { "uv": [ 7.613481, 3.05, 8.613481, 4.05 ], "texture": "#2" },
				"south": { "uv": [ 7.386519, 3.05, 8.386519, 4.05 ], "texture": "#2" },
				"west": { "uv": [ 6.824762, 3.05, 7.824762, 4.05 ], "texture": "#2" },
				"east": { "uv": [ 8.175238, 3.05, 9.175238, 4.05 ], "texture": "#2" }
			}
		},
		{
			"__comment": "flower16",
			"from": [ 7.6852, 12.9, 7.6528 ],
			"to": [ 8.6852, 13.9, 8.6528 ],
			"rotation": { "origin": [ 8, 12, 8 ], "axis": "y", "angle": -45 },
			"faces": {
				"down": { "uv": [ 8.022916, 7.468131, 9.022917, 8.468131 ], "texture": "#2" },
				"up": { "uv": [ 8.022916, 7.531869, 9.022917, 8.531869 ], "texture": "#2" },
				"north": { "uv": [ 6.977084, 2.1, 7.977084, 3.1 ], "texture": "#2" },
				"south": { "uv": [ 8.022916, 2.1, 9.022917, 3.1 ], "texture": "#2" },
				"west": { "uv": [ 7.531869, 2.1, 8.531869, 3.1 ], "texture": "#2" },
				"east": { "uv": [ 7.468131, 2.1, 8.468131, 3.1 ], "texture": "#2" }
			}
		},
		{
			"__comment": "flower17",
			"from": [ 8.585199, 11.95, 7.6028 ],
			"to": [ 9.585199, 12.95, 8.602799 ],
			"rotation": { "origin": [ 8, 12, 8 ], "axis": "y", "angle": -45 },
			"faces": {
				"down": { "uv": [ 8.694667, 6.86709, 9.694667, 7.86709 ], "texture": "#2" },
				"up": { "uv": [ 8.694667, 8.13291, 9.694667, 9.13291 ], "texture": "#2" },
				"north": { "uv": [ 6.305333, 3.05, 7.305333, 4.05 ], "texture": "#2" },
				"south": { "uv": [ 8.694667, 3.05, 9.694667, 4.05 ], "texture": "#2" },
				"west": { "uv": [ 8.13291, 3.05, 9.13291, 4.05 ], "texture": "#2" },
				"east": { "uv": [ 6.867091, 3.05, 7.86709, 4.05 ], "texture": "#2" }
			}
		},
		{
			"__comment": "flower18",
			"from": [ 10.6352, 10, 8.4528 ],
			"to": [ 11.6352, 11, 9.4528 ],
			"rotation": { "origin": [ 8, 12, 8 ], "axis": "y", "angle": -45 },
			"faces": {
				"down": { "uv": [ 9.543195, 4.816481, 10.54319, 5.816481 ], "texture": "#2" },
				"up": { "uv": [ 9.543195, 10.18352, 10.54319, 11.18352 ], "texture": "#2" },
				"north": { "uv": [ 5.456805, 5, 6.456805, 6 ], "texture": "#2" },
				"south": { "uv": [ 9.543195, 5, 10.54319, 6 ], "texture": "#2" },
				"west": { "uv": [ 10.18352, 5, 11.18352, 6 ], "texture": "#2" },
				"east": { "uv": [ 4.816481, 5, 5.816481, 6 ], "texture": "#2" }
			}
		},
		{
			"__comment": "flower19",
			"from": [ 11.6352, 9, 8.4528 ],
			"to": [ 12.6352, 10, 9.4528 ],
			"rotation": { "origin": [ 8, 12, 8 ], "axis": "y", "angle": -45 },
			"faces": {
				"down": { "uv": [ 10.2503, 4.109373, 11.2503, 5.109373 ], "texture": "#2" },
				"up": { "uv": [ 10.2503, 10.89063, 11.2503, 11.89063 ], "texture": "#2" },
				"north": { "uv": [ 4.749699, 6, 5.749699, 7 ], "texture": "#2" },
				"south": { "uv": [ 10.2503, 6, 11.2503, 7 ], "texture": "#2" },
				"west": { "uv": [ 10.89063, 6, 11.89063, 7 ], "texture": "#2" },
				"east": { "uv": [ 4.109373, 6, 5.109373, 7 ], "texture": "#2" }
			}
		},
		{
			"__comment": "flower20",
			"from": [ 9.5352, 6.05, 7.8528 ],
			"to": [ 10.5352, 8.05, 8.852799 ],
			"rotation": { "origin": [ 8, 12, 8 ], "axis": "y", "angle": -45 },
			"faces": {
				"down": { "uv": [ 9.189641, 6.018562, 10.18964, 7.018562 ], "texture": "#2" },
				"up": { "uv": [ 9.189641, 8.981438, 10.18964, 9.981438 ], "texture": "#2" },
				"north": { "uv": [ 5.810359, 7.95, 6.810359, 9.95 ], "texture": "#2" },
				"south": { "uv": [ 9.189641, 7.95, 10.18964, 9.95 ], "texture": "#2" },
				"west": { "uv": [ 8.981438, 7.95, 9.981438, 9.95 ], "texture": "#2" },
				"east": { "uv": [ 6.018563, 7.95, 7.018562, 9.95 ], "texture": "#2" }
			}
		},
		{
			"__comment": "flower21",
			"from": [ 9.585199, 11, 8.102799 ],
			"to": [ 10.5852, 12, 9.102799 ],
			"rotation": { "origin": [ 8, 12, 8 ], "axis": "y", "angle": -45 },
			"faces": {
				"down": { "uv": [ 9.048221, 5.80643, 10.04822, 6.80643 ], "texture": "#2" },
				"up": { "uv": [ 9.048221, 9.19357, 10.04822, 10.19357 ], "texture": "#2" },
				"north": { "uv": [ 5.951779, 4, 6.951779, 5 ], "texture": "#2" },
				"south": { "uv": [ 9.048221, 4, 10.04822, 5 ], "texture": "#2" },
				"west": { "uv": [ 9.19357, 4, 10.19357, 5 ], "texture": "#2" },
				"east": { "uv": [ 5.80643, 4, 6.80643, 5 ], "texture": "#2" }
			}
		},
		{
			"__comment": "flower22",
			"from": [ 8.6352, 10, 7.9028 ],
			"to": [ 9.6352, 11, 8.9028 ],
			"rotation": { "origin": [ 8, 12, 8 ], "axis": "y", "angle": -45 },
			"faces": {
				"down": { "uv": [ 8.51789, 6.619603, 9.51789, 7.619603 ], "texture": "#2" },
				"up": { "uv": [ 8.51789, 8.380397, 9.51789, 9.380397 ], "texture": "#2" },
				"north": { "uv": [ 6.48211, 5, 7.48211, 6 ], "texture": "#2" },
				"south": { "uv": [ 8.51789, 5, 9.51789, 6 ], "texture": "#2" },
				"west": { "uv": [ 8.380397, 5, 9.380397, 6 ], "texture": "#2" },
				"east": { "uv": [ 6.619603, 5, 7.619603, 6 ], "texture": "#2" }
			}
		},
		{
			"__comment": "flower23",
			"from": [ 3.6352, 8, 6.1028 ],
			"to": [ 4.6352, 9, 7.1028 ],
			"rotation": { "origin": [ 8, 12, 8 ], "axis": "y", "angle": -45 },
			"faces": {
				"down": { "uv": [ 6.255149, 11.42793, 7.255149, 12.42793 ], "texture": "#1" },
				"up": { "uv": [ 6.255149, 3.572071, 7.255149, 4.572071 ], "texture": "#1" },
				"north": { "uv": [ 8.744851, 7, 9.744851, 8 ], "texture": "#1" },
				"south": { "uv": [ 6.255149, 7, 7.255149, 8 ], "texture": "#1" },
				"west": { "uv": [ 3.572071, 7, 4.572071, 8 ], "texture": "#1" },
				"east": { "uv": [ 11.42793, 7, 12.42793, 8 ], "texture": "#1" }
			}
		},
		{
			"__comment": "flower24",
			"from": [ 4.6852, 10.95, 7.6528 ],
			"to": [ 5.6852, 11.95, 8.6528 ],
			"rotation": { "origin": [ 8, 12, 8 ], "axis": "y", "angle": -45 },
			"faces": {
				"down": { "uv": [ 5.901595, 9.589452, 6.901595, 10.58945 ], "texture": "#1" },
				"up": { "uv": [ 5.901595, 5.410548, 6.901595, 6.410548 ], "texture": "#1" },
				"north": { "uv": [ 9.098405, 4.05, 10.0984, 5.05 ], "texture": "#1" },
				"south": { "uv": [ 5.901595, 4.05, 6.901595, 5.05 ], "texture": "#1" },
				"west": { "uv": [ 5.410548, 4.05, 6.410548, 5.05 ], "texture": "#1" },
				"east": { "uv": [ 9.589452, 4.05, 10.58945, 5.05 ], "texture": "#1" }
			}
		},
		{
			"__comment": "flower25",
			"from": [ 6.6352, 9, 7.6528 ],
			"to": [ 7.6352, 10, 8.6528 ],
			"rotation": { "origin": [ 8, 12, 8 ], "axis": "y", "angle": -45 },
			"faces": {
				"down": { "uv": [ 7.280454, 8.210593, 8.280454, 9.210593 ], "texture": "#1" },
				"up": { "uv": [ 7.280454, 6.789407, 8.280454, 7.789407 ], "texture": "#1" },
				"north": { "uv": [ 7.719546, 6, 8.719546, 7 ], "texture": "#1" },
				"south": { "uv": [ 7.280454, 6, 8.280454, 7 ], "texture": "#1" },
				"west": { "uv": [ 6.789407, 6, 7.789407, 7 ], "texture": "#1" },
				"east": { "uv": [ 8.210593, 6, 9.210593, 7 ], "texture": "#1" }
			}
		},
		{
			"__comment": "flower26",
			"from": [ 7.6352, 11.9, 7.6528 ],
			"to": [ 8.635201, 12.9, 8.6528 ],
			"rotation": { "origin": [ 8, 12, 8 ], "axis": "y", "angle": -45 },
			"faces": {
				"down": { "uv": [ 7.98756, 7.503487, 8.98756, 8.503487 ], "texture": "#1" },
				"up": { "uv": [ 7.98756, 7.496513, 8.98756, 8.496513 ], "texture": "#1" },
				"north": { "uv": [ 7.01244, 3.1, 8.01244, 4.1 ], "texture": "#1" },
				"south": { "uv": [ 7.98756, 3.1, 8.98756, 4.1 ], "texture": "#1" },
				"west": { "uv": [ 7.496514, 3.1, 8.496513, 4.1 ], "texture": "#1" },
				"east": { "uv": [ 7.503486, 3.1, 8.503487, 4.1 ], "texture": "#1" }
			}
		},
		{
			"__comment": "flower27",
			"from": [ 11.5352, 9.95, 8.3028 ],
			"to": [ 12.5352, 10.95, 9.3028 ],
			"rotation": { "origin": [ 8, 12, 8 ], "axis": "y", "angle": -45 },
			"faces": {
				"down": { "uv": [ 10.28566, 4.28615, 11.28566, 5.28615 ], "texture": "#1" },
				"up": { "uv": [ 10.28566, 10.71385, 11.28566, 11.71385 ], "texture": "#1" },
				"north": { "uv": [ 4.714344, 5.05, 5.714344, 6.05 ], "texture": "#1" },
				"south": { "uv": [ 10.28566, 5.05, 11.28566, 6.05 ], "texture": "#1" },
				"west": { "uv": [ 10.71385, 5.05, 11.71385, 6.05 ], "texture": "#1" },
				"east": { "uv": [ 4.28615, 5.05, 5.28615, 6.05 ], "texture": "#1" }
			}
		},
		{
			"__comment": "flower28",
			"from": [ 9.5352, 11.9, 7.9528 ],
			"to": [ 10.5352, 12.9, 8.9528 ],
			"rotation": { "origin": [ 8, 12, 8 ], "axis": "y", "angle": -45 },
			"faces": {
				"down": { "uv": [ 9.118931, 5.947851, 10.11893, 6.947851 ], "texture": "#1" },
				"up": { "uv": [ 9.118931, 9.052149, 10.11893, 10.05215 ], "texture": "#1" },
				"north": { "uv": [ 5.881069, 3.1, 6.881069, 4.1 ], "texture": "#1" },
				"south": { "uv": [ 9.118931, 3.1, 10.11893, 4.1 ], "texture": "#1" },
				"west": { "uv": [ 9.052149, 3.1, 10.05215, 4.1 ], "texture": "#1" },
				"east": { "uv": [ 5.947851, 3.1, 6.947851, 4.1 ], "texture": "#1" }
			}
		},
		{
			"__comment": "flower29",
			"from": [ 7.7852, 5, 6.6028 ],
			"to": [ 8.785199, 9, 7.6028 ],
			"rotation": { "origin": [ 8, 12, 8 ], "axis": "y", "angle": -45 },
			"faces": {
				"down": { "uv": [ 8.836088, 8.139882, 9.836088, 9.139882 ], "texture": "#3" },
				"up": { "uv": [ 8.836088, 6.860118, 9.836088, 7.860118 ], "texture": "#3" },
				"north": { "uv": [ 6.163912, 7, 7.163912, 11 ], "texture": "#3" },
				"south": { "uv": [ 8.836088, 7, 9.836088, 11 ], "texture": "#3" },
				"west": { "uv": [ 6.860118, 7, 7.860118, 11 ], "texture": "#3" },
				"east": { "uv": [ 8.139882, 7, 9.139882, 11 ], "texture": "#3" }
			}
		},
		{
			"__comment": "flower30",
			"from": [ 7.8852, 6, 5.6028 ],
			"to": [ 8.885201, 7, 6.6028 ],
			"rotation": { "origin": [ 8, 12, 8 ], "axis": "y", "angle": -45 },
			"faces": {
				"down": { "uv": [ 9.613906, 8.776278, 10.61391, 9.776278 ], "texture": "#3" },
				"up": { "uv": [ 9.613906, 6.223722, 10.61391, 7.223722 ], "texture": "#3" },
				"north": { "uv": [ 5.386094, 9, 6.386094, 10 ], "texture": "#3" },
				"south": { "uv": [ 9.613906, 9, 10.61391, 10 ], "texture": "#3" },
				"west": { "uv": [ 6.223722, 9, 7.223722, 10 ], "texture": "#3" },
				"east": { "uv": [ 8.776278, 9, 9.776278, 10 ], "texture": "#3" }
			}
		},
		{
			"__comment": "flower31",
			"from": [ 8.2852, 7, 4.6028 ],
			"to": [ 9.2852, 8, 5.6028 ],
			"rotation": { "origin": [ 8, 12, 8 ], "axis": "y", "angle": -45 },
			"faces": {
				"down": { "uv": [ 10.60386, 9.200542, 11.60386, 10.20054 ], "texture": "#3" },
				"up": { "uv": [ 10.60386, 5.799458, 11.60386, 6.799458 ], "texture": "#3" },
				"north": { "uv": [ 4.396145, 8, 5.396145, 9 ], "texture": "#3" },
				"south": { "uv": [ 10.60386, 8, 11.60386, 9 ], "texture": "#3" },
				"west": { "uv": [ 5.799458, 8, 6.799458, 9 ], "texture": "#3" },
				"east": { "uv": [ 9.200542, 8, 10.20054, 9 ], "texture": "#3" }
			}
		},
		{
			"__comment": "flower32",
			"from": [ 7.5852, 6, 8.602799 ],
			"to": [ 8.585199, 10, 9.602799 ],
			"rotation": { "origin": [ 8, 12, 8 ], "axis": "y", "angle": -45 },
			"faces": {
				"down": { "uv": [ 7.280454, 6.86709, 8.280454, 7.86709 ], "texture": "#3" },
				"up": { "uv": [ 7.280454, 8.13291, 8.280454, 9.13291 ], "texture": "#3" },
				"north": { "uv": [ 7.719546, 6, 8.719546, 10 ], "texture": "#3" },
				"south": { "uv": [ 7.280454, 6, 8.280454, 10 ], "texture": "#3" },
				"west": { "uv": [ 8.13291, 6, 9.13291, 10 ], "texture": "#3" },
				"east": { "uv": [ 6.86709, 6, 7.86709, 10 ], "texture": "#3" }
			}
		},
		{
			"__comment": "flower33",
			"from": [ 7.1352, 8, 9.602799 ],
			"to": [ 8.135201, 9, 10.6028 ],
			"rotation": { "origin": [ 8, 12, 8 ], "axis": "y", "angle": -45 },
			"faces": {
				"down": { "uv": [ 6.255149, 6.478182, 7.255149, 7.478182 ], "texture": "#3" },
				"up": { "uv": [ 6.255149, 8.521818, 7.255149, 9.521818 ], "texture": "#3" },
				"north": { "uv": [ 8.744851, 7, 9.744851, 8 ], "texture": "#3" },
				"south": { "uv": [ 6.255149, 7, 7.255149, 8 ], "texture": "#3" },
				"west": { "uv": [ 8.521818, 7, 9.521818, 8 ], "texture": "#3" },
				"east": { "uv": [ 6.478182, 7, 7.478182, 8 ], "texture": "#3" }
			}
		},
		{
			"__comment": "flower34",
			"from": [ 6.8352, 8, 10.6028 ],
			"to": [ 7.8352, 10, 11.6028 ],
			"rotation": { "origin": [ 8, 12, 8 ], "axis": "y", "angle": -45 },
			"faces": {
				"down": { "uv": [ 5.33591, 5.983207, 6.33591, 6.983207 ], "texture": "#3" },
				"up": { "uv": [ 5.33591, 9.016793, 6.33591, 10.01679 ], "texture": "#3" },
				"north": { "uv": [ 9.66409, 6, 10.66409, 8 ], "texture": "#3" },
				"south": { "uv": [ 5.33591, 6, 6.33591, 8 ], "texture": "#3" },
				"west": { "uv": [ 9.016793, 6, 10.01679, 8 ], "texture": "#3" },
				"east": { "uv": [ 5.983207, 6, 6.983207, 8 ], "texture": "#3" }
			}
		},
		{
			"__comment": "flower35",
			"from": [ 7.6352, 9, 5.6028 ],
			"to": [ 8.635201, 11, 6.6028 ],
			"rotation": { "origin": [ 8, 12, 8 ], "axis": "y", "angle": -45 },
			"faces": {
				"down": { "uv": [ 9.437129, 8.953054, 10.43713, 9.953054 ], "texture": "#3" },
				"up": { "uv": [ 9.437129, 6.046946, 10.43713, 7.046946 ], "texture": "#3" },
				"north": { "uv": [ 5.562871, 5, 6.562871, 7 ], "texture": "#3" },
				"south": { "uv": [ 9.437129, 5, 10.43713, 7 ], "texture": "#3" },
				"west": { "uv": [ 6.046945, 5, 7.046945, 7 ], "texture": "#3" },
				"east": { "uv": [ 8.953054, 5, 9.953054, 7 ], "texture": "#3" }
			}
		},
		{
			"__comment": "flower36",
			"from": [ 7.4352, 11, 8.602799 ],
			"to": [ 8.4352, 12, 9.602799 ],
			"rotation": { "origin": [ 8, 12, 8 ], "axis": "y", "angle": -45 },
			"faces": {
				"down": { "uv": [ 7.174387, 6.973157, 8.174388, 7.973157 ], "texture": "#3" },
				"up": { "uv": [ 7.174387, 8.026843, 8.174388, 9.026843 ], "texture": "#3" },
				"north": { "uv": [ 7.825612, 4, 8.825613, 5 ], "texture": "#3" },
				"south": { "uv": [ 7.174387, 4, 8.174388, 5 ], "texture": "#3" },
				"west": { "uv": [ 8.026843, 4, 9.026843, 5 ], "texture": "#3" },
				"east": { "uv": [ 6.973157, 4, 7.973157, 5 ], "texture": "#3" }
			}
		},
		{
			"__comment": "flower37",
			"from": [ 8.085199, 7, 3.6028 ],
			"to": [ 9.085199, 8, 4.6028 ],
			"rotation": { "origin": [ 8, 12, 8 ], "axis": "y", "angle": -45 },
			"faces": {
				"down": { "uv": [ 11.16954, 10.04907, 12.16954, 11.04907 ], "texture": "#2" },
				"up": { "uv": [ 11.16954, 4.95093, 12.16954, 5.95093 ], "texture": "#2" },
				"north": { "uv": [ 3.83046, 8, 4.83046, 9 ], "texture": "#2" },
				"south": { "uv": [ 11.16954, 8, 12.16954, 9 ], "texture": "#2" },
				"west": { "uv": [ 4.950929, 8, 5.95093, 9 ], "texture": "#2" },
				"east": { "uv": [ 10.04907, 8, 11.04907, 9 ], "texture": "#2" }
			}
		},
		{
			"__comment": "flower38",
			"from": [ 8.085199, 8, 4.6028 ],
			"to": [ 9.085199, 9, 5.6028 ],
			"rotation": { "origin": [ 8, 12, 8 ], "axis": "y", "angle": -45 },
			"faces": {
				"down": { "uv": [ 10.46243, 9.341964, 11.46243, 10.34196 ], "texture": "#2" },
				"up": { "uv": [ 10.46243, 5.658036, 11.46243, 6.658036 ], "texture": "#2" },
				"north": { "uv": [ 4.537566, 7, 5.537566, 8 ], "texture": "#2" },
				"south": { "uv": [ 10.46243, 7, 11.46243, 8 ], "texture": "#2" },
				"west": { "uv": [ 5.658036, 7, 6.658036, 8 ], "texture": "#2" },
				"east": { "uv": [ 9.341964, 7, 10.34196, 8 ], "texture": "#2" }
			}
		},
		{
			"__comment": "flower39",
			"from": [ 7.8852, 8, 3.6028 ],
			"to": [ 8.885201, 9, 4.6028 ],
			"rotation": { "origin": [ 8, 12, 8 ], "axis": "y", "angle": -45 },
			"faces": {
				"down": { "uv": [ 11.02812, 10.19049, 12.02812, 11.19049 ], "texture": "#1" },
				"up": { "uv": [ 11.02812, 4.809508, 12.02812, 5.809508 ], "texture": "#1" },
				"north": { "uv": [ 3.97188, 7, 4.97188, 8 ], "texture": "#1" },
				"south": { "uv": [ 11.02812, 7, 12.02812, 8 ], "texture": "#1" },
				"west": { "uv": [ 4.809508, 7, 5.809508, 8 ], "texture": "#1" },
				"east": { "uv": [ 10.19049, 7, 11.19049, 8 ], "texture": "#1" }
			}
		},
		{
			"__comment": "flower40",
			"from": [ 7.7352, 10, 4.6028 ],
			"to": [ 8.735201, 11, 5.6028 ],
			"rotation": { "origin": [ 8, 12, 8 ], "axis": "y", "angle": -45 },
			"faces": {
				"down": { "uv": [ 10.21495, 9.589451, 11.21495, 10.58945 ], "texture": "#2" },
				"up": { "uv": [ 10.21495, 5.410549, 11.21495, 6.410549 ], "texture": "#2" },
				"north": { "uv": [ 4.785053, 5, 5.785053, 6 ], "texture": "#2" },
				"south": { "uv": [ 10.21495, 5, 11.21495, 6 ], "texture": "#2" },
				"west": { "uv": [ 5.410549, 5, 6.410549, 6 ], "texture": "#2" },
				"east": { "uv": [ 9.589451, 5, 10.58945, 6 ], "texture": "#2" }
			}
		},
		{
			"__comment": "flower41",
			"from": [ 7.5852, 10.95, 4.6528 ],
			"to": [ 8.585199, 11.95, 5.6528 ],
			"rotation": { "origin": [ 8, 12, 8 ], "axis": "y", "angle": -45 },
			"faces": {
				"down": { "uv": [ 10.07353, 9.660162, 11.07353, 10.66016 ], "texture": "#1" },
				"up": { "uv": [ 10.07353, 5.339838, 11.07353, 6.339838 ], "texture": "#1" },
				"north": { "uv": [ 4.926475, 4.05, 5.926475, 5.05 ], "texture": "#1" },
				"south": { "uv": [ 10.07353, 4.05, 11.07353, 5.05 ], "texture": "#1" },
				"west": { "uv": [ 5.339838, 4.05, 6.339838, 5.05 ], "texture": "#1" },
				"east": { "uv": [ 9.660162, 4.05, 10.66016, 5.05 ], "texture": "#1" }
			}
		},
		{
			"__comment": "flower42",
			"from": [ 7.8352, 11, 5.5528 ],
			"to": [ 8.835199, 12, 6.5528 ],
			"rotation": { "origin": [ 8, 12, 8 ], "axis": "y", "angle": -45 },
			"faces": {
				"down": { "uv": [ 9.613906, 8.846989, 10.61391, 9.846989 ], "texture": "#2" },
				"up": { "uv": [ 9.613906, 6.153011, 10.61391, 7.153011 ], "texture": "#2" },
				"north": { "uv": [ 5.386094, 4, 6.386094, 5 ], "texture": "#2" },
				"south": { "uv": [ 9.613906, 4, 10.61391, 5 ], "texture": "#2" },
				"west": { "uv": [ 6.153011, 4, 7.153011, 5 ], "texture": "#2" },
				"east": { "uv": [ 8.846989, 4, 9.846989, 5 ], "texture": "#2" }
			}
		},
		{
			"__comment": "flower43",
			"from": [ 7.8352, 9.95, 6.6028 ],
			"to": [ 8.835199, 10.95, 7.6028 ],
			"rotation": { "origin": [ 8, 12, 8 ], "axis": "y", "angle": -45 },
			"faces": {
				"down": { "uv": [ 8.871444, 8.104527, 9.871444, 9.104527 ], "texture": "#2" },
				"up": { "uv": [ 8.871444, 6.895473, 9.871444, 7.895473 ], "texture": "#2" },
				"north": { "uv": [ 6.128556, 5.05, 7.128556, 6.05 ], "texture": "#2" },
				"south": { "uv": [ 8.871444, 5.05, 9.871444, 6.05 ], "texture": "#2" },
				"west": { "uv": [ 6.895473, 5.05, 7.895473, 6.05 ], "texture": "#2" },
				"east": { "uv": [ 8.104527, 5.05, 9.104527, 6.05 ], "texture": "#2" }
			}
		},
		{
			"__comment": "flower44",
			"from": [ 7.5852, 9, 6.6028 ],
			"to": [ 8.585199, 10, 7.6028 ],
			"rotation": { "origin": [ 8, 12, 8 ], "axis": "y", "angle": -45 },
			"faces": {
				"down": { "uv": [ 8.694667, 8.281303, 9.694667, 9.281303 ], "texture": "#1" },
				"up": { "uv": [ 8.694667, 6.718697, 9.694667, 7.718697 ], "texture": "#1" },
				"north": { "uv": [ 6.305333, 6, 7.305333, 7 ], "texture": "#1" },
				"south": { "uv": [ 8.694667, 6, 9.694667, 7 ], "texture": "#1" },
				"west": { "uv": [ 6.718697, 6, 7.718697, 7 ], "texture": "#1" },
				"east": { "uv": [ 8.281303, 6, 9.281303, 7 ], "texture": "#1" }
			}
		},
		{
			"__comment": "flower45",
			"from": [ 7.6352, 11.95, 6.7028 ],
			"to": [ 8.635201, 12.95, 7.7028 ],
			"rotation": { "origin": [ 8, 12, 8 ], "axis": "y", "angle": -45 },
			"faces": {
				"down": { "uv": [ 8.659311, 8.175238, 9.659311, 9.175238 ], "texture": "#2" },
				"up": { "uv": [ 8.659311, 6.824762, 9.659311, 7.824762 ], "texture": "#2" },
				"north": { "uv": [ 6.340689, 3.05, 7.340689, 4.05 ], "texture": "#2" },
				"south": { "uv": [ 8.659311, 3.05, 9.659311, 4.05 ], "texture": "#2" },
				"west": { "uv": [ 6.824762, 3.05, 7.824762, 4.05 ], "texture": "#2" },
				"east": { "uv": [ 8.175238, 3.05, 9.175238, 4.05 ], "texture": "#2" }
			}
		},
		{
			"__comment": "flower46",
			"from": [ 7.6352, 11.95, 8.5528 ],
			"to": [ 8.635201, 12.95, 9.5528 ],
			"rotation": { "origin": [ 8, 12, 8 ], "axis": "y", "angle": -45 },
			"faces": {
				"down": { "uv": [ 7.351164, 6.86709, 8.351164, 7.86709 ], "texture": "#2" },
				"up": { "uv": [ 7.351164, 8.13291, 8.351164, 9.13291 ], "texture": "#2" },
				"north": { "uv": [ 7.648836, 3.05, 8.648836, 4.05 ], "texture": "#2" },
				"south": { "uv": [ 7.351164, 3.05, 8.351164, 4.05 ], "texture": "#2" },
				"west": { "uv": [ 8.13291, 3.05, 9.13291, 4.05 ], "texture": "#2" },
				"east": { "uv": [ 6.86709, 3.05, 7.86709, 4.05 ], "texture": "#2" }
			}
		},
		{
			"__comment": "flower47",
			"from": [ 6.7852, 10, 10.6028 ],
			"to": [ 7.7852, 11, 11.6028 ],
			"rotation": { "origin": [ 8, 12, 8 ], "axis": "y", "angle": -45 },
			"faces": {
				"down": { "uv": [ 5.300555, 6.018562, 6.300555, 7.018562 ], "texture": "#2" },
				"up": { "uv": [ 5.300555, 8.981438, 6.300555, 9.981438 ], "texture": "#2" },
				"north": { "uv": [ 9.699446, 5, 10.69945, 6 ], "texture": "#2" },
				"south": { "uv": [ 5.300555, 5, 6.300555, 6 ], "texture": "#2" },
				"west": { "uv": [ 8.981438, 5, 9.981438, 6 ], "texture": "#2" },
				"east": { "uv": [ 6.018562, 5, 7.018562, 6 ], "texture": "#2" }
			}
		},
		{
			"__comment": "flower48",
			"from": [ 6.7852, 9, 11.6028 ],
			"to": [ 7.7852, 10, 12.6028 ],
			"rotation": { "origin": [ 8, 12, 8 ], "axis": "y", "angle": -45 },
			"faces": {
				"down": { "uv": [ 4.593448, 5.311456, 5.593448, 6.311456 ], "texture": "#2" },
				"up": { "uv": [ 4.593448, 9.688544, 5.593448, 10.68854 ], "texture": "#2" },
				"north": { "uv": [ 10.40655, 6, 11.40655, 7 ], "texture": "#2" },
				"south": { "uv": [ 4.593448, 6, 5.593448, 7 ], "texture": "#2" },
				"west": { "uv": [ 9.688544, 6, 10.68854, 7 ], "texture": "#2" },
				"east": { "uv": [ 5.311456, 6, 6.311456, 7 ], "texture": "#2" }
			}
		},
		{
			"__comment": "flower49",
			"from": [ 6.9352, 9.95, 11.5028 ],
			"to": [ 7.9352, 10.95, 12.5028 ],
			"rotation": { "origin": [ 8, 12, 8 ], "axis": "y", "angle": -45 },
			"faces": {
				"down": { "uv": [ 4.770224, 5.2761, 5.770224, 6.2761 ], "texture": "#1" },
				"up": { "uv": [ 4.770224, 9.7239, 5.770224, 10.7239 ], "texture": "#1" },
				"north": { "uv": [ 10.22978, 5.05, 11.22978, 6.05 ], "texture": "#1" },
				"south": { "uv": [ 4.770224, 5.05, 5.770224, 6.05 ], "texture": "#1" },
				"west": { "uv": [ 9.7239, 5.05, 10.7239, 6.05 ], "texture": "#1" },
				"east": { "uv": [ 5.2761, 5.05, 6.2761, 6.05 ], "texture": "#1" }
			}
		},
		{
			"__comment": "flower50",
			"from": [ 7.0852, 6.05, 9.5028 ],
			"to": [ 8.085199, 8.05, 10.5028 ],
			"rotation": { "origin": [ 8, 12, 8 ], "axis": "y", "angle": -45 },
			"faces": {
				"down": { "uv": [ 6.290504, 6.584248, 7.290504, 7.584248 ], "texture": "#2" },
				"up": { "uv": [ 6.290504, 8.415752, 7.290504, 9.415752 ], "texture": "#2" },
				"north": { "uv": [ 8.709496, 7.95, 9.709496, 9.95 ], "texture": "#2" },
				"south": { "uv": [ 6.290504, 7.95, 7.290504, 9.95 ], "texture": "#2" },
				"west": { "uv": [ 8.415752, 7.95, 9.415752, 9.95 ], "texture": "#2" },
				"east": { "uv": [ 6.584248, 7.95, 7.584248, 9.95 ], "texture": "#2" }
			}
		},
		{
			"__comment": "flower51",
			"from": [ 7.1352, 11, 9.5528 ],
			"to": [ 8.135201, 12, 10.5528 ],
			"rotation": { "origin": [ 8, 12, 8 ], "axis": "y", "angle": -45 },
			"faces": {
				"down": { "uv": [ 6.290504, 6.513536, 7.290504, 7.513536 ], "texture": "#2" },
				"up": { "uv": [ 6.290504, 8.486464, 7.290504, 9.486464 ], "texture": "#2" },
				"north": { "uv": [ 8.709496, 4, 9.709496, 5 ], "texture": "#2" },
				"south": { "uv": [ 6.290504, 4, 7.290504, 5 ], "texture": "#2" },
				"west": { "uv": [ 8.486464, 4, 9.486464, 5 ], "texture": "#2" },
				"east": { "uv": [ 6.513536, 4, 7.513536, 5 ], "texture": "#2" }
			}
		},
		{
			"__comment": "flower52",
			"from": [ 7.3352, 10, 8.602799 ],
			"to": [ 8.335199, 11, 9.602799 ],
			"rotation": { "origin": [ 8, 12, 8 ], "axis": "y", "angle": -45 },
			"faces": {
				"down": { "uv": [ 7.103677, 7.043867, 8.103677, 8.043867 ], "texture": "#2" },
				"up": { "uv": [ 7.103677, 7.956133, 8.103677, 8.956133 ], "texture": "#2" },
				"north": { "uv": [ 7.896323, 5, 8.896323, 6 ], "texture": "#2" },
				"south": { "uv": [ 7.103677, 5, 8.103677, 6 ], "texture": "#2" },
				"west": { "uv": [ 7.956133, 5, 8.956133, 6 ], "texture": "#2" },
				"east": { "uv": [ 7.043867, 5, 8.043867, 6 ], "texture": "#2" }
			}
		},
		{
			"__comment": "flower53",
			"from": [ 7.2852, 11.9, 9.5028 ],
			"to": [ 8.285199, 12.9, 10.5028 ],
			"rotation": { "origin": [ 8, 12, 8 ], "axis": "y", "angle": -45 },
			"faces": {
				"down": { "uv": [ 6.431925, 6.442826, 7.431924, 7.442826 ], "texture": "#1" },
				"up": { "uv": [ 6.431925, 8.557174, 7.431924, 9.557174 ], "texture": "#1" },
				"north": { "uv": [ 8.568075, 3.1, 9.568075, 4.1 ], "texture": "#1" },
				"south": { "uv": [ 6.431925, 3.1, 7.431924, 4.1 ], "texture": "#1" },
				"west": { "uv": [ 8.557174, 3.1, 9.557174, 4.1 ], "texture": "#1" },
				"east": { "uv": [ 6.442826, 3.1, 7.442826, 4.1 ], "texture": "#1" }
			}
		}
	]
}