{
	"__comment": "Designed by CreatorLabs with Cubik Studio - https://cubik.studio",
	"ambientocclusion": true,
	"textures": {
		"particle": "3d_blocks/brick_light",
		"flowerpot": "3d_blocks/brick_light",
		"dirt": "blocks/dirt",
		"plant": "#plant"
	},
	"elements": [ 	 
		{
			"__comment": "pot1",
			"from": [ 4, 5, 7 ],
			"to": [ 5, 6, 9 ],
			"faces": {
				"down": { "uv": [ 4, 7, 5, 9 ], "texture": "#flowerpot" },
				"up": { "uv": [ 4, 7, 5, 9 ], "texture": "#flowerpot" },
				"north": { "uv": [ 11, 10, 12, 11 ], "texture": "#flowerpot" },
				"south": { "uv": [ 4, 10, 5, 11 ], "texture": "#flowerpot" },
				"west": { "uv": [ 7, 10, 9, 11 ], "texture": "#flowerpot" },
				"east": { "uv": [ 7, 10, 9, 11 ], "texture": "#flowerpot" }
			}
		},
		{
			"__comment": "pot2",
			"from": [ 5, 2, 7 ],
			"to": [ 7, 3, 9 ],
			"faces": {
				"down": { "uv": [ 5, 7, 7, 9 ], "texture": "#flowerpot" },
				"north": { "uv": [ 9, 13, 11, 14 ], "texture": "#flowerpot" },
				"south": { "uv": [ 5, 13, 7, 14 ], "texture": "#flowerpot" },
				"west": { "uv": [ 7, 13, 9, 14 ], "texture": "#flowerpot" }
			}
		},
		{
			"__comment": "pot3",
			"from": [ 5, 3, 7 ],
			"to": [ 6, 5, 9 ],
			"faces": {
				"north": { "uv": [ 10, 11, 11, 13 ], "texture": "#flowerpot" },
				"south": { "uv": [ 5, 11, 6, 13 ], "texture": "#flowerpot" },
				"west": { "uv": [ 7, 11, 9, 13 ], "texture": "#flowerpot" }
			}
		},
		{
			"__comment": "pot4",
			"from": [ 5, 5, 6 ],
			"to": [ 6, 6, 7 ],
			"faces": {
				"down": { "uv": [ 5, 9, 6, 10 ], "texture": "#flowerpot" },
				"up": { "uv": [ 5, 6, 6, 7 ], "texture": "#flowerpot" },
				"north": { "uv": [ 10, 10, 11, 11 ], "texture": "#flowerpot" },
				"south": { "uv": [ 5, 10, 6, 11 ], "texture": "#flowerpot" },
				"west": { "uv": [ 6, 10, 7, 11 ], "texture": "#flowerpot" },
				"east": { "uv": [ 9, 10, 10, 11 ], "texture": "#flowerpot" }
			}
		},
		{
			"__comment": "pot5",
			"from": [ 5, 5, 9 ],
			"to": [ 6, 6, 10 ],
			"faces": {
				"down": { "uv": [ 5, 6, 6, 7 ], "texture": "#flowerpot" },
				"up": { "uv": [ 5, 9, 6, 10 ], "texture": "#flowerpot" },
				"north": { "uv": [ 10, 10, 11, 11 ], "texture": "#flowerpot" },
				"south": { "uv": [ 5, 10, 6, 11 ], "texture": "#flowerpot" },
				"west": { "uv": [ 9, 10, 10, 11 ], "texture": "#flowerpot" },
				"east": { "uv": [ 6, 10, 7, 11 ], "texture": "#flowerpot" }
			}
		},
		{
			"__comment": "pot6",
			"from": [ 6, 0, 7 ],
			"to": [ 10, 1, 9 ],
			"faces": {
				"down": { "uv": [ 6, 7, 10, 9 ], "texture": "#flowerpot" },
				"north": { "uv": [ 6, 15, 10, 16 ], "texture": "#flowerpot" },
				"south": { "uv": [ 6, 15, 10, 16 ], "texture": "#flowerpot" },
				"west": { "uv": [ 7, 15, 9, 16 ], "texture": "#flowerpot" },
				"east": { "uv": [ 7, 15, 9, 16 ], "texture": "#flowerpot" }
			}
		},
		{
			"__comment": "pot7",
			"from": [ 6, 1, 7 ],
			"to": [ 7, 2, 9 ],
			"faces": {
				"north": { "uv": [ 9, 14, 10, 15 ], "texture": "#flowerpot" },
				"south": { "uv": [ 6, 14, 7, 15 ], "texture": "#flowerpot" },
				"west": { "uv": [ 7, 14, 9, 15 ], "texture": "#flowerpot" }
			}
		},
		{
			"__comment": "pot8",
			"from": [ 6, 2, 6 ],
			"to": [ 10, 3, 7 ],
			"faces": {
				"down": { "uv": [ 6, 9, 10, 10 ], "texture": "#flowerpot" },
				"north": { "uv": [ 6, 13, 10, 14 ], "texture": "#flowerpot" },
				"west": { "uv": [ 6, 13, 7, 14 ], "texture": "#flowerpot" },
				"east": { "uv": [ 9, 13, 10, 14 ], "texture": "#flowerpot" }
			}
		},
		{
			"__comment": "pot9",
			"from": [ 6, 2, 9 ],
			"to": [ 10, 3, 10 ],
			"faces": {
				"down": { "uv": [ 6, 6, 10, 7 ], "texture": "#flowerpot" },
				"south": { "uv": [ 6, 13, 10, 14 ], "texture": "#flowerpot" },
				"west": { "uv": [ 9, 13, 10, 14 ], "texture": "#flowerpot" },
				"east": { "uv": [ 6, 13, 7, 14 ], "texture": "#flowerpot" }
			}
		},
		{
			"__comment": "pot10",
			"from": [ 6, 3, 6 ],
			"to": [ 7, 5, 7 ],
			"faces": {
				"north": { "uv": [ 9, 11, 10, 13 ], "texture": "#flowerpot" },
				"west": { "uv": [ 6, 11, 7, 13 ], "texture": "#flowerpot" }
			}
		},
		{
			"__comment": "pot11",
			"from": [ 6, 3, 9 ],
			"to": [ 7, 5, 10 ],
			"faces": {
				"south": { "uv": [ 6, 11, 7, 13 ], "texture": "#flowerpot" },
				"west": { "uv": [ 9, 11, 10, 13 ], "texture": "#flowerpot" }
			}
		},
		{
			"__comment": "pot12",
			"from": [ 6, 5, 5 ],
			"to": [ 7, 6, 6 ],
			"faces": {
				"down": { "uv": [ 6, 10, 7, 11 ], "texture": "#flowerpot" },
				"up": { "uv": [ 6, 5, 7, 6 ], "texture": "#flowerpot" },
				"north": { "uv": [ 9, 10, 10, 11 ], "texture": "#flowerpot" },
				"south": { "uv": [ 6, 10, 7, 11 ], "texture": "#flowerpot" },
				"west": { "uv": [ 5, 10, 6, 11 ], "texture": "#flowerpot" },
				"east": { "uv": [ 10, 10, 11, 11 ], "texture": "#flowerpot" }
			}
		},
		{
			"__comment": "pot13",
			"from": [ 6, 5, 10 ],
			"to": [ 7, 6, 11 ],
			"faces": {
				"down": { "uv": [ 6, 5, 7, 6 ], "texture": "#flowerpot" },
				"up": { "uv": [ 6, 10, 7, 11 ], "texture": "#flowerpot" },
				"north": { "uv": [ 9, 10, 10, 11 ], "texture": "#flowerpot" },
				"south": { "uv": [ 6, 10, 7, 11 ], "texture": "#flowerpot" },
				"west": { "uv": [ 10, 10, 11, 11 ], "texture": "#flowerpot" },
				"east": { "uv": [ 5, 10, 6, 11 ], "texture": "#flowerpot" }
			}
		},
		{
			"__comment": "pot14",
			"from": [ 7, 0, 6 ],
			"to": [ 9, 2, 7 ],
			"faces": {
				"down": { "uv": [ 7, 9, 9, 10 ], "texture": "#flowerpot" },
				"north": { "uv": [ 7, 14, 9, 16 ], "texture": "#flowerpot" },
				"west": { "uv": [ 6, 14, 7, 16 ], "texture": "#flowerpot" },
				"east": { "uv": [ 9, 14, 10, 16 ], "texture": "#flowerpot" }
			}
		},
		{
			"__comment": "pot15",
			"from": [ 7, 0, 9 ],
			"to": [ 9, 2, 10 ],
			"faces": {
				"down": { "uv": [ 7, 6, 9, 7 ], "texture": "#flowerpot" },
				"south": { "uv": [ 7, 14, 9, 16 ], "texture": "#flowerpot" },
				"west": { "uv": [ 9, 14, 10, 16 ], "texture": "#flowerpot" },
				"east": { "uv": [ 6, 14, 7, 16 ], "texture": "#flowerpot" }
			}
		},
		{
			"__comment": "pot16",
			"from": [ 7, 2, 5 ],
			"to": [ 9, 5, 6 ],
			"faces": {
				"down": { "uv": [ 7, 10, 9, 11 ], "texture": "#flowerpot" },
				"north": { "uv": [ 7, 11, 9, 14 ], "texture": "#flowerpot" },
				"west": { "uv": [ 5, 11, 6, 14 ], "texture": "#flowerpot" },
				"east": { "uv": [ 10, 11, 11, 14 ], "texture": "#flowerpot" }
			}
		},
		{
			"__comment": "pot17",
			"from": [ 7, 2, 10 ],
			"to": [ 9, 5, 11 ],
			"faces": {
				"down": { "uv": [ 7, 5, 9, 6 ], "texture": "#flowerpot" },
				"south": { "uv": [ 7, 11, 9, 14 ], "texture": "#flowerpot" },
				"west": { "uv": [ 10, 11, 11, 14 ], "texture": "#flowerpot" },
				"east": { "uv": [ 5, 11, 6, 14 ], "texture": "#flowerpot" }
			}
		},
		{
			"__comment": "pot18",
			"from": [ 7, 5, 4 ],
			"to": [ 9, 6, 5 ],
			"faces": {
				"down": { "uv": [ 7, 11, 9, 12 ], "texture": "#flowerpot" },
				"up": { "uv": [ 7, 4, 9, 5 ], "texture": "#flowerpot" },
				"north": { "uv": [ 7, 10, 9, 11 ], "texture": "#flowerpot" },
				"south": { "uv": [ 7, 10, 9, 11 ], "texture": "#flowerpot" },
				"west": { "uv": [ 4, 10, 5, 11 ], "texture": "#flowerpot" },
				"east": { "uv": [ 11, 10, 12, 11 ], "texture": "#flowerpot" }
			}
		},
		{
			"__comment": "pot19",
			"from": [ 7, 5, 11 ],
			"to": [ 9, 6, 12 ],
			"faces": {
				"down": { "uv": [ 7, 4, 9, 5 ], "texture": "#flowerpot" },
				"up": { "uv": [ 7, 11, 9, 12 ], "texture": "#flowerpot" },
				"north": { "uv": [ 7, 10, 9, 11 ], "texture": "#flowerpot" },
				"south": { "uv": [ 7, 10, 9, 11 ], "texture": "#flowerpot" },
				"west": { "uv": [ 11, 10, 12, 11 ], "texture": "#flowerpot" },
				"east": { "uv": [ 4, 10, 5, 11 ], "texture": "#flowerpot" }
			}
		},
		{
			"__comment": "pot20",
			"from": [ 9, 1, 7 ],
			"to": [ 10, 3, 9 ],
			"faces": {
				"north": { "uv": [ 6, 13, 7, 15 ], "texture": "#flowerpot" },
				"south": { "uv": [ 9, 13, 10, 15 ], "texture": "#flowerpot" },
				"east": { "uv": [ 7, 13, 9, 15 ], "texture": "#flowerpot" }
			}
		},
		{
			"__comment": "pot21",
			"from": [ 9, 3, 6 ],
			"to": [ 10, 5, 7 ],
			"faces": {
				"north": { "uv": [ 6, 11, 7, 13 ], "texture": "#flowerpot" },
				"east": { "uv": [ 9, 11, 10, 13 ], "texture": "#flowerpot" }
			}
		},
		{
			"__comment": "pot22",
			"from": [ 9, 3, 9 ],
			"to": [ 10, 5, 10 ],
			"faces": {
				"south": { "uv": [ 9, 11, 10, 13 ], "texture": "#flowerpot" },
				"east": { "uv": [ 6, 11, 7, 13 ], "texture": "#flowerpot" }
			}
		},
		{
			"__comment": "pot23",
			"from": [ 9, 5, 5 ],
			"to": [ 10, 6, 6 ],
			"faces": {
				"down": { "uv": [ 9, 10, 10, 11 ], "texture": "#flowerpot" },
				"up": { "uv": [ 9, 5, 10, 6 ], "texture": "#flowerpot" },
				"north": { "uv": [ 6, 10, 7, 11 ], "texture": "#flowerpot" },
				"south": { "uv": [ 9, 10, 10, 11 ], "texture": "#flowerpot" },
				"west": { "uv": [ 5, 10, 6, 11 ], "texture": "#flowerpot" },
				"east": { "uv": [ 10, 10, 11, 11 ], "texture": "#flowerpot" }
			}
		},
		{
			"__comment": "pot24",
			"from": [ 9, 5, 10 ],
			"to": [ 10, 6, 11 ],
			"faces": {
				"down": { "uv": [ 9, 5, 10, 6 ], "texture": "#flowerpot" },
				"up": { "uv": [ 9, 10, 10, 11 ], "texture": "#flowerpot" },
				"north": { "uv": [ 6, 10, 7, 11 ], "texture": "#flowerpot" },
				"south": { "uv": [ 9, 10, 10, 11 ], "texture": "#flowerpot" },
				"west": { "uv": [ 10, 10, 11, 11 ], "texture": "#flowerpot" },
				"east": { "uv": [ 5, 10, 6, 11 ], "texture": "#flowerpot" }
			}
		},
		{
			"__comment": "pot25",
			"from": [ 10, 2, 7 ],
			"to": [ 11, 5, 9 ],
			"faces": {
				"down": { "uv": [ 10, 7, 11, 9 ], "texture": "#flowerpot" },
				"north": { "uv": [ 5, 11, 6, 14 ], "texture": "#flowerpot" },
				"south": { "uv": [ 10, 11, 11, 14 ], "texture": "#flowerpot" },
				"east": { "uv": [ 7, 11, 9, 14 ], "texture": "#flowerpot" }
			}
		},
		{
			"__comment": "pot26",
			"from": [ 10, 5, 6 ],
			"to": [ 11, 6, 7 ],
			"faces": {
				"down": { "uv": [ 10, 9, 11, 10 ], "texture": "#flowerpot" },
				"up": { "uv": [ 10, 6, 11, 7 ], "texture": "#flowerpot" },
				"north": { "uv": [ 5, 10, 6, 11 ], "texture": "#flowerpot" },
				"south": { "uv": [ 10, 10, 11, 11 ], "texture": "#flowerpot" },
				"west": { "uv": [ 6, 10, 7, 11 ], "texture": "#flowerpot" },
				"east": { "uv": [ 9, 10, 10, 11 ], "texture": "#flowerpot" }
			}
		},
		{
			"__comment": "pot27",
			"from": [ 10, 5, 9 ],
			"to": [ 11, 6, 10 ],
			"faces": {
				"down": { "uv": [ 10, 6, 11, 7 ], "texture": "#flowerpot" },
				"up": { "uv": [ 10, 9, 11, 10 ], "texture": "#flowerpot" },
				"north": { "uv": [ 5, 10, 6, 11 ], "texture": "#flowerpot" },
				"south": { "uv": [ 10, 10, 11, 11 ], "texture": "#flowerpot" },
				"west": { "uv": [ 9, 10, 10, 11 ], "texture": "#flowerpot" },
				"east": { "uv": [ 6, 10, 7, 11 ], "texture": "#flowerpot" }
			}
		},
		{
			"__comment": "pot",
			"from": [ 11, 5, 7 ],
			"to": [ 12, 6, 9 ],
			"faces": {
				"down": { "uv": [ 11, 7, 12, 9 ], "texture": "#flowerpot" },
				"up": { "uv": [ 11, 7, 12, 9 ], "texture": "#flowerpot" },
				"north": { "uv": [ 4, 10, 5, 11 ], "texture": "#flowerpot" },
				"south": { "uv": [ 11, 10, 12, 11 ], "texture": "#flowerpot" },
				"west": { "uv": [ 7, 10, 9, 11 ], "texture": "#flowerpot" },
				"east": { "uv": [ 7, 10, 9, 11 ], "texture": "#flowerpot" }
			}
		},
		{
			"__comment": "dirt",
			"from": [ 5, 5, 7 ],
			"to": [ 11, 5.25, 9 ],
			"faces": {
				"up": { "uv": [ 5, 7, 11, 9 ], "texture": "#dirt" }
			}
		},
		{
			"__comment": "dirt2",
			"from": [ 6, 5, 6 ],
			"to": [ 10, 5.25, 7 ],
			"faces": {
				"up": { "uv": [ 6, 6, 10, 7 ], "texture": "#dirt" }
			}
		},
		{
			"__comment": "dirt3",
			"from": [ 6, 5, 9 ],
			"to": [ 10, 5.25, 10 ],
			"faces": {
				"up": { "uv": [ 6, 9, 10, 10 ], "texture": "#dirt" }
			}
		},
		{
			"__comment": "dirt4",
			"from": [ 7, 5, 5 ],
			"to": [ 9, 5.25, 6 ],
			"faces": {
				"up": { "uv": [ 7, 5, 9, 6 ], "texture": "#dirt" }
			}
		},
		{
			"__comment": "dirt5",
			"from": [ 7, 5, 10 ],
			"to": [ 9, 5.25, 11 ],
			"faces": {
				"up": { "uv": [ 7, 10, 9, 11 ], "texture": "#dirt" }
			}
		},
		{
			"from": [ 2.6, 4, 8 ],
			"to": [ 13.4, 16, 8.001 ],
			"rotation": { "origin": [ 8, 8, 8 ], "axis": "y", "angle": 45, "rescale": true },
			"faces": {
				"north": { "uv": [ 0, 0, 16, 16 ], "texture": "#plant" },
				"south": { "uv": [ 0, 0, 16, 16 ], "texture": "#plant" }
			}
		},
		{
			"from": [ 8, 4, 2.6 ],
			"to": [ 8.001, 16, 13.4 ],
			"rotation": { "origin": [ 8, 8, 8 ], "axis": "y", "angle": 45, "rescale": true },
			"faces": {
				"west": { "uv": [ 0, 0, 16, 16 ], "texture": "#plant" },
				"east": { "uv": [ 0, 0, 16, 16 ], "texture": "#plant" }
			}
		}
	]
}