{
	"__comment": "Designed by CreatorLabs with Cubik Studio - https://cubik.studio",
	"textures": {
		"particle": "3d_blocks/brick_light",
		"flowerpot": "3d_blocks/brick_light",
		"dirt": "3d_blocks/dirt",
		"1": "3d_decoration/3d_flower_blue_orchid",
		"2": "3d_decoration/3d_flower_stem_0"
	},
	"elements": [ 	 
		{
			"__comment": "pot1",
			"from": [ 4, 5, 7 ],
			"to": [ 5, 6, 9 ],
			"faces": {
				"down": { "uv": [ 4, 7, 5, 9 ], "texture": "#flowerpot" },
				"up": { "uv": [ 4, 7, 5, 9 ], "texture": "#flowerpot" },
				"north": { "uv": [ 11, 10, 12, 11 ], "texture": "#flowerpot" },
				"south": { "uv": [ 4, 10, 5, 11 ], "texture": "#flowerpot" },
				"west": { "uv": [ 7, 10, 9, 11 ], "texture": "#flowerpot" },
				"east": { "uv": [ 7, 10, 9, 11 ], "texture": "#flowerpot" }
			}
		},
		{
			"__comment": "pot2",
			"from": [ 5, 2, 7 ],
			"to": [ 7, 3, 9 ],
			"faces": {
				"down": { "uv": [ 5, 7, 7, 9 ], "texture": "#flowerpot" },
				"north": { "uv": [ 9, 13, 11, 14 ], "texture": "#flowerpot" },
				"south": { "uv": [ 5, 13, 7, 14 ], "texture": "#flowerpot" },
				"west": { "uv": [ 7, 13, 9, 14 ], "texture": "#flowerpot" }
			}
		},
		{
			"__comment": "pot3",
			"from": [ 5, 3, 7 ],
			"to": [ 6, 5, 9 ],
			"faces": {
				"north": { "uv": [ 10, 11, 11, 13 ], "texture": "#flowerpot" },
				"south": { "uv": [ 5, 11, 6, 13 ], "texture": "#flowerpot" },
				"west": { "uv": [ 7, 11, 9, 13 ], "texture": "#flowerpot" }
			}
		},
		{
			"__comment": "pot4",
			"from": [ 5, 5, 6 ],
			"to": [ 6, 6, 7 ],
			"faces": {
				"down": { "uv": [ 5, 9, 6, 10 ], "texture": "#flowerpot" },
				"up": { "uv": [ 5, 6, 6, 7 ], "texture": "#flowerpot" },
				"north": { "uv": [ 10, 10, 11, 11 ], "texture": "#flowerpot" },
				"south": { "uv": [ 5, 10, 6, 11 ], "texture": "#flowerpot" },
				"west": { "uv": [ 6, 10, 7, 11 ], "texture": "#flowerpot" },
				"east": { "uv": [ 9, 10, 10, 11 ], "texture": "#flowerpot" }
			}
		},
		{
			"__comment": "pot5",
			"from": [ 5, 5, 9 ],
			"to": [ 6, 6, 10 ],
			"faces": {
				"down": { "uv": [ 5, 6, 6, 7 ], "texture": "#flowerpot" },
				"up": { "uv": [ 5, 9, 6, 10 ], "texture": "#flowerpot" },
				"north": { "uv": [ 10, 10, 11, 11 ], "texture": "#flowerpot" },
				"south": { "uv": [ 5, 10, 6, 11 ], "texture": "#flowerpot" },
				"west": { "uv": [ 9, 10, 10, 11 ], "texture": "#flowerpot" },
				"east": { "uv": [ 6, 10, 7, 11 ], "texture": "#flowerpot" }
			}
		},
		{
			"__comment": "pot6",
			"from": [ 6, 0, 7 ],
			"to": [ 10, 1, 9 ],
			"faces": {
				"down": { "uv": [ 6, 7, 10, 9 ], "texture": "#flowerpot" },
				"north": { "uv": [ 6, 15, 10, 16 ], "texture": "#flowerpot" },
				"south": { "uv": [ 6, 15, 10, 16 ], "texture": "#flowerpot" },
				"west": { "uv": [ 7, 15, 9, 16 ], "texture": "#flowerpot" },
				"east": { "uv": [ 7, 15, 9, 16 ], "texture": "#flowerpot" }
			}
		},
		{
			"__comment": "pot7",
			"from": [ 6, 1, 7 ],
			"to": [ 7, 2, 9 ],
			"faces": {
				"north": { "uv": [ 9, 14, 10, 15 ], "texture": "#flowerpot" },
				"south": { "uv": [ 6, 14, 7, 15 ], "texture": "#flowerpot" },
				"west": { "uv": [ 7, 14, 9, 15 ], "texture": "#flowerpot" }
			}
		},
		{
			"__comment": "pot8",
			"from": [ 6, 2, 6 ],
			"to": [ 10, 3, 7 ],
			"faces": {
				"down": { "uv": [ 6, 9, 10, 10 ], "texture": "#flowerpot" },
				"north": { "uv": [ 6, 13, 10, 14 ], "texture": "#flowerpot" },
				"west": { "uv": [ 6, 13, 7, 14 ], "texture": "#flowerpot" },
				"east": { "uv": [ 9, 13, 10, 14 ], "texture": "#flowerpot" }
			}
		},
		{
			"__comment": "pot9",
			"from": [ 6, 2, 9 ],
			"to": [ 10, 3, 10 ],
			"faces": {
				"down": { "uv": [ 6, 6, 10, 7 ], "texture": "#flowerpot" },
				"south": { "uv": [ 6, 13, 10, 14 ], "texture": "#flowerpot" },
				"west": { "uv": [ 9, 13, 10, 14 ], "texture": "#flowerpot" },
				"east": { "uv": [ 6, 13, 7, 14 ], "texture": "#flowerpot" }
			}
		},
		{
			"__comment": "pot10",
			"from": [ 6, 3, 6 ],
			"to": [ 7, 5, 7 ],
			"faces": {
				"north": { "uv": [ 9, 11, 10, 13 ], "texture": "#flowerpot" },
				"west": { "uv": [ 6, 11, 7, 13 ], "texture": "#flowerpot" }
			}
		},
		{
			"__comment": "pot11",
			"from": [ 6, 3, 9 ],
			"to": [ 7, 5, 10 ],
			"faces": {
				"south": { "uv": [ 6, 11, 7, 13 ], "texture": "#flowerpot" },
				"west": { "uv": [ 9, 11, 10, 13 ], "texture": "#flowerpot" }
			}
		},
		{
			"__comment": "pot12",
			"from": [ 6, 5, 5 ],
			"to": [ 7, 6, 6 ],
			"faces": {
				"down": { "uv": [ 6, 10, 7, 11 ], "texture": "#flowerpot" },
				"up": { "uv": [ 6, 5, 7, 6 ], "texture": "#flowerpot" },
				"north": { "uv": [ 9, 10, 10, 11 ], "texture": "#flowerpot" },
				"south": { "uv": [ 6, 10, 7, 11 ], "texture": "#flowerpot" },
				"west": { "uv": [ 5, 10, 6, 11 ], "texture": "#flowerpot" },
				"east": { "uv": [ 10, 10, 11, 11 ], "texture": "#flowerpot" }
			}
		},
		{
			"__comment": "pot13",
			"from": [ 6, 5, 10 ],
			"to": [ 7, 6, 11 ],
			"faces": {
				"down": { "uv": [ 6, 5, 7, 6 ], "texture": "#flowerpot" },
				"up": { "uv": [ 6, 10, 7, 11 ], "texture": "#flowerpot" },
				"north": { "uv": [ 9, 10, 10, 11 ], "texture": "#flowerpot" },
				"south": { "uv": [ 6, 10, 7, 11 ], "texture": "#flowerpot" },
				"west": { "uv": [ 10, 10, 11, 11 ], "texture": "#flowerpot" },
				"east": { "uv": [ 5, 10, 6, 11 ], "texture": "#flowerpot" }
			}
		},
		{
			"__comment": "pot14",
			"from": [ 7, 0, 6 ],
			"to": [ 9, 2, 7 ],
			"faces": {
				"down": { "uv": [ 7, 9, 9, 10 ], "texture": "#flowerpot" },
				"north": { "uv": [ 7, 14, 9, 16 ], "texture": "#flowerpot" },
				"west": { "uv": [ 6, 14, 7, 16 ], "texture": "#flowerpot" },
				"east": { "uv": [ 9, 14, 10, 16 ], "texture": "#flowerpot" }
			}
		},
		{
			"__comment": "pot15",
			"from": [ 7, 0, 9 ],
			"to": [ 9, 2, 10 ],
			"faces": {
				"down": { "uv": [ 7, 6, 9, 7 ], "texture": "#flowerpot" },
				"south": { "uv": [ 7, 14, 9, 16 ], "texture": "#flowerpot" },
				"west": { "uv": [ 9, 14, 10, 16 ], "texture": "#flowerpot" },
				"east": { "uv": [ 6, 14, 7, 16 ], "texture": "#flowerpot" }
			}
		},
		{
			"__comment": "pot16",
			"from": [ 7, 2, 5 ],
			"to": [ 9, 5, 6 ],
			"faces": {
				"down": { "uv": [ 7, 10, 9, 11 ], "texture": "#flowerpot" },
				"north": { "uv": [ 7, 11, 9, 14 ], "texture": "#flowerpot" },
				"west": { "uv": [ 5, 11, 6, 14 ], "texture": "#flowerpot" },
				"east": { "uv": [ 10, 11, 11, 14 ], "texture": "#flowerpot" }
			}
		},
		{
			"__comment": "pot17",
			"from": [ 7, 2, 10 ],
			"to": [ 9, 5, 11 ],
			"faces": {
				"down": { "uv": [ 7, 5, 9, 6 ], "texture": "#flowerpot" },
				"south": { "uv": [ 7, 11, 9, 14 ], "texture": "#flowerpot" },
				"west": { "uv": [ 10, 11, 11, 14 ], "texture": "#flowerpot" },
				"east": { "uv": [ 5, 11, 6, 14 ], "texture": "#flowerpot" }
			}
		},
		{
			"__comment": "pot18",
			"from": [ 7, 5, 4 ],
			"to": [ 9, 6, 5 ],
			"faces": {
				"down": { "uv": [ 7, 11, 9, 12 ], "texture": "#flowerpot" },
				"up": { "uv": [ 7, 4, 9, 5 ], "texture": "#flowerpot" },
				"north": { "uv": [ 7, 10, 9, 11 ], "texture": "#flowerpot" },
				"south": { "uv": [ 7, 10, 9, 11 ], "texture": "#flowerpot" },
				"west": { "uv": [ 4, 10, 5, 11 ], "texture": "#flowerpot" },
				"east": { "uv": [ 11, 10, 12, 11 ], "texture": "#flowerpot" }
			}
		},
		{
			"__comment": "pot19",
			"from": [ 7, 5, 11 ],
			"to": [ 9, 6, 12 ],
			"faces": {
				"down": { "uv": [ 7, 4, 9, 5 ], "texture": "#flowerpot" },
				"up": { "uv": [ 7, 11, 9, 12 ], "texture": "#flowerpot" },
				"north": { "uv": [ 7, 10, 9, 11 ], "texture": "#flowerpot" },
				"south": { "uv": [ 7, 10, 9, 11 ], "texture": "#flowerpot" },
				"west": { "uv": [ 11, 10, 12, 11 ], "texture": "#flowerpot" },
				"east": { "uv": [ 4, 10, 5, 11 ], "texture": "#flowerpot" }
			}
		},
		{
			"__comment": "pot20",
			"from": [ 9, 1, 7 ],
			"to": [ 10, 3, 9 ],
			"faces": {
				"north": { "uv": [ 6, 13, 7, 15 ], "texture": "#flowerpot" },
				"south": { "uv": [ 9, 13, 10, 15 ], "texture": "#flowerpot" },
				"east": { "uv": [ 7, 13, 9, 15 ], "texture": "#flowerpot" }
			}
		},
		{
			"__comment": "pot21",
			"from": [ 9, 3, 6 ],
			"to": [ 10, 5, 7 ],
			"faces": {
				"north": { "uv": [ 6, 11, 7, 13 ], "texture": "#flowerpot" },
				"east": { "uv": [ 9, 11, 10, 13 ], "texture": "#flowerpot" }
			}
		},
		{
			"__comment": "pot22",
			"from": [ 9, 3, 9 ],
			"to": [ 10, 5, 10 ],
			"faces": {
				"south": { "uv": [ 9, 11, 10, 13 ], "texture": "#flowerpot" },
				"east": { "uv": [ 6, 11, 7, 13 ], "texture": "#flowerpot" }
			}
		},
		{
			"__comment": "pot23",
			"from": [ 9, 5, 5 ],
			"to": [ 10, 6, 6 ],
			"faces": {
				"down": { "uv": [ 9, 10, 10, 11 ], "texture": "#flowerpot" },
				"up": { "uv": [ 9, 5, 10, 6 ], "texture": "#flowerpot" },
				"north": { "uv": [ 6, 10, 7, 11 ], "texture": "#flowerpot" },
				"south": { "uv": [ 9, 10, 10, 11 ], "texture": "#flowerpot" },
				"west": { "uv": [ 5, 10, 6, 11 ], "texture": "#flowerpot" },
				"east": { "uv": [ 10, 10, 11, 11 ], "texture": "#flowerpot" }
			}
		},
		{
			"__comment": "pot24",
			"from": [ 9, 5, 10 ],
			"to": [ 10, 6, 11 ],
			"faces": {
				"down": { "uv": [ 9, 5, 10, 6 ], "texture": "#flowerpot" },
				"up": { "uv": [ 9, 10, 10, 11 ], "texture": "#flowerpot" },
				"north": { "uv": [ 6, 10, 7, 11 ], "texture": "#flowerpot" },
				"south": { "uv": [ 9, 10, 10, 11 ], "texture": "#flowerpot" },
				"west": { "uv": [ 10, 10, 11, 11 ], "texture": "#flowerpot" },
				"east": { "uv": [ 5, 10, 6, 11 ], "texture": "#flowerpot" }
			}
		},
		{
			"__comment": "pot25",
			"from": [ 10, 2, 7 ],
			"to": [ 11, 5, 9 ],
			"faces": {
				"down": { "uv": [ 10, 7, 11, 9 ], "texture": "#flowerpot" },
				"north": { "uv": [ 5, 11, 6, 14 ], "texture": "#flowerpot" },
				"south": { "uv": [ 10, 11, 11, 14 ], "texture": "#flowerpot" },
				"east": { "uv": [ 7, 11, 9, 14 ], "texture": "#flowerpot" }
			}
		},
		{
			"__comment": "pot26",
			"from": [ 10, 5, 6 ],
			"to": [ 11, 6, 7 ],
			"faces": {
				"down": { "uv": [ 10, 9, 11, 10 ], "texture": "#flowerpot" },
				"up": { "uv": [ 10, 6, 11, 7 ], "texture": "#flowerpot" },
				"north": { "uv": [ 5, 10, 6, 11 ], "texture": "#flowerpot" },
				"south": { "uv": [ 10, 10, 11, 11 ], "texture": "#flowerpot" },
				"west": { "uv": [ 6, 10, 7, 11 ], "texture": "#flowerpot" },
				"east": { "uv": [ 9, 10, 10, 11 ], "texture": "#flowerpot" }
			}
		},
		{
			"__comment": "pot27",
			"from": [ 10, 5, 9 ],
			"to": [ 11, 6, 10 ],
			"faces": {
				"down": { "uv": [ 10, 6, 11, 7 ], "texture": "#flowerpot" },
				"up": { "uv": [ 10, 9, 11, 10 ], "texture": "#flowerpot" },
				"north": { "uv": [ 5, 10, 6, 11 ], "texture": "#flowerpot" },
				"south": { "uv": [ 10, 10, 11, 11 ], "texture": "#flowerpot" },
				"west": { "uv": [ 9, 10, 10, 11 ], "texture": "#flowerpot" },
				"east": { "uv": [ 6, 10, 7, 11 ], "texture": "#flowerpot" }
			}
		},
		{
			"__comment": "pot",
			"from": [ 11, 5, 7 ],
			"to": [ 12, 6, 9 ],
			"faces": {
				"down": { "uv": [ 11, 7, 12, 9 ], "texture": "#flowerpot" },
				"up": { "uv": [ 11, 7, 12, 9 ], "texture": "#flowerpot" },
				"north": { "uv": [ 4, 10, 5, 11 ], "texture": "#flowerpot" },
				"south": { "uv": [ 11, 10, 12, 11 ], "texture": "#flowerpot" },
				"west": { "uv": [ 7, 10, 9, 11 ], "texture": "#flowerpot" },
				"east": { "uv": [ 7, 10, 9, 11 ], "texture": "#flowerpot" }
			}
		},
		{
			"__comment": "dirt",
			"from": [ 5, 5, 7 ],
			"to": [ 11, 5.25, 9 ],
			"faces": {
				"up": { "uv": [ 5, 7, 11, 9 ], "texture": "#dirt" }
			}
		},
		{
			"__comment": "dirt2",
			"from": [ 6, 5, 6 ],
			"to": [ 10, 5.25, 7 ],
			"faces": {
				"up": { "uv": [ 6, 6, 10, 7 ], "texture": "#dirt" }
			}
		},
		{
			"__comment": "dirt3",
			"from": [ 6, 5, 9 ],
			"to": [ 10, 5.25, 10 ],
			"faces": {
				"up": { "uv": [ 6, 9, 10, 10 ], "texture": "#dirt" }
			}
		},
		{
			"__comment": "dirt4",
			"from": [ 7, 5, 5 ],
			"to": [ 9, 5.25, 6 ],
			"faces": {
				"up": { "uv": [ 7, 5, 9, 6 ], "texture": "#dirt" }
			}
		},
		{
			"__comment": "dirt5",
			"from": [ 7, 5, 10 ],
			"to": [ 9, 5.25, 11 ],
			"faces": {
				"up": { "uv": [ 7, 10, 9, 11 ], "texture": "#dirt" }
			}
		},
		{
			"__comment": "flower",
			"from": [ 10.5, 13, 10 ],
			"to": [ 11.5, 14, 11 ],
			"rotation": { "origin": [ 10.5, 13, 10 ], "axis": "y", "angle": -22.5 },
			"faces": {
				"down": { "uv": [ 10.5, 6, 11.5, 7 ], "texture": "#2" },
				"up": { "uv": [ 10.5, 9, 11.5, 10 ], "texture": "#2" },
				"north": { "uv": [ 4.5, 12, 5.5, 13 ], "texture": "#2" },
				"south": { "uv": [ 10.5, 12, 11.5, 13 ], "texture": "#2" },
				"west": { "uv": [ 9, 12, 10, 13 ], "texture": "#2" },
				"east": { "uv": [ 6, 12, 7, 13 ], "texture": "#2" }
			}
		},
		{
			"__comment": "flower1",
			"from": [ 9.5, 12, 9.75 ],
			"to": [ 10.5, 13, 10.75 ],
			"rotation": { "origin": [ 10.5, 13, 10 ], "axis": "y", "angle": -22.5 },
			"faces": {
				"down": { "uv": [ 9.5, 6.25, 10.5, 7.25 ], "texture": "#2" },
				"up": { "uv": [ 9.5, 8.75, 10.5, 9.75 ], "texture": "#2" },
				"north": { "uv": [ 5.5, 13, 6.5, 14 ], "texture": "#2" },
				"south": { "uv": [ 9.5, 13, 10.5, 14 ], "texture": "#2" },
				"west": { "uv": [ 8.75, 13, 9.75, 14 ], "texture": "#2" },
				"east": { "uv": [ 6.25, 13, 7.25, 14 ], "texture": "#2" }
			}
		},
		{
			"__comment": "flower2",
			"from": [ 8.5, 11, 9.3 ],
			"to": [ 9.5, 12, 10.3 ],
			"rotation": { "origin": [ 10.5, 13, 10 ], "axis": "y", "angle": -22.5 },
			"faces": {
				"down": { "uv": [ 8.5, 6.7, 9.5, 7.7 ], "texture": "#2" },
				"up": { "uv": [ 8.5, 8.3, 9.5, 9.3 ], "texture": "#2" },
				"north": { "uv": [ 6.5, 14, 7.5, 15 ], "texture": "#2" },
				"south": { "uv": [ 8.5, 14, 9.5, 15 ], "texture": "#2" },
				"west": { "uv": [ 8.3, 14, 9.3, 15 ], "texture": "#2" },
				"east": { "uv": [ 6.7, 14, 7.7, 15 ], "texture": "#2" }
			}
		},
		{
			"__comment": "flower3",
			"from": [ 2.5, 10, 8.75 ],
			"to": [ 3.5, 11, 9.75 ],
			"rotation": { "origin": [ 10.5, 13, 10 ], "axis": "y", "angle": -22.5 },
			"faces": {
				"down": { "uv": [ 2.5, 7.25, 3.5, 8.25 ], "texture": "#2" },
				"up": { "uv": [ 2.5, 7.75, 3.5, 8.75 ], "texture": "#2" },
				"north": { "uv": [ 12.5, 15, 13.5, 16 ], "texture": "#2" },
				"south": { "uv": [ 2.5, 15, 3.5, 16 ], "texture": "#2" },
				"west": { "uv": [ 7.75, 15, 8.75, 16 ], "texture": "#2" },
				"east": { "uv": [ 7.25, 15, 8.25, 16 ], "texture": "#2" }
			}
		},
		{
			"__comment": "flower4",
			"from": [ 3.5, 10, 8.45 ],
			"to": [ 4.5, 11, 9.450001 ],
			"rotation": { "origin": [ 10.5, 13, 10 ], "axis": "y", "angle": -22.5 },
			"faces": {
				"down": { "uv": [ 3.5, 7.549999, 4.5, 8.549999 ], "texture": "#2" },
				"up": { "uv": [ 3.5, 7.450001, 4.5, 8.450001 ], "texture": "#2" },
				"north": { "uv": [ 11.5, 15, 12.5, 16 ], "texture": "#2" },
				"south": { "uv": [ 3.5, 15, 4.5, 16 ], "texture": "#2" },
				"west": { "uv": [ 7.45, 15, 8.450001, 16 ], "texture": "#2" },
				"east": { "uv": [ 7.549999, 15, 8.549999, 16 ], "texture": "#2" }
			}
		},
		{
			"__comment": "flower5",
			"from": [ 4.5, 10, 8.4 ],
			"to": [ 5.5, 11, 9.4 ],
			"rotation": { "origin": [ 10.5, 13, 10 ], "axis": "y", "angle": -22.5 },
			"faces": {
				"down": { "uv": [ 4.5, 7.599999, 5.5, 8.599999 ], "texture": "#2" },
				"up": { "uv": [ 4.5, 7.400001, 5.5, 8.400001 ], "texture": "#2" },
				"north": { "uv": [ 10.5, 15, 11.5, 16 ], "texture": "#2" },
				"south": { "uv": [ 4.5, 15, 5.5, 16 ], "texture": "#2" },
				"west": { "uv": [ 7.400001, 15, 8.400001, 16 ], "texture": "#2" },
				"east": { "uv": [ 7.599999, 15, 8.599999, 16 ], "texture": "#2" }
			}
		},
		{
			"__comment": "flower6",
			"from": [ 7.5, 10, 8.849999 ],
			"to": [ 8.5, 11, 9.849999 ],
			"rotation": { "origin": [ 10.5, 13, 10 ], "axis": "y", "angle": -22.5 },
			"faces": {
				"down": { "uv": [ 7.5, 7.15, 8.5, 8.15 ], "texture": "#2" },
				"up": { "uv": [ 7.5, 7.85, 8.5, 8.85 ], "texture": "#2" },
				"north": { "uv": [ 7.5, 15, 8.5, 16 ], "texture": "#2" },
				"south": { "uv": [ 7.5, 15, 8.5, 16 ], "texture": "#2" },
				"west": { "uv": [ 7.85, 15, 8.85, 16 ], "texture": "#2" },
				"east": { "uv": [ 7.15, 15, 8.15, 16 ], "texture": "#2" }
			}
		},
		{
			"__comment": "flower7",
			"from": [ 2.5, 9, 8.75 ],
			"to": [ 3.5, 10, 9.75 ],
			"rotation": { "origin": [ 10.5, 13, 10 ], "axis": "y", "angle": -22.5 },
			"faces": {
				"down": { "uv": [ 2.5, 7.25, 3.5, 8.25 ], "texture": "#2" },
				"up": { "uv": [ 2.5, 7.75, 3.5, 8.75 ], "texture": "#2" },
				"north": { "uv": [ 12.5, 0, 13.5, 1 ], "texture": "#2" },
				"south": { "uv": [ 2.5, 0, 3.5, 1 ], "texture": "#2" },
				"west": { "uv": [ 7.75, 0, 8.75, 1 ], "texture": "#2" },
				"east": { "uv": [ 7.25, 0, 8.25, 1 ], "texture": "#2" }
			}
		},
		{
			"__comment": "flower8",
			"from": [ 5.5, 9, 8.75 ],
			"to": [ 6.5, 10, 9.75 ],
			"rotation": { "origin": [ 10.5, 13, 10 ], "axis": "y", "angle": -22.5 },
			"faces": {
				"down": { "uv": [ 5.5, 7.25, 6.5, 8.25 ], "texture": "#2" },
				"up": { "uv": [ 5.5, 7.75, 6.5, 8.75 ], "texture": "#2" },
				"north": { "uv": [ 9.5, 0, 10.5, 1 ], "texture": "#2" },
				"south": { "uv": [ 5.5, 0, 6.5, 1 ], "texture": "#2" },
				"west": { "uv": [ 7.75, 0, 8.75, 1 ], "texture": "#2" },
				"east": { "uv": [ 7.25, 0, 8.25, 1 ], "texture": "#2" }
			}
		},
		{
			"__comment": "flower9",
			"from": [ 7.5, 9, 8.65 ],
			"to": [ 8.5, 10, 9.65 ],
			"rotation": { "origin": [ 10.5, 13, 10 ], "axis": "y", "angle": -22.5 },
			"faces": {
				"down": { "uv": [ 7.5, 7.349999, 8.5, 8.349999 ], "texture": "#2" },
				"up": { "uv": [ 7.5, 7.650001, 8.5, 8.650001 ], "texture": "#2" },
				"north": { "uv": [ 7.5, 0, 8.5, 1 ], "texture": "#2" },
				"south": { "uv": [ 7.5, 0, 8.5, 1 ], "texture": "#2" },
				"west": { "uv": [ 7.650001, 0, 8.650001, 1 ], "texture": "#2" },
				"east": { "uv": [ 7.349999, 0, 8.349999, 1 ], "texture": "#2" }
			}
		},
		{
			"__comment": "flower10",
			"from": [ 6.5, 5, 8.4 ],
			"to": [ 7.5, 9, 9.4 ],
			"rotation": { "origin": [ 10.5, 13, 10 ], "axis": "y", "angle": -22.5 },
			"faces": {
				"up": { "uv": [ 6.5, 7.400001, 7.5, 8.400001 ], "texture": "#2" },
				"north": { "uv": [ 8.5, 1, 9.5, 5 ], "texture": "#2" },
				"south": { "uv": [ 6.5, 1, 7.5, 5 ], "texture": "#2" },
				"west": { "uv": [ 7.400001, 1, 8.400001, 5 ], "texture": "#2" },
				"east": { "uv": [ 7.599999, 1, 8.599999, 5 ], "texture": "#2" }
			}
		},
		{
			"__comment": "flower15",
			"from": [ 11.5, 14, 9.8 ],
			"to": [ 12.5, 15, 11.3 ],
			"rotation": { "origin": [ 10.5, 13, 10 ], "axis": "y", "angle": -22.5 },
			"faces": {
				"down": { "uv": [ 11.5, 5.7, 12.5, 7.2 ], "texture": "#1" },
				"up": { "uv": [ 11.5, 8.8, 12.5, 10.3 ], "texture": "#1" },
				"north": { "uv": [ 3.5, 11, 4.5, 12 ], "texture": "#1" },
				"south": { "uv": [ 11.5, 11, 12.5, 12 ], "texture": "#1" },
				"west": { "uv": [ 8.8, 11, 10.3, 12 ], "texture": "#1" },
				"east": { "uv": [ 5.7, 11, 7.2, 12 ], "texture": "#1" }
			}
		},
		{
			"__comment": "flower16",
			"from": [ 11.5, 13, 9.66 ],
			"to": [ 12.5, 14, 11.46 ],
			"rotation": { "origin": [ 10.5, 13, 10 ], "axis": "y", "angle": -22.5 },
			"faces": {
				"down": { "uv": [ 11.5, 5.54, 12.5, 7.339999 ], "texture": "#1" },
				"up": { "uv": [ 11.5, 8.660001, 12.5, 10.46 ], "texture": "#1" },
				"north": { "uv": [ 3.5, 12, 4.5, 13 ], "texture": "#1" },
				"south": { "uv": [ 11.5, 12, 12.5, 13 ], "texture": "#1" },
				"west": { "uv": [ 8.660001, 12, 10.46, 13 ], "texture": "#1" },
				"east": { "uv": [ 5.54, 12, 7.339999, 13 ], "texture": "#1" }
			}
		},
		{
			"__comment": "flower17",
			"from": [ 12.5, 13, 9.8 ],
			"to": [ 13.5, 14, 11.3 ],
			"rotation": { "origin": [ 10.5, 13, 10 ], "axis": "y", "angle": -22.5 },
			"faces": {
				"down": { "uv": [ 12.5, 5.7, 13.5, 7.2 ], "texture": "#1" },
				"up": { "uv": [ 12.5, 8.8, 13.5, 10.3 ], "texture": "#1" },
				"north": { "uv": [ 2.5, 12, 3.5, 13 ], "texture": "#1" },
				"south": { "uv": [ 12.5, 12, 13.5, 13 ], "texture": "#1" },
				"west": { "uv": [ 8.8, 12, 10.3, 13 ], "texture": "#1" },
				"east": { "uv": [ 5.7, 12, 7.2, 13 ], "texture": "#1" }
			}
		},
		{
			"__comment": "flower18",
			"from": [ 1.5, 12, 8.059999 ],
			"to": [ 2.5, 13, 9.86 ],
			"rotation": { "origin": [ 10.5, 13, 10 ], "axis": "y", "angle": -22.5 },
			"faces": {
				"down": { "uv": [ 1.5, 7.139999, 2.5, 8.94 ], "texture": "#1" },
				"up": { "uv": [ 1.5, 7.06, 2.5, 8.860001 ], "texture": "#1" },
				"north": { "uv": [ 13.5, 13, 14.5, 14 ], "texture": "#1" },
				"south": { "uv": [ 1.5, 13, 2.5, 14 ], "texture": "#1" },
				"west": { "uv": [ 7.06, 13, 8.860001, 14 ], "texture": "#1" },
				"east": { "uv": [ 7.139999, 13, 8.94, 14 ], "texture": "#1" }
			}
		},
		{
			"__comment": "flower19",
			"from": [ 2.5, 12, 8.2 ],
			"to": [ 3.5, 13, 9.700001 ],
			"rotation": { "origin": [ 10.5, 13, 10 ], "axis": "y", "angle": -22.5 },
			"faces": {
				"down": { "uv": [ 2.5, 7.299999, 3.5, 8.799999 ], "texture": "#1" },
				"up": { "uv": [ 2.5, 7.200001, 3.5, 8.700001 ], "texture": "#1" },
				"north": { "uv": [ 12.5, 13, 13.5, 14 ], "texture": "#1" },
				"south": { "uv": [ 2.5, 13, 3.5, 14 ], "texture": "#1" },
				"west": { "uv": [ 7.2, 13, 8.700001, 14 ], "texture": "#1" },
				"east": { "uv": [ 7.299999, 13, 8.799999, 14 ], "texture": "#1" }
			}
		},
		{
			"__comment": "flower20",
			"from": [ 4.5, 12, 8.2 ],
			"to": [ 5.5, 13, 9.700001 ],
			"rotation": { "origin": [ 10.5, 13, 10 ], "axis": "y", "angle": -22.5 },
			"faces": {
				"down": { "uv": [ 4.5, 7.299999, 5.5, 8.799999 ], "texture": "#1" },
				"up": { "uv": [ 4.5, 7.200001, 5.5, 8.700001 ], "texture": "#1" },
				"north": { "uv": [ 10.5, 13, 11.5, 14 ], "texture": "#1" },
				"south": { "uv": [ 4.5, 13, 5.5, 14 ], "texture": "#1" },
				"west": { "uv": [ 7.2, 13, 8.700001, 14 ], "texture": "#1" },
				"east": { "uv": [ 7.299999, 13, 8.799999, 14 ], "texture": "#1" }
			}
		},
		{
			"__comment": "flower21",
			"from": [ 5.5, 12, 8.059999 ],
			"to": [ 6.5, 13, 9.86 ],
			"rotation": { "origin": [ 10.5, 13, 10 ], "axis": "y", "angle": -22.5 },
			"faces": {
				"down": { "uv": [ 5.5, 7.139999, 6.5, 8.94 ], "texture": "#1" },
				"up": { "uv": [ 5.5, 7.06, 6.5, 8.860001 ], "texture": "#1" },
				"north": { "uv": [ 9.5, 13, 10.5, 14 ], "texture": "#1" },
				"south": { "uv": [ 5.5, 13, 6.5, 14 ], "texture": "#1" },
				"west": { "uv": [ 7.06, 13, 8.860001, 14 ], "texture": "#1" },
				"east": { "uv": [ 7.139999, 13, 8.94, 14 ], "texture": "#1" }
			}
		},
		{
			"__comment": "flower22",
			"from": [ 10.5, 12, 9.8 ],
			"to": [ 11.5, 13, 11.3 ],
			"rotation": { "origin": [ 10.5, 13, 10 ], "axis": "y", "angle": -22.5 },
			"faces": {
				"down": { "uv": [ 10.5, 5.7, 11.5, 7.2 ], "texture": "#1" },
				"up": { "uv": [ 10.5, 8.8, 11.5, 10.3 ], "texture": "#1" },
				"north": { "uv": [ 4.5, 13, 5.5, 14 ], "texture": "#1" },
				"south": { "uv": [ 10.5, 13, 11.5, 14 ], "texture": "#1" },
				"west": { "uv": [ 8.8, 13, 10.3, 14 ], "texture": "#1" },
				"east": { "uv": [ 5.7, 13, 7.2, 14 ], "texture": "#1" }
			}
		},
		{
			"__comment": "flower23",
			"from": [ 11.5, 12, 9.8 ],
			"to": [ 12.5, 13, 11.3 ],
			"rotation": { "origin": [ 10.5, 13, 10 ], "axis": "y", "angle": -22.5 },
			"faces": {
				"down": { "uv": [ 11.5, 5.7, 12.5, 7.2 ], "texture": "#1" },
				"up": { "uv": [ 11.5, 8.8, 12.5, 10.3 ], "texture": "#1" },
				"north": { "uv": [ 3.5, 13, 4.5, 14 ], "texture": "#1" },
				"south": { "uv": [ 11.5, 13, 12.5, 14 ], "texture": "#1" },
				"west": { "uv": [ 8.8, 13, 10.3, 14 ], "texture": "#1" },
				"east": { "uv": [ 5.7, 13, 7.2, 14 ], "texture": "#1" }
			}
		},
		{
			"__comment": "flower24",
			"from": [ 1.5, 11, 8.2 ],
			"to": [ 2.5, 12, 9.700001 ],
			"rotation": { "origin": [ 10.5, 13, 10 ], "axis": "y", "angle": -22.5 },
			"faces": {
				"down": { "uv": [ 1.5, 7.299999, 2.5, 8.799999 ], "texture": "#1" },
				"up": { "uv": [ 1.5, 7.200001, 2.5, 8.700001 ], "texture": "#1" },
				"north": { "uv": [ 13.5, 14, 14.5, 15 ], "texture": "#1" },
				"south": { "uv": [ 1.5, 14, 2.5, 15 ], "texture": "#1" },
				"west": { "uv": [ 7.2, 14, 8.700001, 15 ], "texture": "#1" },
				"east": { "uv": [ 7.299999, 14, 8.799999, 15 ], "texture": "#1" }
			}
		},
		{
			"__comment": "flower25",
			"from": [ 2.5, 11, 8.2 ],
			"to": [ 3.5, 12, 9.700001 ],
			"rotation": { "origin": [ 10.5, 13, 10 ], "axis": "y", "angle": -22.5 },
			"faces": {
				"down": { "uv": [ 2.5, 7.299999, 3.5, 8.799999 ], "texture": "#1" },
				"up": { "uv": [ 2.5, 7.200001, 3.5, 8.700001 ], "texture": "#1" },
				"north": { "uv": [ 12.5, 14, 13.5, 15 ], "texture": "#1" },
				"south": { "uv": [ 2.5, 14, 3.5, 15 ], "texture": "#1" },
				"west": { "uv": [ 7.2, 14, 8.700001, 15 ], "texture": "#1" },
				"east": { "uv": [ 7.299999, 14, 8.799999, 15 ], "texture": "#1" }
			}
		},
		{
			"__comment": "flower26",
			"from": [ 4.5, 11, 8.2 ],
			"to": [ 5.5, 12, 9.700001 ],
			"rotation": { "origin": [ 10.5, 13, 10 ], "axis": "y", "angle": -22.5 },
			"faces": {
				"down": { "uv": [ 4.5, 7.299999, 5.5, 8.799999 ], "texture": "#1" },
				"up": { "uv": [ 4.5, 7.200001, 5.5, 8.700001 ], "texture": "#1" },
				"north": { "uv": [ 10.5, 14, 11.5, 15 ], "texture": "#1" },
				"south": { "uv": [ 4.5, 14, 5.5, 15 ], "texture": "#1" },
				"west": { "uv": [ 7.2, 14, 8.700001, 15 ], "texture": "#1" },
				"east": { "uv": [ 7.299999, 14, 8.799999, 15 ], "texture": "#1" }
			}
		},
		{
			"__comment": "flower27",
			"from": [ 5.5, 11, 8.2 ],
			"to": [ 6.5, 12, 9.700001 ],
			"rotation": { "origin": [ 10.5, 13, 10 ], "axis": "y", "angle": -22.5 },
			"faces": {
				"down": { "uv": [ 5.5, 7.299999, 6.5, 8.799999 ], "texture": "#1" },
				"up": { "uv": [ 5.5, 7.200001, 6.5, 8.700001 ], "texture": "#1" },
				"north": { "uv": [ 9.5, 14, 10.5, 15 ], "texture": "#1" },
				"south": { "uv": [ 5.5, 14, 6.5, 15 ], "texture": "#1" },
				"west": { "uv": [ 7.2, 14, 8.700001, 15 ], "texture": "#1" },
				"east": { "uv": [ 7.299999, 14, 8.799999, 15 ], "texture": "#1" }
			}
		},
		{
			"__comment": "flower28",
			"from": [ 9.5, 11, 9.25 ],
			"to": [ 10.5, 12, 10.75 ],
			"rotation": { "origin": [ 10.5, 13, 10 ], "axis": "y", "angle": -22.5 },
			"faces": {
				"down": { "uv": [ 9.5, 6.25, 10.5, 7.75 ], "texture": "#1" },
				"up": { "uv": [ 9.5, 8.25, 10.5, 9.75 ], "texture": "#1" },
				"north": { "uv": [ 5.5, 14, 6.5, 15 ], "texture": "#1" },
				"south": { "uv": [ 9.5, 14, 10.5, 15 ], "texture": "#1" },
				"west": { "uv": [ 8.25, 14, 9.75, 15 ], "texture": "#1" },
				"east": { "uv": [ 6.25, 14, 7.75, 15 ], "texture": "#1" }
			}
		},
		{
			"__comment": "flower29",
			"from": [ 8.5, 10, 9.25 ],
			"to": [ 9.5, 11, 10.75 ],
			"rotation": { "origin": [ 10.5, 13, 10 ], "axis": "y", "angle": -22.5 },
			"faces": {
				"down": { "uv": [ 8.5, 6.25, 9.5, 7.75 ], "texture": "#1" },
				"up": { "uv": [ 8.5, 8.25, 9.5, 9.75 ], "texture": "#1" },
				"north": { "uv": [ 6.5, 15, 7.5, 16 ], "texture": "#1" },
				"south": { "uv": [ 8.5, 15, 9.5, 16 ], "texture": "#1" },
				"west": { "uv": [ 8.25, 15, 9.75, 16 ], "texture": "#1" },
				"east": { "uv": [ 6.25, 15, 7.75, 16 ], "texture": "#1" }
			}
		},
		{
			"__comment": "flower30",
			"from": [ 9.5, 10, 9.21 ],
			"to": [ 10.5, 11, 11.01 ],
			"rotation": { "origin": [ 10.5, 13, 10 ], "axis": "y", "angle": -22.5 },
			"faces": {
				"down": { "uv": [ 9.5, 5.99, 10.5, 7.79 ], "texture": "#1" },
				"up": { "uv": [ 9.5, 8.21, 10.5, 10.01 ], "texture": "#1" },
				"north": { "uv": [ 5.5, 15, 6.5, 16 ], "texture": "#1" },
				"south": { "uv": [ 9.5, 15, 10.5, 16 ], "texture": "#1" },
				"west": { "uv": [ 8.21, 15, 10.01, 16 ], "texture": "#1" },
				"east": { "uv": [ 5.99, 15, 7.79, 16 ], "texture": "#1" }
			}
		},
		{
			"__comment": "flower31",
			"from": [ 10.5, 10, 9.349999 ],
			"to": [ 11.5, 11, 10.85 ],
			"rotation": { "origin": [ 10.5, 13, 10 ], "axis": "y", "angle": -22.5 },
			"faces": {
				"down": { "uv": [ 10.5, 6.15, 11.5, 7.65 ], "texture": "#1" },
				"up": { "uv": [ 10.5, 8.35, 11.5, 9.85 ], "texture": "#1" },
				"north": { "uv": [ 4.5, 15, 5.5, 16 ], "texture": "#1" },
				"south": { "uv": [ 10.5, 15, 11.5, 16 ], "texture": "#1" },
				"west": { "uv": [ 8.35, 15, 9.85, 16 ], "texture": "#1" },
				"east": { "uv": [ 6.15, 15, 7.65, 16 ], "texture": "#1" }
			}
		},
		{
			"__comment": "flower32",
			"from": [ 0.5, 9, 8.5 ],
			"to": [ 1.5, 10, 10 ],
			"rotation": { "origin": [ 10.5, 13, 10 ], "axis": "y", "angle": -22.5 },
			"faces": {
				"down": { "uv": [ 0.5, 7, 1.5, 8.5 ], "texture": "#1" },
				"up": { "uv": [ 0.5, 7.5, 1.5, 9 ], "texture": "#1" },
				"north": { "uv": [ 14.5, 0, 15.5, 1 ], "texture": "#1" },
				"south": { "uv": [ 0.5, 0, 1.5, 1 ], "texture": "#1" },
				"west": { "uv": [ 7.5, 0, 9, 1 ], "texture": "#1" },
				"east": { "uv": [ 7, 0, 8.5, 1 ], "texture": "#1" }
			}
		},
		{
			"__comment": "flower33",
			"from": [ 1.5, 9, 8.5 ],
			"to": [ 2.5, 10, 10 ],
			"rotation": { "origin": [ 10.5, 13, 10 ], "axis": "y", "angle": -22.5 },
			"faces": {
				"down": { "uv": [ 1.5, 7, 2.5, 8.5 ], "texture": "#1" },
				"up": { "uv": [ 1.5, 7.5, 2.5, 9 ], "texture": "#1" },
				"north": { "uv": [ 13.5, 0, 14.5, 1 ], "texture": "#1" },
				"south": { "uv": [ 1.5, 0, 2.5, 1 ], "texture": "#1" },
				"west": { "uv": [ 7.5, 0, 9, 1 ], "texture": "#1" },
				"east": { "uv": [ 7, 0, 8.5, 1 ], "texture": "#1" }
			}
		},
		{
			"__comment": "flower34",
			"from": [ 9.5, 9, 9.349999 ],
			"to": [ 10.5, 10, 10.85 ],
			"rotation": { "origin": [ 10.5, 13, 10 ], "axis": "y", "angle": -22.5 },
			"faces": {
				"down": { "uv": [ 9.5, 6.15, 10.5, 7.65 ], "texture": "#1" },
				"up": { "uv": [ 9.5, 8.35, 10.5, 9.85 ], "texture": "#1" },
				"north": { "uv": [ 5.5, 0, 6.5, 1 ], "texture": "#1" },
				"south": { "uv": [ 9.5, 0, 10.5, 1 ], "texture": "#1" },
				"west": { "uv": [ 8.35, 0, 9.85, 1 ], "texture": "#1" },
				"east": { "uv": [ 6.15, 0, 7.65, 1 ], "texture": "#1" }
			}
		},
		{
			"__comment": "flower35",
			"from": [ 0.5, 8, 8.36 ],
			"to": [ 1.5, 9, 10.16 ],
			"rotation": { "origin": [ 10.5, 13, 10 ], "axis": "y", "angle": -22.5 },
			"faces": {
				"down": { "uv": [ 0.5, 6.839999, 1.5, 8.639999 ], "texture": "#1" },
				"up": { "uv": [ 0.5, 7.360001, 1.5, 9.160001 ], "texture": "#1" },
				"north": { "uv": [ 14.5, 1, 15.5, 2 ], "texture": "#1" },
				"south": { "uv": [ 0.5, 1, 1.5, 2 ], "texture": "#1" },
				"west": { "uv": [ 7.360001, 1, 9.160001, 2 ], "texture": "#1" },
				"east": { "uv": [ 6.839999, 1, 8.639999, 2 ], "texture": "#1" }
			}
		},
		{
			"__comment": "flower36",
			"from": [ 1.5, 8, 8.2 ],
			"to": [ 2.5, 9, 9.700001 ],
			"rotation": { "origin": [ 10.5, 13, 10 ], "axis": "y", "angle": -22.5 },
			"faces": {
				"down": { "uv": [ 1.5, 7.299999, 2.5, 8.799999 ], "texture": "#1" },
				"up": { "uv": [ 1.5, 7.200001, 2.5, 8.700001 ], "texture": "#1" },
				"north": { "uv": [ 13.5, 1, 14.5, 2 ], "texture": "#1" },
				"south": { "uv": [ 1.5, 1, 2.5, 2 ], "texture": "#1" },
				"west": { "uv": [ 7.2, 1, 8.700001, 2 ], "texture": "#1" },
				"east": { "uv": [ 7.299999, 1, 8.799999, 2 ], "texture": "#1" }
			}
		},
		{
			"__comment": "flower37",
			"from": [ 7.5, 8, 8.26 ],
			"to": [ 8.5, 9, 10.06 ],
			"rotation": { "origin": [ 10.5, 13, 10 ], "axis": "y", "angle": -22.5 },
			"faces": {
				"down": { "uv": [ 7.5, 6.94, 8.5, 8.74 ], "texture": "#1" },
				"up": { "uv": [ 7.5, 7.26, 8.5, 9.06 ], "texture": "#1" },
				"north": { "uv": [ 7.5, 1, 8.5, 2 ], "texture": "#1" },
				"south": { "uv": [ 7.5, 1, 8.5, 2 ], "texture": "#1" },
				"west": { "uv": [ 7.26, 1, 9.06, 2 ], "texture": "#1" },
				"east": { "uv": [ 6.94, 1, 8.74, 2 ], "texture": "#1" }
			}
		},
		{
			"__comment": "flower38",
			"from": [ 8.5, 8, 8.4 ],
			"to": [ 9.5, 9, 9.9 ],
			"rotation": { "origin": [ 10.5, 13, 10 ], "axis": "y", "angle": -22.5 },
			"faces": {
				"down": { "uv": [ 8.5, 7.099999, 9.5, 8.599999 ], "texture": "#1" },
				"up": { "uv": [ 8.5, 7.400001, 9.5, 8.900001 ], "texture": "#1" },
				"north": { "uv": [ 6.5, 1, 7.5, 2 ], "texture": "#1" },
				"south": { "uv": [ 8.5, 1, 9.5, 2 ], "texture": "#1" },
				"west": { "uv": [ 7.400001, 1, 8.900001, 2 ], "texture": "#1" },
				"east": { "uv": [ 7.099999, 1, 8.599999, 2 ], "texture": "#1" }
			}
		},
		{
			"__comment": "flower39",
			"from": [ 7.5, 7, 8.4 ],
			"to": [ 8.5, 8, 9.9 ],
			"rotation": { "origin": [ 10.5, 13, 10 ], "axis": "y", "angle": -22.5 },
			"faces": {
				"down": { "uv": [ 7.5, 7.099999, 8.5, 8.599999 ], "texture": "#1" },
				"up": { "uv": [ 7.5, 7.400001, 8.5, 8.900001 ], "texture": "#1" },
				"north": { "uv": [ 7.5, 2, 8.5, 3 ], "texture": "#1" },
				"south": { "uv": [ 7.5, 2, 8.5, 3 ], "texture": "#1" },
				"west": { "uv": [ 7.400001, 2, 8.900001, 3 ], "texture": "#1" },
				"east": { "uv": [ 7.099999, 2, 8.599999, 3 ], "texture": "#1" }
			}
		},
		{
			"__comment": "flower40",
			"from": [ 8.5, 7, 8.4 ],
			"to": [ 9.5, 8, 9.9 ],
			"rotation": { "origin": [ 10.5, 13, 10 ], "axis": "y", "angle": -22.5 },
			"faces": {
				"down": { "uv": [ 8.5, 7.099999, 9.5, 8.599999 ], "texture": "#1" },
				"up": { "uv": [ 8.5, 7.400001, 9.5, 8.900001 ], "texture": "#1" },
				"north": { "uv": [ 6.5, 2, 7.5, 3 ], "texture": "#1" },
				"south": { "uv": [ 8.5, 2, 9.5, 3 ], "texture": "#1" },
				"west": { "uv": [ 7.400001, 2, 8.900001, 3 ], "texture": "#1" },
				"east": { "uv": [ 7.099999, 2, 8.599999, 3 ], "texture": "#1" }
			}
		},
		{
			"__comment": "flower41",
			"from": [ 4.85, 14, 13.5 ],
			"to": [ 6.35, 15, 14.5 ],
			"rotation": { "origin": [ 10.5, 13, 10 ], "axis": "y", "angle": -22.5 },
			"faces": {
				"down": { "uv": [ 4.85, 2.5, 6.35, 3.5 ], "texture": "#1" },
				"up": { "uv": [ 4.85, 12.5, 6.35, 13.5 ], "texture": "#1" },
				"north": { "uv": [ 9.65, 11, 11.15, 12 ], "texture": "#1" },
				"south": { "uv": [ 4.85, 11, 6.35, 12 ], "texture": "#1" },
				"west": { "uv": [ 12.5, 11, 13.5, 12 ], "texture": "#1" },
				"east": { "uv": [ 2.5, 11, 3.5, 12 ], "texture": "#1" }
			}
		},
		{
			"__comment": "flower42",
			"from": [ 5.15, 13, 12.5 ],
			"to": [ 6.15, 14, 13.5 ],
			"rotation": { "origin": [ 10.5, 13, 10 ], "axis": "y", "angle": -22.5 },
			"faces": {
				"down": { "uv": [ 5.15, 3.5, 6.15, 4.5 ], "texture": "#2" },
				"up": { "uv": [ 5.15, 11.5, 6.15, 12.5 ], "texture": "#2" },
				"north": { "uv": [ 9.85, 12, 10.85, 13 ], "texture": "#2" },
				"south": { "uv": [ 5.15, 12, 6.15, 13 ], "texture": "#2" },
				"west": { "uv": [ 11.5, 12, 12.5, 13 ], "texture": "#2" },
				"east": { "uv": [ 3.5, 12, 4.5, 13 ], "texture": "#2" }
			}
		},
		{
			"__comment": "flower43",
			"from": [ 4.69, 13, 13.5 ],
			"to": [ 6.49, 14, 14.5 ],
			"rotation": { "origin": [ 10.5, 13, 10 ], "axis": "y", "angle": -22.5 },
			"faces": {
				"down": { "uv": [ 4.69, 2.5, 6.49, 3.5 ], "texture": "#1" },
				"up": { "uv": [ 4.69, 12.5, 6.49, 13.5 ], "texture": "#1" },
				"north": { "uv": [ 9.51, 12, 11.31, 13 ], "texture": "#1" },
				"south": { "uv": [ 4.69, 12, 6.49, 13 ], "texture": "#1" },
				"west": { "uv": [ 12.5, 12, 13.5, 13 ], "texture": "#1" },
				"east": { "uv": [ 2.5, 12, 3.5, 13 ], "texture": "#1" }
			}
		},
		{
			"__comment": "flower44",
			"from": [ 4.85, 13, 14.5 ],
			"to": [ 6.35, 14, 15.5 ],
			"rotation": { "origin": [ 10.5, 13, 10 ], "axis": "y", "angle": -22.5 },
			"faces": {
				"down": { "uv": [ 4.85, 1.5, 6.35, 2.5 ], "texture": "#1" },
				"up": { "uv": [ 4.85, 13.5, 6.35, 14.5 ], "texture": "#1" },
				"north": { "uv": [ 9.65, 12, 11.15, 13 ], "texture": "#1" },
				"south": { "uv": [ 4.85, 12, 6.35, 13 ], "texture": "#1" },
				"west": { "uv": [ 13.5, 12, 14.5, 13 ], "texture": "#1" },
				"east": { "uv": [ 1.5, 12, 2.5, 13 ], "texture": "#1" }
			}
		},
		{
			"__comment": "flower45",
			"from": [ 6.29, 12, 3.5 ],
			"to": [ 8.09, 13, 4.5 ],
			"rotation": { "origin": [ 10.5, 13, 10 ], "axis": "y", "angle": -22.5 },
			"faces": {
				"down": { "uv": [ 6.29, 12.5, 8.09, 13.5 ], "texture": "#1" },
				"up": { "uv": [ 6.29, 2.5, 8.09, 3.5 ], "texture": "#1" },
				"north": { "uv": [ 7.91, 13, 9.71, 14 ], "texture": "#1" },
				"south": { "uv": [ 6.29, 13, 8.09, 14 ], "texture": "#1" },
				"west": { "uv": [ 2.5, 13, 3.5, 14 ], "texture": "#1" },
				"east": { "uv": [ 12.5, 13, 13.5, 14 ], "texture": "#1" }
			}
		},
		{
			"__comment": "flower46",
			"from": [ 6.45, 12, 4.5 ],
			"to": [ 7.95, 13, 5.5 ],
			"rotation": { "origin": [ 10.5, 13, 10 ], "axis": "y", "angle": -22.5 },
			"faces": {
				"down": { "uv": [ 6.45, 11.5, 7.95, 12.5 ], "texture": "#1" },
				"up": { "uv": [ 6.45, 3.5, 7.95, 4.5 ], "texture": "#1" },
				"north": { "uv": [ 8.05, 13, 9.55, 14 ], "texture": "#1" },
				"south": { "uv": [ 6.45, 13, 7.95, 14 ], "texture": "#1" },
				"west": { "uv": [ 3.5, 13, 4.5, 14 ], "texture": "#1" },
				"east": { "uv": [ 11.5, 13, 12.5, 14 ], "texture": "#1" }
			}
		},
		{
			"__comment": "flower47",
			"from": [ 6.45, 12, 6.5 ],
			"to": [ 7.95, 13, 7.5 ],
			"rotation": { "origin": [ 10.5, 13, 10 ], "axis": "y", "angle": -22.5 },
			"faces": {
				"down": { "uv": [ 6.45, 9.5, 7.95, 10.5 ], "texture": "#1" },
				"up": { "uv": [ 6.45, 5.5, 7.95, 6.5 ], "texture": "#1" },
				"north": { "uv": [ 8.05, 13, 9.55, 14 ], "texture": "#1" },
				"south": { "uv": [ 6.45, 13, 7.95, 14 ], "texture": "#1" },
				"west": { "uv": [ 5.5, 13, 6.5, 14 ], "texture": "#1" },
				"east": { "uv": [ 9.5, 13, 10.5, 14 ], "texture": "#1" }
			}
		},
		{
			"__comment": "flower48",
			"from": [ 6.29, 12, 7.5 ],
			"to": [ 8.09, 13, 8.5 ],
			"rotation": { "origin": [ 10.5, 13, 10 ], "axis": "y", "angle": -22.5 },
			"faces": {
				"down": { "uv": [ 6.29, 8.5, 8.09, 9.5 ], "texture": "#1" },
				"up": { "uv": [ 6.29, 6.5, 8.09, 7.5 ], "texture": "#1" },
				"north": { "uv": [ 7.91, 13, 9.71, 14 ], "texture": "#1" },
				"south": { "uv": [ 6.29, 13, 8.09, 14 ], "texture": "#1" },
				"west": { "uv": [ 6.5, 13, 7.5, 14 ], "texture": "#1" },
				"east": { "uv": [ 8.5, 13, 9.5, 14 ], "texture": "#1" }
			}
		},
		{
			"__comment": "flower49",
			"from": [ 5.4, 12, 11.5 ],
			"to": [ 6.4, 13, 12.5 ],
			"rotation": { "origin": [ 10.5, 13, 10 ], "axis": "y", "angle": -22.5 },
			"faces": {
				"down": { "uv": [ 5.4, 4.5, 6.4, 5.5 ], "texture": "#2" },
				"up": { "uv": [ 5.4, 10.5, 6.4, 11.5 ], "texture": "#2" },
				"north": { "uv": [ 9.6, 13, 10.6, 14 ], "texture": "#2" },
				"south": { "uv": [ 5.4, 13, 6.4, 14 ], "texture": "#2" },
				"west": { "uv": [ 10.5, 13, 11.5, 14 ], "texture": "#2" },
				"east": { "uv": [ 4.5, 13, 5.5, 14 ], "texture": "#2" }
			}
		},
		{
			"__comment": "flower50",
			"from": [ 4.85, 12, 12.5 ],
			"to": [ 6.35, 13, 13.5 ],
			"rotation": { "origin": [ 10.5, 13, 10 ], "axis": "y", "angle": -22.5 },
			"faces": {
				"down": { "uv": [ 4.85, 3.5, 6.35, 4.5 ], "texture": "#1" },
				"up": { "uv": [ 4.85, 11.5, 6.35, 12.5 ], "texture": "#1" },
				"north": { "uv": [ 9.65, 13, 11.15, 14 ], "texture": "#1" },
				"south": { "uv": [ 4.85, 13, 6.35, 14 ], "texture": "#1" },
				"west": { "uv": [ 11.5, 13, 12.5, 14 ], "texture": "#1" },
				"east": { "uv": [ 3.5, 13, 4.5, 14 ], "texture": "#1" }
			}
		},
		{
			"__comment": "flower51",
			"from": [ 4.85, 12, 13.5 ],
			"to": [ 6.35, 13, 14.5 ],
			"rotation": { "origin": [ 10.5, 13, 10 ], "axis": "y", "angle": -22.5 },
			"faces": {
				"down": { "uv": [ 4.85, 2.5, 6.35, 3.5 ], "texture": "#1" },
				"up": { "uv": [ 4.85, 12.5, 6.35, 13.5 ], "texture": "#1" },
				"north": { "uv": [ 9.65, 13, 11.15, 14 ], "texture": "#1" },
				"south": { "uv": [ 4.85, 13, 6.35, 14 ], "texture": "#1" },
				"west": { "uv": [ 12.5, 13, 13.5, 14 ], "texture": "#1" },
				"east": { "uv": [ 2.5, 13, 3.5, 14 ], "texture": "#1" }
			}
		},
		{
			"__comment": "flower52",
			"from": [ 6.45, 11, 3.5 ],
			"to": [ 7.95, 12, 4.5 ],
			"rotation": { "origin": [ 10.5, 13, 10 ], "axis": "y", "angle": -22.5 },
			"faces": {
				"down": { "uv": [ 6.45, 12.5, 7.95, 13.5 ], "texture": "#1" },
				"up": { "uv": [ 6.45, 2.5, 7.95, 3.5 ], "texture": "#1" },
				"north": { "uv": [ 8.05, 14, 9.55, 15 ], "texture": "#1" },
				"south": { "uv": [ 6.45, 14, 7.95, 15 ], "texture": "#1" },
				"west": { "uv": [ 2.5, 14, 3.5, 15 ], "texture": "#1" },
				"east": { "uv": [ 12.5, 14, 13.5, 15 ], "texture": "#1" }
			}
		},
		{
			"__comment": "flower53",
			"from": [ 6.45, 11, 4.5 ],
			"to": [ 7.95, 12, 5.5 ],
			"rotation": { "origin": [ 10.5, 13, 10 ], "axis": "y", "angle": -22.5 },
			"faces": {
				"down": { "uv": [ 6.45, 11.5, 7.95, 12.5 ], "texture": "#1" },
				"up": { "uv": [ 6.45, 3.5, 7.95, 4.5 ], "texture": "#1" },
				"north": { "uv": [ 8.05, 14, 9.55, 15 ], "texture": "#1" },
				"south": { "uv": [ 6.45, 14, 7.95, 15 ], "texture": "#1" },
				"west": { "uv": [ 3.5, 14, 4.5, 15 ], "texture": "#1" },
				"east": { "uv": [ 11.5, 14, 12.5, 15 ], "texture": "#1" }
			}
		},
		{
			"__comment": "flower54",
			"from": [ 6.45, 11, 6.5 ],
			"to": [ 7.95, 12, 7.5 ],
			"rotation": { "origin": [ 10.5, 13, 10 ], "axis": "y", "angle": -22.5 },
			"faces": {
				"down": { "uv": [ 6.45, 9.5, 7.95, 10.5 ], "texture": "#1" },
				"up": { "uv": [ 6.45, 5.5, 7.95, 6.5 ], "texture": "#1" },
				"north": { "uv": [ 8.05, 14, 9.55, 15 ], "texture": "#1" },
				"south": { "uv": [ 6.45, 14, 7.95, 15 ], "texture": "#1" },
				"west": { "uv": [ 5.5, 14, 6.5, 15 ], "texture": "#1" },
				"east": { "uv": [ 9.5, 14, 10.5, 15 ], "texture": "#1" }
			}
		},
		{
			"__comment": "flower55",
			"from": [ 6.45, 11, 7.5 ],
			"to": [ 7.95, 12, 8.5 ],
			"rotation": { "origin": [ 10.5, 13, 10 ], "axis": "y", "angle": -22.5 },
			"faces": {
				"down": { "uv": [ 6.45, 8.5, 7.95, 9.5 ], "texture": "#1" },
				"up": { "uv": [ 6.45, 6.5, 7.95, 7.5 ], "texture": "#1" },
				"north": { "uv": [ 8.05, 14, 9.55, 15 ], "texture": "#1" },
				"south": { "uv": [ 6.45, 14, 7.95, 15 ], "texture": "#1" },
				"west": { "uv": [ 6.5, 14, 7.5, 15 ], "texture": "#1" },
				"east": { "uv": [ 8.5, 14, 9.5, 15 ], "texture": "#1" }
			}
		},
		{
			"__comment": "flower56",
			"from": [ 5.85, 11, 10.5 ],
			"to": [ 6.85, 12, 11.5 ],
			"rotation": { "origin": [ 10.5, 13, 10 ], "axis": "y", "angle": -22.5 },
			"faces": {
				"down": { "uv": [ 5.85, 5.5, 6.85, 6.5 ], "texture": "#2" },
				"up": { "uv": [ 5.85, 9.5, 6.85, 10.5 ], "texture": "#2" },
				"north": { "uv": [ 9.15, 14, 10.15, 15 ], "texture": "#2" },
				"south": { "uv": [ 5.85, 14, 6.85, 15 ], "texture": "#2" },
				"west": { "uv": [ 9.5, 14, 10.5, 15 ], "texture": "#2" },
				"east": { "uv": [ 5.5, 14, 6.5, 15 ], "texture": "#2" }
			}
		},
		{
			"__comment": "flower57",
			"from": [ 5.4, 11, 11.5 ],
			"to": [ 6.9, 12, 12.5 ],
			"rotation": { "origin": [ 10.5, 13, 10 ], "axis": "y", "angle": -22.5 },
			"faces": {
				"down": { "uv": [ 5.4, 4.5, 6.9, 5.5 ], "texture": "#1" },
				"up": { "uv": [ 5.4, 10.5, 6.9, 11.5 ], "texture": "#1" },
				"north": { "uv": [ 9.1, 14, 10.6, 15 ], "texture": "#1" },
				"south": { "uv": [ 5.4, 14, 6.9, 15 ], "texture": "#1" },
				"west": { "uv": [ 10.5, 14, 11.5, 15 ], "texture": "#1" },
				"east": { "uv": [ 4.5, 14, 5.5, 15 ], "texture": "#1" }
			}
		},
		{
			"__comment": "flower58",
			"from": [ 6.4, 10, 4.5 ],
			"to": [ 7.399999, 11, 5.5 ],
			"rotation": { "origin": [ 10.5, 13, 10 ], "axis": "y", "angle": -22.5 },
			"faces": {
				"down": { "uv": [ 6.4, 11.5, 7.4, 12.5 ], "texture": "#2" },
				"up": { "uv": [ 6.4, 3.5, 7.4, 4.5 ], "texture": "#2" },
				"north": { "uv": [ 8.6, 15, 9.6, 16 ], "texture": "#2" },
				"south": { "uv": [ 6.4, 15, 7.4, 16 ], "texture": "#2" },
				"west": { "uv": [ 3.5, 15, 4.5, 16 ], "texture": "#2" },
				"east": { "uv": [ 11.5, 15, 12.5, 16 ], "texture": "#2" }
			}
		},
		{
			"__comment": "flower59",
			"from": [ 6.7, 10, 5.5 ],
			"to": [ 7.7, 11, 6.5 ],
			"rotation": { "origin": [ 10.5, 13, 10 ], "axis": "y", "angle": -22.5 },
			"faces": {
				"down": { "uv": [ 6.7, 10.5, 7.7, 11.5 ], "texture": "#2" },
				"up": { "uv": [ 6.7, 4.5, 7.7, 5.5 ], "texture": "#2" },
				"north": { "uv": [ 8.3, 15, 9.3, 16 ], "texture": "#2" },
				"south": { "uv": [ 6.7, 15, 7.7, 16 ], "texture": "#2" },
				"west": { "uv": [ 4.5, 15, 5.5, 16 ], "texture": "#2" },
				"east": { "uv": [ 10.5, 15, 11.5, 16 ], "texture": "#2" }
			}
		},
		{
			"__comment": "flower60",
			"from": [ 6.75, 10, 6.5 ],
			"to": [ 7.75, 11, 7.5 ],
			"rotation": { "origin": [ 10.5, 13, 10 ], "axis": "y", "angle": -22.5 },
			"faces": {
				"down": { "uv": [ 6.75, 9.5, 7.75, 10.5 ], "texture": "#2" },
				"up": { "uv": [ 6.75, 5.5, 7.75, 6.5 ], "texture": "#2" },
				"north": { "uv": [ 8.25, 15, 9.25, 16 ], "texture": "#2" },
				"south": { "uv": [ 6.75, 15, 7.75, 16 ], "texture": "#2" },
				"west": { "uv": [ 5.5, 15, 6.5, 16 ], "texture": "#2" },
				"east": { "uv": [ 9.5, 15, 10.5, 16 ], "texture": "#2" }
			}
		},
		{
			"__comment": "flower61",
			"from": [ 6.3, 10, 9.5 ],
			"to": [ 7.3, 11, 10.5 ],
			"rotation": { "origin": [ 10.5, 13, 10 ], "axis": "y", "angle": -22.5 },
			"faces": {
				"down": { "uv": [ 6.3, 6.5, 7.3, 7.5 ], "texture": "#2" },
				"up": { "uv": [ 6.3, 8.5, 7.3, 9.5 ], "texture": "#2" },
				"north": { "uv": [ 8.7, 15, 9.7, 16 ], "texture": "#2" },
				"south": { "uv": [ 6.3, 15, 7.3, 16 ], "texture": "#2" },
				"west": { "uv": [ 8.5, 15, 9.5, 16 ], "texture": "#2" },
				"east": { "uv": [ 6.5, 15, 7.5, 16 ], "texture": "#2" }
			}
		},
		{
			"__comment": "flower62",
			"from": [ 5.4, 10, 10.5 ],
			"to": [ 6.9, 11, 11.5 ],
			"rotation": { "origin": [ 10.5, 13, 10 ], "axis": "y", "angle": -22.5 },
			"faces": {
				"down": { "uv": [ 5.4, 5.5, 6.9, 6.5 ], "texture": "#1" },
				"up": { "uv": [ 5.4, 9.5, 6.9, 10.5 ], "texture": "#1" },
				"north": { "uv": [ 9.1, 15, 10.6, 16 ], "texture": "#1" },
				"south": { "uv": [ 5.4, 15, 6.9, 16 ], "texture": "#1" },
				"west": { "uv": [ 9.5, 15, 10.5, 16 ], "texture": "#1" },
				"east": { "uv": [ 5.5, 15, 6.5, 16 ], "texture": "#1" }
			}
		},
		{
			"__comment": "flower63",
			"from": [ 5.14, 10, 11.5 ],
			"to": [ 6.94, 11, 12.5 ],
			"rotation": { "origin": [ 10.5, 13, 10 ], "axis": "y", "angle": -22.5 },
			"faces": {
				"down": { "uv": [ 5.14, 4.5, 6.94, 5.5 ], "texture": "#1" },
				"up": { "uv": [ 5.14, 10.5, 6.94, 11.5 ], "texture": "#1" },
				"north": { "uv": [ 9.059999, 15, 10.86, 16 ], "texture": "#1" },
				"south": { "uv": [ 5.14, 15, 6.94, 16 ], "texture": "#1" },
				"west": { "uv": [ 10.5, 15, 11.5, 16 ], "texture": "#1" },
				"east": { "uv": [ 4.5, 15, 5.5, 16 ], "texture": "#1" }
			}
		},
		{
			"__comment": "flower64",
			"from": [ 5.3, 10, 12.5 ],
			"to": [ 6.8, 11, 13.5 ],
			"rotation": { "origin": [ 10.5, 13, 10 ], "axis": "y", "angle": -22.5 },
			"faces": {
				"down": { "uv": [ 5.3, 3.5, 6.8, 4.5 ], "texture": "#1" },
				"up": { "uv": [ 5.3, 11.5, 6.8, 12.5 ], "texture": "#1" },
				"north": { "uv": [ 9.2, 15, 10.7, 16 ], "texture": "#1" },
				"south": { "uv": [ 5.3, 15, 6.8, 16 ], "texture": "#1" },
				"west": { "uv": [ 11.5, 15, 12.5, 16 ], "texture": "#1" },
				"east": { "uv": [ 3.5, 15, 4.5, 16 ], "texture": "#1" }
			}
		},
		{
			"__comment": "flower65",
			"from": [ 6.15, 9, 2.5 ],
			"to": [ 7.649999, 10, 3.5 ],
			"rotation": { "origin": [ 10.5, 13, 10 ], "axis": "y", "angle": -22.5 },
			"faces": {
				"down": { "uv": [ 6.15, 13.5, 7.65, 14.5 ], "texture": "#1" },
				"up": { "uv": [ 6.15, 1.5, 7.65, 2.5 ], "texture": "#1" },
				"north": { "uv": [ 8.35, 0, 9.85, 1 ], "texture": "#1" },
				"south": { "uv": [ 6.15, 0, 7.65, 1 ], "texture": "#1" },
				"west": { "uv": [ 1.5, 0, 2.5, 1 ], "texture": "#1" },
				"east": { "uv": [ 13.5, 0, 14.5, 1 ], "texture": "#1" }
			}
		},
		{
			"__comment": "flower66",
			"from": [ 6.15, 9, 3.5 ],
			"to": [ 7.649999, 10, 4.5 ],
			"rotation": { "origin": [ 10.5, 13, 10 ], "axis": "y", "angle": -22.5 },
			"faces": {
				"down": { "uv": [ 6.15, 12.5, 7.65, 13.5 ], "texture": "#1" },
				"up": { "uv": [ 6.15, 2.5, 7.65, 3.5 ], "texture": "#1" },
				"north": { "uv": [ 8.35, 0, 9.85, 1 ], "texture": "#1" },
				"south": { "uv": [ 6.15, 0, 7.65, 1 ], "texture": "#1" },
				"west": { "uv": [ 2.5, 0, 3.5, 1 ], "texture": "#1" },
				"east": { "uv": [ 12.5, 0, 13.5, 1 ], "texture": "#1" }
			}
		},
		{
			"__comment": "flower67",
			"from": [ 6.4, 9, 4.5 ],
			"to": [ 7.399999, 10, 5.5 ],
			"rotation": { "origin": [ 10.5, 13, 10 ], "axis": "y", "angle": -22.5 },
			"faces": {
				"down": { "uv": [ 6.4, 11.5, 7.4, 12.5 ], "texture": "#2" },
				"up": { "uv": [ 6.4, 3.5, 7.4, 4.5 ], "texture": "#2" },
				"north": { "uv": [ 8.6, 0, 9.6, 1 ], "texture": "#2" },
				"south": { "uv": [ 6.4, 0, 7.4, 1 ], "texture": "#2" },
				"west": { "uv": [ 3.5, 0, 4.5, 1 ], "texture": "#2" },
				"east": { "uv": [ 11.5, 0, 12.5, 1 ], "texture": "#2" }
			}
		},
		{
			"__comment": "flower68",
			"from": [ 6.4, 9, 7.5 ],
			"to": [ 7.399999, 10, 8.5 ],
			"rotation": { "origin": [ 10.5, 13, 10 ], "axis": "y", "angle": -22.5 },
			"faces": {
				"down": { "uv": [ 6.4, 8.5, 7.4, 9.5 ], "texture": "#2" },
				"up": { "uv": [ 6.4, 6.5, 7.4, 7.5 ], "texture": "#2" },
				"north": { "uv": [ 8.6, 0, 9.6, 1 ], "texture": "#2" },
				"south": { "uv": [ 6.4, 0, 7.4, 1 ], "texture": "#2" },
				"west": { "uv": [ 6.5, 0, 7.5, 1 ], "texture": "#2" },
				"east": { "uv": [ 8.5, 0, 9.5, 1 ], "texture": "#2" }
			}
		},
		{
			"__comment": "flower69",
			"from": [ 6.5, 9, 9.5 ],
			"to": [ 7.5, 10, 10.5 ],
			"rotation": { "origin": [ 10.5, 13, 10 ], "axis": "y", "angle": -22.5 },
			"faces": {
				"down": { "uv": [ 6.5, 6.5, 7.5, 7.5 ], "texture": "#2" },
				"up": { "uv": [ 6.5, 8.5, 7.5, 9.5 ], "texture": "#2" },
				"north": { "uv": [ 8.5, 0, 9.5, 1 ], "texture": "#2" },
				"south": { "uv": [ 6.5, 0, 7.5, 1 ], "texture": "#2" },
				"west": { "uv": [ 8.5, 0, 9.5, 1 ], "texture": "#2" },
				"east": { "uv": [ 6.5, 0, 7.5, 1 ], "texture": "#2" }
			}
		},
		{
			"__comment": "flower70",
			"from": [ 5.3, 9, 11.5 ],
			"to": [ 6.8, 10, 12.5 ],
			"rotation": { "origin": [ 10.5, 13, 10 ], "axis": "y", "angle": -22.5 },
			"faces": {
				"down": { "uv": [ 5.3, 4.5, 6.8, 5.5 ], "texture": "#1" },
				"up": { "uv": [ 5.3, 10.5, 6.8, 11.5 ], "texture": "#1" },
				"north": { "uv": [ 9.2, 0, 10.7, 1 ], "texture": "#1" },
				"south": { "uv": [ 5.3, 0, 6.8, 1 ], "texture": "#1" },
				"west": { "uv": [ 10.5, 0, 11.5, 1 ], "texture": "#1" },
				"east": { "uv": [ 4.5, 0, 5.5, 1 ], "texture": "#1" }
			}
		},
		{
			"__comment": "flower71",
			"from": [ 5.99, 8, 2.5 ],
			"to": [ 7.79, 9, 3.5 ],
			"rotation": { "origin": [ 10.5, 13, 10 ], "axis": "y", "angle": -22.5 },
			"faces": {
				"down": { "uv": [ 5.99, 13.5, 7.79, 14.5 ], "texture": "#1" },
				"up": { "uv": [ 5.99, 1.5, 7.79, 2.5 ], "texture": "#1" },
				"north": { "uv": [ 8.21, 1, 10.01, 2 ], "texture": "#1" },
				"south": { "uv": [ 5.99, 1, 7.79, 2 ], "texture": "#1" },
				"west": { "uv": [ 1.5, 1, 2.5, 2 ], "texture": "#1" },
				"east": { "uv": [ 13.5, 1, 14.5, 2 ], "texture": "#1" }
			}
		},
		{
			"__comment": "flower72",
			"from": [ 6.45, 8, 3.5 ],
			"to": [ 7.95, 9, 4.5 ],
			"rotation": { "origin": [ 10.5, 13, 10 ], "axis": "y", "angle": -22.5 },
			"faces": {
				"down": { "uv": [ 6.45, 12.5, 7.95, 13.5 ], "texture": "#1" },
				"up": { "uv": [ 6.45, 2.5, 7.95, 3.5 ], "texture": "#1" },
				"north": { "uv": [ 8.05, 1, 9.55, 2 ], "texture": "#1" },
				"south": { "uv": [ 6.45, 1, 7.95, 2 ], "texture": "#1" },
				"west": { "uv": [ 2.5, 1, 3.5, 2 ], "texture": "#1" },
				"east": { "uv": [ 12.5, 1, 13.5, 2 ], "texture": "#1" }
			}
		},
		{
			"__comment": "flower73",
			"from": [ 6.09, 8, 9.5 ],
			"to": [ 7.89, 9, 10.5 ],
			"rotation": { "origin": [ 10.5, 13, 10 ], "axis": "y", "angle": -22.5 },
			"faces": {
				"down": { "uv": [ 6.09, 6.5, 7.89, 7.5 ], "texture": "#1" },
				"up": { "uv": [ 6.09, 8.5, 7.89, 9.5 ], "texture": "#1" },
				"north": { "uv": [ 8.11, 1, 9.91, 2 ], "texture": "#1" },
				"south": { "uv": [ 6.09, 1, 7.89, 2 ], "texture": "#1" },
				"west": { "uv": [ 8.5, 1, 9.5, 2 ], "texture": "#1" },
				"east": { "uv": [ 6.5, 1, 7.5, 2 ], "texture": "#1" }
			}
		},
		{
			"__comment": "flower74",
			"from": [ 6.25, 8, 10.5 ],
			"to": [ 7.75, 9, 11.5 ],
			"rotation": { "origin": [ 10.5, 13, 10 ], "axis": "y", "angle": -22.5 },
			"faces": {
				"down": { "uv": [ 6.25, 5.5, 7.75, 6.5 ], "texture": "#1" },
				"up": { "uv": [ 6.25, 9.5, 7.75, 10.5 ], "texture": "#1" },
				"north": { "uv": [ 8.25, 1, 9.75, 2 ], "texture": "#1" },
				"south": { "uv": [ 6.25, 1, 7.75, 2 ], "texture": "#1" },
				"west": { "uv": [ 9.5, 1, 10.5, 2 ], "texture": "#1" },
				"east": { "uv": [ 5.5, 1, 6.5, 2 ], "texture": "#1" }
			}
		},
		{
			"__comment": "flower75",
			"from": [ 6.25, 7, 9.5 ],
			"to": [ 7.75, 8, 10.5 ],
			"rotation": { "origin": [ 10.5, 13, 10 ], "axis": "y", "angle": -22.5 },
			"faces": {
				"down": { "uv": [ 6.25, 6.5, 7.75, 7.5 ], "texture": "#1" },
				"up": { "uv": [ 6.25, 8.5, 7.75, 9.5 ], "texture": "#1" },
				"north": { "uv": [ 8.25, 2, 9.75, 3 ], "texture": "#1" },
				"south": { "uv": [ 6.25, 2, 7.75, 3 ], "texture": "#1" },
				"west": { "uv": [ 8.5, 2, 9.5, 3 ], "texture": "#1" },
				"east": { "uv": [ 6.5, 2, 7.5, 3 ], "texture": "#1" }
			}
		},
		{
			"__comment": "flower76",
			"from": [ 6.25, 7, 10.5 ],
			"to": [ 7.75, 8, 11.5 ],
			"rotation": { "origin": [ 10.5, 13, 10 ], "axis": "y", "angle": -22.5 },
			"faces": {
				"down": { "uv": [ 6.25, 5.5, 7.75, 6.5 ], "texture": "#1" },
				"up": { "uv": [ 6.25, 9.5, 7.75, 10.5 ], "texture": "#1" },
				"north": { "uv": [ 8.25, 2, 9.75, 3 ], "texture": "#1" },
				"south": { "uv": [ 6.25, 2, 7.75, 3 ], "texture": "#1" },
				"west": { "uv": [ 9.5, 2, 10.5, 3 ], "texture": "#1" },
				"east": { "uv": [ 5.5, 2, 6.5, 3 ], "texture": "#1" }
			}
		}
	]
}