{
	"credit": "Made with Blockbench, a free, modern block model editor by JannisX11",
	"ambientocclusion": true,
	"textures": {
		"0": "3d_transportation/3d_rail_wood",
		"1": "3d_transportation/3d_rail_golden",
		"2": "3d_transportation/3d_rail_redstone_activated",
		"1_1": "3d_transportation/3d_rail_iron_light",
		"particle": "3d_transportation/3d_rail_iron_light",
		"1_2": "3d_transportation/3d_rail_iron_dark"
	},
	"elements": [
		{
			"name": "cube",
			"from": [1, 0, 1],
			"to": [15, 1, 3],
			"faces": {
				"north": {"uv": [1, 15, 15, 16], "texture": "#0"},
				"east": {"uv": [15, 16, 13, 15], "texture": "#0"},
				"south": {"uv": [1, 15, 15, 16], "texture": "#0"},
				"west": {"uv": [1, 15, 3, 16], "texture": "#0"},
				"up": {"uv": [1, 1, 15, 3], "texture": "#0"},
				"down": {
					"uv": [1, 13, 15, 15],
					"texture": "#0",
					"cullface": "down"
				}
			},
			"rotation": {
				"origin": [8, 8, 8],
				"axis": "x",
				"angle": 0
			},
			"type": "cube"
		},
		{
			"name": "cube",
			"from": [1, 0, 5],
			"to": [15, 1, 7],
			"faces": {
				"north": {"uv": [1, 15, 15, 16], "texture": "#0"},
				"east": {"uv": [11, 16, 9, 15], "texture": "#0"},
				"south": {"uv": [1, 15, 15, 16], "texture": "#0"},
				"west": {"uv": [5, 15, 7, 16], "texture": "#0"},
				"up": {"uv": [1, 5, 15, 7], "texture": "#0"},
				"down": {
					"uv": [1, 9, 15, 11],
					"texture": "#0",
					"cullface": "down"
				}
			},
			"rotation": {
				"origin": [8, 8, 8],
				"axis": "x",
				"angle": 0
			},
			"type": "cube"
		},
		{
			"name": "cube",
			"from": [1, 0, 9],
			"to": [15, 1, 11],
			"faces": {
				"north": {"uv": [1, 15, 15, 16], "texture": "#0"},
				"east": {"uv": [7, 16, 5, 15], "texture": "#0"},
				"south": {"uv": [1, 15, 15, 16], "texture": "#0"},
				"west": {"uv": [9, 15, 11, 16], "texture": "#0"},
				"up": {"uv": [1, 9, 15, 11], "texture": "#0"},
				"down": {
					"uv": [1, 5, 15, 7],
					"texture": "#0",
					"cullface": "down"
				}
			},
			"rotation": {
				"origin": [8, 8, 8],
				"axis": "x",
				"angle": 0
			},
			"type": "cube"
		},
		{
			"name": "cube",
			"from": [1, 0, 13],
			"to": [15, 1, 15],
			"faces": {
				"north": {"uv": [1, 15, 15, 16], "texture": "#0"},
				"east": {"uv": [3, 16, 1, 15], "texture": "#0"},
				"south": {"uv": [1, 15, 15, 16], "texture": "#0"},
				"west": {"uv": [13, 15, 15, 16], "texture": "#0"},
				"up": {"uv": [1, 13, 15, 15], "texture": "#0"},
				"down": {
					"uv": [1, 1, 15, 3],
					"texture": "#0",
					"cullface": "down"
				}
			},
			"rotation": {
				"origin": [8, 8, 8],
				"axis": "x",
				"angle": 0
			},
			"type": "cube"
		},
		{
			"name": "cube",
			"from": [13, 1, 0],
			"to": [13.999, 2, 16],
			"faces": {
				"north": {"uv": [2, 14, 3, 15], "texture": "#1_1"},
				"east": {"uv": [16, 15, 0, 14], "texture": "#1_1"},
				"south": {
					"uv": [13, 14, 14, 15],
					"texture": "#1_1"
				},
				"west": {"uv": [0, 14, 16, 15], "texture": "#1_1"},
				"up": {"uv": [13, 0, 14, 16], "texture": "#1_1"},
				"down": {"uv": [13, 0, 14, 16], "texture": "#1_1"}
			},
			"rotation": {
				"origin": [13.5, 8, 8],
				"axis": "x",
				"angle": 0
			},
			"type": "cube"
		},
		{
			"name": "cube",
			"from": [3, 1, 0],
			"to": [3.999, 1.5, 16],
			"faces": {
				"north": {
					"uv": [12, 14.5, 13, 15],
					"texture": "#1_2"
				},
				"east": {
					"uv": [16, 15, 0, 14.5],
					"texture": "#1_2"
				},
				"south": {
					"uv": [3, 14.5, 4, 15],
					"texture": "#1_2"
				},
				"west": {
					"uv": [0, 14.5, 16, 15],
					"texture": "#1_2"
				},
				"up": {"uv": [3, 0, 4, 16], "texture": "#1_2"},
				"down": {"uv": [3, 0, 4, 16], "texture": "#1_2"}
			},
			"rotation": {
				"origin": [3.5, 8, 8],
				"axis": "x",
				"angle": 0
			},
			"type": "cube"
		},
		{
			"name": "cube",
			"from": [12.001, 1, 0],
			"to": [13, 1.5, 16],
			"faces": {
				"north": {
					"uv": [3, 14.5, 4, 15],
					"texture": "#1_2"
				},
				"east": {
					"uv": [16, 15, 0, 14.5],
					"texture": "#1_2"
				},
				"south": {
					"uv": [12, 14.5, 13, 15],
					"texture": "#1_2"
				},
				"west": {
					"uv": [0, 14.5, 16, 15],
					"texture": "#1_2"
				},
				"up": {"uv": [12, 0, 13, 16], "texture": "#1_2"},
				"down": {"uv": [12, 0, 13, 16], "texture": "#1_2"}
			},
			"rotation": {
				"origin": [12.501, 8, 8],
				"axis": "x",
				"angle": 0
			},
			"type": "cube"
		},
		{
			"name": "cube",
			"from": [2.001, 1, 0],
			"to": [3, 2, 16],
			"faces": {
				"north": {
					"uv": [13, 14, 14, 15],
					"texture": "#1_1"
				},
				"east": {"uv": [16, 15, 0, 14], "texture": "#1_1"},
				"south": {"uv": [2, 14, 3, 15], "texture": "#1_1"},
				"west": {"uv": [0, 14, 16, 15], "texture": "#1_1"},
				"up": {"uv": [2, 0, 3, 16], "texture": "#1_1"},
				"down": {"uv": [2, 0, 3, 16], "texture": "#1_1"}
			},
			"rotation": {
				"origin": [2.501, 8, 8],
				"axis": "x",
				"angle": 0
			},
			"type": "cube"
		},
		{
			"name": "cube",
			"from": [4.0009999999999994, 1, 0],
			"to": [5, 1.75, 16],
			"faces": {
				"north": {"uv": [13, 14, 14, 15], "texture": "#1"},
				"east": {"uv": [16, 15, 0, 14], "texture": "#1"},
				"south": {"uv": [2, 14, 3, 15], "texture": "#1"},
				"west": {"uv": [0, 14, 16, 15], "texture": "#1"},
				"up": {"uv": [2, 0, 3, 16], "texture": "#1"},
				"down": {"uv": [2, 0, 3, 16], "texture": "#1"}
			},
			"rotation": {
				"origin": [4.5009999999999994, 8, 8],
				"axis": "x",
				"angle": 0
			},
			"type": "cube"
		},
		{
			"name": "cube",
			"from": [11.000999999999998, 1, 0],
			"to": [11.999999999999998, 1.75, 16],
			"faces": {
				"north": {"uv": [13, 14, 14, 15], "texture": "#1"},
				"east": {"uv": [16, 15, 0, 14], "texture": "#1"},
				"south": {"uv": [2, 14, 3, 15], "texture": "#1"},
				"west": {"uv": [0, 14, 16, 15], "texture": "#1"},
				"up": {"uv": [2, 0, 3, 16], "texture": "#1"},
				"down": {"uv": [2, 0, 3, 16], "texture": "#1"}
			},
			"rotation": {
				"origin": [11.500999999999998, 8, 8],
				"axis": "x",
				"angle": 0
			},
			"type": "cube"
		},
		{
			"name": "cube",
			"from": [5, 1, 1],
			"to": [6, 1.75, 3],
			"faces": {
				"north": {"uv": [0, 0, 1, 0.75], "texture": "#2"},
				"east": {"uv": [0, 0, 2, 0.75], "texture": "#2"},
				"south": {"uv": [0, 0, 1, 0.75], "texture": "#2"},
				"west": {"uv": [0, 0, 2, 0.75], "texture": "#2"},
				"up": {"uv": [0, 0, 1, 2], "texture": "#2"}
			},
			"type": "cube"
		},
		{
			"name": "cube",
			"from": [10, 1, 1],
			"to": [11, 1.75, 3],
			"faces": {
				"north": {"uv": [0, 0, 1, 0.75], "texture": "#2"},
				"east": {"uv": [0, 0, 2, 0.75], "texture": "#2"},
				"south": {"uv": [0, 0, 1, 0.75], "texture": "#2"},
				"west": {"uv": [0, 0, 2, 0.75], "texture": "#2"},
				"up": {"uv": [0, 0, 1, 2], "texture": "#2"}
			},
			"type": "cube"
		},
		{
			"name": "cube",
			"from": [10, 1, 5],
			"to": [11, 1.75, 7],
			"faces": {
				"north": {"uv": [0, 0, 1, 0.75], "texture": "#2"},
				"east": {"uv": [0, 0, 2, 0.75], "texture": "#2"},
				"south": {"uv": [0, 0, 1, 0.75], "texture": "#2"},
				"west": {"uv": [0, 0, 2, 0.75], "texture": "#2"},
				"up": {"uv": [0, 0, 1, 2], "texture": "#2"}
			},
			"type": "cube"
		},
		{
			"name": "cube",
			"from": [5, 1, 5],
			"to": [6, 1.75, 7],
			"faces": {
				"north": {"uv": [0, 0, 1, 0.75], "texture": "#2"},
				"east": {"uv": [0, 0, 2, 0.75], "texture": "#2"},
				"south": {"uv": [0, 0, 1, 0.75], "texture": "#2"},
				"west": {"uv": [0, 0, 2, 0.75], "texture": "#2"},
				"up": {"uv": [0, 0, 1, 2], "texture": "#2"}
			},
			"type": "cube"
		},
		{
			"name": "cube",
			"from": [5, 1, 9],
			"to": [6, 1.75, 11],
			"faces": {
				"north": {"uv": [0, 0, 1, 0.75], "texture": "#2"},
				"east": {"uv": [0, 0, 2, 0.75], "texture": "#2"},
				"south": {"uv": [0, 0, 1, 0.75], "texture": "#2"},
				"west": {"uv": [0, 0, 2, 0.75], "texture": "#2"},
				"up": {"uv": [0, 0, 1, 2], "texture": "#2"}
			},
			"type": "cube"
		},
		{
			"name": "cube",
			"from": [10, 1, 9],
			"to": [11, 1.75, 11],
			"faces": {
				"north": {"uv": [0, 0, 1, 0.75], "texture": "#2"},
				"east": {"uv": [0, 0, 2, 0.75], "texture": "#2"},
				"south": {"uv": [0, 0, 1, 0.75], "texture": "#2"},
				"west": {"uv": [0, 0, 2, 0.75], "texture": "#2"},
				"up": {"uv": [0, 0, 1, 2], "texture": "#2"}
			},
			"type": "cube"
		},
		{
			"name": "cube",
			"from": [10, 1, 13],
			"to": [11, 1.75, 15],
			"faces": {
				"north": {"uv": [0, 0, 1, 0.75], "texture": "#2"},
				"east": {"uv": [0, 0, 2, 0.75], "texture": "#2"},
				"south": {"uv": [0, 0, 1, 0.75], "texture": "#2"},
				"west": {"uv": [0, 0, 2, 0.75], "texture": "#2"},
				"up": {"uv": [0, 0, 1, 2], "texture": "#2"}
			},
			"type": "cube"
		},
		{
			"name": "cube",
			"from": [5, 1, 13],
			"to": [6, 1.75, 15],
			"faces": {
				"north": {"uv": [0, 0, 1, 0.75], "texture": "#2"},
				"east": {"uv": [0, 0, 2, 0.75], "texture": "#2"},
				"south": {"uv": [0, 0, 1, 0.75], "texture": "#2"},
				"west": {"uv": [0, 0, 2, 0.75], "texture": "#2"},
				"up": {"uv": [0, 0, 1, 2], "texture": "#2"}
			},
			"type": "cube"
		},
		{
			"name": "cube",
			"from": [7, 0.125, 3],
			"to": [9, 0.875, 13],
			"faces": {
				"north": {"uv": [0, 0, 2, 0.75], "texture": "#2"},
				"east": {"uv": [0, 0, 10, 0.75], "texture": "#2"},
				"south": {"uv": [0, 0, 2, 0.75], "texture": "#2"},
				"west": {"uv": [0, 0, 10, 0.75], "texture": "#2"},
				"up": {"uv": [0, 0, 2, 10], "texture": "#2"},
				"down": {"uv": [0, 0, 2, 10], "texture": "#2"}
			},
			"type": "cube"
		}
	],
	"groups": [
		0,
		1,
		2,
		3,
		10,
		11,
		12,
		13,
		14,
		15,
		16,
		17,
		18
	]
}