{
	"credit": "Made with Blockbench, a free, modern block model editor by JannisX11",
	"textures": {
		"0": "3d_transportation/3d_rail_redstone",
		"1": "3d_transportation/3d_rail_iron_light",
		"2": "3d_transportation/3d_rail_iron_dark",
		"4": "3d_transportation/3d_rail_golden",
		"particle": "3d_transportation/3d_rail_iron_light",
		"1_0": "3d_transportation/3d_rail_wood"
	},
	"elements": [
		{
			"name": "cube",
			"from": [13, 9, 6.5],
			"to": [14, 10, 22.5],
			"faces": {
				"north": {"uv": [14, 6, 13, 7], "texture": "#1"},
				"east": {"uv": [6.5, 7, 16, 6], "texture": "#1"},
				"south": {"uv": [3, 6, 2, 7], "texture": "#1"},
				"west": {"uv": [9.5, 6, 0, 7], "texture": "#1"},
				"up": {"uv": [13, 9.5, 14, 0], "texture": "#1"},
				"down": {"uv": [13, 16, 14, 6.5], "texture": "#1"}
			},
			"rotation": {
				"origin": [13.5, 16, 14.5],
				"axis": "x",
				"angle": 45,
				"rescale": true
			},
			"type": "cube"
		},
		{
			"name": "cube",
			"from": [3, 9, 6.5],
			"to": [4, 9.5, 22.5],
			"faces": {
				"north": {"uv": [4, 6.5, 3, 7], "texture": "#2"},
				"east": {"uv": [6.5, 7, 16, 6.5], "texture": "#2"},
				"south": {"uv": [13, 6.5, 12, 7], "texture": "#2"},
				"west": {"uv": [9.5, 6.5, 0, 7], "texture": "#2"},
				"up": {"uv": [3, 9.5, 4, 0], "texture": "#2"},
				"down": {"uv": [3, 16, 4, 6.5], "texture": "#2"}
			},
			"rotation": {
				"origin": [3.5, 16, 14.5],
				"axis": "x",
				"angle": 45,
				"rescale": true
			},
			"type": "cube"
		},
		{
			"name": "cube",
			"from": [12, 9, 6.5],
			"to": [13, 9.5, 22.5],
			"faces": {
				"north": {"uv": [13, 6.5, 12, 7], "texture": "#2"},
				"east": {"uv": [6.5, 7, 16, 6.5], "texture": "#2"},
				"south": {"uv": [4, 6.5, 3, 7], "texture": "#2"},
				"west": {"uv": [9.5, 6.5, 0, 7], "texture": "#2"},
				"up": {"uv": [12, 9.5, 13, 0], "texture": "#2"},
				"down": {"uv": [12, 16, 13, 6.5], "texture": "#2"}
			},
			"rotation": {
				"origin": [12.5, 16, 14.5],
				"axis": "x",
				"angle": 45,
				"rescale": true
			},
			"type": "cube"
		},
		{
			"name": "cube",
			"from": [2, 9, 6.5],
			"to": [3, 10, 22.5],
			"faces": {
				"north": {"uv": [3, 6, 2, 7], "texture": "#1"},
				"east": {"uv": [6.5, 7, 16, 6], "texture": "#1"},
				"south": {"uv": [14, 6, 13, 7], "texture": "#1"},
				"west": {"uv": [9.5, 6, 0, 7], "texture": "#1"},
				"up": {"uv": [2, 9.5, 3, 0], "texture": "#1"},
				"down": {"uv": [2, 16, 3, 6.5], "texture": "#1"}
			},
			"rotation": {
				"origin": [2.5, 16, 14.5],
				"axis": "x",
				"angle": 45,
				"rescale": true
			},
			"type": "cube"
		},
		{
			"name": "cube",
			"from": [1, 1.4000000000000004, 18],
			"to": [15, 2.4000000000000004, 20],
			"faces": {
				"north": {"uv": [14, 2, 0, 3], "texture": "#1_0"},
				"east": {"uv": [10, 4, 12, 3], "texture": "#1_0"},
				"south": {"uv": [15, 7, 1, 8], "texture": "#1_0"},
				"west": {"uv": [9, 9, 7, 10], "texture": "#1_0"},
				"up": {"uv": [1, 12, 15, 10], "texture": "#1_0"},
				"down": {"uv": [0, 3, 14, 1], "texture": "#1_0"}
			},
			"rotation": {
				"origin": [8, 9.4, 17],
				"axis": "x",
				"angle": 45
			},
			"type": "cube"
		},
		{
			"name": "cube",
			"from": [1, 4.4, 15],
			"to": [15, 5.4, 17],
			"faces": {
				"north": {"uv": [14, 3, 0, 4], "texture": "#1_0"},
				"east": {"uv": [13, 14, 15, 13], "texture": "#1_0"},
				"south": {"uv": [14, 0, 0, 1], "texture": "#1_0"},
				"west": {"uv": [4, 7, 2, 8], "texture": "#1_0"},
				"up": {"uv": [2, 15, 16, 13], "texture": "#1_0"},
				"down": {"uv": [0, 6, 14, 4], "texture": "#1_0"}
			},
			"rotation": {
				"origin": [8, 12.4, 14],
				"axis": "x",
				"angle": 45
			},
			"type": "cube"
		},
		{
			"name": "cube",
			"from": [1, 7.4, 12],
			"to": [15, 8.4, 14],
			"faces": {
				"north": {"uv": [15, 2, 1, 3], "texture": "#1_0"},
				"east": {"uv": [7, 14, 9, 13], "texture": "#1_0"},
				"south": {"uv": [14, 10, 0, 11], "texture": "#1_0"},
				"west": {"uv": [3, 7, 1, 8], "texture": "#1_0"},
				"up": {"uv": [1, 13, 15, 11], "texture": "#1_0"},
				"down": {"uv": [1, 2, 15, 0], "texture": "#1_0"}
			},
			"rotation": {
				"origin": [8, 15.4, 11],
				"axis": "x",
				"angle": 45
			},
			"type": "cube"
		},
		{
			"name": "cube",
			"from": [1, 10.4, 9],
			"to": [15, 11.4, 11],
			"faces": {
				"north": {"uv": [15, 1, 1, 2], "texture": "#1_0"},
				"east": {"uv": [4, 14, 6, 13], "texture": "#1_0"},
				"south": {"uv": [16, 3, 2, 4], "texture": "#1_0"},
				"west": {"uv": [14, 7, 12, 8], "texture": "#1_0"},
				"up": {"uv": [1, 14, 15, 12], "texture": "#1_0"},
				"down": {"uv": [0, 4, 14, 2], "texture": "#1_0"}
			},
			"rotation": {
				"origin": [8, 18.4, 8],
				"axis": "x",
				"angle": 45
			},
			"type": "cube"
		},
		{
			"name": "cube",
			"from": [1, 13.4, 6],
			"to": [15, 14.4, 8],
			"faces": {
				"north": {"uv": [15, 3, 1, 4], "texture": "#1_0"},
				"east": {"uv": [3, 12, 5, 11], "texture": "#1_0"},
				"south": {"uv": [16, 3, 2, 4], "texture": "#1_0"},
				"west": {"uv": [4, 6, 2, 7], "texture": "#1_0"},
				"up": {"uv": [1, 13, 15, 11], "texture": "#1_0"},
				"down": {"uv": [1, 2, 15, 0], "texture": "#1_0"}
			},
			"rotation": {
				"origin": [8, 21.4, 5],
				"axis": "x",
				"angle": 45
			},
			"_loading": false,
			"type": "cube"
		},
		{
			"name": "cube",
			"from": [4, 9, 6.5],
			"to": [5, 9.75, 22.5],
			"faces": {
				"north": {"uv": [5, 6.25, 4, 7], "texture": "#4"},
				"east": {"uv": [6.5, 7, 16, 6.25], "texture": "#4"},
				"south": {"uv": [12, 6.25, 11, 7], "texture": "#4"},
				"west": {"uv": [9.5, 6.25, 0, 7], "texture": "#4"},
				"up": {"uv": [1, 16, 2, 0], "texture": "#4"},
				"down": {"uv": [3, 16, 4, 0], "texture": "#4"}
			},
			"rotation": {
				"origin": [4.5, 16, 14.5],
				"axis": "x",
				"angle": 45,
				"rescale": true
			},
			"_loading": false,
			"type": "cube"
		},
		{
			"name": "cube",
			"from": [11, 9, 6.5],
			"to": [12, 9.75, 22.5],
			"faces": {
				"north": {"uv": [12, 6.25, 11, 7], "texture": "#4"},
				"east": {"uv": [6.5, 7, 16, 6.25], "texture": "#4"},
				"south": {"uv": [5, 6.25, 4, 7], "texture": "#4"},
				"west": {"uv": [9.5, 6.25, 0, 7], "texture": "#4"},
				"up": {"uv": [11, 16, 12, 0], "texture": "#4"},
				"down": {"uv": [10, 16, 11, 0], "texture": "#4"}
			},
			"rotation": {
				"origin": [11.5, 16, 14.5],
				"axis": "x",
				"angle": 45,
				"rescale": true
			},
			"type": "cube"
		},
		{
			"name": "cube",
			"from": [7, 2.4000000000000004, 3.01],
			"to": [9, 3.1500000000000004, 19.009999999999998],
			"faces": {
				"north": {
					"uv": [9, 12.85, 7, 13.6],
					"texture": "#0"
				},
				"east": {
					"uv": [3, 13.6, 16, 12.85],
					"texture": "#0"
				},
				"south": {
					"uv": [9, 12.85, 7, 13.6],
					"texture": "#0"
				},
				"west": {
					"uv": [13, 12.85, 0, 13.6],
					"texture": "#0"
				},
				"up": {"uv": [7, 16, 9, 0], "texture": "#0"},
				"down": {"uv": [6, 16, 8, 0], "texture": "#0"}
			},
			"rotation": {
				"origin": [14, 10.4, 16.009999999999998],
				"axis": "x",
				"angle": 45
			},
			"type": "cube"
		},
		{
			"name": "cube",
			"from": [5, 2.0999999999999996, 18.7],
			"to": [6, 3.1500000000000004, 20.7],
			"faces": {
				"north": {
					"uv": [6, 12.85, 5, 13.9],
					"texture": "#0"
				},
				"east": {
					"uv": [16, 13.9, 16, 12.85],
					"texture": "#0"
				},
				"south": {
					"uv": [11, 12.85, 10, 13.9],
					"texture": "#0"
				},
				"west": {
					"uv": [0, 12.85, 0, 13.9],
					"texture": "#0"
				},
				"up": {"uv": [5, 0, 6, 0], "texture": "#0"},
				"down": {"uv": [5, 16, 6, 16], "texture": "#0"}
			},
			"rotation": {
				"origin": [12, 10.1, 17.7],
				"axis": "x",
				"angle": 45
			},
			"type": "cube"
		},
		{
			"name": "cube",
			"from": [10, 2.0999999999999996, 18.7],
			"to": [11, 3.1500000000000004, 20.7],
			"faces": {
				"north": {
					"uv": [11, 12.85, 10, 13.9],
					"texture": "#0"
				},
				"east": {
					"uv": [16, 13.9, 16, 12.85],
					"texture": "#0"
				},
				"south": {
					"uv": [6, 12.85, 5, 13.9],
					"texture": "#0"
				},
				"west": {
					"uv": [0, 12.85, 0, 13.9],
					"texture": "#0"
				},
				"up": {"uv": [10, 0, 11, 0], "texture": "#0"},
				"down": {"uv": [10, 16, 11, 16], "texture": "#0"}
			},
			"rotation": {
				"origin": [17, 10.1, 17.7],
				"axis": "x",
				"angle": 45
			},
			"type": "cube"
		},
		{
			"name": "cube",
			"from": [10, 5.1, 15.7],
			"to": [11, 6.15, 17.7],
			"faces": {
				"north": {
					"uv": [11, 9.85, 10, 10.9],
					"texture": "#0"
				},
				"east": {
					"uv": [15.7, 10.9, 16, 9.85],
					"texture": "#0"
				},
				"south": {
					"uv": [6, 9.85, 5, 10.9],
					"texture": "#0"
				},
				"west": {
					"uv": [0.2999999999999998, 9.85, 0, 10.9],
					"texture": "#0"
				},
				"up": {
					"uv": [10, 0.2999999999999998, 11, 0],
					"texture": "#0"
				},
				"down": {"uv": [10, 16, 11, 15.7], "texture": "#0"}
			},
			"rotation": {
				"origin": [17, 13.1, 14.7],
				"axis": "x",
				"angle": 45
			},
			"type": "cube"
		},
		{
			"name": "cube",
			"from": [5, 5.1, 15.7],
			"to": [6, 6.15, 17.7],
			"faces": {
				"north": {
					"uv": [6, 9.85, 5, 10.9],
					"texture": "#0"
				},
				"east": {
					"uv": [15.7, 10.9, 16, 9.85],
					"texture": "#0"
				},
				"south": {
					"uv": [11, 9.85, 10, 10.9],
					"texture": "#0"
				},
				"west": {
					"uv": [0.2999999999999998, 9.85, 0, 10.9],
					"texture": "#0"
				},
				"up": {
					"uv": [5, 0.2999999999999998, 6, 0],
					"texture": "#0"
				},
				"down": {"uv": [5, 16, 6, 15.7], "texture": "#0"}
			},
			"rotation": {
				"origin": [12, 13.1, 14.7],
				"axis": "x",
				"angle": 45
			},
			"type": "cube"
		},
		{
			"name": "cube",
			"from": [5, 8.1, 12.7],
			"to": [6, 9.15, 14.7],
			"faces": {
				"north": {"uv": [6, 6.85, 5, 7.9], "texture": "#0"},
				"east": {
					"uv": [12.7, 7.9, 14.7, 6.85],
					"texture": "#0"
				},
				"south": {
					"uv": [11, 6.85, 10, 7.9],
					"texture": "#0"
				},
				"west": {
					"uv": [3.3, 6.85, 1.2999999999999998, 7.9],
					"texture": "#0"
				},
				"up": {
					"uv": [5, 3.3, 6, 1.2999999999999998],
					"texture": "#0"
				},
				"down": {"uv": [5, 14.7, 6, 12.7], "texture": "#0"}
			},
			"rotation": {
				"origin": [12, 16.1, 11.7],
				"axis": "x",
				"angle": 45
			},
			"type": "cube"
		},
		{
			"name": "cube",
			"from": [10, 8.1, 12.7],
			"to": [11, 9.15, 14.7],
			"faces": {
				"north": {
					"uv": [11, 6.85, 10, 7.9],
					"texture": "#0"
				},
				"east": {
					"uv": [12.7, 7.9, 14.7, 6.85],
					"texture": "#0"
				},
				"south": {"uv": [6, 6.85, 5, 7.9], "texture": "#0"},
				"west": {
					"uv": [3.3, 6.85, 1.2999999999999998, 7.9],
					"texture": "#0"
				},
				"up": {
					"uv": [10, 3.3, 11, 1.2999999999999998],
					"texture": "#0"
				},
				"down": {
					"uv": [10, 14.7, 11, 12.7],
					"texture": "#0"
				}
			},
			"rotation": {
				"origin": [17, 16.1, 11.7],
				"axis": "x",
				"angle": 45
			},
			"type": "cube"
		},
		{
			"name": "cube",
			"from": [10, 11.1, 9.7],
			"to": [11, 12.15, 11.7],
			"faces": {
				"north": {
					"uv": [11, 3.8499999999999996, 10, 4.9],
					"texture": "#0"
				},
				"east": {
					"uv": [9.7, 4.9, 11.7, 3.8499999999999996],
					"texture": "#0"
				},
				"south": {
					"uv": [6, 3.8499999999999996, 5, 4.9],
					"texture": "#0"
				},
				"west": {
					"uv": [6.3, 3.8499999999999996, 4.3, 4.9],
					"texture": "#0"
				},
				"up": {"uv": [10, 6.3, 11, 4.3], "texture": "#0"},
				"down": {"uv": [10, 11.7, 11, 9.7], "texture": "#0"}
			},
			"rotation": {
				"origin": [17, 19.1, 8.7],
				"axis": "x",
				"angle": 45
			},
			"type": "cube"
		},
		{
			"name": "cube",
			"from": [5, 11.1, 9.7],
			"to": [6, 12.15, 11.7],
			"faces": {
				"north": {
					"uv": [6, 3.8499999999999996, 5, 4.9],
					"texture": "#0"
				},
				"east": {
					"uv": [9.7, 4.9, 11.7, 3.8499999999999996],
					"texture": "#0"
				},
				"south": {
					"uv": [11, 3.8499999999999996, 10, 4.9],
					"texture": "#0"
				},
				"west": {
					"uv": [6.3, 3.8499999999999996, 4.3, 4.9],
					"texture": "#0"
				},
				"up": {"uv": [5, 6.3, 6, 4.3], "texture": "#0"},
				"down": {"uv": [5, 11.7, 6, 9.7], "texture": "#0"}
			},
			"rotation": {
				"origin": [12, 19.1, 8.7],
				"axis": "x",
				"angle": 45
			},
			"type": "cube"
		},
		{
			"name": "cube",
			"from": [5, 14.1, 6.699999999999999],
			"to": [6, 15.15, 8.7],
			"faces": {
				"north": {
					"uv": [
						6,
						0.8499999999999996,
						5,
						1.9000000000000004
					],
					"texture": "#0"
				},
				"east": {
					"uv": [
						6.699999999999999,
						1.9000000000000004,
						8.7,
						0.8499999999999996
					],
					"texture": "#0"
				},
				"south": {
					"uv": [
						11,
						0.8499999999999996,
						10,
						1.9000000000000004
					],
					"texture": "#0"
				},
				"west": {
					"uv": [
						9.3,
						0.8499999999999996,
						7.300000000000001,
						1.9000000000000004
					],
					"texture": "#0"
				},
				"up": {
					"uv": [5, 9.3, 6, 7.300000000000001],
					"texture": "#0"
				},
				"down": {
					"uv": [5, 8.7, 6, 6.699999999999999],
					"texture": "#0"
				}
			},
			"rotation": {
				"origin": [12, 22.1, 5.699999999999999],
				"axis": "x",
				"angle": 45
			},
			"type": "cube"
		},
		{
			"name": "cube",
			"from": [10, 14.1, 6.699999999999999],
			"to": [11, 15.15, 8.7],
			"faces": {
				"north": {
					"uv": [
						11,
						0.8499999999999996,
						10,
						1.9000000000000004
					],
					"texture": "#0"
				},
				"east": {
					"uv": [
						6.699999999999999,
						1.9000000000000004,
						8.7,
						0.8499999999999996
					],
					"texture": "#0"
				},
				"south": {
					"uv": [
						6,
						0.8499999999999996,
						5,
						1.9000000000000004
					],
					"texture": "#0"
				},
				"west": {
					"uv": [
						9.3,
						0.8499999999999996,
						7.300000000000001,
						1.9000000000000004
					],
					"texture": "#0"
				},
				"up": {
					"uv": [10, 9.3, 11, 7.300000000000001],
					"texture": "#0"
				},
				"down": {
					"uv": [10, 8.7, 11, 6.699999999999999],
					"texture": "#0"
				}
			},
			"rotation": {
				"origin": [17, 22.1, 5.699999999999999],
				"axis": "x",
				"angle": 45
			},
			"type": "cube"
		}
	],
	"groups": [0, 1, 2, 3, 4, 5, 6, 7, 8, 9, 10, 11]
}