{
	"credit": "Made with Blockbench, a free, modern block model editor by JannisX11",
	"textures": {
		"0": "3d_redstone/3d_hopper",
		"particle": "3d_redstone/3d_hopper"
	},
	"elements": [
		{
			"name": "cube",
			"from": [0, 10, 0],
			"to": [2, 16, 16],
			"faces": {
				"north": {
					"uv": [14, 0, 16, 6],
					"texture": "#0",
					"cullface": "north"
				},
				"east": {"uv": [16, 6, 0, 0], "texture": "#0"},
				"south": {
					"uv": [0, 0, 2, 6],
					"texture": "#0",
					"cullface": "south"
				},
				"west": {
					"uv": [0, 0, 16, 6],
					"texture": "#0",
					"cullface": "west"
				},
				"up": {
					"uv": [0, 0, 2, 16],
					"texture": "#0",
					"cullface": "up"
				},
				"down": {"uv": [0, 0, 2, 16], "texture": "#0"}
			},
			"type": "cube"
		},
		{
			"name": "cube",
			"from": [14, 10, 0],
			"to": [16, 16, 16],
			"faces": {
				"north": {
					"uv": [0, 0, 2, 6],
					"texture": "#0",
					"cullface": "north"
				},
				"east": {
					"uv": [16, 6, 0, 0],
					"texture": "#0",
					"cullface": "east"
				},
				"south": {
					"uv": [14, 0, 16, 6],
					"texture": "#0",
					"cullface": "south"
				},
				"west": {"uv": [0, 0, 16, 6], "texture": "#0"},
				"up": {
					"uv": [14, 0, 16, 16],
					"texture": "#0",
					"cullface": "up"
				},
				"down": {"uv": [14, 0, 16, 16], "texture": "#0"}
			},
			"type": "cube"
		},
		{
			"name": "cube",
			"from": [2, 10, 0],
			"to": [14, 16, 2],
			"faces": {
				"north": {
					"uv": [2, 0, 14, 6],
					"texture": "#0",
					"cullface": "north"
				},
				"east": {"uv": [16, 6, 14, 0], "texture": "#0"},
				"south": {"uv": [2, 0, 14, 6], "texture": "#0"},
				"west": {"uv": [0, 0, 2, 6], "texture": "#0"},
				"up": {
					"uv": [2, 0, 14, 2],
					"texture": "#0",
					"cullface": "up"
				},
				"down": {"uv": [2, 14, 14, 16], "texture": "#0"}
			},
			"type": "cube"
		},
		{
			"name": "cube",
			"from": [2, 10, 14],
			"to": [14, 16, 16],
			"faces": {
				"north": {"uv": [2, 0, 14, 6], "texture": "#0"},
				"east": {"uv": [2, 6, 0, 0], "texture": "#0"},
				"south": {
					"uv": [2, 0, 14, 6],
					"texture": "#0",
					"cullface": "south"
				},
				"west": {"uv": [14, 0, 16, 6], "texture": "#0"},
				"up": {
					"uv": [2, 14, 14, 16],
					"texture": "#0",
					"cullface": "up"
				},
				"down": {"uv": [2, 0, 14, 2], "texture": "#0"}
			},
			"type": "cube"
		},
		{
			"name": "cube",
			"from": [4, 4, 4],
			"to": [6, 9, 12],
			"faces": {
				"north": {"uv": [10, 7, 12, 12], "texture": "#0"},
				"east": {"uv": [12, 12, 4, 7], "texture": "#0"},
				"south": {"uv": [4, 7, 6, 12], "texture": "#0"},
				"west": {"uv": [4, 7, 12, 12], "texture": "#0"},
				"up": {
					"uv": [4, 4, 6, 12],
					"texture": "#0",
					"cullface": "up"
				},
				"down": {"uv": [4, 4, 6, 12], "texture": "#0"}
			},
			"type": "cube"
		},
		{
			"name": "cube",
			"from": [6, 0, 6],
			"to": [7, 4, 10],
			"faces": {
				"north": {"uv": [9, 12, 10, 16], "texture": "#0"},
				"east": {"uv": [10, 16, 6, 12], "texture": "#0"},
				"south": {"uv": [6, 12, 7, 16], "texture": "#0"},
				"west": {"uv": [6, 12, 10, 16], "texture": "#0"},
				"up": {
					"uv": [6, 6, 7, 10],
					"texture": "#0",
					"cullface": "up"
				},
				"down": {
					"uv": [6, 6, 7, 10],
					"texture": "#0",
					"cullface": "down"
				}
			},
			"type": "cube"
		},
		{
			"name": "cube",
			"from": [2, 10, 2],
			"to": [14, 11, 4],
			"faces": {
				"north": {"uv": [2, 5, 14, 6], "texture": "#0"},
				"east": {"uv": [14, 6, 12, 5], "texture": "#0"},
				"south": {"uv": [2, 5, 14, 6], "texture": "#0"},
				"west": {"uv": [2, 5, 4, 6], "texture": "#0"},
				"up": {
					"uv": [2, 2, 14, 4],
					"texture": "#0",
					"cullface": "up"
				},
				"down": {"uv": [2, 12, 14, 14], "texture": "#0"}
			},
			"type": "cube"
		},
		{
			"name": "cube",
			"from": [2, 10, 12],
			"to": [14, 11, 14],
			"faces": {
				"north": {"uv": [2, 5, 14, 6], "texture": "#0"},
				"east": {"uv": [4, 6, 2, 5], "texture": "#0"},
				"south": {"uv": [2, 5, 14, 6], "texture": "#0"},
				"west": {"uv": [12, 5, 14, 6], "texture": "#0"},
				"up": {
					"uv": [2, 12, 14, 14],
					"texture": "#0",
					"cullface": "up"
				},
				"down": {"uv": [2, 2, 14, 4], "texture": "#0"}
			},
			"type": "cube"
		},
		{
			"name": "cube",
			"from": [2, 10, 4],
			"to": [4, 11, 12],
			"faces": {
				"north": {"uv": [12, 5, 14, 6], "texture": "#0"},
				"east": {"uv": [12, 6, 4, 5], "texture": "#0"},
				"south": {"uv": [2, 5, 4, 6], "texture": "#0"},
				"west": {"uv": [4, 5, 12, 6], "texture": "#0"},
				"up": {
					"uv": [2, 4, 4, 12],
					"texture": "#0",
					"cullface": "up"
				},
				"down": {"uv": [2, 4, 4, 12], "texture": "#0"}
			},
			"type": "cube"
		},
		{
			"name": "cube",
			"from": [12, 10, 4],
			"to": [14, 11, 12],
			"faces": {
				"north": {"uv": [2, 5, 4, 6], "texture": "#0"},
				"east": {"uv": [12, 6, 4, 5], "texture": "#0"},
				"south": {"uv": [12, 5, 14, 6], "texture": "#0"},
				"west": {"uv": [4, 5, 12, 6], "texture": "#0"},
				"up": {
					"uv": [12, 4, 14, 12],
					"texture": "#0",
					"cullface": "up"
				},
				"down": {"uv": [12, 4, 14, 12], "texture": "#0"}
			},
			"type": "cube"
		},
		{
			"name": "cube",
			"from": [6, 4, 4],
			"to": [10, 9, 6],
			"faces": {
				"north": {"uv": [6, 7, 10, 12], "texture": "#0"},
				"east": {"uv": [12, 12, 10, 7], "texture": "#0"},
				"south": {"uv": [6, 7, 10, 12], "texture": "#0"},
				"west": {"uv": [4, 7, 6, 12], "texture": "#0"},
				"up": {
					"uv": [6, 4, 10, 6],
					"texture": "#0",
					"cullface": "up"
				},
				"down": {"uv": [6, 10, 10, 12], "texture": "#0"}
			},
			"type": "cube"
		},
		{
			"name": "cube",
			"from": [10, 4, 4],
			"to": [12, 9, 12],
			"faces": {
				"north": {"uv": [4, 7, 6, 12], "texture": "#0"},
				"east": {"uv": [12, 12, 4, 7], "texture": "#0"},
				"south": {"uv": [10, 7, 12, 12], "texture": "#0"},
				"west": {"uv": [4, 7, 12, 12], "texture": "#0"},
				"up": {
					"uv": [10, 4, 12, 12],
					"texture": "#0",
					"cullface": "up"
				},
				"down": {"uv": [10, 4, 12, 12], "texture": "#0"}
			},
			"type": "cube"
		},
		{
			"name": "cube",
			"from": [6, 4, 10],
			"to": [10, 9, 12],
			"faces": {
				"north": {"uv": [6, 7, 10, 12], "texture": "#0"},
				"east": {"uv": [6, 12, 4, 7], "texture": "#0"},
				"south": {"uv": [6, 7, 10, 12], "texture": "#0"},
				"west": {"uv": [10, 7, 12, 12], "texture": "#0"},
				"up": {
					"uv": [6, 10, 10, 12],
					"texture": "#0",
					"cullface": "up"
				},
				"down": {"uv": [6, 4, 10, 6], "texture": "#0"}
			},
			"type": "cube"
		},
		{
			"name": "cube",
			"from": [9, 0, 6],
			"to": [10, 4, 10],
			"faces": {
				"north": {"uv": [6, 12, 7, 16], "texture": "#0"},
				"east": {"uv": [10, 16, 6, 12], "texture": "#0"},
				"south": {"uv": [9, 12, 10, 16], "texture": "#0"},
				"west": {"uv": [6, 12, 10, 16], "texture": "#0"},
				"up": {
					"uv": [9, 6, 10, 10],
					"texture": "#0",
					"cullface": "up"
				},
				"down": {
					"uv": [9, 6, 10, 10],
					"texture": "#0",
					"cullface": "down"
				}
			},
			"type": "cube"
		},
		{
			"name": "cube",
			"from": [7, 0, 6],
			"to": [9, 4, 7],
			"faces": {
				"north": {"uv": [7, 12, 9, 16], "texture": "#0"},
				"east": {"uv": [10, 16, 9, 12], "texture": "#0"},
				"south": {"uv": [7, 12, 9, 16], "texture": "#0"},
				"west": {"uv": [6, 12, 7, 16], "texture": "#0"},
				"up": {
					"uv": [7, 6, 9, 7],
					"texture": "#0",
					"cullface": "up"
				},
				"down": {
					"uv": [7, 9, 9, 10],
					"texture": "#0",
					"cullface": "down"
				}
			},
			"type": "cube"
		},
		{
			"name": "cube",
			"from": [7, 0, 9],
			"to": [9, 4, 10],
			"faces": {
				"north": {"uv": [7, 12, 9, 16], "texture": "#0"},
				"east": {"uv": [7, 16, 6, 12], "texture": "#0"},
				"south": {"uv": [7, 12, 9, 16], "texture": "#0"},
				"west": {"uv": [9, 12, 10, 16], "texture": "#0"},
				"up": {
					"uv": [7, 9, 9, 10],
					"texture": "#0",
					"cullface": "up"
				},
				"down": {
					"uv": [7, 6, 9, 7],
					"texture": "#0",
					"cullface": "down"
				}
			},
			"type": "cube"
		},
		{
			"name": "cube",
			"from": [4, 9, 11],
			"to": [12, 10, 12],
			"faces": {
				"north": {"uv": [4, 6, 12, 7], "texture": "#0"},
				"east": {"uv": [5, 7, 4, 6], "texture": "#0"},
				"south": {"uv": [4, 6, 12, 7], "texture": "#0"},
				"west": {"uv": [11, 6, 12, 7], "texture": "#0"},
				"up": {
					"uv": [4, 11, 12, 12],
					"texture": "#0",
					"cullface": "up"
				},
				"down": {"uv": [4, 4, 12, 5], "texture": "#0"}
			},
			"type": "cube"
		},
		{
			"name": "cube",
			"from": [4, 9, 4],
			"to": [12, 10, 5],
			"faces": {
				"north": {"uv": [4, 6, 12, 7], "texture": "#0"},
				"east": {"uv": [12, 7, 11, 6], "texture": "#0"},
				"south": {"uv": [4, 6, 12, 7], "texture": "#0"},
				"west": {"uv": [4, 6, 5, 7], "texture": "#0"},
				"up": {
					"uv": [4, 4, 12, 5],
					"texture": "#0",
					"cullface": "up"
				},
				"down": {"uv": [4, 11, 12, 12], "texture": "#0"}
			},
			"type": "cube"
		},
		{
			"name": "cube",
			"from": [4, 9, 5],
			"to": [5, 10, 11],
			"faces": {
				"north": {"uv": [11, 6, 12, 7], "texture": "#0"},
				"east": {"uv": [11, 7, 5, 6], "texture": "#0"},
				"south": {"uv": [4, 6, 5, 7], "texture": "#0"},
				"west": {"uv": [5, 6, 11, 7], "texture": "#0"},
				"up": {
					"uv": [4, 5, 5, 11],
					"texture": "#0",
					"cullface": "up"
				},
				"down": {"uv": [4, 5, 5, 11], "texture": "#0"}
			},
			"type": "cube"
		},
		{
			"name": "cube",
			"from": [11, 9, 5],
			"to": [12, 10, 11],
			"faces": {
				"north": {"uv": [4, 6, 5, 7], "texture": "#0"},
				"east": {"uv": [11, 7, 5, 6], "texture": "#0"},
				"south": {"uv": [11, 6, 12, 7], "texture": "#0"},
				"west": {"uv": [5, 6, 11, 7], "texture": "#0"},
				"up": {
					"uv": [11, 5, 12, 11],
					"texture": "#0",
					"cullface": "up"
				},
				"down": {"uv": [11, 5, 12, 11], "texture": "#0"}
			},
			"type": "cube"
		},
		{
			"name": "cube",
			"from": [4, 8, 12],
			"to": [12, 10, 14],
			"faces": {
				"north": {"uv": [4, 6, 12, 8], "texture": "#0"},
				"east": {"uv": [4, 8, 2, 6], "texture": "#0"},
				"south": {"uv": [4, 6, 12, 8], "texture": "#0"},
				"west": {"uv": [12, 6, 14, 8], "texture": "#0"},
				"up": {"uv": [4, 12, 12, 14], "texture": "#0"},
				"down": {"uv": [4, 2, 12, 4], "texture": "#0"}
			},
			"type": "cube"
		},
		{
			"name": "cube",
			"from": [12, 8, 4],
			"to": [14, 10, 12],
			"faces": {
				"north": {"uv": [2, 6, 4, 8], "texture": "#0"},
				"east": {"uv": [12, 8, 4, 6], "texture": "#0"},
				"south": {"uv": [12, 6, 14, 8], "texture": "#0"},
				"west": {"uv": [4, 6, 12, 8], "texture": "#0"},
				"up": {"uv": [12, 4, 14, 12], "texture": "#0"},
				"down": {"uv": [12, 4, 14, 12], "texture": "#0"}
			},
			"type": "cube"
		},
		{
			"name": "cube",
			"from": [4, 8, 2],
			"to": [12, 10, 4],
			"faces": {
				"north": {"uv": [4, 6, 12, 8], "texture": "#0"},
				"east": {"uv": [14, 8, 12, 6], "texture": "#0"},
				"south": {"uv": [4, 6, 12, 8], "texture": "#0"},
				"west": {"uv": [2, 6, 4, 8], "texture": "#0"},
				"up": {"uv": [4, 2, 12, 4], "texture": "#0"},
				"down": {"uv": [4, 12, 12, 14], "texture": "#0"}
			},
			"type": "cube"
		},
		{
			"name": "cube",
			"from": [2, 8, 4],
			"to": [4, 10, 12],
			"faces": {
				"north": {"uv": [12, 6, 14, 8], "texture": "#0"},
				"east": {"uv": [12, 8, 4, 6], "texture": "#0"},
				"south": {"uv": [2, 6, 4, 8], "texture": "#0"},
				"west": {"uv": [4, 6, 12, 8], "texture": "#0"},
				"up": {"uv": [2, 4, 4, 12], "texture": "#0"},
				"down": {"uv": [2, 4, 4, 12], "texture": "#0"}
			},
			"type": "cube"
		},
		{
			"name": "cube",
			"from": [5, 3, 6],
			"to": [6, 4, 10],
			"faces": {
				"north": {"uv": [10, 12, 11, 13], "texture": "#0"},
				"east": {"uv": [10, 13, 6, 12], "texture": "#0"},
				"south": {"uv": [5, 12, 6, 13], "texture": "#0"},
				"west": {"uv": [6, 12, 10, 13], "texture": "#0"},
				"up": {"uv": [5, 6, 6, 10], "texture": "#0"},
				"down": {"uv": [5, 6, 6, 10], "texture": "#0"}
			},
			"type": "cube"
		},
		{
			"name": "cube",
			"from": [10, 3, 6],
			"to": [11, 4, 10],
			"faces": {
				"north": {"uv": [5, 12, 6, 13], "texture": "#0"},
				"east": {"uv": [10, 13, 6, 12], "texture": "#0"},
				"south": {"uv": [10, 12, 11, 13], "texture": "#0"},
				"west": {"uv": [6, 12, 10, 13], "texture": "#0"},
				"up": {"uv": [10, 6, 11, 10], "texture": "#0"},
				"down": {"uv": [10, 6, 11, 10], "texture": "#0"}
			},
			"type": "cube"
		},
		{
			"name": "cube",
			"from": [6, 3, 5],
			"to": [10, 4, 6],
			"faces": {
				"north": {"uv": [6, 12, 10, 13], "texture": "#0"},
				"east": {"uv": [11, 13, 10, 12], "texture": "#0"},
				"south": {"uv": [6, 12, 10, 13], "texture": "#0"},
				"west": {"uv": [5, 12, 6, 13], "texture": "#0"},
				"up": {"uv": [6, 5, 10, 6], "texture": "#0"},
				"down": {"uv": [6, 10, 10, 11], "texture": "#0"}
			},
			"type": "cube"
		},
		{
			"name": "cube",
			"from": [6, 3, 10],
			"to": [10, 4, 11],
			"faces": {
				"north": {"uv": [6, 12, 10, 13], "texture": "#0"},
				"east": {"uv": [6, 13, 5, 12], "texture": "#0"},
				"south": {"uv": [6, 12, 10, 13], "texture": "#0"},
				"west": {"uv": [10, 12, 11, 13], "texture": "#0"},
				"up": {"uv": [6, 10, 10, 11], "texture": "#0"},
				"down": {"uv": [6, 5, 10, 6], "texture": "#0"}
			},
			"type": "cube"
		}
	],
	"display": {}
}