{
	"__comment": "Designed by CreatorLabs with Cubik Studio - https://cubik.studio",
	"textures": {
		"0": "3d_decoration/3d_iron_bars",
		"particle": "3d_decoration/3d_iron_bars"
	},
	"elements": [ 	 
		{
			"from": [ 6.999235, 0.0006316617, 0.0004219098 ],
			"to": [ 8.999235, 1.000632, 7.000422 ],
			"faces": {
				"down": { "uv": [ 7, 9, 9, 16 ], "texture": "#0" },
				"up": { "uv": [ 7, 0, 9, 7 ], "texture": "#0" },
				"north": { "uv": [ 7, 15, 9, 16 ], "texture": "#0" },
				"south": { "uv": [ 7, 15, 9, 16 ], "texture": "#0" },
				"west": { "uv": [ 0, 15, 7, 16 ], "texture": "#0" },
				"east": { "uv": [ 9, 15, 16, 16 ], "texture": "#0" }
			}
		},
		{
			"from": [ 7.000714, 14.99958, 0.0001755888 ],
			"to": [ 9.000713, 15.99958, 7.000175 ],
			"faces": {
				"down": { "uv": [ 7, 9, 9, 16 ], "texture": "#0" },
				"up": { "uv": [ 7, 0, 9, 7 ], "texture": "#0" },
				"north": { "uv": [ 7, 0, 9, 1 ], "texture": "#0" },
				"south": { "uv": [ 7, 0, 9, 1 ], "texture": "#0" },
				"west": { "uv": [ 0, 0, 7, 1 ], "texture": "#0" },
				"east": { "uv": [ 9, 0, 16, 1 ], "texture": "#0" }
			}
		},
		{
			"from": [ 7.000967, 0.9995476, 0.0005926125 ],
			"to": [ 9.000967, 14.99955, 1.000593 ],
			"faces": {
				"down": { "uv": [ 7, 15, 9, 16 ], "texture": "#0" },
				"up": { "uv": [ 7, 0, 9, 1 ], "texture": "#0" },
				"north": { "uv": [ 7, 1, 9, 15 ], "texture": "#0" },
				"south": { "uv": [ 7, 1, 9, 15 ], "texture": "#0" },
				"west": { "uv": [ 0, 1, 1, 15 ], "texture": "#0" },
				"east": { "uv": [ 15, 1, 16, 15 ], "texture": "#0" }
			}
		},
		{
			"from": [ 7.499362, 1.000787, 2.999083 ],
			"to": [ 8.499362, 15.00079, 4.999083 ],
			"faces": {
				"down": { "uv": [ 7.5, 11, 8.5, 13 ], "texture": "#0" },
				"up": { "uv": [ 7.5, 3, 8.5, 5 ], "texture": "#0" },
				"north": { "uv": [ 7.5, 1, 8.5, 15 ], "texture": "#0" },
				"south": { "uv": [ 7.5, 1, 8.5, 15 ], "texture": "#0" },
				"west": { "uv": [ 3, 1, 5, 15 ], "texture": "#0" },
				"east": { "uv": [ 11, 1, 13, 15 ], "texture": "#0" }
			}
		},
		{
			"from": [ 7.000121, -0.0006617916, 6.999075 ],
			"to": [ 9.000121, 15.99934, 7.999075 ],
			"faces": {
				"down": { "uv": [ 7, 8, 9, 9 ], "texture": "#0" },
				"up": { "uv": [ 7, 7, 9, 8 ], "texture": "#0" },
				"north": { "uv": [ 7, 0, 9, 16 ], "texture": "#0" },
				"south": { "uv": [ 7, 0, 9, 16 ], "texture": "#0" },
				"west": { "uv": [ 7, 0, 8, 16 ], "texture": "#0" },
				"east": { "uv": [ 8, 0, 9, 16 ], "texture": "#0" }
			}
		},
		{
			"from": [ 7.500581, 2.000092, 4.999341 ],
			"to": [ 8.500582, 4.000092, 6.999341 ],
			"faces": {
				"down": { "uv": [ 7.5, 9, 8.5, 11 ], "texture": "#0" },
				"up": { "uv": [ 7.5, 5, 8.5, 7 ], "texture": "#0" },
				"north": { "uv": [ 7.5, 12, 8.5, 14 ], "texture": "#0" },
				"south": { "uv": [ 7.5, 12, 8.5, 14 ], "texture": "#0" },
				"west": { "uv": [ 5, 12, 7, 14 ], "texture": "#0" },
				"east": { "uv": [ 9, 12, 11, 14 ], "texture": "#0" }
			}
		},
		{
			"from": [ 7.500246, 7.000628, 0.9994829 ],
			"to": [ 8.500246, 9.000628, 2.999483 ],
			"faces": {
				"down": { "uv": [ 7.5, 13, 8.5, 15 ], "texture": "#0" },
				"up": { "uv": [ 7.5, 1, 8.5, 3 ], "texture": "#0" },
				"north": { "uv": [ 7.5, 7, 8.5, 9 ], "texture": "#0" },
				"south": { "uv": [ 7.5, 7, 8.5, 9 ], "texture": "#0" },
				"west": { "uv": [ 1, 7, 3, 9 ], "texture": "#0" },
				"east": { "uv": [ 13, 7, 15, 9 ], "texture": "#0" }
			}
		}
	]
}