{
	"__comment": "Designed by CreatorLabs with Cubik Studio - https://cubik.studio",
	"ambientocclusion": false,
	"textures": {
		"0": "3d_decoration/3d_iron_bars",
		"particle": "3d_decoration/3d_iron_bars"
	},
	"elements": [ 	 
		{
			"from": [ 7.000167, 0.0009932119, 7.999974 ],
			"to": [ 9.000167, 1.000993, 14.99997 ],
			"faces": {
				"down": { "uv": [ 7, 1, 9, 8 ], "texture": "#0" },
				"up": { "uv": [ 7, 8, 9, 15 ], "texture": "#0" },
				"north": { "uv": [ 7, 15, 9, 16 ], "texture": "#0" },
				"south": { "uv": [ 7, 15, 9, 16 ], "texture": "#0" },
				"west": { "uv": [ 8, 15, 15, 16 ], "texture": "#0" },
				"east": { "uv": [ 1, 15, 8, 16 ], "texture": "#0" }
			}
		},
		{
			"from": [ 7.000551, 15.00052, 8.000296 ],
			"to": [ 9.000551, 16.00052, 15.0003 ],
			"faces": {
				"down": { "uv": [ 7, 1, 9, 8 ], "texture": "#0" },
				"up": { "uv": [ 7, 8, 9, 15 ], "texture": "#0" },
				"north": { "uv": [ 7, 0, 9, 1 ], "texture": "#0" },
				"south": { "uv": [ 7, 0, 9, 1 ], "texture": "#0" },
				"west": { "uv": [ 8, 0, 15, 1 ], "texture": "#0" },
				"east": { "uv": [ 1, 0, 8, 1 ], "texture": "#0" }
			}
		},
		{
			"from": [ 6.999708, 0.9999927, 8.000672 ],
			"to": [ 8.999708, 14.99999, 9.000672 ],
			"faces": {
				"down": { "uv": [ 7, 7, 9, 8 ], "texture": "#0" },
				"up": { "uv": [ 7, 8, 9, 9 ], "texture": "#0" },
				"north": { "uv": [ 7, 1, 9, 15 ], "texture": "#0" },
				"south": { "uv": [ 7, 1, 9, 15 ], "texture": "#0" },
				"west": { "uv": [ 8, 1, 9, 15 ], "texture": "#0" },
				"east": { "uv": [ 7, 1, 8, 15 ], "texture": "#0" }
			}
		},
		{
			"from": [ 7.500059, 0.9996663, 10.99939 ],
			"to": [ 8.500059, 14.99967, 12.99939 ],
			"faces": {
				"down": { "uv": [ 7.5, 3, 8.5, 5 ], "texture": "#0" },
				"up": { "uv": [ 7.5, 11, 8.5, 13 ], "texture": "#0" },
				"north": { "uv": [ 7.5, 1, 8.5, 15 ], "texture": "#0" },
				"south": { "uv": [ 7.5, 1, 8.5, 15 ], "texture": "#0" },
				"west": { "uv": [ 11, 1, 13, 15 ], "texture": "#0" },
				"east": { "uv": [ 3, 1, 5, 15 ], "texture": "#0" }
			}
		},
		{
			"from": [ 6.99991, 9.716756E-05, 15.00039 ],
			"to": [ 8.99991, 16.0001, 16.00039 ],
			"faces": {
				"down": { "uv": [ 7, 0, 9, 1 ], "texture": "#0" },
				"up": { "uv": [ 7, 15, 9, 16 ], "texture": "#0" },
				"north": { "uv": [ 7, 0, 9, 16 ], "texture": "#0" },
				"south": { "uv": [ 7, 0, 9, 16 ], "texture": "#0" },
				"west": { "uv": [ 15, 0, 16, 16 ], "texture": "#0" },
				"east": { "uv": [ 0, 0, 1, 16 ], "texture": "#0" }
			}
		},
		{
			"from": [ 7.500309, 11.99986, 12.99976 ],
			"to": [ 8.500309, 13.99986, 14.99976 ],
			"faces": {
				"down": { "uv": [ 7.5, 1, 8.5, 3 ], "texture": "#0" },
				"up": { "uv": [ 7.5, 13, 8.5, 15 ], "texture": "#0" },
				"north": { "uv": [ 7.5, 2, 8.5, 4 ], "texture": "#0" },
				"south": { "uv": [ 7.5, 2, 8.5, 4 ], "texture": "#0" },
				"west": { "uv": [ 13, 2, 15, 4 ], "texture": "#0" },
				"east": { "uv": [ 1, 2, 3, 4 ], "texture": "#0" }
			}
		},
		{
			"from": [ 7.500793, 7.000256, 9.00068 ],
			"to": [ 8.500793, 9.000256, 11.00068 ],
			"faces": {
				"down": { "uv": [ 7.5, 5, 8.5, 7 ], "texture": "#0" },
				"up": { "uv": [ 7.5, 9, 8.5, 11 ], "texture": "#0" },
				"north": { "uv": [ 7.5, 7, 8.5, 9 ], "texture": "#0" },
				"south": { "uv": [ 7.5, 7, 8.5, 9 ], "texture": "#0" },
				"west": { "uv": [ 9, 7, 11, 9 ], "texture": "#0" },
				"east": { "uv": [ 5, 7, 7, 9 ], "texture": "#0" }
			}
		}
	]
}