{
	"credit": "Made with Blockbench, a free, modern block model editor by JannisX11",
	"ambientocclusion": true,
	"textures": {
		"bars": "3d_decoration/3d_iron_bars",
		"particle": "3d_decoration/3d_iron_bars"
	},
	"elements": [
		{
			"name": "cube",
			"from": [7, 0, 7],
			"to": [9, 16, 9],
			"faces": {
				"north": {"uv": [7, 0, 9, 16], "texture": "#bars"},
				"east": {"uv": [2, 0, 4, 16], "texture": "#bars"},
				"south": {"uv": [9, 0, 7, 16], "texture": "#bars"},
				"west": {"uv": [7, 0, 9, 16], "texture": "#bars"},
				"up": {"uv": [2, 0, 4, 2], "texture": "#bars"},
				"down": {"uv": [2, 14, 4, 16], "texture": "#bars"}
			},
			"type": "cube"
		}
	]
}