{
	"credit": "Made with Blockbench, a free, modern block model editor by JannisX11",
	"parent": "item/parents/sapling",
	"textures": {
		"1": "3d_decoration/sapling_jungle_leaves",
		"2": "3d_decoration/sapling_jungle_wood",
		"particle": "3d_decoration/sapling_jungle_leaves"
	},
	"elements": [
		{
			"name": "cube",
			"from": [6, 0, 6],
			"to": [10, 1, 10],
			"faces": {
				"north": {"uv": [6, 15, 10, 16], "texture": "#2"},
				"east": {"uv": [11, 16, 7, 15], "texture": "#2"},
				"south": {"uv": [6, 15, 10, 16], "texture": "#2"},
				"west": {"uv": [5, 15, 9, 16], "texture": "#2"},
				"up": {"uv": [6, 5, 10, 9], "texture": "#2"},
				"down": {"uv": [6, 7, 10, 11], "texture": "#2"}
			},
			"type": "cube"
		},
		{
			"name": "cube",
			"from": [7, 1, 7],
			"to": [9, 4, 9],
			"faces": {
				"north": {"uv": [7, 12, 9, 15], "texture": "#2"},
				"east": {"uv": [10, 15, 8, 12], "texture": "#2"},
				"south": {"uv": [7, 12, 9, 15], "texture": "#2"},
				"west": {"uv": [6, 12, 8, 15], "texture": "#2"},
				"up": {"uv": [7, 6, 9, 8], "texture": "#2"},
				"down": {"uv": [7, 8, 9, 10], "texture": "#2"}
			},
			"type": "cube"
		},
		{
			"name": "cube",
			"from": [8, 4, 8],
			"to": [9, 7, 9],
			"faces": {
				"north": {"uv": [7, 9, 8, 12], "texture": "#2"},
				"east": {"uv": [9, 12, 8, 9], "texture": "#2"},
				"south": {"uv": [8, 9, 9, 12], "texture": "#2"},
				"west": {"uv": [7, 9, 8, 12], "texture": "#2"},
				"up": {"uv": [8, 7, 9, 8], "texture": "#2"},
				"down": {"uv": [8, 8, 9, 9], "texture": "#2"}
			},
			"type": "cube"
		},
		{
			"name": "cube",
			"from": [4, 6, 8],
			"to": [8, 7, 9],
			"faces": {
				"north": {"uv": [8, 9, 12, 10], "texture": "#2"},
				"east": {"uv": [9, 10, 8, 9], "texture": "#2"},
				"south": {"uv": [4, 9, 8, 10], "texture": "#2"},
				"west": {"uv": [7, 9, 8, 10], "texture": "#2"},
				"up": {"uv": [4, 7, 8, 8], "texture": "#2"},
				"down": {"uv": [4, 8, 8, 9], "texture": "#2"}
			},
			"type": "cube"
		},
		{
			"name": "cube",
			"from": [6, 7, 7],
			"to": [7, 10, 8],
			"faces": {
				"north": {"uv": [9, 6, 10, 9], "texture": "#2"},
				"east": {"uv": [10, 9, 9, 6], "texture": "#2"},
				"south": {"uv": [6, 6, 7, 9], "texture": "#2"},
				"west": {"uv": [6, 6, 7, 9], "texture": "#2"},
				"up": {"uv": [6, 6, 7, 7], "texture": "#2"},
				"down": {"uv": [6, 9, 7, 10], "texture": "#2"}
			},
			"type": "cube"
		},
		{
			"name": "cube",
			"from": [7, 8, 8],
			"to": [8, 9, 9],
			"faces": {
				"north": {"uv": [8, 7, 9, 8], "texture": "#2"},
				"east": {"uv": [9, 8, 8, 7], "texture": "#2"},
				"south": {"uv": [7, 7, 8, 8], "texture": "#2"},
				"west": {"uv": [7, 7, 8, 8], "texture": "#2"},
				"up": {"uv": [7, 7, 8, 8], "texture": "#2"},
				"down": {"uv": [7, 8, 8, 9], "texture": "#2"}
			},
			"type": "cube"
		},
		{
			"name": "cube",
			"from": [5, 9, 7],
			"to": [6, 10, 8],
			"faces": {
				"north": {"uv": [10, 6, 11, 7], "texture": "#2"},
				"east": {"uv": [10, 7, 9, 6], "texture": "#2"},
				"south": {"uv": [5, 6, 6, 7], "texture": "#2"},
				"west": {"uv": [6, 6, 7, 7], "texture": "#2"},
				"up": {"uv": [5, 6, 6, 7], "texture": "#2"},
				"down": {"uv": [5, 9, 6, 10], "texture": "#2"}
			},
			"type": "cube"
		},
		{
			"name": "cube",
			"from": [8, 7, 8],
			"to": [10, 8, 9],
			"faces": {
				"north": {"uv": [6, 8, 8, 9], "texture": "#2"},
				"east": {"uv": [9, 9, 8, 8], "texture": "#2"},
				"south": {"uv": [8, 8, 10, 9], "texture": "#2"},
				"west": {"uv": [7, 8, 8, 9], "texture": "#2"},
				"up": {"uv": [8, 7, 10, 8], "texture": "#2"},
				"down": {"uv": [8, 8, 10, 9], "texture": "#2"}
			},
			"type": "cube"
		},
		{
			"name": "cube",
			"from": [9, 8, 7],
			"to": [12, 9, 8],
			"faces": {
				"north": {"uv": [4, 7, 7, 8], "texture": "#2"},
				"east": {"uv": [10, 8, 9, 7], "texture": "#2"},
				"south": {"uv": [9, 7, 12, 8], "texture": "#2"},
				"west": {"uv": [6, 7, 7, 8], "texture": "#2"},
				"up": {"uv": [9, 6, 12, 7], "texture": "#2"},
				"down": {"uv": [9, 9, 12, 10], "texture": "#2"}
			},
			"type": "cube"
		},
		{
			"name": "cube",
			"from": [9, 3, 8],
			"to": [10, 4, 9],
			"faces": {
				"north": {"uv": [6, 12, 7, 13], "texture": "#2"},
				"east": {"uv": [9, 13, 8, 12], "texture": "#2"},
				"south": {"uv": [9, 12, 10, 13], "texture": "#2"},
				"west": {"uv": [7, 12, 8, 13], "texture": "#2"},
				"up": {"uv": [9, 7, 10, 8], "texture": "#2"},
				"down": {"uv": [9, 8, 10, 9], "texture": "#2"}
			},
			"type": "cube"
		},
		{
			"name": "cube",
			"from": [8, 8, 8],
			"to": [9, 12, 9],
			"faces": {
				"north": {"uv": [7, 4, 8, 8], "texture": "#2"},
				"east": {"uv": [9, 8, 8, 4], "texture": "#2"},
				"south": {"uv": [8, 4, 9, 8], "texture": "#2"},
				"west": {"uv": [7, 4, 8, 8], "texture": "#2"},
				"up": {"uv": [8, 7, 9, 8], "texture": "#2"},
				"down": {"uv": [8, 8, 9, 9], "texture": "#2"}
			},
			"type": "cube"
		},
		{
			"name": "cube",
			"from": [7, 12, 8],
			"to": [8, 14, 9],
			"faces": {
				"north": {"uv": [8, 2, 9, 4], "texture": "#2"},
				"east": {"uv": [9, 4, 8, 2], "texture": "#2"},
				"south": {"uv": [7, 2, 8, 4], "texture": "#2"},
				"west": {"uv": [7, 2, 8, 4], "texture": "#2"},
				"up": {"uv": [7, 7, 8, 8], "texture": "#2"},
				"down": {"uv": [7, 8, 8, 9], "texture": "#2"}
			},
			"type": "cube"
		},
		{
			"name": "cube",
			"from": [9, 11, 8],
			"to": [10, 12, 9],
			"faces": {
				"north": {"uv": [6, 4, 7, 5], "texture": "#2"},
				"east": {"uv": [9, 5, 8, 4], "texture": "#2"},
				"south": {"uv": [9, 4, 10, 5], "texture": "#2"},
				"west": {"uv": [7, 4, 8, 5], "texture": "#2"},
				"up": {"uv": [9, 7, 10, 8], "texture": "#2"},
				"down": {"uv": [9, 8, 10, 9], "texture": "#2"}
			},
			"type": "cube"
		},
		{
			"name": "cube",
			"from": [10, 12, 8],
			"to": [11, 13, 9],
			"faces": {
				"north": {"uv": [5, 3, 6, 4], "texture": "#2"},
				"east": {"uv": [9, 4, 8, 3], "texture": "#2"},
				"south": {"uv": [10, 3, 11, 4], "texture": "#2"},
				"west": {"uv": [7, 3, 8, 4], "texture": "#2"},
				"up": {"uv": [10, 7, 11, 8], "texture": "#2"},
				"down": {"uv": [10, 8, 11, 9], "texture": "#2"}
			},
			"type": "cube"
		},
		{
			"name": "cube",
			"from": [6, 9, 8],
			"to": [7, 12, 9],
			"faces": {
				"north": {"uv": [9, 4, 10, 7], "texture": "#2"},
				"east": {"uv": [9, 7, 8, 4], "texture": "#2"},
				"south": {"uv": [6, 4, 7, 7], "texture": "#2"},
				"west": {"uv": [7, 4, 8, 7], "texture": "#2"},
				"up": {"uv": [6, 7, 7, 8], "texture": "#2"},
				"down": {"uv": [6, 8, 7, 9], "texture": "#2"}
			},
			"type": "cube"
		},
		{
			"name": "cube",
			"from": [5, 12, 8],
			"to": [6, 13, 9],
			"faces": {
				"north": {"uv": [10, 3, 11, 4], "texture": "#2"},
				"east": {"uv": [9, 4, 8, 3], "texture": "#2"},
				"south": {"uv": [5, 3, 6, 4], "texture": "#2"},
				"west": {"uv": [7, 3, 8, 4], "texture": "#2"},
				"up": {"uv": [5, 7, 6, 8], "texture": "#2"},
				"down": {"uv": [5, 8, 6, 9], "texture": "#2"}
			},
			"type": "cube"
		},
		{
			"name": "cube",
			"from": [7, 4, 7],
			"to": [8, 7, 8],
			"faces": {
				"north": {"uv": [8, 9, 9, 12], "texture": "#2"},
				"east": {"uv": [10, 12, 9, 9], "texture": "#2"},
				"south": {"uv": [7, 9, 8, 12], "texture": "#2"},
				"west": {"uv": [6, 9, 7, 12], "texture": "#2"},
				"up": {"uv": [7, 6, 8, 7], "texture": "#2"},
				"down": {"uv": [7, 9, 8, 10], "texture": "#2"}
			},
			"type": "cube"
		},
		{
			"name": "cube",
			"from": [7, 6, 4],
			"to": [8, 7, 7],
			"faces": {
				"north": {"uv": [8, 9, 9, 10], "texture": "#2"},
				"east": {"uv": [13, 10, 10, 9], "texture": "#2"},
				"south": {"uv": [7, 9, 8, 10], "texture": "#2"},
				"west": {"uv": [3, 9, 6, 10], "texture": "#2"},
				"up": {"uv": [7, 3, 8, 6], "texture": "#2"},
				"down": {"uv": [7, 10, 8, 13], "texture": "#2"}
			},
			"type": "cube"
		},
		{
			"name": "cube",
			"from": [8, 7, 5],
			"to": [9, 10, 6],
			"faces": {
				"north": {"uv": [7, 6, 8, 9], "texture": "#2"},
				"east": {"uv": [12, 9, 11, 6], "texture": "#2"},
				"south": {"uv": [8, 6, 9, 9], "texture": "#2"},
				"west": {"uv": [4, 6, 5, 9], "texture": "#2"},
				"up": {"uv": [8, 4, 9, 5], "texture": "#2"},
				"down": {"uv": [8, 11, 9, 12], "texture": "#2"}
			},
			"type": "cube"
		},
		{
			"name": "cube",
			"from": [7, 8, 6],
			"to": [8, 9, 7],
			"faces": {
				"north": {"uv": [8, 7, 9, 8], "texture": "#2"},
				"east": {"uv": [11, 8, 10, 7], "texture": "#2"},
				"south": {"uv": [7, 7, 8, 8], "texture": "#2"},
				"west": {"uv": [5, 7, 6, 8], "texture": "#2"},
				"up": {"uv": [7, 5, 8, 6], "texture": "#2"},
				"down": {"uv": [7, 10, 8, 11], "texture": "#2"}
			},
			"type": "cube"
		},
		{
			"name": "cube",
			"from": [8, 9, 4],
			"to": [9, 10, 5],
			"faces": {
				"north": {"uv": [7, 6, 8, 7], "texture": "#2"},
				"east": {"uv": [13, 7, 12, 6], "texture": "#2"},
				"south": {"uv": [8, 6, 9, 7], "texture": "#2"},
				"west": {"uv": [3, 6, 4, 7], "texture": "#2"},
				"up": {"uv": [8, 3, 9, 4], "texture": "#2"},
				"down": {"uv": [8, 12, 9, 13], "texture": "#2"}
			},
			"type": "cube"
		},
		{
			"name": "cube",
			"from": [7, 7, 6],
			"to": [8, 8, 7],
			"faces": {
				"north": {"uv": [8, 8, 9, 9], "texture": "#2"},
				"east": {"uv": [11, 9, 10, 8], "texture": "#2"},
				"south": {"uv": [7, 8, 8, 9], "texture": "#2"},
				"west": {"uv": [5, 8, 6, 9], "texture": "#2"},
				"up": {"uv": [7, 5, 8, 6], "texture": "#2"},
				"down": {"uv": [7, 10, 8, 11], "texture": "#2"}
			},
			"type": "cube"
		},
		{
			"name": "cube",
			"from": [7, 7, 7],
			"to": [8, 8, 9],
			"faces": {
				"north": {"uv": [8, 8, 9, 9], "texture": "#2"},
				"east": {"uv": [10, 9, 8, 8], "texture": "#2"},
				"south": {"uv": [7, 8, 8, 9], "texture": "#2"},
				"west": {"uv": [6, 8, 8, 9], "texture": "#2"},
				"up": {"uv": [7, 6, 8, 8], "texture": "#2"},
				"down": {"uv": [7, 8, 8, 10], "texture": "#2"}
			},
			"type": "cube"
		},
		{
			"name": "cube",
			"from": [8, 8, 9],
			"to": [9, 9, 12],
			"faces": {
				"north": {"uv": [7, 7, 8, 8], "texture": "#2"},
				"east": {"uv": [8, 8, 5, 7], "texture": "#2"},
				"south": {"uv": [8, 7, 9, 8], "texture": "#2"},
				"west": {"uv": [8, 7, 11, 8], "texture": "#2"},
				"up": {"uv": [8, 8, 9, 11], "texture": "#2"},
				"down": {"uv": [8, 5, 9, 8], "texture": "#2"}
			},
			"type": "cube"
		},
		{
			"name": "cube",
			"from": [7, 8, 7],
			"to": [8, 12, 8],
			"faces": {
				"north": {"uv": [8, 4, 9, 8], "texture": "#2"},
				"east": {"uv": [10, 8, 9, 4], "texture": "#2"},
				"south": {"uv": [7, 4, 8, 8], "texture": "#2"},
				"west": {"uv": [6, 4, 7, 8], "texture": "#2"},
				"up": {"uv": [7, 6, 8, 7], "texture": "#2"},
				"down": {"uv": [7, 9, 8, 10], "texture": "#2"}
			},
			"type": "cube"
		},
		{
			"name": "cube",
			"from": [8, 12, 6],
			"to": [9, 15, 7],
			"faces": {
				"north": {"uv": [7, 1, 8, 4], "texture": "#2"},
				"east": {"uv": [11, 4, 10, 1], "texture": "#2"},
				"south": {"uv": [8, 1, 9, 4], "texture": "#2"},
				"west": {"uv": [5, 1, 6, 4], "texture": "#2"},
				"up": {"uv": [8, 5, 9, 6], "texture": "#2"},
				"down": {"uv": [8, 10, 9, 11], "texture": "#2"}
			},
			"type": "cube"
		},
		{
			"name": "cube",
			"from": [7, 11, 8],
			"to": [8, 12, 9],
			"faces": {
				"north": {"uv": [8, 4, 9, 5], "texture": "#2"},
				"east": {"uv": [9, 5, 8, 4], "texture": "#2"},
				"south": {"uv": [7, 4, 8, 5], "texture": "#2"},
				"west": {"uv": [7, 4, 8, 5], "texture": "#2"},
				"up": {"uv": [7, 7, 8, 8], "texture": "#2"},
				"down": {"uv": [7, 8, 8, 9], "texture": "#2"}
			},
			"type": "cube"
		},
		{
			"name": "cube",
			"from": [6, 3, 7],
			"to": [7, 4, 8],
			"faces": {
				"north": {"uv": [9, 12, 10, 13], "texture": "#2"},
				"east": {"uv": [10, 13, 9, 12], "texture": "#2"},
				"south": {"uv": [6, 12, 7, 13], "texture": "#2"},
				"west": {"uv": [6, 12, 7, 13], "texture": "#2"},
				"up": {"uv": [6, 6, 7, 7], "texture": "#2"},
				"down": {"uv": [6, 9, 7, 10], "texture": "#2"}
			},
			"type": "cube"
		},
		{
			"name": "cube",
			"from": [7, 12, 9],
			"to": [8, 13, 10],
			"faces": {
				"north": {"uv": [8, 3, 9, 4], "texture": "#2"},
				"east": {"uv": [8, 4, 7, 3], "texture": "#2"},
				"south": {"uv": [7, 3, 8, 4], "texture": "#2"},
				"west": {"uv": [8, 3, 9, 4], "texture": "#2"},
				"up": {"uv": [7, 8, 8, 9], "texture": "#2"},
				"down": {"uv": [7, 7, 8, 8], "texture": "#2"}
			},
			"type": "cube"
		},
		{
			"name": "cube",
			"from": [7, 9, 5],
			"to": [8, 12, 6],
			"faces": {
				"north": {"uv": [8, 4, 9, 7], "texture": "#2"},
				"east": {"uv": [12, 7, 11, 4], "texture": "#2"},
				"south": {"uv": [7, 4, 8, 7], "texture": "#2"},
				"west": {"uv": [4, 4, 5, 7], "texture": "#2"},
				"up": {"uv": [7, 4, 8, 5], "texture": "#2"},
				"down": {"uv": [7, 11, 8, 12], "texture": "#2"}
			},
			"type": "cube"
		},
		{
			"name": "cube",
			"from": [7, 12, 4],
			"to": [8, 13, 5],
			"faces": {
				"north": {"uv": [8, 3, 9, 4], "texture": "#2"},
				"east": {"uv": [13, 4, 12, 3], "texture": "#2"},
				"south": {"uv": [7, 3, 8, 4], "texture": "#2"},
				"west": {"uv": [3, 3, 4, 4], "texture": "#2"},
				"up": {"uv": [7, 3, 8, 4], "texture": "#2"},
				"down": {"uv": [7, 12, 8, 13], "texture": "#2"}
			},
			"type": "cube"
		},
		{
			"name": "cube",
			"from": [4, 7, 8],
			"to": [7, 9, 10],
			"faces": {
				"north": {"uv": [9, 7, 12, 9], "texture": "#1"},
				"east": {"uv": [8, 9, 6, 7], "texture": "#1"},
				"south": {"uv": [4, 7, 7, 9], "texture": "#1"},
				"west": {"uv": [8, 7, 10, 9], "texture": "#1"},
				"up": {"uv": [4, 8, 7, 10], "texture": "#1"},
				"down": {"uv": [4, 6, 7, 8], "texture": "#1"}
			},
			"type": "cube"
		},
		{
			"name": "cube",
			"from": [8, 9, 10],
			"to": [10, 11, 13],
			"faces": {
				"north": {"uv": [6, 5, 8, 7], "texture": "#1"},
				"east": {"uv": [6, 7, 3, 5], "texture": "#1"},
				"south": {"uv": [8, 5, 10, 7], "texture": "#1"},
				"west": {"uv": [10, 5, 13, 7], "texture": "#1"},
				"up": {"uv": [8, 10, 10, 13], "texture": "#1"},
				"down": {"uv": [8, 3, 10, 6], "texture": "#1"}
			},
			"type": "cube"
		},
		{
			"name": "cube",
			"from": [10, 9, 6],
			"to": [13, 11, 8],
			"faces": {
				"north": {"uv": [3, 5, 6, 7], "texture": "#1"},
				"east": {"uv": [10, 7, 8, 5], "texture": "#1"},
				"south": {"uv": [10, 5, 13, 7], "texture": "#1"},
				"west": {"uv": [6, 5, 8, 7], "texture": "#1"},
				"up": {"uv": [10, 6, 13, 8], "texture": "#1"},
				"down": {"uv": [10, 8, 13, 10], "texture": "#1"}
			},
			"type": "cube"
		},
		{
			"name": "cube",
			"from": [7, 14, 7],
			"to": [9, 16, 9],
			"faces": {
				"north": {"uv": [7, 0, 9, 2], "texture": "#1"},
				"east": {"uv": [9, 2, 7, 0], "texture": "#1"},
				"south": {"uv": [7, 0, 9, 2], "texture": "#1"},
				"west": {"uv": [7, 0, 9, 2], "texture": "#1"},
				"up": {"uv": [7, 7, 9, 9], "texture": "#1"},
				"down": {"uv": [7, 7, 9, 9], "texture": "#1"}
			},
			"type": "cube"
		},
		{
			"name": "cube",
			"from": [4, 13, 7],
			"to": [6, 15, 9],
			"faces": {
				"north": {"uv": [10, 1, 12, 3], "texture": "#1"},
				"east": {"uv": [9, 3, 7, 1], "texture": "#1"},
				"south": {"uv": [4, 1, 6, 3], "texture": "#1"},
				"west": {"uv": [7, 1, 9, 3], "texture": "#1"},
				"up": {"uv": [4, 7, 6, 9], "texture": "#1"},
				"down": {"uv": [4, 7, 6, 9], "texture": "#1"}
			},
			"type": "cube"
		},
		{
			"name": "cube",
			"from": [7, 13, 4],
			"to": [9, 15, 6],
			"faces": {
				"north": {"uv": [7, 1, 9, 3], "texture": "#1"},
				"east": {"uv": [12, 3, 10, 1], "texture": "#1"},
				"south": {"uv": [7, 1, 9, 3], "texture": "#1"},
				"west": {"uv": [4, 1, 6, 3], "texture": "#1"},
				"up": {"uv": [7, 4, 9, 6], "texture": "#1"},
				"down": {"uv": [7, 10, 9, 12], "texture": "#1"}
			},
			"type": "cube"
		},
		{
			"name": "cube",
			"from": [8, 10, 4],
			"to": [10, 12, 6],
			"faces": {
				"north": {"uv": [6, 4, 8, 6], "texture": "#1"},
				"east": {"uv": [12, 6, 10, 4], "texture": "#1"},
				"south": {"uv": [8, 4, 10, 6], "texture": "#1"},
				"west": {"uv": [4, 4, 6, 6], "texture": "#1"},
				"up": {"uv": [8, 4, 10, 6], "texture": "#1"},
				"down": {"uv": [8, 10, 10, 12], "texture": "#1"}
			},
			"type": "cube"
		},
		{
			"name": "cube",
			"from": [4, 10, 6],
			"to": [6, 12, 8],
			"faces": {
				"north": {"uv": [10, 4, 12, 6], "texture": "#1"},
				"east": {"uv": [10, 6, 8, 4], "texture": "#1"},
				"south": {"uv": [4, 4, 6, 6], "texture": "#1"},
				"west": {"uv": [6, 4, 8, 6], "texture": "#1"},
				"up": {"uv": [4, 6, 6, 8], "texture": "#1"},
				"down": {"uv": [4, 8, 6, 10], "texture": "#1"}
			},
			"type": "cube"
		},
		{
			"name": "cube",
			"from": [5, 2, 5],
			"to": [7, 4, 7],
			"faces": {
				"north": {"uv": [9, 12, 11, 14], "texture": "#1"},
				"east": {"uv": [11, 14, 9, 12], "texture": "#1"},
				"south": {"uv": [5, 12, 7, 14], "texture": "#1"},
				"west": {"uv": [5, 12, 7, 14], "texture": "#1"},
				"up": {"uv": [5, 5, 7, 7], "texture": "#1"},
				"down": {"uv": [5, 9, 7, 11], "texture": "#1"}
			},
			"type": "cube"
		},
		{
			"name": "cube",
			"from": [8, 5, 6],
			"to": [10, 7, 8],
			"faces": {
				"north": {"uv": [6, 9, 8, 11], "texture": "#1"},
				"east": {"uv": [10, 11, 8, 9], "texture": "#1"},
				"south": {"uv": [8, 9, 10, 11], "texture": "#1"},
				"west": {"uv": [6, 9, 8, 11], "texture": "#1"},
				"up": {"uv": [8, 6, 10, 8], "texture": "#1"},
				"down": {"uv": [8, 8, 10, 10], "texture": "#1"}
			},
			"type": "cube"
		},
		{
			"name": "cube",
			"from": [7, 6, 9],
			"to": [9, 8, 11],
			"faces": {
				"north": {"uv": [7, 8, 9, 10], "texture": "#1"},
				"east": {"uv": [7, 10, 5, 8], "texture": "#1"},
				"south": {"uv": [7, 8, 9, 10], "texture": "#1"},
				"west": {"uv": [9, 8, 11, 10], "texture": "#1"},
				"up": {"uv": [7, 9, 9, 11], "texture": "#1"},
				"down": {"uv": [7, 5, 9, 7], "texture": "#1"}
			},
			"type": "cube"
		},
		{
			"name": "cube",
			"from": [6, 10, 9],
			"to": [8, 12, 11],
			"faces": {
				"north": {"uv": [8, 4, 10, 6], "texture": "#1"},
				"east": {"uv": [7, 6, 5, 4], "texture": "#1"},
				"south": {"uv": [6, 4, 8, 6], "texture": "#1"},
				"west": {"uv": [9, 4, 11, 6], "texture": "#1"},
				"up": {"uv": [6, 9, 8, 11], "texture": "#1"},
				"down": {"uv": [6, 5, 8, 7], "texture": "#1"}
			},
			"type": "cube"
		},
		{
			"name": "cube",
			"from": [10, 13, 8],
			"to": [12, 15, 10],
			"faces": {
				"north": {"uv": [4, 1, 6, 3], "texture": "#1"},
				"east": {"uv": [8, 3, 6, 1], "texture": "#1"},
				"south": {"uv": [10, 1, 12, 3], "texture": "#1"},
				"west": {"uv": [8, 1, 10, 3], "texture": "#1"},
				"up": {"uv": [10, 8, 12, 10], "texture": "#1"},
				"down": {"uv": [10, 6, 12, 8], "texture": "#1"}
			},
			"type": "cube"
		},
		{
			"name": "cube",
			"from": [10, 11, 6],
			"to": [12, 13, 8],
			"faces": {
				"north": {"uv": [4, 3, 6, 5], "texture": "#1"},
				"east": {"uv": [10, 5, 8, 3], "texture": "#1"},
				"south": {"uv": [10, 3, 12, 5], "texture": "#1"},
				"west": {"uv": [6, 3, 8, 5], "texture": "#1"},
				"up": {"uv": [10, 6, 12, 8], "texture": "#1"},
				"down": {"uv": [10, 8, 12, 10], "texture": "#1"}
			},
			"type": "cube"
		},
		{
			"name": "cube",
			"from": [5, 9, 4],
			"to": [7, 11, 6],
			"faces": {
				"north": {"uv": [9, 5, 11, 7], "texture": "#1"},
				"east": {"uv": [12, 7, 10, 5], "texture": "#1"},
				"south": {"uv": [5, 5, 7, 7], "texture": "#1"},
				"west": {"uv": [4, 5, 6, 7], "texture": "#1"},
				"up": {"uv": [5, 4, 7, 6], "texture": "#1"},
				"down": {"uv": [5, 10, 7, 12], "texture": "#1"}
			},
			"type": "cube"
		},
		{
			"name": "cube",
			"from": [5, 6, 5],
			"to": [7, 8, 7],
			"faces": {
				"north": {"uv": [9, 8, 11, 10], "texture": "#1"},
				"east": {"uv": [11, 10, 9, 8], "texture": "#1"},
				"south": {"uv": [5, 8, 7, 10], "texture": "#1"},
				"west": {"uv": [5, 8, 7, 10], "texture": "#1"},
				"up": {"uv": [5, 5, 7, 7], "texture": "#1"},
				"down": {"uv": [5, 9, 7, 11], "texture": "#1"}
			},
			"type": "cube"
		},
		{
			"name": "cube",
			"from": [9, 1, 7],
			"to": [10, 2, 8],
			"faces": {
				"north": {"uv": [6, 14, 7, 15], "texture": "#1"},
				"east": {"uv": [9, 15, 8, 14], "texture": "#1"},
				"south": {"uv": [9, 14, 10, 15], "texture": "#1"},
				"west": {"uv": [7, 14, 8, 15], "texture": "#1"},
				"up": {"uv": [9, 7, 10, 8], "texture": "#1"},
				"down": {"uv": [9, 8, 10, 9], "texture": "#1"}
			},
			"type": "cube"
		},
		{
			"name": "cube",
			"from": [7, 0, 5],
			"to": [9, 1, 6],
			"faces": {
				"north": {"uv": [7, 15, 9, 16], "texture": "#1"},
				"east": {"uv": [11, 16, 10, 15], "texture": "#1"},
				"south": {"uv": [7, 15, 9, 16], "texture": "#1"},
				"west": {"uv": [5, 15, 6, 16], "texture": "#1"},
				"up": {"uv": [7, 5, 9, 6], "texture": "#1"},
				"down": {"uv": [7, 10, 9, 11], "texture": "#1"}
			},
			"type": "cube"
		},
		{
			"name": "cube",
			"from": [7, 0, 10],
			"to": [9, 1, 11],
			"faces": {
				"north": {"uv": [7, 15, 9, 16], "texture": "#1"},
				"east": {"uv": [6, 16, 5, 15], "texture": "#1"},
				"south": {"uv": [7, 15, 9, 16], "texture": "#1"},
				"west": {"uv": [10, 15, 11, 16], "texture": "#1"},
				"up": {"uv": [7, 10, 9, 11], "texture": "#1"},
				"down": {"uv": [7, 5, 9, 6], "texture": "#1"}
			},
			"type": "cube"
		},
		{
			"name": "cube",
			"from": [5, 0, 8],
			"to": [6, 1, 9],
			"faces": {
				"north": {"uv": [10, 15, 11, 16], "texture": "#1"},
				"east": {"uv": [8, 16, 7, 15], "texture": "#1"},
				"south": {"uv": [5, 15, 6, 16], "texture": "#1"},
				"west": {"uv": [8, 15, 9, 16], "texture": "#1"},
				"up": {"uv": [5, 8, 6, 9], "texture": "#1"},
				"down": {"uv": [5, 7, 6, 8], "texture": "#1"}
			},
			"type": "cube"
		},
		{
			"name": "cube",
			"from": [8, 1, 9],
			"to": [9, 2, 10],
			"faces": {
				"north": {"uv": [7, 14, 8, 15], "texture": "#1"},
				"east": {"uv": [7, 15, 6, 14], "texture": "#1"},
				"south": {"uv": [8, 14, 9, 15], "texture": "#1"},
				"west": {"uv": [9, 14, 10, 15], "texture": "#1"},
				"up": {"uv": [8, 9, 9, 10], "texture": "#1"},
				"down": {"uv": [8, 6, 9, 7], "texture": "#1"}
			},
			"type": "cube"
		},
		{
			"name": "cube",
			"from": [7, 4, 8],
			"to": [8, 5, 9],
			"faces": {
				"north": {"uv": [8, 11, 9, 12], "texture": "#1"},
				"east": {"uv": [8, 12, 7, 11], "texture": "#1"},
				"south": {"uv": [7, 11, 8, 12], "texture": "#1"},
				"west": {"uv": [8, 11, 9, 12], "texture": "#1"},
				"up": {"uv": [7, 8, 8, 9], "texture": "#1"},
				"down": {"uv": [7, 7, 8, 8], "texture": "#1"}
			},
			"type": "cube"
		}
	]
}