{
	"__comment": "Designed by CreatorLabs with Cubik Studio - https://cubik.studio",
	"textures": {
		"0": "blocks/door_jungle_upper",
		"particle": "blocks/door_jungle_upper"
	},
	"elements": [ 	 
		{
			"from": [ -0.0009999999, -0.017, 11.999 ],
			"to": [ 3.005, 7.999, 16.007 ],
			"faces": {
				"north": { "uv": [ 4, 8, 1, 16 ], "texture": "#0" },
				"south": { "uv": [ 16, 5, 13, 13 ], "texture": "#0", "cullface": "south" },
				"west": { "uv": [ 4, 6, 0, 14 ], "texture": "#0", "cullface": "west" },
				"east": { "uv": [ 16, 6, 12, 14 ], "texture": "#0" }
			}
		},
		{
			"from": [ -0.0009999999, 7.999, 11.999 ],
			"to": [ 3.005, 16.015, 16.007 ],
			"faces": {
				"up": { "uv": [ 1, 16, 4, 12 ], "texture": "#0", "cullface": "up" },
				"north": { "uv": [ 3, 6, 0, 14 ], "texture": "#0" },
				"south": { "uv": [ 16, 0, 13, 8 ], "texture": "#0", "cullface": "south" },
				"west": { "uv": [ 4, 6, 0, 14 ], "texture": "#0", "cullface": "west" },
				"east": { "uv": [ 16, 0, 12, 8 ], "texture": "#0" }
			}
		},
		{
			"from": [ -0.0009999999, -0.017, 7.991 ],
			"to": [ 3.005, 5.995, 10.997 ],
			"faces": {
				"up": { "uv": [ 0, 11, 3, 8 ], "texture": "#0" },
				"north": { "uv": [ 4, 10, 1, 16 ], "texture": "#0" },
				"south": { "uv": [ 15, 6, 12, 12 ], "texture": "#0" },
				"west": { "uv": [ 8, 10, 5, 16 ], "texture": "#0", "cullface": "west" },
				"east": { "uv": [ 4, 10, 1, 16 ], "texture": "#0" }
			}
		},
		{
			"from": [ -0.0009999999, -0.017, 3.983 ],
			"to": [ 3.005, 5.995, 6.989 ],
			"faces": {
				"up": { "uv": [ 1, 4, 4, 1 ], "texture": "#0" },
				"north": { "uv": [ 4, 0, 1, 6 ], "texture": "#0" },
				"south": { "uv": [ 4, 8, 1, 14 ], "texture": "#0" },
				"west": { "uv": [ 4, 10, 1, 16 ], "texture": "#0", "cullface": "west" },
				"east": { "uv": [ 8, 10, 5, 16 ], "texture": "#0" }
			}
		},
		{
			"from": [ -0.0009999999, -0.017, -0.025 ],
			"to": [ 3.005, 7.999, 2.981 ],
			"faces": {
				"north": { "uv": [ 3, 6, 0, 14 ], "texture": "#0", "cullface": "north" },
				"south": { "uv": [ 15, 2, 12, 10 ], "texture": "#0" },
				"west": { "uv": [ 16, 8, 13, 16 ], "texture": "#0", "cullface": "west" },
				"east": { "uv": [ 3, 6, 0, 14 ], "texture": "#0" }
			}
		},
		{
			"from": [ -0.0009999999, 7.999, -0.025 ],
			"to": [ 3.005, 16.015, 2.981 ],
			"faces": {
				"up": { "uv": [ 1, 14, 4, 11 ], "texture": "#0", "cullface": "up" },
				"north": { "uv": [ 3, 7, 0, 15 ], "texture": "#0", "cullface": "north" },
				"south": { "uv": [ 15, 4, 12, 12 ], "texture": "#0" },
				"west": { "uv": [ 16, 0, 13, 8 ], "texture": "#0", "cullface": "west" },
				"east": { "uv": [ 3, 6, 0, 14 ], "texture": "#0" }
			}
		},
		{
			"from": [ -0.0009999999, 13.009, 7.991 ],
			"to": [ 3.005, 16.015, 10.997 ],
			"faces": {
				"down": { "uv": [ 1, 15, 4, 12 ], "texture": "#0" },
				"up": { "uv": [ 5, 3, 8, 0 ], "texture": "#0", "cullface": "up" },
				"north": { "uv": [ 15, 1, 12, 4 ], "texture": "#0" },
				"south": { "uv": [ 8, 12, 5, 15 ], "texture": "#0" },
				"west": { "uv": [ 8, 0, 5, 3 ], "texture": "#0", "cullface": "west" },
				"east": { "uv": [ 12, 0, 9, 3 ], "texture": "#0" }
			}
		},
		{
			"from": [ -0.0009999999, 13.009, 3.983 ],
			"to": [ 3.005, 16.015, 6.989 ],
			"faces": {
				"down": { "uv": [ 10, 4, 13, 1 ], "texture": "#0" },
				"up": { "uv": [ 1, 16, 4, 13 ], "texture": "#0", "cullface": "up" },
				"north": { "uv": [ 4, 11, 1, 14 ], "texture": "#0" },
				"south": { "uv": [ 4, 1, 1, 4 ], "texture": "#0" },
				"west": { "uv": [ 12, 0, 9, 3 ], "texture": "#0", "cullface": "west" },
				"east": { "uv": [ 8, 0, 5, 3 ], "texture": "#0" }
			}
		},
		{
			"from": [ -0.0009999999, 12.007, 3.983 ],
			"to": [ 3.005, 13.009, 5.987 ],
			"faces": {
				"down": { "uv": [ 9, 3, 12, 1 ], "texture": "#0" },
				"north": { "uv": [ 8, 1, 5, 2 ], "texture": "#0" },
				"south": { "uv": [ 12, 1, 9, 2 ], "texture": "#0" },
				"west": { "uv": [ 12, 3, 10, 4 ], "texture": "#0", "cullface": "west" },
				"east": { "uv": [ 6, 3, 4, 4 ], "texture": "#0" }
			}
		},
		{
			"from": [ -0.0009999999, 10.003, 3.983 ],
			"to": [ 3.005, 12.007, 4.985 ],
			"faces": {
				"down": { "uv": [ 5, 2, 8, 1 ], "texture": "#0" },
				"north": { "uv": [ 4, 2, 1, 4 ], "texture": "#0" },
				"south": { "uv": [ 8, 13, 5, 15 ], "texture": "#0" },
				"west": { "uv": [ 12, 4, 11, 6 ], "texture": "#0", "cullface": "west" },
				"east": { "uv": [ 5, 4, 4, 6 ], "texture": "#0" }
			}
		},
		{
			"from": [ -0.0009999999, 5.995, 2.981 ],
			"to": [ 3.005, 10.003, 3.983 ],
			"faces": {
				"down": { "uv": [ 5, 12, 8, 11 ], "texture": "#0" },
				"up": { "uv": [ 1, 2, 4, 1 ], "texture": "#0" },
				"south": { "uv": [ 15, 6, 12, 10 ], "texture": "#0" },
				"west": { "uv": [ 13, 6, 12, 10 ], "texture": "#0", "cullface": "west" },
				"east": { "uv": [ 4, 6, 3, 10 ], "texture": "#0" }
			}
		},
		{
			"from": [ -0.0009999999, 12.007, 9.995 ],
			"to": [ 3.005, 13.009, 10.997 ],
			"faces": {
				"down": { "uv": [ 1, 14, 4, 12 ], "texture": "#0" },
				"north": { "uv": [ 11, 1, 8, 2 ], "texture": "#0" },
				"south": { "uv": [ 4, 2, 1, 3 ], "texture": "#0" },
				"west": { "uv": [ 6, 3, 5, 4 ], "texture": "#0", "cullface": "west" },
				"east": { "uv": [ 12, 4, 11, 5 ], "texture": "#0" }
			}
		},
		{
			"from": [ -0.0009999999, 10.003, 10.997 ],
			"to": [ 3.005, 12.007, 11.999 ],
			"faces": {
				"down": { "uv": [ 5, 14, 8, 13 ], "texture": "#0" },
				"up": { "uv": [ 6, 2, 9, 1 ], "texture": "#0" },
				"north": { "uv": [ 4, 3, 1, 5 ], "texture": "#0" },
				"west": { "uv": [ 5, 4, 4, 6 ], "texture": "#0", "cullface": "west" },
				"east": { "uv": [ 12, 4, 11, 6 ], "texture": "#0" }
			}
		},
		{
			"from": [ -0.0009999999, 4.993, 10.997 ],
			"to": [ 3.005, 5.995, 11.999 ],
			"faces": {
				"down": { "uv": [ 5, 12, 8, 11 ], "texture": "#0" },
				"up": { "uv": [ 1, 3, 4, 2 ], "texture": "#0" },
				"west": { "uv": [ 5, 10, 4, 11 ], "texture": "#0", "cullface": "west" },
				"east": { "uv": [ 3, 3, 2, 4 ], "texture": "#0" }
			}
		},
		{
			"from": [ -0.0009999999, 4.993, 6.989 ],
			"to": [ 3.005, 5.995, 7.991 ],
			"faces": {
				"down": { "uv": [ 5, 12, 8, 11 ], "texture": "#0" },
				"up": { "uv": [ 1, 15, 4, 14 ], "texture": "#0" },
				"west": { "uv": [ 9, 10, 8, 11 ], "texture": "#0", "cullface": "west" },
				"east": { "uv": [ 2, 0, 1, 1 ], "texture": "#0" }
			}
		},
		{
			"from": [ 1.001, -0.017, 10.997 ],
			"to": [ 2.003, 4.993, 11.999 ],
			"faces": {
				"west": { "uv": [ 5, 11, 4, 16 ], "texture": "#0", "cullface": "west" },
				"east": { "uv": [ 5, 11, 4, 16 ], "texture": "#0" }
			}
		},
		{
			"from": [ 1.001, -0.017, 6.989 ],
			"to": [ 2.003, 4.993, 7.991 ],
			"faces": {
				"west": { "uv": [ 9, 11, 8, 16 ], "texture": "#0", "cullface": "west" },
				"east": { "uv": [ 9, 11, 8, 16 ], "texture": "#0" }
			}
		},
		{
			"from": [ 1.001, -0.017, 2.981 ],
			"to": [ 2.003, 5.995, 3.983 ],
			"faces": {
				"west": { "uv": [ 9, 10, 8, 16 ], "texture": "#0", "cullface": "west" },
				"east": { "uv": [ 5, 10, 4, 16 ], "texture": "#0" }
			}
		},
		{
			"from": [ 1.001, 10.003, 2.981 ],
			"to": [ 2.003, 16.015, 3.983 ],
			"faces": {
				"up": { "uv": [ 0, 1, 1, 0 ], "texture": "#0", "cullface": "up" },
				"west": { "uv": [ 13, 0, 12, 6 ], "texture": "#0", "cullface": "west" },
				"east": { "uv": [ 13, 0, 12, 6 ], "texture": "#0" }
			}
		},
		{
			"from": [ 1.001, 13.009, 6.989 ],
			"to": [ 2.003, 16.015, 7.991 ],
			"faces": {
				"down": { "uv": [ 8, 3, 9, 2 ], "texture": "#0" },
				"up": { "uv": [ 4, 1, 5, 0 ], "texture": "#0", "cullface": "up" },
				"west": { "uv": [ 9, 0, 8, 3 ], "texture": "#0", "cullface": "west" },
				"east": { "uv": [ 9, 0, 8, 3 ], "texture": "#0" }
			}
		},
		{
			"from": [ 1.001, 12.007, 10.997 ],
			"to": [ 2.003, 16.015, 11.999 ],
			"faces": {
				"up": { "uv": [ 4, 1, 5, 0 ], "texture": "#0", "cullface": "up" },
				"west": { "uv": [ 5, 0, 4, 4 ], "texture": "#0", "cullface": "west" },
				"east": { "uv": [ 4, 4, 5, 0 ], "texture": "#0", "rotation": 180 }
			}
		},
		{
			"from": [ 1.001, -0.017, 16.007 ],
			"to": [ 2.003, 0.985, 16.508 ],
			"faces": {
				"down": { "uv": [ 0, 16, 1, 15 ], "texture": "#0", "cullface": "south" },
				"up": { "uv": [ 0, 16, 1, 15 ], "texture": "#0", "cullface": "south" },
				"south": { "uv": [ 1, 15, 0, 16 ], "texture": "#0", "cullface": "south" },
				"west": { "uv": [ 1, 15, 0, 16 ], "texture": "#0", "cullface": "south" },
				"east": { "uv": [ 1, 15, 0, 16 ], "texture": "#0", "cullface": "south" }
			}
		},
		{
			"from": [ 1.001, 10.003, 16.007 ],
			"to": [ 2.003, 12.007, 16.508 ],
			"faces": {
				"down": { "uv": [ 0, 6, 1, 5 ], "texture": "#0", "cullface": "south" },
				"up": { "uv": [ 0, 16, 1, 15 ], "texture": "#0", "cullface": "south" },
				"south": { "uv": [ 1, 4, 0, 6 ], "texture": "#0", "cullface": "south" },
				"west": { "uv": [ 0.5, 4, 0, 6 ], "texture": "#0", "cullface": "south" },
				"east": { "uv": [ 0.5, 4, 0, 6 ], "texture": "#0", "cullface": "south" }
			}
		},
		{
			"from": [ -1.003, -0.017, 3.983 ],
			"to": [ -0.001000047, 0.985, 4.985 ],
			"faces": {
				"down": { "uv": [ 11, 16, 12, 15 ], "texture": "#0", "cullface": "south" },
				"up": { "uv": [ 11, 16, 12, 15 ], "texture": "#0", "cullface": "west" },
				"north": { "uv": [ 12, 15, 11, 16 ], "texture": "#0", "cullface": "west" },
				"south": { "uv": [ 12, 15, 11, 16 ], "texture": "#0", "cullface": "west" },
				"west": { "uv": [ 12, 15, 11, 16 ], "texture": "#0", "cullface": "west" }
			}
		},
		{
			"from": [ -1.003, 0.985, 1.979 ],
			"to": [ -0.001000047, 1.987, 4.985 ],
			"faces": {
				"down": { "uv": [ 11, 15, 14, 14 ], "texture": "#0", "cullface": "south", "rotation": 270 },
				"up": { "uv": [ 11, 15, 14, 14 ], "texture": "#0", "cullface": "west", "rotation": 90 },
				"north": { "uv": [ 14, 14, 13, 15 ], "texture": "#0", "cullface": "west" },
				"south": { "uv": [ 12, 14, 11, 15 ], "texture": "#0", "cullface": "west" },
				"west": { "uv": [ 14, 14, 11, 15 ], "texture": "#0", "cullface": "west" },
				"east": { "uv": [ 14, 14, 11, 15 ], "texture": "#0", "cullface": "west" }
			}
		},
		{
			"from": [ 3.005, 0.985, 1.979 ],
			"to": [ 4.007, 1.987, 4.985 ],
			"faces": {
				"down": { "uv": [ 11, 15, 14, 14 ], "texture": "#0", "rotation": 90 },
				"up": { "uv": [ 11, 15, 14, 14 ], "texture": "#0", "rotation": 270 },
				"north": { "uv": [ 12, 14, 11, 15 ], "texture": "#0" },
				"south": { "uv": [ 13, 14, 12, 15 ], "texture": "#0" },
				"west": { "uv": [ 14, 14, 11, 15 ], "texture": "#0" },
				"east": { "uv": [ 14, 14, 11, 15 ], "texture": "#0" }
			}
		},
		{
			"from": [ 3.005, -0.017, 3.983 ],
			"to": [ 4.007, 0.985, 4.985 ],
			"faces": {
				"down": { "uv": [ 12, 16, 11, 15 ], "texture": "#0" },
				"up": { "uv": [ 12, 16, 11, 15 ], "texture": "#0" },
				"north": { "uv": [ 11, 15, 12, 16 ], "texture": "#0" },
				"south": { "uv": [ 11, 15, 12, 16 ], "texture": "#0" },
				"east": { "uv": [ 11, 15, 12, 16 ], "texture": "#0" }
			}
		}
	]
}