{
	"__comment": "Designed by CreatorLabs with Cubik Studio - https://cubik.studio",
	"textures": {
		"0": "blocks/door_jungle_upper",
		"particle": "blocks/door_jungle_upper"
	},
	"elements": [ 	 
		{
			"from": [ -0.0009999999, -0.0009999999, -0.0009999999 ],
			"to": [ 3.005, 8.014999, 4.007 ],
			"faces": {
				"north": { "uv": [ 13, 5, 16, 13 ], "texture": "#0", "cullface": "north" },
				"south": { "uv": [ 1, 8, 4, 16 ], "texture": "#0" },
				"west": { "uv": [ 0, 6, 4, 14 ], "texture": "#0", "cullface": "west" },
				"east": { "uv": [ 12, 6, 16, 14 ], "texture": "#0" }
			}
		},
		{
			"from": [ -0.0009999999, 8.014999, -0.0009999999 ],
			"to": [ 3.005, 16.031, 4.007 ],
			"faces": {
				"up": { "uv": [ 1, 12, 4, 16 ], "texture": "#0", "cullface": "up" },
				"north": { "uv": [ 13, 0, 16, 8 ], "texture": "#0", "cullface": "north" },
				"south": { "uv": [ 0, 6, 3, 14 ], "texture": "#0" },
				"west": { "uv": [ 0, 6, 4, 14 ], "texture": "#0", "cullface": "west" },
				"east": { "uv": [ 12, 0, 16, 8 ], "texture": "#0" }
			}
		},
		{
			"from": [ -0.0009999999, -0.0009999999, 5.009 ],
			"to": [ 3.005, 6.011, 8.014999 ],
			"faces": {
				"up": { "uv": [ 0, 8, 3, 11 ], "texture": "#0" },
				"north": { "uv": [ 12, 6, 15, 12 ], "texture": "#0" },
				"south": { "uv": [ 1, 10, 4, 16 ], "texture": "#0" },
				"west": { "uv": [ 5, 10, 8, 16 ], "texture": "#0", "cullface": "west" },
				"east": { "uv": [ 1, 10, 4, 16 ], "texture": "#0" }
			}
		},
		{
			"from": [ -0.0009999999, -0.0009999999, 9.017 ],
			"to": [ 3.005, 6.011, 12.023 ],
			"faces": {
				"up": { "uv": [ 1, 1, 4, 4 ], "texture": "#0" },
				"north": { "uv": [ 1, 8, 4, 14 ], "texture": "#0" },
				"south": { "uv": [ 1, 0, 4, 6 ], "texture": "#0" },
				"west": { "uv": [ 1, 10, 4, 16 ], "texture": "#0", "cullface": "west" },
				"east": { "uv": [ 5, 10, 8, 16 ], "texture": "#0" }
			}
		},
		{
			"from": [ -0.0009999999, -0.0009999999, 13.025 ],
			"to": [ 3.005, 8.014999, 16.031 ],
			"faces": {
				"north": { "uv": [ 12, 2, 15, 10 ], "texture": "#0" },
				"south": { "uv": [ 0, 6, 3, 14 ], "texture": "#0", "cullface": "south" },
				"west": { "uv": [ 13, 8, 16, 16 ], "texture": "#0", "cullface": "west" },
				"east": { "uv": [ 0, 6, 3, 14 ], "texture": "#0" }
			}
		},
		{
			"from": [ -0.0009999999, 8.014999, 13.025 ],
			"to": [ 3.005, 16.031, 16.031 ],
			"faces": {
				"up": { "uv": [ 1, 11, 4, 14 ], "texture": "#0", "cullface": "up" },
				"north": { "uv": [ 12, 4, 15, 12 ], "texture": "#0" },
				"south": { "uv": [ 0, 7, 3, 15 ], "texture": "#0", "cullface": "south" },
				"west": { "uv": [ 13, 0, 16, 8 ], "texture": "#0", "cullface": "west" },
				"east": { "uv": [ 0, 6, 3, 14 ], "texture": "#0" }
			}
		},
		{
			"from": [ -0.0009999999, 13.025, 5.009 ],
			"to": [ 3.005, 16.031, 8.014999 ],
			"faces": {
				"down": { "uv": [ 1, 12, 4, 15 ], "texture": "#0" },
				"up": { "uv": [ 5, 0, 8, 3 ], "texture": "#0", "cullface": "up" },
				"north": { "uv": [ 5, 12, 8, 15 ], "texture": "#0" },
				"south": { "uv": [ 12, 1, 15, 4 ], "texture": "#0" },
				"west": { "uv": [ 5, 0, 8, 3 ], "texture": "#0", "cullface": "west" },
				"east": { "uv": [ 9, 0, 12, 3 ], "texture": "#0" }
			}
		},
		{
			"from": [ -0.0009999999, 13.025, 9.017 ],
			"to": [ 3.005, 16.031, 12.023 ],
			"faces": {
				"down": { "uv": [ 10, 1, 13, 4 ], "texture": "#0" },
				"up": { "uv": [ 1, 13, 4, 16 ], "texture": "#0", "cullface": "up" },
				"north": { "uv": [ 1, 1, 4, 4 ], "texture": "#0" },
				"south": { "uv": [ 1, 11, 4, 14 ], "texture": "#0" },
				"west": { "uv": [ 9, 0, 12, 3 ], "texture": "#0", "cullface": "west" },
				"east": { "uv": [ 5, 0, 8, 3 ], "texture": "#0" }
			}
		},
		{
			"from": [ -0.0009999999, 12.023, 10.019 ],
			"to": [ 3.005, 13.025, 12.023 ],
			"faces": {
				"down": { "uv": [ 9, 1, 12, 3 ], "texture": "#0" },
				"north": { "uv": [ 9, 1, 12, 2 ], "texture": "#0" },
				"south": { "uv": [ 5, 1, 8, 2 ], "texture": "#0" },
				"west": { "uv": [ 10, 3, 12, 4 ], "texture": "#0", "cullface": "west" },
				"east": { "uv": [ 4, 3, 6, 4 ], "texture": "#0" }
			}
		},
		{
			"from": [ -0.0009999999, 10.019, 11.021 ],
			"to": [ 3.005, 12.023, 12.023 ],
			"faces": {
				"down": { "uv": [ 5, 1, 8, 2 ], "texture": "#0" },
				"north": { "uv": [ 5, 13, 8, 15 ], "texture": "#0" },
				"south": { "uv": [ 1, 2, 4, 4 ], "texture": "#0" },
				"west": { "uv": [ 11, 4, 12, 6 ], "texture": "#0", "cullface": "west" },
				"east": { "uv": [ 4, 4, 5, 6 ], "texture": "#0" }
			}
		},
		{
			"from": [ -0.0009999999, 6.011, 12.023 ],
			"to": [ 3.005, 10.019, 13.025 ],
			"faces": {
				"down": { "uv": [ 5, 11, 8, 12 ], "texture": "#0" },
				"up": { "uv": [ 1, 1, 4, 2 ], "texture": "#0" },
				"north": { "uv": [ 12, 6, 15, 10 ], "texture": "#0" },
				"west": { "uv": [ 12, 6, 13, 10 ], "texture": "#0", "cullface": "west" },
				"east": { "uv": [ 3, 6, 4, 10 ], "texture": "#0" }
			}
		},
		{
			"from": [ -0.0009999999, 12.023, 5.009 ],
			"to": [ 3.005, 13.025, 6.011 ],
			"faces": {
				"down": { "uv": [ 1, 12, 4, 14 ], "texture": "#0" },
				"north": { "uv": [ 1, 2, 4, 3 ], "texture": "#0" },
				"south": { "uv": [ 8, 1, 11, 2 ], "texture": "#0" },
				"west": { "uv": [ 5, 3, 6, 4 ], "texture": "#0", "cullface": "west" },
				"east": { "uv": [ 11, 4, 12, 5 ], "texture": "#0" }
			}
		},
		{
			"from": [ -0.0009999999, 10.019, 4.007 ],
			"to": [ 3.005, 12.023, 5.009 ],
			"faces": {
				"down": { "uv": [ 5, 13, 8, 14 ], "texture": "#0" },
				"up": { "uv": [ 6, 1, 9, 2 ], "texture": "#0" },
				"south": { "uv": [ 1, 3, 4, 5 ], "texture": "#0" },
				"west": { "uv": [ 4, 4, 5, 6 ], "texture": "#0", "cullface": "west" },
				"east": { "uv": [ 11, 4, 12, 6 ], "texture": "#0" }
			}
		},
		{
			"from": [ -0.0009999999, 5.009, 4.007 ],
			"to": [ 3.005, 6.011, 5.009 ],
			"faces": {
				"down": { "uv": [ 5, 11, 8, 12 ], "texture": "#0" },
				"up": { "uv": [ 1, 2, 4, 3 ], "texture": "#0" },
				"west": { "uv": [ 4, 10, 5, 11 ], "texture": "#0", "cullface": "west" },
				"east": { "uv": [ 2, 3, 3, 4 ], "texture": "#0" }
			}
		},
		{
			"from": [ -0.0009999999, 5.009, 8.014999 ],
			"to": [ 3.005, 6.011, 9.016999 ],
			"faces": {
				"down": { "uv": [ 5, 11, 8, 12 ], "texture": "#0" },
				"up": { "uv": [ 1, 14, 4, 15 ], "texture": "#0" },
				"west": { "uv": [ 8, 10, 9, 11 ], "texture": "#0", "cullface": "west" },
				"east": { "uv": [ 1, 0, 2, 1 ], "texture": "#0" }
			}
		},
		{
			"from": [ 1.001, -0.0009999999, 4.007 ],
			"to": [ 2.003, 5.009, 5.009 ],
			"faces": {
				"west": { "uv": [ 4, 11, 5, 16 ], "texture": "#0", "cullface": "west" },
				"east": { "uv": [ 4, 11, 5, 16 ], "texture": "#0" }
			}
		},
		{
			"from": [ 1.001, -0.0009999999, 8.014999 ],
			"to": [ 2.003, 5.009, 9.016999 ],
			"faces": {
				"west": { "uv": [ 8, 11, 9, 16 ], "texture": "#0", "cullface": "west" },
				"east": { "uv": [ 8, 11, 9, 16 ], "texture": "#0" }
			}
		},
		{
			"from": [ 1.001, -0.0009999999, 12.023 ],
			"to": [ 2.003, 6.011, 13.025 ],
			"faces": {
				"west": { "uv": [ 8, 10, 9, 16 ], "texture": "#0", "cullface": "west" },
				"east": { "uv": [ 4, 10, 5, 16 ], "texture": "#0" }
			}
		},
		{
			"from": [ 1.001, 10.019, 12.023 ],
			"to": [ 2.003, 16.031, 13.025 ],
			"faces": {
				"up": { "uv": [ 0, 0, 1, 1 ], "texture": "#0", "cullface": "up" },
				"west": { "uv": [ 12, 0, 13, 6 ], "texture": "#0", "cullface": "west" },
				"east": { "uv": [ 12, 0, 13, 6 ], "texture": "#0" }
			}
		},
		{
			"from": [ 1.001, 13.025, 8.014999 ],
			"to": [ 2.003, 16.031, 9.016999 ],
			"faces": {
				"down": { "uv": [ 8, 2, 9, 3 ], "texture": "#0" },
				"up": { "uv": [ 4, 0, 5, 1 ], "texture": "#0", "cullface": "up" },
				"west": { "uv": [ 8, 0, 9, 3 ], "texture": "#0", "cullface": "west" },
				"east": { "uv": [ 8, 0, 9, 3 ], "texture": "#0" }
			}
		},
		{
			"from": [ 1.001, 12.023, 4.007 ],
			"to": [ 2.003, 16.031, 5.009 ],
			"faces": {
				"up": { "uv": [ 4, 0, 5, 1 ], "texture": "#0", "cullface": "up" },
				"west": { "uv": [ 4, 0, 5, 4 ], "texture": "#0", "cullface": "west" },
				"east": { "uv": [ 5, 4, 4, 0 ], "texture": "#0", "rotation": 180 }
			}
		},
		{
			"from": [ 1.001, -0.0009999999, -0.502 ],
			"to": [ 2.003, 1.001, -0.0009999871 ],
			"faces": {
				"down": { "uv": [ 0, 15, 1, 16 ], "texture": "#0", "cullface": "north" },
				"up": { "uv": [ 0, 15, 1, 16 ], "texture": "#0", "cullface": "north" },
				"north": { "uv": [ 0, 15, 1, 16 ], "texture": "#0", "cullface": "north" },
				"west": { "uv": [ 0, 15, 1, 16 ], "texture": "#0", "cullface": "north" },
				"east": { "uv": [ 0, 15, 1, 16 ], "texture": "#0", "cullface": "north" }
			}
		},
		{
			"from": [ 1.001, 10.019, -0.502 ],
			"to": [ 2.003, 12.023, -0.0009999871 ],
			"faces": {
				"down": { "uv": [ 0, 5, 1, 6 ], "texture": "#0" },
				"up": { "uv": [ 0, 15, 1, 16 ], "texture": "#0" },
				"north": { "uv": [ 0, 4, 1, 6 ], "texture": "#0" },
				"west": { "uv": [ 0, 4, 0.5, 6 ], "texture": "#0" },
				"east": { "uv": [ 0, 4, 0.5, 6 ], "texture": "#0" }
			}
		},
		{
			"from": [ -1.003, -0.0009999999, 11.021 ],
			"to": [ -0.001000047, 1.001, 12.023 ],
			"faces": {
				"down": { "uv": [ 11, 15, 12, 16 ], "texture": "#0", "cullface": "south" },
				"up": { "uv": [ 11, 15, 12, 16 ], "texture": "#0", "cullface": "west" },
				"north": { "uv": [ 11, 15, 12, 16 ], "texture": "#0", "cullface": "west" },
				"south": { "uv": [ 11, 15, 12, 16 ], "texture": "#0", "cullface": "west" },
				"west": { "uv": [ 11, 15, 12, 16 ], "texture": "#0", "cullface": "west" }
			}
		},
		{
			"from": [ -1.003, 1.001, 11.021 ],
			"to": [ -0.001000047, 2.003, 14.027 ],
			"faces": {
				"down": { "uv": [ 11, 14, 14, 15 ], "texture": "#0", "cullface": "south", "rotation": 270 },
				"up": { "uv": [ 11, 14, 14, 15 ], "texture": "#0", "cullface": "west", "rotation": 90 },
				"north": { "uv": [ 11, 14, 12, 15 ], "texture": "#0", "cullface": "west" },
				"south": { "uv": [ 13, 14, 14, 15 ], "texture": "#0", "cullface": "west" },
				"west": { "uv": [ 11, 14, 14, 15 ], "texture": "#0", "cullface": "west" },
				"east": { "uv": [ 11, 14, 14, 15 ], "texture": "#0", "cullface": "west" }
			}
		},
		{
			"from": [ 3.005, 1.001, 11.021 ],
			"to": [ 4.007, 2.003, 14.027 ],
			"faces": {
				"down": { "uv": [ 11, 14, 14, 15 ], "texture": "#0", "rotation": 90 },
				"up": { "uv": [ 11, 14, 14, 15 ], "texture": "#0", "rotation": 270 },
				"north": { "uv": [ 12, 14, 13, 15 ], "texture": "#0" },
				"south": { "uv": [ 11, 14, 12, 15 ], "texture": "#0" },
				"west": { "uv": [ 11, 14, 14, 15 ], "texture": "#0" },
				"east": { "uv": [ 11, 14, 14, 15 ], "texture": "#0" }
			}
		},
		{
			"from": [ 3.005, -0.0009999999, 11.021 ],
			"to": [ 4.007, 1.001, 12.023 ],
			"faces": {
				"down": { "uv": [ 12, 15, 11, 16 ], "texture": "#0" },
				"up": { "uv": [ 12, 15, 11, 16 ], "texture": "#0" },
				"north": { "uv": [ 12, 15, 11, 16 ], "texture": "#0" },
				"south": { "uv": [ 12, 15, 11, 16 ], "texture": "#0" },
				"east": { "uv": [ 12, 15, 11, 16 ], "texture": "#0" }
			}
		}
	]
}