{
	"__comment": "Designed by CreatorLabs with Cubik Studio - https://cubik.studio",
	"textures": {
		"0": "blocks/door_jungle_lower",
		"particle": "blocks/door_jungle_lower"
	},
	"elements": [ 	 
		{
			"from": [ -0.0009999999, -0.017, 12.005 ],
			"to": [ 3.005, 3.991, 16.013 ],
			"faces": {
				"down": { "uv": [ 9, 13, 12, 9 ], "texture": "#0", "cullface": "down" },
				"north": { "uv": [ 12, 0, 9, 4 ], "texture": "#0" },
				"south": { "uv": [ 4, 12, 1, 16 ], "texture": "#0", "cullface": "south" },
				"west": { "uv": [ 4, 12, 0, 16 ], "texture": "#0", "cullface": "west" },
				"east": { "uv": [ 4, 12, 0, 16 ], "texture": "#0" }
			}
		},
		{
			"from": [ -0.0009999999, -0.017, 3.989 ],
			"to": [ 3.005, 7.999, 6.995 ],
			"faces": {
				"down": { "uv": [ 1, 5, 4, 2 ], "texture": "#0", "cullface": "down" },
				"up": { "uv": [ 9, 8, 12, 5 ], "texture": "#0" },
				"north": { "uv": [ 4, 0, 1, 8 ], "texture": "#0" },
				"south": { "uv": [ 12, 5, 9, 13 ], "texture": "#0" },
				"west": { "uv": [ 12, 8, 9, 16 ], "texture": "#0", "cullface": "west" },
				"east": { "uv": [ 12, 8, 9, 16 ], "texture": "#0" }
			}
		},
		{
			"from": [ -0.0009999999, -0.017, 8.999 ],
			"to": [ 3.005, 6.997, 11.003 ],
			"faces": {
				"down": { "uv": [ 9, 9, 12, 7 ], "texture": "#0", "cullface": "down" },
				"up": { "uv": [ 2, 6, 5, 4 ], "texture": "#0" },
				"north": { "uv": [ 12, 4, 9, 11 ], "texture": "#0" },
				"south": { "uv": [ 12, 4, 9, 15 ], "texture": "#0" },
				"west": { "uv": [ 7, 9, 5, 16 ], "texture": "#0", "cullface": "west" },
				"east": { "uv": [ 11, 9, 9, 16 ], "texture": "#0" }
			}
		},
		{
			"from": [ -0.0009999999, 10.003, 12.005 ],
			"to": [ 3.005, 16.015, 16.013 ],
			"faces": {
				"down": { "uv": [ 1, 8, 4, 4 ], "texture": "#0" },
				"north": { "uv": [ 4, 7, 1, 15 ], "texture": "#0" },
				"south": { "uv": [ 4, 0, 1, 6 ], "texture": "#0", "cullface": "south" },
				"west": { "uv": [ 4, 1, 0, 7 ], "texture": "#0", "cullface": "west" },
				"east": { "uv": [ 4, 1, 0, 7 ], "texture": "#0" }
			}
		},
		{
			"from": [ -0.0009999999, -0.017, -0.019 ],
			"to": [ 3.005, 7.999, 2.987 ],
			"faces": {
				"down": { "uv": [ 9, 8, 12, 5 ], "texture": "#0", "cullface": "down" },
				"north": { "uv": [ 4, 8, 1, 16 ], "texture": "#0", "cullface": "north" },
				"south": { "uv": [ 12, 4, 9, 12 ], "texture": "#0" },
				"west": { "uv": [ 16, 8, 13, 16 ], "texture": "#0", "cullface": "west" },
				"east": { "uv": [ 15, 8, 12, 16 ], "texture": "#0" }
			}
		},
		{
			"from": [ -0.0009999999, 7.999, -0.019 ],
			"to": [ 3.005, 16.015, 2.987 ],
			"faces": {
				"north": { "uv": [ 12, 0, 9, 8 ], "texture": "#0", "cullface": "north" },
				"south": { "uv": [ 4, 2, 1, 10 ], "texture": "#0" },
				"west": { "uv": [ 16, 0, 13, 8 ], "texture": "#0", "cullface": "west" },
				"east": { "uv": [ 15, 0, 12, 8 ], "texture": "#0" }
			}
		},
		{
			"from": [ -0.0009999999, 7.999, 8.999 ],
			"to": [ 3.005, 16.015, 11.003 ],
			"faces": {
				"down": { "uv": [ 9, 9, 12, 7 ], "texture": "#0" },
				"north": { "uv": [ 4, 0, 1, 8 ], "texture": "#0" },
				"south": { "uv": [ 4, 3, 1, 11 ], "texture": "#0" },
				"west": { "uv": [ 7, 0, 5, 8 ], "texture": "#0", "cullface": "west" },
				"east": { "uv": [ 11, 0, 9, 8 ], "texture": "#0" }
			}
		},
		{
			"from": [ -0.0009999999, 3.991, 12.005 ],
			"to": [ 3.005, 9.000999, 16.013 ],
			"faces": {
				"up": { "uv": [ 1, 15, 4, 11 ], "texture": "#0" },
				"north": { "uv": [ 12, 0, 9, 5 ], "texture": "#0" },
				"south": { "uv": [ 4, 1, 1, 6 ], "texture": "#0", "cullface": "south" },
				"west": { "uv": [ 4, 2, 0, 7 ], "texture": "#0", "cullface": "west" },
				"east": { "uv": [ 4, 1, 0, 6 ], "texture": "#0" }
			}
		},
		{
			"from": [ -0.0009999999, 9.000999, 3.989 ],
			"to": [ 3.005, 16.015, 6.995 ],
			"faces": {
				"down": { "uv": [ 9, 8, 12, 5 ], "texture": "#0" },
				"north": { "uv": [ 12, 2, 9, 9 ], "texture": "#0" },
				"south": { "uv": [ 12, 1, 9, 8 ], "texture": "#0" },
				"west": { "uv": [ 12, 0, 9, 7 ], "texture": "#0", "cullface": "west" },
				"east": { "uv": [ 12, 0, 9, 7 ], "texture": "#0" }
			}
		},
		{
			"from": [ -0.0009999999, -0.017, 6.995 ],
			"to": [ 3.005, 2.989, 8.999 ],
			"faces": {
				"down": { "uv": [ 9, 13, 12, 11 ], "texture": "#0", "cullface": "down" },
				"up": { "uv": [ 1, 5, 4, 3 ], "texture": "#0" },
				"west": { "uv": [ 9, 13, 7, 16 ], "texture": "#0", "cullface": "west" },
				"east": { "uv": [ 9, 13, 7, 16 ], "texture": "#0" }
			}
		},
		{
			"from": [ -0.0009999999, 14.011, 6.995 ],
			"to": [ 3.005, 15.013, 8.999 ],
			"faces": {
				"down": { "uv": [ 1, 5, 4, 3 ], "texture": "#0" },
				"up": { "uv": [ 1, 6, 4, 4 ], "texture": "#0" },
				"west": { "uv": [ 9, 1, 7, 2 ], "texture": "#0", "cullface": "west" },
				"east": { "uv": [ 9, 1, 7, 2 ], "texture": "#0" }
			}
		},
		{
			"from": [ 1.001, 9.000999, 12.005 ],
			"to": [ 2.003, 10.003, 15.011 ],
			"faces": {
				"west": { "uv": [ 4, 7, 1, 8 ], "texture": "#0", "cullface": "west" },
				"east": { "uv": [ 4, 7, 1, 8 ], "texture": "#0" }
			}
		},
		{
			"from": [ -0.0009999999, 9.000999, 15.011 ],
			"to": [ 3.005, 10.003, 16.013 ],
			"faces": {
				"north": { "uv": [ 4, 1, 1, 2 ], "texture": "#0" },
				"south": { "uv": [ 4, 4, 1, 5 ], "texture": "#0", "cullface": "south" },
				"west": { "uv": [ 1, 6, 0, 7 ], "texture": "#0", "cullface": "west" },
				"east": { "uv": [ 1, 5, 0, 6 ], "texture": "#0" }
			}
		},
		{
			"from": [ 1.001, -0.017, 11.003 ],
			"to": [ 2.003, 16.015, 12.005 ],
			"faces": {
				"down": { "uv": [ 2, 1, 3, 0 ], "texture": "#0", "cullface": "down" },
				"west": { "uv": [ 5, 0, 4, 16 ], "texture": "#0", "cullface": "west" },
				"east": { "uv": [ 5, 0, 4, 16 ], "texture": "#0" }
			}
		},
		{
			"from": [ 1.001, -0.017, 2.987 ],
			"to": [ 2.003, 16.015, 3.989 ],
			"faces": {
				"down": { "uv": [ 2, 1, 3, 0 ], "texture": "#0", "cullface": "down" },
				"west": { "uv": [ 13, 0, 12, 16 ], "texture": "#0", "cullface": "west" },
				"east": { "uv": [ 13, 0, 12, 16 ], "texture": "#0" }
			}
		},
		{
			"from": [ 1.001, 6.997, 8.999 ],
			"to": [ 2.003, 7.999, 11.003 ],
			"faces": {
				"north": { "uv": [ 3, 0, 2, 1 ], "texture": "#0" },
				"west": { "uv": [ 7, 8, 5, 9 ], "texture": "#0", "cullface": "west" },
				"east": { "uv": [ 7, 8, 5, 9 ], "texture": "#0" }
			}
		},
		{
			"from": [ 1.001, 7.999, 3.989 ],
			"to": [ 2.003, 9.000999, 6.995 ],
			"faces": {
				"south": { "uv": [ 12, 5, 11, 6 ], "texture": "#0" },
				"west": { "uv": [ 12, 7, 9, 8 ], "texture": "#0", "cullface": "west" },
				"east": { "uv": [ 12, 7, 9, 8 ], "texture": "#0" }
			}
		},
		{
			"from": [ 1.001, 3.991, 16.013 ],
			"to": [ 2.003, 5.995, 16.514 ],
			"faces": {
				"down": { "uv": [ 0, 11.5, 1, 11 ], "texture": "#0", "cullface": "south" },
				"up": { "uv": [ 0, 10.5, 1, 10 ], "texture": "#0", "cullface": "north" },
				"south": { "uv": [ 1, 10, 0, 12 ], "texture": "#0", "cullface": "south" },
				"west": { "uv": [ 0.5, 10, 0, 12 ], "texture": "#0", "cullface": "south" },
				"east": { "uv": [ 0.5, 10, 0, 12 ], "texture": "#0", "cullface": "south" }
			}
		},
		{
			"from": [ 1.001, 15.013, 16.013 ],
			"to": [ 2.003, 16.015, 16.514 ],
			"faces": {
				"down": { "uv": [ 0, 1, 0.5, 0 ], "texture": "#0", "cullface": "south" },
				"up": { "uv": [ 0, 1, 0.5, 0 ], "texture": "#0", "cullface": "north" },
				"south": { "uv": [ 0.5, 0, 0, 1 ], "texture": "#0", "cullface": "south" },
				"west": { "uv": [ 0.5, 0, 0, 1 ], "texture": "#0", "cullface": "south" },
				"east": { "uv": [ 0.5, 0, 0, 1 ], "texture": "#0", "cullface": "south" }
			}
		},
		{
			"from": [ -0.0009999999, 15.013, 7.997 ],
			"to": [ 3.005, 16.015, 8.999 ],
			"faces": {
				"down": { "uv": [ 1, 5, 4, 3 ], "texture": "#0" },
				"north": { "uv": [ 4, 1, 1, 2 ], "texture": "#0" },
				"west": { "uv": [ 2, 0, 1, 1 ], "texture": "#0", "cullface": "west" },
				"east": { "uv": [ 8, 0, 7, 1 ], "texture": "#0" }
			}
		},
		{
			"from": [ 1.001, 15.013, 6.995 ],
			"to": [ 2.003, 16.015, 7.997 ],
			"faces": {
				"down": { "uv": [ 8, 1, 9, 0 ], "texture": "#0" },
				"west": { "uv": [ 9, 0, 8, 1 ], "texture": "#0", "cullface": "west" },
				"east": { "uv": [ 9, 0, 8, 1 ], "texture": "#0" }
			}
		}
	]
}