{
	"credit": "Made with Blockbench, a free, modern block model editor by JannisX11",
	"ambientocclusion": false,
	"textures": {
		"0": "3d_transportation/3d_rail_iron_dark",
		"1": "3d_transportation/3d_rail_wood",
		"base": "blocks/cobblestone",
		"particle": "blocks/cobblestone"
	},
	"elements": [
		{
			"name": "cube",
			"from": [5, 0, 4],
			"to": [11, 3, 12],
			"faces": {
				"north": {"uv": [5, 0, 11, 3], "texture": "#base"},
				"east": {"uv": [4, 0, 12, 3], "texture": "#base"},
				"south": {"uv": [5, 0, 11, 3], "texture": "#base"},
				"west": {"uv": [4, 0, 12, 3], "texture": "#base"},
				"up": {"uv": [5, 4, 11, 12], "texture": "#base"},
				"down": {"uv": [5, 4, 11, 12], "texture": "#base"}
			},
			"type": "cube"
		},
		{
			"name": "cube",
			"from": [7, 1, 7],
			"to": [9, 11, 9],
			"faces": {
				"north": {"uv": [7, 6, 9, 16], "texture": "#1"},
				"east": {"uv": [7, 6, 9, 16], "texture": "#1"},
				"south": {"uv": [7, 6, 9, 16], "texture": "#1"},
				"west": {"uv": [7, 6, 9, 16], "texture": "#1"},
				"up": {"uv": [7, 6, 9, 8], "texture": "#1"},
				"down": {"uv": [7, 6, 9, 8], "texture": "#1"}
			},
			"rotation": {
				"origin": [8, 1, 8],
				"axis": "x",
				"angle": -45
			},
			"type": "cube"
		},
		{
			"name": "cube",
			"from": [6.75, 6, 3.25],
			"to": [9.25, 8.5, 5.75],
			"faces": {
				"north": {"uv": [0, 0, 2.5, 2.5], "texture": "#0"},
				"east": {"uv": [0, 0, 2.5, 2.5], "texture": "#0"},
				"south": {"uv": [0, 0, 2.5, 2.5], "texture": "#0"},
				"west": {"uv": [0, 0, 2.5, 2.5], "texture": "#0"},
				"up": {"uv": [0, 0, 2.5, 2.5], "texture": "#0"},
				"down": {"uv": [0, 0, 2.5, 2.5], "texture": "#0"}
			},
			"rotation": {
				"origin": [7.75, 11, 3.25],
				"axis": "x",
				"angle": 45
			},
			"type": "cube"
		},
		{
			"name": "cube",
			"from": [6, 3, 7],
			"to": [7, 3.25, 8],
			"faces": {
				"north": {"uv": [6, 7, 7, 8], "texture": "#base"},
				"east": {"uv": [6, 7, 7, 8], "texture": "#base"},
				"south": {"uv": [6, 7, 7, 8], "texture": "#base"},
				"west": {"uv": [6, 7, 7, 8], "texture": "#base"},
				"up": {"uv": [6, 7, 7, 8], "texture": "#base"}
			},
			"type": "cube"
		},
		{
			"name": "cube",
			"from": [9, 3, 6],
			"to": [10, 3.25, 7],
			"faces": {
				"north": {"uv": [9, 6, 10, 7], "texture": "#base"},
				"east": {"uv": [9, 6, 10, 7], "texture": "#base"},
				"south": {"uv": [9, 6, 10, 7], "texture": "#base"},
				"west": {"uv": [9, 6, 10, 7], "texture": "#base"},
				"up": {"uv": [9, 6, 10, 7], "texture": "#base"}
			},
			"type": "cube"
		},
		{
			"name": "cube",
			"from": [9, 3, 10],
			"to": [10, 3.25, 11],
			"faces": {
				"north": {
					"uv": [9, 10, 10, 11],
					"texture": "#base"
				},
				"east": {"uv": [9, 10, 10, 11], "texture": "#base"},
				"south": {
					"uv": [9, 10, 10, 11],
					"texture": "#base"
				},
				"west": {"uv": [9, 10, 10, 11], "texture": "#base"},
				"up": {"uv": [9, 10, 10, 11], "texture": "#base"}
			},
			"type": "cube"
		},
		{
			"name": "cube",
			"from": [7, 3, 5],
			"to": [8, 3.25, 6],
			"faces": {
				"north": {"uv": [7, 5, 8, 6], "texture": "#base"},
				"east": {"uv": [7, 5, 8, 6], "texture": "#base"},
				"south": {"uv": [7, 5, 8, 6], "texture": "#base"},
				"west": {"uv": [7, 5, 8, 6], "texture": "#base"},
				"up": {"uv": [7, 5, 8, 6], "texture": "#base"}
			},
			"type": "cube"
		},
		{
			"name": "cube",
			"from": [7, 3, 7],
			"to": [8, 3.25, 8],
			"faces": {
				"north": {"uv": [7, 7, 8, 8], "texture": "#base"},
				"east": {"uv": [7, 7, 8, 8], "texture": "#base"},
				"south": {"uv": [7, 7, 8, 8], "texture": "#base"},
				"west": {"uv": [7, 7, 8, 8], "texture": "#base"},
				"up": {"uv": [7, 7, 8, 8], "texture": "#base"}
			},
			"type": "cube"
		},
		{
			"name": "cube",
			"from": [10, 3, 8],
			"to": [11, 3.25, 9],
			"faces": {
				"north": {"uv": [10, 8, 11, 9], "texture": "#base"},
				"east": {"uv": [10, 8, 11, 9], "texture": "#base"},
				"south": {"uv": [10, 8, 11, 9], "texture": "#base"},
				"west": {"uv": [10, 8, 11, 9], "texture": "#base"},
				"up": {"uv": [10, 8, 11, 9], "texture": "#base"}
			},
			"type": "cube"
		},
		{
			"name": "cube",
			"from": [5, 3, 10],
			"to": [6, 3.25, 11],
			"faces": {
				"north": {"uv": [5, 10, 6, 11], "texture": "#base"},
				"east": {"uv": [5, 10, 6, 11], "texture": "#base"},
				"south": {"uv": [5, 10, 6, 11], "texture": "#base"},
				"west": {"uv": [5, 10, 6, 11], "texture": "#base"},
				"up": {"uv": [5, 10, 6, 11], "texture": "#base"}
			},
			"type": "cube"
		},
		{
			"name": "cube",
			"from": [6, 3, 4],
			"to": [7, 3.25, 5],
			"faces": {
				"north": {"uv": [6, 4, 7, 5], "texture": "#base"},
				"east": {"uv": [6, 4, 7, 5], "texture": "#base"},
				"south": {"uv": [6, 4, 7, 5], "texture": "#base"},
				"west": {"uv": [6, 4, 7, 5], "texture": "#base"},
				"up": {"uv": [6, 4, 7, 5], "texture": "#base"}
			},
			"type": "cube"
		},
		{
			"name": "cube",
			"from": [9, 3, 4],
			"to": [10, 3.125, 5],
			"faces": {
				"north": {"uv": [9, 4, 10, 5], "texture": "#base"},
				"east": {"uv": [9, 4, 10, 5], "texture": "#base"},
				"south": {"uv": [9, 4, 10, 5], "texture": "#base"},
				"west": {"uv": [9, 4, 10, 5], "texture": "#base"},
				"up": {"uv": [9, 4, 10, 5], "texture": "#base"}
			},
			"type": "cube"
		},
		{
			"name": "cube",
			"from": [9, 3, 8],
			"to": [10, 3.125, 9],
			"faces": {
				"north": {"uv": [9, 8, 10, 9], "texture": "#base"},
				"east": {"uv": [9, 8, 10, 9], "texture": "#base"},
				"south": {"uv": [9, 8, 10, 9], "texture": "#base"},
				"west": {"uv": [9, 8, 10, 9], "texture": "#base"},
				"up": {"uv": [9, 8, 10, 9], "texture": "#base"}
			},
			"type": "cube"
		},
		{
			"name": "cube",
			"from": [6, 3, 9],
			"to": [7, 3.125, 10],
			"faces": {
				"north": {"uv": [6, 9, 7, 10], "texture": "#base"},
				"east": {"uv": [6, 9, 7, 10], "texture": "#base"},
				"south": {"uv": [6, 9, 7, 10], "texture": "#base"},
				"west": {"uv": [6, 9, 7, 10], "texture": "#base"},
				"up": {"uv": [6, 9, 7, 10], "texture": "#base"}
			},
			"type": "cube"
		},
		{
			"name": "cube",
			"from": [6, 3, 5],
			"to": [7, 3.125, 6],
			"faces": {
				"north": {"uv": [6, 5, 7, 6], "texture": "#base"},
				"east": {"uv": [6, 5, 7, 6], "texture": "#base"},
				"south": {"uv": [6, 5, 7, 6], "texture": "#base"},
				"west": {"uv": [6, 5, 7, 6], "texture": "#base"},
				"up": {"uv": [6, 5, 7, 6], "texture": "#base"}
			},
			"type": "cube"
		},
		{
			"name": "cube",
			"from": [5, 3, 6],
			"to": [6, 3.125, 7],
			"faces": {
				"north": {"uv": [5, 6, 6, 7], "texture": "#base"},
				"east": {"uv": [5, 6, 6, 7], "texture": "#base"},
				"south": {"uv": [5, 6, 6, 7], "texture": "#base"},
				"west": {"uv": [5, 6, 6, 7], "texture": "#base"},
				"up": {"uv": [5, 6, 6, 7], "texture": "#base"}
			},
			"type": "cube"
		},
		{
			"name": "cube",
			"from": [4.75, 0, 5],
			"to": [5, 1, 6],
			"faces": {
				"north": {"uv": [5, 15, 6, 16], "texture": "#base"},
				"south": {"uv": [5, 15, 6, 16], "texture": "#base"},
				"west": {"uv": [5, 15, 6, 16], "texture": "#base"},
				"up": {"uv": [5, 15, 6, 16], "texture": "#base"},
				"down": {"uv": [5, 15, 6, 16], "texture": "#base"}
			},
			"type": "cube"
		},
		{
			"name": "cube",
			"from": [4.75, 1, 8],
			"to": [5, 2, 9],
			"faces": {
				"north": {"uv": [8, 14, 9, 15], "texture": "#base"},
				"south": {"uv": [8, 14, 9, 15], "texture": "#base"},
				"west": {"uv": [8, 14, 9, 15], "texture": "#base"},
				"up": {"uv": [8, 14, 9, 15], "texture": "#base"},
				"down": {"uv": [8, 14, 9, 15], "texture": "#base"}
			},
			"type": "cube"
		},
		{
			"name": "cube",
			"from": [4.75, 0, 11],
			"to": [5, 1, 12],
			"faces": {
				"north": {
					"uv": [11, 15, 12, 16],
					"texture": "#base"
				},
				"south": {
					"uv": [11, 15, 12, 16],
					"texture": "#base"
				},
				"west": {
					"uv": [11, 15, 12, 16],
					"texture": "#base"
				},
				"up": {"uv": [11, 15, 12, 16], "texture": "#base"},
				"down": {"uv": [11, 15, 12, 16], "texture": "#base"}
			},
			"type": "cube"
		},
		{
			"name": "cube",
			"from": [4.75, 2, 6],
			"to": [5, 3, 7],
			"faces": {
				"north": {"uv": [6, 13, 7, 14], "texture": "#base"},
				"south": {"uv": [6, 13, 7, 14], "texture": "#base"},
				"west": {"uv": [6, 13, 7, 14], "texture": "#base"},
				"up": {"uv": [6, 13, 7, 14], "texture": "#base"},
				"down": {"uv": [6, 13, 7, 14], "texture": "#base"}
			},
			"type": "cube"
		},
		{
			"name": "cube",
			"from": [4.75, 0, 7],
			"to": [5, 1, 8],
			"faces": {
				"north": {"uv": [7, 15, 8, 16], "texture": "#base"},
				"south": {"uv": [7, 15, 8, 16], "texture": "#base"},
				"west": {"uv": [7, 15, 8, 16], "texture": "#base"},
				"up": {"uv": [7, 15, 8, 16], "texture": "#base"},
				"down": {"uv": [7, 15, 8, 16], "texture": "#base"}
			},
			"type": "cube"
		},
		{
			"name": "cube",
			"from": [4.875, 0, 9],
			"to": [5, 1, 10],
			"faces": {
				"north": {
					"uv": [9, 15, 10, 16],
					"texture": "#base"
				},
				"south": {
					"uv": [9, 15, 10, 16],
					"texture": "#base"
				},
				"west": {"uv": [9, 15, 10, 16], "texture": "#base"},
				"up": {"uv": [9, 15, 10, 16], "texture": "#base"},
				"down": {"uv": [9, 15, 10, 16], "texture": "#base"}
			},
			"type": "cube"
		},
		{
			"name": "cube",
			"from": [4.875, 1, 4],
			"to": [5, 2, 5],
			"faces": {
				"north": {"uv": [4, 14, 5, 15], "texture": "#base"},
				"south": {"uv": [4, 14, 5, 15], "texture": "#base"},
				"west": {"uv": [4, 14, 5, 15], "texture": "#base"},
				"up": {"uv": [4, 14, 5, 15], "texture": "#base"},
				"down": {"uv": [4, 14, 5, 15], "texture": "#base"}
			},
			"type": "cube"
		},
		{
			"name": "cube",
			"from": [4.875, 2, 10],
			"to": [5, 3, 11],
			"faces": {
				"north": {
					"uv": [10, 13, 11, 14],
					"texture": "#base"
				},
				"south": {
					"uv": [10, 13, 11, 14],
					"texture": "#base"
				},
				"west": {
					"uv": [10, 13, 11, 14],
					"texture": "#base"
				},
				"up": {"uv": [10, 13, 11, 14], "texture": "#base"},
				"down": {"uv": [10, 13, 11, 14], "texture": "#base"}
			},
			"type": "cube"
		},
		{
			"name": "cube",
			"from": [11, 0, 5],
			"to": [11.25, 1, 6],
			"faces": {
				"north": {"uv": [6, 15, 5, 16], "texture": "#base"},
				"east": {"uv": [6, 15, 5, 16], "texture": "#base"},
				"south": {"uv": [6, 15, 5, 16], "texture": "#base"},
				"up": {"uv": [6, 15, 5, 16], "texture": "#base"},
				"down": {"uv": [6, 15, 5, 16], "texture": "#base"}
			},
			"type": "cube"
		},
		{
			"name": "cube",
			"from": [11, 1, 8],
			"to": [11.25, 2, 9],
			"faces": {
				"north": {"uv": [9, 14, 8, 15], "texture": "#base"},
				"east": {"uv": [9, 14, 8, 15], "texture": "#base"},
				"south": {"uv": [9, 14, 8, 15], "texture": "#base"},
				"up": {"uv": [9, 14, 8, 15], "texture": "#base"},
				"down": {"uv": [9, 14, 8, 15], "texture": "#base"}
			},
			"type": "cube"
		},
		{
			"name": "cube",
			"from": [11, 0, 11],
			"to": [11.25, 1, 12],
			"faces": {
				"north": {
					"uv": [12, 15, 11, 16],
					"texture": "#base"
				},
				"east": {
					"uv": [12, 15, 11, 16],
					"texture": "#base"
				},
				"south": {
					"uv": [12, 15, 11, 16],
					"texture": "#base"
				},
				"up": {"uv": [12, 15, 11, 16], "texture": "#base"},
				"down": {"uv": [12, 15, 11, 16], "texture": "#base"}
			},
			"type": "cube"
		},
		{
			"name": "cube",
			"from": [11, 2, 6],
			"to": [11.25, 3, 7],
			"faces": {
				"north": {"uv": [7, 13, 6, 14], "texture": "#base"},
				"east": {"uv": [7, 13, 6, 14], "texture": "#base"},
				"south": {"uv": [7, 13, 6, 14], "texture": "#base"},
				"up": {"uv": [7, 13, 6, 14], "texture": "#base"},
				"down": {"uv": [7, 13, 6, 14], "texture": "#base"}
			},
			"type": "cube"
		},
		{
			"name": "cube",
			"from": [11, 0, 7],
			"to": [11.25, 1, 8],
			"faces": {
				"north": {"uv": [8, 15, 7, 16], "texture": "#base"},
				"east": {"uv": [8, 15, 7, 16], "texture": "#base"},
				"south": {"uv": [8, 15, 7, 16], "texture": "#base"},
				"up": {"uv": [8, 15, 7, 16], "texture": "#base"},
				"down": {"uv": [8, 15, 7, 16], "texture": "#base"}
			},
			"type": "cube"
		},
		{
			"name": "cube",
			"from": [11, 0, 9],
			"to": [11.125, 1, 10],
			"faces": {
				"north": {
					"uv": [10, 15, 9, 16],
					"texture": "#base"
				},
				"east": {"uv": [10, 15, 9, 16], "texture": "#base"},
				"south": {
					"uv": [10, 15, 9, 16],
					"texture": "#base"
				},
				"up": {"uv": [10, 15, 9, 16], "texture": "#base"},
				"down": {"uv": [10, 15, 9, 16], "texture": "#base"}
			},
			"type": "cube"
		},
		{
			"name": "cube",
			"from": [11, 1, 4],
			"to": [11.125, 2, 5],
			"faces": {
				"north": {"uv": [5, 14, 4, 15], "texture": "#base"},
				"east": {"uv": [5, 14, 4, 15], "texture": "#base"},
				"south": {"uv": [5, 14, 4, 15], "texture": "#base"},
				"up": {"uv": [5, 14, 4, 15], "texture": "#base"},
				"down": {"uv": [5, 14, 4, 15], "texture": "#base"}
			},
			"type": "cube"
		},
		{
			"name": "cube",
			"from": [11, 2, 10],
			"to": [11.125, 3, 11],
			"faces": {
				"north": {
					"uv": [11, 13, 10, 14],
					"texture": "#base"
				},
				"east": {
					"uv": [11, 13, 10, 14],
					"texture": "#base"
				},
				"south": {
					"uv": [11, 13, 10, 14],
					"texture": "#base"
				},
				"up": {"uv": [11, 13, 10, 14], "texture": "#base"},
				"down": {"uv": [11, 13, 10, 14], "texture": "#base"}
			},
			"type": "cube"
		},
		{
			"name": "cube",
			"from": [10, 0, 3.875],
			"to": [11, 1, 4],
			"faces": {
				"north": {"uv": [5, 15, 6, 16], "texture": "#base"},
				"east": {"uv": [5, 15, 6, 16], "texture": "#base"},
				"west": {"uv": [5, 15, 6, 16], "texture": "#base"},
				"up": {"uv": [5, 15, 6, 16], "texture": "#base"},
				"down": {"uv": [5, 15, 6, 16], "texture": "#base"}
			},
			"type": "cube"
		},
		{
			"name": "cube",
			"from": [6, 1, 3.75],
			"to": [7, 2, 4],
			"faces": {
				"north": {
					"uv": [9, 14, 10, 15],
					"texture": "#base"
				},
				"east": {"uv": [9, 14, 10, 15], "texture": "#base"},
				"west": {"uv": [9, 14, 10, 15], "texture": "#base"},
				"up": {"uv": [9, 14, 10, 15], "texture": "#base"},
				"down": {"uv": [9, 14, 10, 15], "texture": "#base"}
			},
			"type": "cube"
		},
		{
			"name": "cube",
			"from": [7, 2, 3.75],
			"to": [8, 3, 4],
			"faces": {
				"north": {"uv": [8, 13, 9, 14], "texture": "#base"},
				"east": {"uv": [8, 13, 9, 14], "texture": "#base"},
				"west": {"uv": [8, 13, 9, 14], "texture": "#base"},
				"up": {"uv": [8, 13, 9, 14], "texture": "#base"},
				"down": {"uv": [8, 13, 9, 14], "texture": "#base"}
			},
			"type": "cube"
		},
		{
			"name": "cube",
			"from": [7, 0, 3.875],
			"to": [8, 1, 4],
			"faces": {
				"north": {"uv": [8, 15, 9, 16], "texture": "#base"},
				"east": {"uv": [8, 15, 9, 16], "texture": "#base"},
				"west": {"uv": [8, 15, 9, 16], "texture": "#base"},
				"up": {"uv": [8, 15, 9, 16], "texture": "#base"},
				"down": {"uv": [8, 15, 9, 16], "texture": "#base"}
			},
			"type": "cube"
		},
		{
			"name": "cube",
			"from": [8, 1, 3.875],
			"to": [9, 2, 4],
			"faces": {
				"north": {"uv": [7, 14, 8, 15], "texture": "#base"},
				"east": {"uv": [7, 14, 8, 15], "texture": "#base"},
				"west": {"uv": [7, 14, 8, 15], "texture": "#base"},
				"up": {"uv": [7, 14, 8, 15], "texture": "#base"},
				"down": {"uv": [7, 14, 8, 15], "texture": "#base"}
			},
			"type": "cube"
		},
		{
			"name": "cube",
			"from": [9, 1, 3.75],
			"to": [10, 2, 4],
			"faces": {
				"north": {"uv": [6, 14, 7, 15], "texture": "#base"},
				"east": {"uv": [6, 14, 7, 15], "texture": "#base"},
				"west": {"uv": [6, 14, 7, 15], "texture": "#base"},
				"up": {"uv": [6, 14, 7, 15], "texture": "#base"},
				"down": {"uv": [6, 14, 7, 15], "texture": "#base"}
			},
			"type": "cube"
		},
		{
			"name": "cube",
			"from": [8, 0, 3.75],
			"to": [9, 1, 4],
			"faces": {
				"north": {"uv": [7, 15, 8, 16], "texture": "#base"},
				"east": {"uv": [7, 15, 8, 16], "texture": "#base"},
				"west": {"uv": [7, 15, 8, 16], "texture": "#base"},
				"up": {"uv": [7, 15, 8, 16], "texture": "#base"},
				"down": {"uv": [7, 15, 8, 16], "texture": "#base"}
			},
			"type": "cube"
		},
		{
			"name": "cube",
			"from": [10, 0, 12],
			"to": [11, 1, 12.125],
			"faces": {
				"east": {"uv": [6, 15, 5, 16], "texture": "#base"},
				"south": {"uv": [6, 15, 5, 16], "texture": "#base"},
				"west": {"uv": [6, 15, 5, 16], "texture": "#base"},
				"up": {"uv": [5, 16, 6, 15], "texture": "#base"},
				"down": {"uv": [5, 16, 6, 15], "texture": "#base"}
			},
			"type": "cube"
		},
		{
			"name": "cube",
			"from": [6, 1, 12],
			"to": [7, 2, 12.25],
			"faces": {
				"east": {"uv": [10, 14, 9, 15], "texture": "#base"},
				"south": {
					"uv": [10, 14, 9, 15],
					"texture": "#base"
				},
				"west": {"uv": [10, 14, 9, 15], "texture": "#base"},
				"up": {"uv": [9, 15, 10, 14], "texture": "#base"},
				"down": {"uv": [9, 15, 10, 14], "texture": "#base"}
			},
			"type": "cube"
		},
		{
			"name": "cube",
			"from": [7, 2, 12],
			"to": [8, 3, 12.25],
			"faces": {
				"east": {"uv": [9, 13, 8, 14], "texture": "#base"},
				"south": {"uv": [9, 13, 8, 14], "texture": "#base"},
				"west": {"uv": [9, 13, 8, 14], "texture": "#base"},
				"up": {"uv": [8, 14, 9, 13], "texture": "#base"},
				"down": {"uv": [8, 14, 9, 13], "texture": "#base"}
			},
			"type": "cube"
		},
		{
			"name": "cube",
			"from": [7, 0, 12],
			"to": [8, 1, 12.125],
			"faces": {
				"east": {"uv": [9, 15, 8, 16], "texture": "#base"},
				"south": {"uv": [9, 15, 8, 16], "texture": "#base"},
				"west": {"uv": [9, 15, 8, 16], "texture": "#base"},
				"up": {"uv": [8, 16, 9, 15], "texture": "#base"},
				"down": {"uv": [8, 16, 9, 15], "texture": "#base"}
			},
			"type": "cube"
		},
		{
			"name": "cube",
			"from": [8, 1, 12],
			"to": [9, 2, 12.125],
			"faces": {
				"east": {"uv": [8, 14, 7, 15], "texture": "#base"},
				"south": {"uv": [8, 14, 7, 15], "texture": "#base"},
				"west": {"uv": [8, 14, 7, 15], "texture": "#base"},
				"up": {"uv": [7, 15, 8, 14], "texture": "#base"},
				"down": {"uv": [7, 15, 8, 14], "texture": "#base"}
			},
			"type": "cube"
		},
		{
			"name": "cube",
			"from": [9, 1, 12],
			"to": [10, 2, 12.25],
			"faces": {
				"east": {"uv": [7, 14, 6, 15], "texture": "#base"},
				"south": {"uv": [7, 14, 6, 15], "texture": "#base"},
				"west": {"uv": [7, 14, 6, 15], "texture": "#base"},
				"up": {"uv": [6, 15, 7, 14], "texture": "#base"},
				"down": {"uv": [6, 15, 7, 14], "texture": "#base"}
			},
			"type": "cube"
		},
		{
			"name": "cube",
			"from": [8, 0, 12],
			"to": [9, 1, 12.25],
			"faces": {
				"east": {"uv": [8, 15, 7, 16], "texture": "#base"},
				"south": {"uv": [8, 15, 7, 16], "texture": "#base"},
				"west": {"uv": [8, 15, 7, 16], "texture": "#base"},
				"up": {"uv": [7, 16, 8, 15], "texture": "#base"},
				"down": {"uv": [7, 16, 8, 15], "texture": "#base"}
			},
			"type": "cube"
		}
	]
}