{
	"__comment": "Designed by creatorLabs with CubikStudio - https://cubik.studio - Download 3D CreatorCraft at https://www.planetminecraft.com/texture_pack/3d-creatorcraft/",
	"parent": "block/block",
	"textures": {
		"0": "blocks/redstone_lamp_on",
		"particle": "blocks/redstone_lamp_on"
	},
	"elements": [ 	 
		{
			"from": [ 1, 1, 1 ],
			"to": [ 15, 15, 15 ],
			"faces": {
				"down": { "uv": [ 1, 1, 15, 15 ], "texture": "#0", "cullface": "down" },
				"up": { "uv": [ 1, 1, 15, 15 ], "texture": "#0", "cullface": "up" },
				"north": { "uv": [ 1, 1, 15, 15 ], "texture": "#0", "cullface": "north" },
				"south": { "uv": [ 1, 1, 15, 15 ], "texture": "#0", "cullface": "south" },
				"west": { "uv": [ 1, 1, 15, 15 ], "texture": "#0", "cullface": "west" },
				"east": { "uv": [ 1, 1, 15, 15 ], "texture": "#0", "cullface": "east" }
			}
		},
		{
			"from": [ 0, 0, 0 ],
			"to": [ 1, 16, 1 ],
			"faces": {
				"down": { "uv": [ 0, 15, 1, 16 ], "texture": "#0", "cullface": "down" },
				"up": { "uv": [ 0, 0, 1, 1 ], "texture": "#0", "cullface": "up" },
				"north": { "uv": [ 15, 0, 16, 16 ], "texture": "#0", "cullface": "north" },
				"south": { "uv": [ 0, 0, 1, 16 ], "texture": "#0", "cullface": "west" },
				"west": { "uv": [ 0, 0, 1, 16 ], "texture": "#0", "cullface": "west" },
				"east": { "uv": [ 15, 0, 16, 16 ], "texture": "#0", "cullface": "north" }
			}
		},
		{
			"from": [ 0, 0, 15 ],
			"to": [ 1, 16, 16 ],
			"faces": {
				"down": { "uv": [ 0, 0, 1, 1 ], "texture": "#0", "cullface": "down" },
				"up": { "uv": [ 0, 15, 1, 16 ], "texture": "#0", "cullface": "up" },
				"north": { "uv": [ 15, 0, 16, 16 ], "texture": "#0", "cullface": "west" },
				"south": { "uv": [ 0, 0, 1, 16 ], "texture": "#0", "cullface": "south" },
				"west": { "uv": [ 15, 0, 16, 16 ], "texture": "#0", "cullface": "west" },
				"east": { "uv": [ 0, 0, 1, 16 ], "texture": "#0", "cullface": "south" }
			}
		},
		{
			"from": [ 15, 0, 15 ],
			"to": [ 16, 16, 16 ],
			"faces": {
				"down": { "uv": [ 15, 0, 16, 1 ], "texture": "#0", "cullface": "down" },
				"up": { "uv": [ 15, 15, 16, 16 ], "texture": "#0", "cullface": "up" },
				"north": { "uv": [ 0, 0, 1, 16 ], "texture": "#0", "cullface": "east" },
				"south": { "uv": [ 15, 0, 16, 16 ], "texture": "#0", "cullface": "south" },
				"west": { "uv": [ 15, 0, 16, 16 ], "texture": "#0", "cullface": "south" },
				"east": { "uv": [ 0, 0, 1, 16 ], "texture": "#0", "cullface": "east" }
			}
		},
		{
			"from": [ 15, 0, 0 ],
			"to": [ 16, 16, 1 ],
			"faces": {
				"down": { "uv": [ 15, 15, 16, 16 ], "texture": "#0", "cullface": "down" },
				"up": { "uv": [ 15, 0, 16, 1 ], "texture": "#0", "cullface": "up" },
				"north": { "uv": [ 0, 0, 1, 16 ], "texture": "#0", "cullface": "north" },
				"south": { "uv": [ 15, 0, 16, 16 ], "texture": "#0", "cullface": "east" },
				"west": { "uv": [ 0, 0, 1, 16 ], "texture": "#0", "cullface": "north" },
				"east": { "uv": [ 15, 0, 16, 16 ], "texture": "#0", "cullface": "east" }
			}
		},
		{
			"from": [ 1, 0, 0 ],
			"to": [ 15, 1, 1 ],
			"faces": {
				"down": { "uv": [ 1, 15, 15, 16 ], "texture": "#0", "cullface": "down" },
				"up": { "uv": [ 1, 0, 15, 1 ], "texture": "#0", "cullface": "north" },
				"north": { "uv": [ 1, 15, 15, 16 ], "texture": "#0", "cullface": "north" },
				"south": { "uv": [ 1, 15, 15, 16 ], "texture": "#0", "cullface": "down" }
			}
		},
		{
			"from": [ 1, 15, 0 ],
			"to": [ 15, 16, 1 ],
			"faces": {
				"down": { "uv": [ 1, 15, 15, 16 ], "texture": "#0", "cullface": "north" },
				"up": { "uv": [ 1, 0, 15, 1 ], "texture": "#0", "cullface": "up" },
				"north": { "uv": [ 1, 0, 15, 1 ], "texture": "#0", "cullface": "north" },
				"south": { "uv": [ 1, 0, 15, 1 ], "texture": "#0", "cullface": "up" }
			}
		},
		{
			"from": [ 1, 15, 15 ],
			"to": [ 15, 16, 16 ],
			"faces": {
				"down": { "uv": [ 1, 0, 15, 1 ], "texture": "#0", "cullface": "south" },
				"up": { "uv": [ 1, 15, 15, 16 ], "texture": "#0", "cullface": "up" },
				"north": { "uv": [ 1, 0, 15, 1 ], "texture": "#0", "cullface": "up" },
				"south": { "uv": [ 1, 0, 15, 1 ], "texture": "#0", "cullface": "south" }
			}
		},
		{
			"from": [ 1, 0, 15 ],
			"to": [ 15, 1, 16 ],
			"faces": {
				"down": { "uv": [ 1, 0, 15, 1 ], "texture": "#0", "cullface": "down" },
				"up": { "uv": [ 1, 15, 15, 16 ], "texture": "#0", "cullface": "south" },
				"north": { "uv": [ 1, 15, 15, 16 ], "texture": "#0", "cullface": "down" },
				"south": { "uv": [ 1, 15, 15, 16 ], "texture": "#0", "cullface": "south" }
			}
		},
		{
			"from": [ 0, 15, 1 ],
			"to": [ 1, 16, 15 ],
			"faces": {
				"down": { "uv": [ 0, 1, 1, 15 ], "texture": "#0", "cullface": "west" },
				"up": { "uv": [ 0, 1, 1, 15 ], "texture": "#0", "cullface": "up" },
				"west": { "uv": [ 1, 0, 15, 1 ], "texture": "#0", "cullface": "west" },
				"east": { "uv": [ 1, 0, 15, 1 ], "texture": "#0", "cullface": "up" }
			}
		},
		{
			"from": [ 0, 0, 1 ],
			"to": [ 1, 1, 15 ],
			"faces": {
				"down": { "uv": [ 0, 1, 1, 15 ], "texture": "#0", "cullface": "down" },
				"up": { "uv": [ 0, 1, 1, 15 ], "texture": "#0", "cullface": "west" },
				"west": { "uv": [ 1, 15, 15, 16 ], "texture": "#0", "cullface": "west" },
				"east": { "uv": [ 1, 15, 15, 16 ], "texture": "#0", "cullface": "down" }
			}
		},
		{
			"from": [ 15, 15, 1 ],
			"to": [ 16, 16, 15 ],
			"faces": {
				"down": { "uv": [ 15, 1, 16, 15 ], "texture": "#0", "cullface": "east" },
				"up": { "uv": [ 15, 1, 16, 15 ], "texture": "#0", "cullface": "up" },
				"west": { "uv": [ 1, 0, 15, 1 ], "texture": "#0", "cullface": "up" },
				"east": { "uv": [ 1, 0, 15, 1 ], "texture": "#0", "cullface": "east" }
			}
		},
		{
			"from": [ 15, 0, 1 ],
			"to": [ 16, 1, 15 ],
			"faces": {
				"down": { "uv": [ 15, 1, 16, 15 ], "texture": "#0", "cullface": "down" },
				"up": { "uv": [ 15, 1, 16, 15 ], "texture": "#0", "cullface": "east" },
				"west": { "uv": [ 1, 15, 15, 16 ], "texture": "#0", "cullface": "down" },
				"east": { "uv": [ 1, 15, 15, 16 ], "texture": "#0", "cullface": "east" }
			}
		},
		{
			"from": [ 1, 2, 0 ],
			"to": [ 2, 3, 1 ],
			"faces": {
				"down": { "uv": [ 1, 15, 2, 16 ], "texture": "#0", "cullface": "north" },
				"up": { "uv": [ 1, 0, 2, 1 ], "texture": "#0", "cullface": "north" },
				"north": { "uv": [ 14, 13, 15, 14 ], "texture": "#0", "cullface": "north" },
				"south": { "uv": [ 1, 13, 2, 14 ], "texture": "#0", "cullface": "north" },
				"west": { "uv": [ 0, 13, 1, 14 ], "texture": "#0", "cullface": "north" },
				"east": { "uv": [ 15, 13, 16, 14 ], "texture": "#0", "cullface": "north" }
			}
		},
		{
			"from": [ 2, 1, 0 ],
			"to": [ 3, 2, 1 ],
			"faces": {
				"down": { "uv": [ 2, 15, 3, 16 ], "texture": "#0", "cullface": "north" },
				"up": { "uv": [ 2, 0, 3, 1 ], "texture": "#0", "cullface": "north" },
				"north": { "uv": [ 13, 14, 14, 15 ], "texture": "#0", "cullface": "north" },
				"south": { "uv": [ 2, 14, 3, 15 ], "texture": "#0", "cullface": "north" },
				"west": { "uv": [ 0, 14, 1, 15 ], "texture": "#0", "cullface": "north" },
				"east": { "uv": [ 15, 14, 16, 15 ], "texture": "#0", "cullface": "north" }
			}
		},
		{
			"from": [ 7, 1, 0 ],
			"to": [ 9, 4, 1 ],
			"faces": {
				"down": { "uv": [ 7, 15, 9, 16 ], "texture": "#0", "cullface": "north" },
				"up": { "uv": [ 7, 0, 9, 1 ], "texture": "#0", "cullface": "north" },
				"north": { "uv": [ 7, 12, 9, 15 ], "texture": "#0", "cullface": "north" },
				"south": { "uv": [ 7, 12, 9, 15 ], "texture": "#0", "cullface": "north" },
				"west": { "uv": [ 0, 12, 1, 15 ], "texture": "#0", "cullface": "north" },
				"east": { "uv": [ 15, 12, 16, 15 ], "texture": "#0", "cullface": "north" }
			}
		},
		{
			"from": [ 6, 4, 0 ],
			"to": [ 7, 5, 1 ],
			"faces": {
				"down": { "uv": [ 6, 15, 7, 16 ], "texture": "#0", "cullface": "north" },
				"up": { "uv": [ 6, 0, 7, 1 ], "texture": "#0", "cullface": "north" },
				"north": { "uv": [ 9, 11, 10, 12 ], "texture": "#0", "cullface": "north" },
				"south": { "uv": [ 6, 11, 7, 12 ], "texture": "#0", "cullface": "north" },
				"west": { "uv": [ 0, 11, 1, 12 ], "texture": "#0", "cullface": "north" },
				"east": { "uv": [ 15, 11, 16, 12 ], "texture": "#0", "cullface": "north" }
			}
		},
		{
			"from": [ 5, 5, 0 ],
			"to": [ 6, 6, 1 ],
			"faces": {
				"down": { "uv": [ 5, 15, 6, 16 ], "texture": "#0", "cullface": "north" },
				"up": { "uv": [ 5, 0, 6, 1 ], "texture": "#0", "cullface": "north" },
				"north": { "uv": [ 10, 10, 11, 11 ], "texture": "#0", "cullface": "north" },
				"south": { "uv": [ 5, 10, 6, 11 ], "texture": "#0", "cullface": "north" },
				"west": { "uv": [ 0, 10, 1, 11 ], "texture": "#0", "cullface": "north" },
				"east": { "uv": [ 15, 10, 16, 11 ], "texture": "#0", "cullface": "north" }
			}
		},
		{
			"from": [ 4, 6, 0 ],
			"to": [ 5, 7, 1 ],
			"faces": {
				"down": { "uv": [ 4, 15, 5, 16 ], "texture": "#0", "cullface": "north" },
				"up": { "uv": [ 4, 0, 5, 1 ], "texture": "#0", "cullface": "north" },
				"north": { "uv": [ 11, 9, 12, 10 ], "texture": "#0", "cullface": "north" },
				"south": { "uv": [ 4, 9, 5, 10 ], "texture": "#0", "cullface": "north" },
				"west": { "uv": [ 0, 9, 1, 10 ], "texture": "#0", "cullface": "north" },
				"east": { "uv": [ 15, 9, 16, 10 ], "texture": "#0", "cullface": "north" }
			}
		},
		{
			"from": [ 1, 7, 0 ],
			"to": [ 4, 9, 1 ],
			"faces": {
				"down": { "uv": [ 1, 15, 4, 16 ], "texture": "#0", "cullface": "north" },
				"up": { "uv": [ 1, 0, 4, 1 ], "texture": "#0", "cullface": "north" },
				"north": { "uv": [ 12, 7, 15, 9 ], "texture": "#0", "cullface": "north" },
				"south": { "uv": [ 1, 7, 4, 9 ], "texture": "#0", "cullface": "north" },
				"west": { "uv": [ 0, 7, 1, 9 ], "texture": "#0", "cullface": "north" },
				"east": { "uv": [ 15, 7, 16, 9 ], "texture": "#0", "cullface": "north" }
			}
		},
		{
			"from": [ 12, 7, 0 ],
			"to": [ 15, 9, 1 ],
			"faces": {
				"down": { "uv": [ 12, 15, 15, 16 ], "texture": "#0", "cullface": "north" },
				"up": { "uv": [ 12, 0, 15, 1 ], "texture": "#0", "cullface": "north" },
				"north": { "uv": [ 1, 7, 4, 9 ], "texture": "#0", "cullface": "north" },
				"south": { "uv": [ 12, 7, 15, 9 ], "texture": "#0", "cullface": "north" },
				"west": { "uv": [ 0, 7, 1, 9 ], "texture": "#0", "cullface": "north" },
				"east": { "uv": [ 15, 7, 16, 9 ], "texture": "#0", "cullface": "north" }
			}
		},
		{
			"from": [ 7, 12, 0 ],
			"to": [ 9, 15, 1 ],
			"faces": {
				"down": { "uv": [ 7, 15, 9, 16 ], "texture": "#0", "cullface": "north" },
				"up": { "uv": [ 7, 0, 9, 1 ], "texture": "#0", "cullface": "north" },
				"north": { "uv": [ 7, 1, 9, 4 ], "texture": "#0", "cullface": "north" },
				"south": { "uv": [ 7, 1, 9, 4 ], "texture": "#0", "cullface": "north" },
				"west": { "uv": [ 0, 1, 1, 4 ], "texture": "#0", "cullface": "north" },
				"east": { "uv": [ 15, 1, 16, 4 ], "texture": "#0", "cullface": "north" }
			}
		},
		{
			"from": [ 7, 12, 0 ],
			"to": [ 9, 15, 1 ],
			"faces": {
				"down": { "uv": [ 7, 15, 9, 16 ], "texture": "#0", "cullface": "north" },
				"up": { "uv": [ 7, 0, 9, 1 ], "texture": "#0", "cullface": "north" },
				"north": { "uv": [ 7, 1, 9, 4 ], "texture": "#0", "cullface": "north" },
				"south": { "uv": [ 7, 1, 9, 4 ], "texture": "#0", "cullface": "north" },
				"west": { "uv": [ 0, 1, 1, 4 ], "texture": "#0", "cullface": "north" },
				"east": { "uv": [ 15, 1, 16, 4 ], "texture": "#0", "cullface": "north" }
			}
		},
		{
			"from": [ 9, 4, 0 ],
			"to": [ 10, 5, 1 ],
			"faces": {
				"down": { "uv": [ 9, 15, 10, 16 ], "texture": "#0", "cullface": "north" },
				"up": { "uv": [ 9, 0, 10, 1 ], "texture": "#0", "cullface": "north" },
				"north": { "uv": [ 6, 11, 7, 12 ], "texture": "#0", "cullface": "north" },
				"south": { "uv": [ 9, 11, 10, 12 ], "texture": "#0", "cullface": "north" },
				"west": { "uv": [ 0, 11, 1, 12 ], "texture": "#0", "cullface": "north" },
				"east": { "uv": [ 15, 11, 16, 12 ], "texture": "#0", "cullface": "north" }
			}
		},
		{
			"from": [ 10, 5, 0 ],
			"to": [ 11, 6, 1 ],
			"faces": {
				"down": { "uv": [ 10, 15, 11, 16 ], "texture": "#0", "cullface": "north" },
				"up": { "uv": [ 10, 0, 11, 1 ], "texture": "#0", "cullface": "north" },
				"north": { "uv": [ 5, 10, 6, 11 ], "texture": "#0", "cullface": "north" },
				"south": { "uv": [ 10, 10, 11, 11 ], "texture": "#0", "cullface": "north" },
				"west": { "uv": [ 0, 10, 1, 11 ], "texture": "#0", "cullface": "north" },
				"east": { "uv": [ 15, 10, 16, 11 ], "texture": "#0", "cullface": "north" }
			}
		},
		{
			"from": [ 11, 6, 0 ],
			"to": [ 12, 7, 1 ],
			"faces": {
				"down": { "uv": [ 11, 15, 12, 16 ], "texture": "#0", "cullface": "north" },
				"up": { "uv": [ 11, 0, 12, 1 ], "texture": "#0", "cullface": "north" },
				"north": { "uv": [ 4, 9, 5, 10 ], "texture": "#0", "cullface": "north" },
				"south": { "uv": [ 11, 9, 12, 10 ], "texture": "#0", "cullface": "north" },
				"west": { "uv": [ 0, 9, 1, 10 ], "texture": "#0", "cullface": "north" },
				"east": { "uv": [ 15, 9, 16, 10 ], "texture": "#0", "cullface": "north" }
			}
		},
		{
			"from": [ 7, 1, 0 ],
			"to": [ 9, 4, 1 ],
			"faces": {
				"down": { "uv": [ 7, 15, 9, 16 ], "texture": "#0", "cullface": "north" },
				"up": { "uv": [ 7, 0, 9, 1 ], "texture": "#0", "cullface": "north" },
				"north": { "uv": [ 7, 12, 9, 15 ], "texture": "#0", "cullface": "north" },
				"south": { "uv": [ 7, 12, 9, 15 ], "texture": "#0", "cullface": "north" },
				"west": { "uv": [ 0, 12, 1, 15 ], "texture": "#0", "cullface": "north" },
				"east": { "uv": [ 15, 12, 16, 15 ], "texture": "#0", "cullface": "north" }
			}
		},
		{
			"from": [ 9, 11, 0 ],
			"to": [ 10, 12, 1 ],
			"faces": {
				"down": { "uv": [ 9, 15, 10, 16 ], "texture": "#0", "cullface": "north" },
				"up": { "uv": [ 9, 0, 10, 1 ], "texture": "#0", "cullface": "north" },
				"north": { "uv": [ 6, 4, 7, 5 ], "texture": "#0", "cullface": "north" },
				"south": { "uv": [ 9, 4, 10, 5 ], "texture": "#0", "cullface": "north" },
				"west": { "uv": [ 0, 4, 1, 5 ], "texture": "#0", "cullface": "north" },
				"east": { "uv": [ 15, 4, 16, 5 ], "texture": "#0", "cullface": "north" }
			}
		},
		{
			"from": [ 10, 10, 0 ],
			"to": [ 11, 11, 1 ],
			"faces": {
				"down": { "uv": [ 10, 15, 11, 16 ], "texture": "#0", "cullface": "north" },
				"up": { "uv": [ 10, 0, 11, 1 ], "texture": "#0", "cullface": "north" },
				"north": { "uv": [ 5, 5, 6, 6 ], "texture": "#0", "cullface": "north" },
				"south": { "uv": [ 10, 5, 11, 6 ], "texture": "#0", "cullface": "north" },
				"west": { "uv": [ 0, 5, 1, 6 ], "texture": "#0", "cullface": "north" },
				"east": { "uv": [ 15, 5, 16, 6 ], "texture": "#0", "cullface": "north" }
			}
		},
		{
			"from": [ 11, 9, 0 ],
			"to": [ 12, 10, 1 ],
			"faces": {
				"down": { "uv": [ 11, 15, 12, 16 ], "texture": "#0", "cullface": "north" },
				"up": { "uv": [ 11, 0, 12, 1 ], "texture": "#0", "cullface": "north" },
				"north": { "uv": [ 4, 6, 5, 7 ], "texture": "#0", "cullface": "north" },
				"south": { "uv": [ 11, 6, 12, 7 ], "texture": "#0", "cullface": "north" },
				"west": { "uv": [ 0, 6, 1, 7 ], "texture": "#0", "cullface": "north" },
				"east": { "uv": [ 15, 6, 16, 7 ], "texture": "#0", "cullface": "north" }
			}
		},
		{
			"from": [ 7, 1, 0 ],
			"to": [ 9, 4, 1 ],
			"faces": {
				"down": { "uv": [ 7, 15, 9, 16 ], "texture": "#0", "cullface": "north" },
				"up": { "uv": [ 7, 0, 9, 1 ], "texture": "#0", "cullface": "north" },
				"north": { "uv": [ 7, 12, 9, 15 ], "texture": "#0", "cullface": "north" },
				"south": { "uv": [ 7, 12, 9, 15 ], "texture": "#0", "cullface": "north" },
				"west": { "uv": [ 0, 12, 1, 15 ], "texture": "#0", "cullface": "north" },
				"east": { "uv": [ 15, 12, 16, 15 ], "texture": "#0", "cullface": "north" }
			}
		},
		{
			"from": [ 6, 11, 0 ],
			"to": [ 7, 12, 1 ],
			"faces": {
				"down": { "uv": [ 6, 15, 7, 16 ], "texture": "#0", "cullface": "north" },
				"up": { "uv": [ 6, 0, 7, 1 ], "texture": "#0", "cullface": "north" },
				"north": { "uv": [ 9, 4, 10, 5 ], "texture": "#0", "cullface": "north" },
				"south": { "uv": [ 6, 4, 7, 5 ], "texture": "#0", "cullface": "north" },
				"west": { "uv": [ 0, 4, 1, 5 ], "texture": "#0", "cullface": "north" },
				"east": { "uv": [ 15, 4, 16, 5 ], "texture": "#0", "cullface": "north" }
			}
		},
		{
			"from": [ 5, 10, 0 ],
			"to": [ 6, 11, 1 ],
			"faces": {
				"down": { "uv": [ 5, 15, 6, 16 ], "texture": "#0", "cullface": "north" },
				"up": { "uv": [ 5, 0, 6, 1 ], "texture": "#0", "cullface": "north" },
				"north": { "uv": [ 10, 5, 11, 6 ], "texture": "#0", "cullface": "north" },
				"south": { "uv": [ 5, 5, 6, 6 ], "texture": "#0", "cullface": "north" },
				"west": { "uv": [ 0, 5, 1, 6 ], "texture": "#0", "cullface": "north" },
				"east": { "uv": [ 15, 5, 16, 6 ], "texture": "#0", "cullface": "north" }
			}
		},
		{
			"from": [ 4, 9, 0 ],
			"to": [ 5, 10, 1 ],
			"faces": {
				"down": { "uv": [ 4, 15, 5, 16 ], "texture": "#0", "cullface": "north" },
				"up": { "uv": [ 4, 0, 5, 1 ], "texture": "#0", "cullface": "north" },
				"north": { "uv": [ 11, 6, 12, 7 ], "texture": "#0", "cullface": "north" },
				"south": { "uv": [ 4, 6, 5, 7 ], "texture": "#0", "cullface": "north" },
				"west": { "uv": [ 0, 6, 1, 7 ], "texture": "#0", "cullface": "north" },
				"east": { "uv": [ 15, 6, 16, 7 ], "texture": "#0", "cullface": "north" }
			}
		},
		{
			"from": [ 13, 1, 0 ],
			"to": [ 14, 2, 1 ],
			"faces": {
				"down": { "uv": [ 13, 15, 14, 16 ], "texture": "#0", "cullface": "north" },
				"up": { "uv": [ 13, 0, 14, 1 ], "texture": "#0", "cullface": "north" },
				"north": { "uv": [ 2, 14, 3, 15 ], "texture": "#0", "cullface": "north" },
				"south": { "uv": [ 13, 14, 14, 15 ], "texture": "#0", "cullface": "north" },
				"west": { "uv": [ 0, 14, 1, 15 ], "texture": "#0", "cullface": "north" },
				"east": { "uv": [ 15, 14, 16, 15 ], "texture": "#0", "cullface": "north" }
			}
		},
		{
			"from": [ 14, 2, 0 ],
			"to": [ 15, 3, 1 ],
			"faces": {
				"down": { "uv": [ 14, 15, 15, 16 ], "texture": "#0", "cullface": "north" },
				"up": { "uv": [ 14, 0, 15, 1 ], "texture": "#0", "cullface": "north" },
				"north": { "uv": [ 1, 13, 2, 14 ], "texture": "#0", "cullface": "north" },
				"south": { "uv": [ 14, 13, 15, 14 ], "texture": "#0", "cullface": "north" },
				"west": { "uv": [ 0, 13, 1, 14 ], "texture": "#0", "cullface": "north" },
				"east": { "uv": [ 15, 13, 16, 14 ], "texture": "#0", "cullface": "north" }
			}
		},
		{
			"from": [ 13, 14, 0 ],
			"to": [ 14, 15, 1 ],
			"faces": {
				"down": { "uv": [ 13, 15, 14, 16 ], "texture": "#0", "cullface": "north" },
				"up": { "uv": [ 13, 0, 14, 1 ], "texture": "#0", "cullface": "north" },
				"north": { "uv": [ 2, 1, 3, 2 ], "texture": "#0", "cullface": "north" },
				"south": { "uv": [ 13, 1, 14, 2 ], "texture": "#0", "cullface": "north" },
				"west": { "uv": [ 0, 1, 1, 2 ], "texture": "#0", "cullface": "north" },
				"east": { "uv": [ 15, 1, 16, 2 ], "texture": "#0", "cullface": "north" }
			}
		},
		{
			"from": [ 14, 13, 0 ],
			"to": [ 15, 14, 1 ],
			"faces": {
				"down": { "uv": [ 14, 15, 15, 16 ], "texture": "#0", "cullface": "north" },
				"up": { "uv": [ 14, 0, 15, 1 ], "texture": "#0", "cullface": "north" },
				"north": { "uv": [ 1, 2, 2, 3 ], "texture": "#0", "cullface": "north" },
				"south": { "uv": [ 14, 2, 15, 3 ], "texture": "#0", "cullface": "north" },
				"west": { "uv": [ 0, 2, 1, 3 ], "texture": "#0", "cullface": "north" },
				"east": { "uv": [ 15, 2, 16, 3 ], "texture": "#0", "cullface": "north" }
			}
		},
		{
			"from": [ 2, 14, 0 ],
			"to": [ 3, 15, 1 ],
			"faces": {
				"down": { "uv": [ 2, 15, 3, 16 ], "texture": "#0", "cullface": "north" },
				"up": { "uv": [ 2, 0, 3, 1 ], "texture": "#0", "cullface": "north" },
				"north": { "uv": [ 13, 1, 14, 2 ], "texture": "#0", "cullface": "north" },
				"south": { "uv": [ 2, 1, 3, 2 ], "texture": "#0", "cullface": "north" },
				"west": { "uv": [ 0, 1, 1, 2 ], "texture": "#0", "cullface": "north" },
				"east": { "uv": [ 15, 1, 16, 2 ], "texture": "#0", "cullface": "north" }
			}
		},
		{
			"from": [ 1, 13, 0 ],
			"to": [ 2, 14, 1 ],
			"faces": {
				"down": { "uv": [ 1, 15, 2, 16 ], "texture": "#0", "cullface": "north" },
				"up": { "uv": [ 1, 0, 2, 1 ], "texture": "#0", "cullface": "north" },
				"north": { "uv": [ 14, 2, 15, 3 ], "texture": "#0", "cullface": "north" },
				"south": { "uv": [ 1, 2, 2, 3 ], "texture": "#0", "cullface": "north" },
				"west": { "uv": [ 0, 2, 1, 3 ], "texture": "#0", "cullface": "north" },
				"east": { "uv": [ 15, 2, 16, 3 ], "texture": "#0", "cullface": "north" }
			}
		},
		{
			"from": [ 1, 2, 15 ],
			"to": [ 2, 3, 16 ],
			"faces": {
				"down": { "uv": [ 1, 0, 2, 1 ], "texture": "#0", "cullface": "south" },
				"up": { "uv": [ 1, 15, 2, 16 ], "texture": "#0", "cullface": "south" },
				"north": { "uv": [ 14, 13, 15, 14 ], "texture": "#0", "cullface": "south" },
				"south": { "uv": [ 1, 13, 2, 14 ], "texture": "#0", "cullface": "south" },
				"west": { "uv": [ 15, 13, 16, 14 ], "texture": "#0", "cullface": "south" },
				"east": { "uv": [ 0, 13, 1, 14 ], "texture": "#0", "cullface": "south" }
			}
		},
		{
			"from": [ 2, 1, 15 ],
			"to": [ 3, 2, 16 ],
			"faces": {
				"down": { "uv": [ 2, 0, 3, 1 ], "texture": "#0", "cullface": "south" },
				"up": { "uv": [ 2, 15, 3, 16 ], "texture": "#0", "cullface": "south" },
				"north": { "uv": [ 13, 14, 14, 15 ], "texture": "#0", "cullface": "south" },
				"south": { "uv": [ 2, 14, 3, 15 ], "texture": "#0", "cullface": "south" },
				"west": { "uv": [ 15, 14, 16, 15 ], "texture": "#0", "cullface": "south" },
				"east": { "uv": [ 0, 14, 1, 15 ], "texture": "#0", "cullface": "south" }
			}
		},
		{
			"from": [ 7, 1, 15 ],
			"to": [ 9, 4, 16 ],
			"faces": {
				"down": { "uv": [ 7, 0, 9, 1 ], "texture": "#0", "cullface": "south" },
				"up": { "uv": [ 7, 15, 9, 16 ], "texture": "#0", "cullface": "south" },
				"north": { "uv": [ 7, 12, 9, 15 ], "texture": "#0", "cullface": "south" },
				"south": { "uv": [ 7, 12, 9, 15 ], "texture": "#0", "cullface": "south" },
				"west": { "uv": [ 15, 12, 16, 15 ], "texture": "#0", "cullface": "south" },
				"east": { "uv": [ 0, 12, 1, 15 ], "texture": "#0", "cullface": "south" }
			}
		},
		{
			"from": [ 6, 4, 15 ],
			"to": [ 7, 5, 16 ],
			"faces": {
				"down": { "uv": [ 6, 0, 7, 1 ], "texture": "#0", "cullface": "south" },
				"up": { "uv": [ 6, 15, 7, 16 ], "texture": "#0", "cullface": "south" },
				"north": { "uv": [ 9, 11, 10, 12 ], "texture": "#0", "cullface": "south" },
				"south": { "uv": [ 6, 11, 7, 12 ], "texture": "#0", "cullface": "south" },
				"west": { "uv": [ 15, 11, 16, 12 ], "texture": "#0", "cullface": "south" },
				"east": { "uv": [ 0, 11, 1, 12 ], "texture": "#0", "cullface": "south" }
			}
		},
		{
			"from": [ 5, 5, 15 ],
			"to": [ 6, 6, 16 ],
			"faces": {
				"down": { "uv": [ 5, 0, 6, 1 ], "texture": "#0", "cullface": "south" },
				"up": { "uv": [ 5, 15, 6, 16 ], "texture": "#0", "cullface": "south" },
				"north": { "uv": [ 10, 10, 11, 11 ], "texture": "#0", "cullface": "south" },
				"south": { "uv": [ 5, 10, 6, 11 ], "texture": "#0", "cullface": "south" },
				"west": { "uv": [ 15, 10, 16, 11 ], "texture": "#0", "cullface": "south" },
				"east": { "uv": [ 0, 10, 1, 11 ], "texture": "#0", "cullface": "south" }
			}
		},
		{
			"from": [ 4, 6, 15 ],
			"to": [ 5, 7, 16 ],
			"faces": {
				"down": { "uv": [ 4, 0, 5, 1 ], "texture": "#0", "cullface": "south" },
				"up": { "uv": [ 4, 15, 5, 16 ], "texture": "#0", "cullface": "south" },
				"north": { "uv": [ 11, 9, 12, 10 ], "texture": "#0", "cullface": "south" },
				"south": { "uv": [ 4, 9, 5, 10 ], "texture": "#0", "cullface": "south" },
				"west": { "uv": [ 15, 9, 16, 10 ], "texture": "#0", "cullface": "south" },
				"east": { "uv": [ 0, 9, 1, 10 ], "texture": "#0", "cullface": "south" }
			}
		},
		{
			"from": [ 1, 7, 15 ],
			"to": [ 4, 9, 16 ],
			"faces": {
				"down": { "uv": [ 1, 0, 4, 1 ], "texture": "#0", "cullface": "south" },
				"up": { "uv": [ 1, 15, 4, 16 ], "texture": "#0", "cullface": "south" },
				"north": { "uv": [ 12, 7, 15, 9 ], "texture": "#0", "cullface": "south" },
				"south": { "uv": [ 1, 7, 4, 9 ], "texture": "#0", "cullface": "south" },
				"west": { "uv": [ 15, 7, 16, 9 ], "texture": "#0", "cullface": "south" },
				"east": { "uv": [ 0, 7, 1, 9 ], "texture": "#0", "cullface": "south" }
			}
		},
		{
			"from": [ 12, 7, 15 ],
			"to": [ 15, 9, 16 ],
			"faces": {
				"down": { "uv": [ 12, 0, 15, 1 ], "texture": "#0", "cullface": "south" },
				"up": { "uv": [ 12, 15, 15, 16 ], "texture": "#0", "cullface": "south" },
				"north": { "uv": [ 1, 7, 4, 9 ], "texture": "#0", "cullface": "south" },
				"south": { "uv": [ 12, 7, 15, 9 ], "texture": "#0", "cullface": "south" },
				"west": { "uv": [ 15, 7, 16, 9 ], "texture": "#0", "cullface": "south" },
				"east": { "uv": [ 0, 7, 1, 9 ], "texture": "#0", "cullface": "south" }
			}
		},
		{
			"from": [ 7, 12, 15 ],
			"to": [ 9, 15, 16 ],
			"faces": {
				"down": { "uv": [ 7, 0, 9, 1 ], "texture": "#0", "cullface": "south" },
				"up": { "uv": [ 7, 15, 9, 16 ], "texture": "#0", "cullface": "south" },
				"north": { "uv": [ 7, 1, 9, 4 ], "texture": "#0", "cullface": "south" },
				"south": { "uv": [ 7, 1, 9, 4 ], "texture": "#0", "cullface": "south" },
				"west": { "uv": [ 15, 1, 16, 4 ], "texture": "#0", "cullface": "south" },
				"east": { "uv": [ 0, 1, 1, 4 ], "texture": "#0", "cullface": "south" }
			}
		},
		{
			"from": [ 7, 12, 15 ],
			"to": [ 9, 15, 16 ],
			"faces": {
				"down": { "uv": [ 7, 0, 9, 1 ], "texture": "#0", "cullface": "south" },
				"up": { "uv": [ 7, 15, 9, 16 ], "texture": "#0", "cullface": "south" },
				"north": { "uv": [ 7, 1, 9, 4 ], "texture": "#0", "cullface": "south" },
				"south": { "uv": [ 7, 1, 9, 4 ], "texture": "#0", "cullface": "south" },
				"west": { "uv": [ 15, 1, 16, 4 ], "texture": "#0", "cullface": "south" },
				"east": { "uv": [ 0, 1, 1, 4 ], "texture": "#0", "cullface": "south" }
			}
		},
		{
			"from": [ 9, 4, 15 ],
			"to": [ 10, 5, 16 ],
			"faces": {
				"down": { "uv": [ 9, 0, 10, 1 ], "texture": "#0", "cullface": "south" },
				"up": { "uv": [ 9, 15, 10, 16 ], "texture": "#0", "cullface": "south" },
				"north": { "uv": [ 6, 11, 7, 12 ], "texture": "#0", "cullface": "south" },
				"south": { "uv": [ 9, 11, 10, 12 ], "texture": "#0", "cullface": "south" },
				"west": { "uv": [ 15, 11, 16, 12 ], "texture": "#0", "cullface": "south" },
				"east": { "uv": [ 0, 11, 1, 12 ], "texture": "#0", "cullface": "south" }
			}
		},
		{
			"from": [ 10, 5, 15 ],
			"to": [ 11, 6, 16 ],
			"faces": {
				"down": { "uv": [ 10, 0, 11, 1 ], "texture": "#0", "cullface": "south" },
				"up": { "uv": [ 10, 15, 11, 16 ], "texture": "#0", "cullface": "south" },
				"north": { "uv": [ 5, 10, 6, 11 ], "texture": "#0", "cullface": "south" },
				"south": { "uv": [ 10, 10, 11, 11 ], "texture": "#0", "cullface": "south" },
				"west": { "uv": [ 15, 10, 16, 11 ], "texture": "#0", "cullface": "south" },
				"east": { "uv": [ 0, 10, 1, 11 ], "texture": "#0", "cullface": "south" }
			}
		},
		{
			"from": [ 11, 6, 15 ],
			"to": [ 12, 7, 16 ],
			"faces": {
				"down": { "uv": [ 11, 0, 12, 1 ], "texture": "#0", "cullface": "south" },
				"up": { "uv": [ 11, 15, 12, 16 ], "texture": "#0", "cullface": "south" },
				"north": { "uv": [ 4, 9, 5, 10 ], "texture": "#0", "cullface": "south" },
				"south": { "uv": [ 11, 9, 12, 10 ], "texture": "#0", "cullface": "south" },
				"west": { "uv": [ 15, 9, 16, 10 ], "texture": "#0", "cullface": "south" },
				"east": { "uv": [ 0, 9, 1, 10 ], "texture": "#0", "cullface": "south" }
			}
		},
		{
			"from": [ 7, 1, 15 ],
			"to": [ 9, 4, 16 ],
			"faces": {
				"down": { "uv": [ 7, 0, 9, 1 ], "texture": "#0", "cullface": "south" },
				"up": { "uv": [ 7, 15, 9, 16 ], "texture": "#0", "cullface": "south" },
				"north": { "uv": [ 7, 12, 9, 15 ], "texture": "#0", "cullface": "south" },
				"south": { "uv": [ 7, 12, 9, 15 ], "texture": "#0", "cullface": "south" },
				"west": { "uv": [ 15, 12, 16, 15 ], "texture": "#0", "cullface": "south" },
				"east": { "uv": [ 0, 12, 1, 15 ], "texture": "#0", "cullface": "south" }
			}
		},
		{
			"from": [ 9, 11, 15 ],
			"to": [ 10, 12, 16 ],
			"faces": {
				"down": { "uv": [ 9, 0, 10, 1 ], "texture": "#0", "cullface": "south" },
				"up": { "uv": [ 9, 15, 10, 16 ], "texture": "#0", "cullface": "south" },
				"north": { "uv": [ 6, 4, 7, 5 ], "texture": "#0", "cullface": "south" },
				"south": { "uv": [ 9, 4, 10, 5 ], "texture": "#0", "cullface": "south" },
				"west": { "uv": [ 15, 4, 16, 5 ], "texture": "#0", "cullface": "south" },
				"east": { "uv": [ 0, 4, 1, 5 ], "texture": "#0", "cullface": "south" }
			}
		},
		{
			"from": [ 10, 10, 15 ],
			"to": [ 11, 11, 16 ],
			"faces": {
				"down": { "uv": [ 10, 0, 11, 1 ], "texture": "#0", "cullface": "south" },
				"up": { "uv": [ 10, 15, 11, 16 ], "texture": "#0", "cullface": "south" },
				"north": { "uv": [ 5, 5, 6, 6 ], "texture": "#0", "cullface": "south" },
				"south": { "uv": [ 10, 5, 11, 6 ], "texture": "#0", "cullface": "south" },
				"west": { "uv": [ 15, 5, 16, 6 ], "texture": "#0", "cullface": "south" },
				"east": { "uv": [ 0, 5, 1, 6 ], "texture": "#0", "cullface": "south" }
			}
		},
		{
			"from": [ 11, 9, 15 ],
			"to": [ 12, 10, 16 ],
			"faces": {
				"down": { "uv": [ 11, 0, 12, 1 ], "texture": "#0", "cullface": "south" },
				"up": { "uv": [ 11, 15, 12, 16 ], "texture": "#0", "cullface": "south" },
				"north": { "uv": [ 4, 6, 5, 7 ], "texture": "#0", "cullface": "south" },
				"south": { "uv": [ 11, 6, 12, 7 ], "texture": "#0", "cullface": "south" },
				"west": { "uv": [ 15, 6, 16, 7 ], "texture": "#0", "cullface": "south" },
				"east": { "uv": [ 0, 6, 1, 7 ], "texture": "#0", "cullface": "south" }
			}
		},
		{
			"from": [ 7, 1, 15 ],
			"to": [ 9, 4, 16 ],
			"faces": {
				"down": { "uv": [ 7, 0, 9, 1 ], "texture": "#0", "cullface": "south" },
				"up": { "uv": [ 7, 15, 9, 16 ], "texture": "#0", "cullface": "south" },
				"north": { "uv": [ 7, 12, 9, 15 ], "texture": "#0", "cullface": "south" },
				"south": { "uv": [ 7, 12, 9, 15 ], "texture": "#0", "cullface": "south" },
				"west": { "uv": [ 15, 12, 16, 15 ], "texture": "#0", "cullface": "south" },
				"east": { "uv": [ 0, 12, 1, 15 ], "texture": "#0", "cullface": "south" }
			}
		},
		{
			"from": [ 6, 11, 15 ],
			"to": [ 7, 12, 16 ],
			"faces": {
				"down": { "uv": [ 6, 0, 7, 1 ], "texture": "#0", "cullface": "south" },
				"up": { "uv": [ 6, 15, 7, 16 ], "texture": "#0", "cullface": "south" },
				"north": { "uv": [ 9, 4, 10, 5 ], "texture": "#0", "cullface": "south" },
				"south": { "uv": [ 6, 4, 7, 5 ], "texture": "#0", "cullface": "south" },
				"west": { "uv": [ 15, 4, 16, 5 ], "texture": "#0", "cullface": "south" },
				"east": { "uv": [ 0, 4, 1, 5 ], "texture": "#0", "cullface": "south" }
			}
		},
		{
			"from": [ 5, 10, 15 ],
			"to": [ 6, 11, 16 ],
			"faces": {
				"down": { "uv": [ 5, 0, 6, 1 ], "texture": "#0", "cullface": "south" },
				"up": { "uv": [ 5, 15, 6, 16 ], "texture": "#0", "cullface": "south" },
				"north": { "uv": [ 10, 5, 11, 6 ], "texture": "#0", "cullface": "south" },
				"south": { "uv": [ 5, 5, 6, 6 ], "texture": "#0", "cullface": "south" },
				"west": { "uv": [ 15, 5, 16, 6 ], "texture": "#0", "cullface": "south" },
				"east": { "uv": [ 0, 5, 1, 6 ], "texture": "#0", "cullface": "south" }
			}
		},
		{
			"from": [ 4, 9, 15 ],
			"to": [ 5, 10, 16 ],
			"faces": {
				"down": { "uv": [ 4, 0, 5, 1 ], "texture": "#0", "cullface": "south" },
				"up": { "uv": [ 4, 15, 5, 16 ], "texture": "#0", "cullface": "south" },
				"north": { "uv": [ 11, 6, 12, 7 ], "texture": "#0", "cullface": "south" },
				"south": { "uv": [ 4, 6, 5, 7 ], "texture": "#0", "cullface": "south" },
				"west": { "uv": [ 15, 6, 16, 7 ], "texture": "#0", "cullface": "south" },
				"east": { "uv": [ 0, 6, 1, 7 ], "texture": "#0", "cullface": "south" }
			}
		},
		{
			"from": [ 13, 1, 15 ],
			"to": [ 14, 2, 16 ],
			"faces": {
				"down": { "uv": [ 13, 0, 14, 1 ], "texture": "#0", "cullface": "south" },
				"up": { "uv": [ 13, 15, 14, 16 ], "texture": "#0", "cullface": "south" },
				"north": { "uv": [ 2, 14, 3, 15 ], "texture": "#0", "cullface": "south" },
				"south": { "uv": [ 13, 14, 14, 15 ], "texture": "#0", "cullface": "south" },
				"west": { "uv": [ 15, 14, 16, 15 ], "texture": "#0", "cullface": "south" },
				"east": { "uv": [ 0, 14, 1, 15 ], "texture": "#0", "cullface": "south" }
			}
		},
		{
			"from": [ 14, 2, 15 ],
			"to": [ 15, 3, 16 ],
			"faces": {
				"down": { "uv": [ 14, 0, 15, 1 ], "texture": "#0", "cullface": "south" },
				"up": { "uv": [ 14, 15, 15, 16 ], "texture": "#0", "cullface": "south" },
				"north": { "uv": [ 1, 13, 2, 14 ], "texture": "#0", "cullface": "south" },
				"south": { "uv": [ 14, 13, 15, 14 ], "texture": "#0", "cullface": "south" },
				"west": { "uv": [ 15, 13, 16, 14 ], "texture": "#0", "cullface": "south" },
				"east": { "uv": [ 0, 13, 1, 14 ], "texture": "#0", "cullface": "south" }
			}
		},
		{
			"from": [ 13, 14, 15 ],
			"to": [ 14, 15, 16 ],
			"faces": {
				"down": { "uv": [ 13, 0, 14, 1 ], "texture": "#0", "cullface": "south" },
				"up": { "uv": [ 13, 15, 14, 16 ], "texture": "#0", "cullface": "south" },
				"north": { "uv": [ 2, 1, 3, 2 ], "texture": "#0", "cullface": "south" },
				"south": { "uv": [ 13, 1, 14, 2 ], "texture": "#0", "cullface": "south" },
				"west": { "uv": [ 15, 1, 16, 2 ], "texture": "#0", "cullface": "south" },
				"east": { "uv": [ 0, 1, 1, 2 ], "texture": "#0", "cullface": "south" }
			}
		},
		{
			"from": [ 14, 13, 15 ],
			"to": [ 15, 14, 16 ],
			"faces": {
				"down": { "uv": [ 14, 0, 15, 1 ], "texture": "#0", "cullface": "south" },
				"up": { "uv": [ 14, 15, 15, 16 ], "texture": "#0", "cullface": "south" },
				"north": { "uv": [ 1, 2, 2, 3 ], "texture": "#0", "cullface": "south" },
				"south": { "uv": [ 14, 2, 15, 3 ], "texture": "#0", "cullface": "south" },
				"west": { "uv": [ 15, 2, 16, 3 ], "texture": "#0", "cullface": "south" },
				"east": { "uv": [ 0, 2, 1, 3 ], "texture": "#0", "cullface": "south" }
			}
		},
		{
			"from": [ 2, 14, 15 ],
			"to": [ 3, 15, 16 ],
			"faces": {
				"down": { "uv": [ 2, 0, 3, 1 ], "texture": "#0", "cullface": "south" },
				"up": { "uv": [ 2, 15, 3, 16 ], "texture": "#0", "cullface": "south" },
				"north": { "uv": [ 13, 1, 14, 2 ], "texture": "#0", "cullface": "south" },
				"south": { "uv": [ 2, 1, 3, 2 ], "texture": "#0", "cullface": "south" },
				"west": { "uv": [ 15, 1, 16, 2 ], "texture": "#0", "cullface": "south" },
				"east": { "uv": [ 0, 1, 1, 2 ], "texture": "#0", "cullface": "south" }
			}
		},
		{
			"from": [ 1, 13, 15 ],
			"to": [ 2, 14, 16 ],
			"faces": {
				"down": { "uv": [ 1, 0, 2, 1 ], "texture": "#0", "cullface": "south" },
				"up": { "uv": [ 1, 15, 2, 16 ], "texture": "#0", "cullface": "south" },
				"north": { "uv": [ 14, 2, 15, 3 ], "texture": "#0", "cullface": "south" },
				"south": { "uv": [ 1, 2, 2, 3 ], "texture": "#0", "cullface": "south" },
				"west": { "uv": [ 15, 2, 16, 3 ], "texture": "#0", "cullface": "south" },
				"east": { "uv": [ 0, 2, 1, 3 ], "texture": "#0", "cullface": "south" }
			}
		},
		{
			"from": [ 0, 2, 1 ],
			"to": [ 1, 3, 2 ],
			"faces": {
				"down": { "uv": [ 0, 14, 1, 15 ], "texture": "#0", "cullface": "west" },
				"up": { "uv": [ 0, 1, 1, 2 ], "texture": "#0", "cullface": "west" },
				"north": { "uv": [ 15, 13, 16, 14 ], "texture": "#0", "cullface": "west" },
				"south": { "uv": [ 0, 13, 1, 14 ], "texture": "#0", "cullface": "west" },
				"west": { "uv": [ 1, 13, 2, 14 ], "texture": "#0", "cullface": "west" },
				"east": { "uv": [ 14, 13, 15, 14 ], "texture": "#0", "cullface": "west" }
			}
		},
		{
			"from": [ 0, 1, 2 ],
			"to": [ 1, 2, 3 ],
			"faces": {
				"down": { "uv": [ 0, 13, 1, 14 ], "texture": "#0", "cullface": "west" },
				"up": { "uv": [ 0, 2, 1, 3 ], "texture": "#0", "cullface": "west" },
				"north": { "uv": [ 15, 14, 16, 15 ], "texture": "#0", "cullface": "west" },
				"south": { "uv": [ 0, 14, 1, 15 ], "texture": "#0", "cullface": "west" },
				"west": { "uv": [ 2, 14, 3, 15 ], "texture": "#0", "cullface": "west" },
				"east": { "uv": [ 13, 14, 14, 15 ], "texture": "#0", "cullface": "west" }
			}
		},
		{
			"from": [ 0, 1, 7 ],
			"to": [ 1, 4, 9 ],
			"faces": {
				"down": { "uv": [ 0, 7, 1, 9 ], "texture": "#0", "cullface": "west" },
				"up": { "uv": [ 0, 7, 1, 9 ], "texture": "#0", "cullface": "west" },
				"north": { "uv": [ 15, 12, 16, 15 ], "texture": "#0", "cullface": "west" },
				"south": { "uv": [ 0, 12, 1, 15 ], "texture": "#0", "cullface": "west" },
				"west": { "uv": [ 7, 12, 9, 15 ], "texture": "#0", "cullface": "west" },
				"east": { "uv": [ 7, 12, 9, 15 ], "texture": "#0", "cullface": "west" }
			}
		},
		{
			"from": [ 0, 4, 6 ],
			"to": [ 1, 5, 7 ],
			"faces": {
				"down": { "uv": [ 0, 9, 1, 10 ], "texture": "#0", "cullface": "west" },
				"up": { "uv": [ 0, 6, 1, 7 ], "texture": "#0", "cullface": "west" },
				"north": { "uv": [ 15, 11, 16, 12 ], "texture": "#0", "cullface": "west" },
				"south": { "uv": [ 0, 11, 1, 12 ], "texture": "#0", "cullface": "west" },
				"west": { "uv": [ 6, 11, 7, 12 ], "texture": "#0", "cullface": "west" },
				"east": { "uv": [ 9, 11, 10, 12 ], "texture": "#0", "cullface": "west" }
			}
		},
		{
			"from": [ 0, 5, 5 ],
			"to": [ 1, 6, 6 ],
			"faces": {
				"down": { "uv": [ 0, 10, 1, 11 ], "texture": "#0", "cullface": "west" },
				"up": { "uv": [ 0, 5, 1, 6 ], "texture": "#0", "cullface": "west" },
				"north": { "uv": [ 15, 10, 16, 11 ], "texture": "#0", "cullface": "west" },
				"south": { "uv": [ 0, 10, 1, 11 ], "texture": "#0", "cullface": "west" },
				"west": { "uv": [ 5, 10, 6, 11 ], "texture": "#0", "cullface": "west" },
				"east": { "uv": [ 10, 10, 11, 11 ], "texture": "#0", "cullface": "west" }
			}
		},
		{
			"from": [ 0, 6, 4 ],
			"to": [ 1, 7, 5 ],
			"faces": {
				"down": { "uv": [ 0, 11, 1, 12 ], "texture": "#0", "cullface": "west" },
				"up": { "uv": [ 0, 4, 1, 5 ], "texture": "#0", "cullface": "west" },
				"north": { "uv": [ 15, 9, 16, 10 ], "texture": "#0", "cullface": "west" },
				"south": { "uv": [ 0, 9, 1, 10 ], "texture": "#0", "cullface": "west" },
				"west": { "uv": [ 4, 9, 5, 10 ], "texture": "#0", "cullface": "west" },
				"east": { "uv": [ 11, 9, 12, 10 ], "texture": "#0", "cullface": "west" }
			}
		},
		{
			"from": [ 0, 7, 1 ],
			"to": [ 1, 9, 4 ],
			"faces": {
				"down": { "uv": [ 0, 12, 1, 15 ], "texture": "#0", "cullface": "west" },
				"up": { "uv": [ 0, 1, 1, 4 ], "texture": "#0", "cullface": "west" },
				"north": { "uv": [ 15, 7, 16, 9 ], "texture": "#0", "cullface": "west" },
				"south": { "uv": [ 0, 7, 1, 9 ], "texture": "#0", "cullface": "west" },
				"west": { "uv": [ 1, 7, 4, 9 ], "texture": "#0", "cullface": "west" },
				"east": { "uv": [ 12, 7, 15, 9 ], "texture": "#0", "cullface": "west" }
			}
		},
		{
			"from": [ 0, 7, 12 ],
			"to": [ 1, 9, 15 ],
			"faces": {
				"down": { "uv": [ 0, 1, 1, 4 ], "texture": "#0", "cullface": "west" },
				"up": { "uv": [ 0, 12, 1, 15 ], "texture": "#0", "cullface": "west" },
				"north": { "uv": [ 15, 7, 16, 9 ], "texture": "#0", "cullface": "west" },
				"south": { "uv": [ 0, 7, 1, 9 ], "texture": "#0", "cullface": "west" },
				"west": { "uv": [ 12, 7, 15, 9 ], "texture": "#0", "cullface": "west" },
				"east": { "uv": [ 1, 7, 4, 9 ], "texture": "#0", "cullface": "west" }
			}
		},
		{
			"from": [ 0, 12, 7 ],
			"to": [ 1, 15, 9 ],
			"faces": {
				"down": { "uv": [ 0, 7, 1, 9 ], "texture": "#0", "cullface": "west" },
				"up": { "uv": [ 0, 7, 1, 9 ], "texture": "#0", "cullface": "west" },
				"north": { "uv": [ 15, 1, 16, 4 ], "texture": "#0", "cullface": "west" },
				"south": { "uv": [ 0, 1, 1, 4 ], "texture": "#0", "cullface": "west" },
				"west": { "uv": [ 7, 1, 9, 4 ], "texture": "#0", "cullface": "west" },
				"east": { "uv": [ 7, 1, 9, 4 ], "texture": "#0", "cullface": "west" }
			}
		},
		{
			"from": [ 0, 12, 7 ],
			"to": [ 1, 15, 9 ],
			"faces": {
				"down": { "uv": [ 0, 7, 1, 9 ], "texture": "#0", "cullface": "west" },
				"up": { "uv": [ 0, 7, 1, 9 ], "texture": "#0", "cullface": "west" },
				"north": { "uv": [ 15, 1, 16, 4 ], "texture": "#0", "cullface": "west" },
				"south": { "uv": [ 0, 1, 1, 4 ], "texture": "#0", "cullface": "west" },
				"west": { "uv": [ 7, 1, 9, 4 ], "texture": "#0", "cullface": "west" },
				"east": { "uv": [ 7, 1, 9, 4 ], "texture": "#0", "cullface": "west" }
			}
		},
		{
			"from": [ 0, 4, 9 ],
			"to": [ 1, 5, 10 ],
			"faces": {
				"down": { "uv": [ 0, 6, 1, 7 ], "texture": "#0", "cullface": "west" },
				"up": { "uv": [ 0, 9, 1, 10 ], "texture": "#0", "cullface": "west" },
				"north": { "uv": [ 15, 11, 16, 12 ], "texture": "#0", "cullface": "west" },
				"south": { "uv": [ 0, 11, 1, 12 ], "texture": "#0", "cullface": "west" },
				"west": { "uv": [ 9, 11, 10, 12 ], "texture": "#0", "cullface": "west" },
				"east": { "uv": [ 6, 11, 7, 12 ], "texture": "#0", "cullface": "west" }
			}
		},
		{
			"from": [ 0, 5, 10 ],
			"to": [ 1, 6, 11 ],
			"faces": {
				"down": { "uv": [ 0, 5, 1, 6 ], "texture": "#0", "cullface": "west" },
				"up": { "uv": [ 0, 10, 1, 11 ], "texture": "#0", "cullface": "west" },
				"north": { "uv": [ 15, 10, 16, 11 ], "texture": "#0", "cullface": "west" },
				"south": { "uv": [ 0, 10, 1, 11 ], "texture": "#0", "cullface": "west" },
				"west": { "uv": [ 10, 10, 11, 11 ], "texture": "#0", "cullface": "west" },
				"east": { "uv": [ 5, 10, 6, 11 ], "texture": "#0", "cullface": "west" }
			}
		},
		{
			"from": [ 0, 6, 11 ],
			"to": [ 1, 7, 12 ],
			"faces": {
				"down": { "uv": [ 0, 4, 1, 5 ], "texture": "#0", "cullface": "west" },
				"up": { "uv": [ 0, 11, 1, 12 ], "texture": "#0", "cullface": "west" },
				"north": { "uv": [ 15, 9, 16, 10 ], "texture": "#0", "cullface": "west" },
				"south": { "uv": [ 0, 9, 1, 10 ], "texture": "#0", "cullface": "west" },
				"west": { "uv": [ 11, 9, 12, 10 ], "texture": "#0", "cullface": "west" },
				"east": { "uv": [ 4, 9, 5, 10 ], "texture": "#0", "cullface": "west" }
			}
		},
		{
			"from": [ 0, 1, 7 ],
			"to": [ 1, 4, 9 ],
			"faces": {
				"down": { "uv": [ 0, 7, 1, 9 ], "texture": "#0", "cullface": "west" },
				"up": { "uv": [ 0, 7, 1, 9 ], "texture": "#0", "cullface": "west" },
				"north": { "uv": [ 15, 12, 16, 15 ], "texture": "#0", "cullface": "west" },
				"south": { "uv": [ 0, 12, 1, 15 ], "texture": "#0", "cullface": "west" },
				"west": { "uv": [ 7, 12, 9, 15 ], "texture": "#0", "cullface": "west" },
				"east": { "uv": [ 7, 12, 9, 15 ], "texture": "#0", "cullface": "west" }
			}
		},
		{
			"from": [ 0, 11, 9 ],
			"to": [ 1, 12, 10 ],
			"faces": {
				"down": { "uv": [ 0, 6, 1, 7 ], "texture": "#0", "cullface": "west" },
				"up": { "uv": [ 0, 9, 1, 10 ], "texture": "#0", "cullface": "west" },
				"north": { "uv": [ 15, 4, 16, 5 ], "texture": "#0", "cullface": "west" },
				"south": { "uv": [ 0, 4, 1, 5 ], "texture": "#0", "cullface": "west" },
				"west": { "uv": [ 9, 4, 10, 5 ], "texture": "#0", "cullface": "west" },
				"east": { "uv": [ 6, 4, 7, 5 ], "texture": "#0", "cullface": "west" }
			}
		},
		{
			"from": [ 0, 10, 10 ],
			"to": [ 1, 11, 11 ],
			"faces": {
				"down": { "uv": [ 0, 5, 1, 6 ], "texture": "#0", "cullface": "west" },
				"up": { "uv": [ 0, 10, 1, 11 ], "texture": "#0", "cullface": "west" },
				"north": { "uv": [ 15, 5, 16, 6 ], "texture": "#0", "cullface": "west" },
				"south": { "uv": [ 0, 5, 1, 6 ], "texture": "#0", "cullface": "west" },
				"west": { "uv": [ 10, 5, 11, 6 ], "texture": "#0", "cullface": "west" },
				"east": { "uv": [ 5, 5, 6, 6 ], "texture": "#0", "cullface": "west" }
			}
		},
		{
			"from": [ 0, 9, 11 ],
			"to": [ 1, 10, 12 ],
			"faces": {
				"down": { "uv": [ 0, 4, 1, 5 ], "texture": "#0", "cullface": "west" },
				"up": { "uv": [ 0, 11, 1, 12 ], "texture": "#0", "cullface": "west" },
				"north": { "uv": [ 15, 6, 16, 7 ], "texture": "#0", "cullface": "west" },
				"south": { "uv": [ 0, 6, 1, 7 ], "texture": "#0", "cullface": "west" },
				"west": { "uv": [ 11, 6, 12, 7 ], "texture": "#0", "cullface": "west" },
				"east": { "uv": [ 4, 6, 5, 7 ], "texture": "#0", "cullface": "west" }
			}
		},
		{
			"from": [ 0, 1, 7 ],
			"to": [ 1, 4, 9 ],
			"faces": {
				"down": { "uv": [ 0, 7, 1, 9 ], "texture": "#0", "cullface": "west" },
				"up": { "uv": [ 0, 7, 1, 9 ], "texture": "#0", "cullface": "west" },
				"north": { "uv": [ 15, 12, 16, 15 ], "texture": "#0", "cullface": "west" },
				"south": { "uv": [ 0, 12, 1, 15 ], "texture": "#0", "cullface": "west" },
				"west": { "uv": [ 7, 12, 9, 15 ], "texture": "#0", "cullface": "west" },
				"east": { "uv": [ 7, 12, 9, 15 ], "texture": "#0", "cullface": "west" }
			}
		},
		{
			"from": [ 0, 11, 6 ],
			"to": [ 1, 12, 7 ],
			"faces": {
				"down": { "uv": [ 0, 9, 1, 10 ], "texture": "#0", "cullface": "west" },
				"up": { "uv": [ 0, 6, 1, 7 ], "texture": "#0", "cullface": "west" },
				"north": { "uv": [ 15, 4, 16, 5 ], "texture": "#0", "cullface": "west" },
				"south": { "uv": [ 0, 4, 1, 5 ], "texture": "#0", "cullface": "west" },
				"west": { "uv": [ 6, 4, 7, 5 ], "texture": "#0", "cullface": "west" },
				"east": { "uv": [ 9, 4, 10, 5 ], "texture": "#0", "cullface": "west" }
			}
		},
		{
			"from": [ 0, 10, 5 ],
			"to": [ 1, 11, 6 ],
			"faces": {
				"down": { "uv": [ 0, 10, 1, 11 ], "texture": "#0", "cullface": "west" },
				"up": { "uv": [ 0, 5, 1, 6 ], "texture": "#0", "cullface": "west" },
				"north": { "uv": [ 15, 5, 16, 6 ], "texture": "#0", "cullface": "west" },
				"south": { "uv": [ 0, 5, 1, 6 ], "texture": "#0", "cullface": "west" },
				"west": { "uv": [ 5, 5, 6, 6 ], "texture": "#0", "cullface": "west" },
				"east": { "uv": [ 10, 5, 11, 6 ], "texture": "#0", "cullface": "west" }
			}
		},
		{
			"from": [ 0, 9, 4 ],
			"to": [ 1, 10, 5 ],
			"faces": {
				"down": { "uv": [ 0, 11, 1, 12 ], "texture": "#0", "cullface": "west" },
				"up": { "uv": [ 0, 4, 1, 5 ], "texture": "#0", "cullface": "west" },
				"north": { "uv": [ 15, 6, 16, 7 ], "texture": "#0", "cullface": "west" },
				"south": { "uv": [ 0, 6, 1, 7 ], "texture": "#0", "cullface": "west" },
				"west": { "uv": [ 4, 6, 5, 7 ], "texture": "#0", "cullface": "west" },
				"east": { "uv": [ 11, 6, 12, 7 ], "texture": "#0", "cullface": "west" }
			}
		},
		{
			"from": [ 0, 1, 13 ],
			"to": [ 1, 2, 14 ],
			"faces": {
				"down": { "uv": [ 0, 2, 1, 3 ], "texture": "#0", "cullface": "west" },
				"up": { "uv": [ 0, 13, 1, 14 ], "texture": "#0", "cullface": "west" },
				"north": { "uv": [ 15, 14, 16, 15 ], "texture": "#0", "cullface": "west" },
				"south": { "uv": [ 0, 14, 1, 15 ], "texture": "#0", "cullface": "west" },
				"west": { "uv": [ 13, 14, 14, 15 ], "texture": "#0", "cullface": "west" },
				"east": { "uv": [ 2, 14, 3, 15 ], "texture": "#0", "cullface": "west" }
			}
		},
		{
			"from": [ 0, 2, 14 ],
			"to": [ 1, 3, 15 ],
			"faces": {
				"down": { "uv": [ 0, 1, 1, 2 ], "texture": "#0", "cullface": "west" },
				"up": { "uv": [ 0, 14, 1, 15 ], "texture": "#0", "cullface": "west" },
				"north": { "uv": [ 15, 13, 16, 14 ], "texture": "#0", "cullface": "west" },
				"south": { "uv": [ 0, 13, 1, 14 ], "texture": "#0", "cullface": "west" },
				"west": { "uv": [ 14, 13, 15, 14 ], "texture": "#0", "cullface": "west" },
				"east": { "uv": [ 1, 13, 2, 14 ], "texture": "#0", "cullface": "west" }
			}
		},
		{
			"from": [ 0, 14, 13 ],
			"to": [ 1, 15, 14 ],
			"faces": {
				"down": { "uv": [ 0, 2, 1, 3 ], "texture": "#0", "cullface": "west" },
				"up": { "uv": [ 0, 13, 1, 14 ], "texture": "#0", "cullface": "west" },
				"north": { "uv": [ 15, 1, 16, 2 ], "texture": "#0", "cullface": "west" },
				"south": { "uv": [ 0, 1, 1, 2 ], "texture": "#0", "cullface": "west" },
				"west": { "uv": [ 13, 1, 14, 2 ], "texture": "#0", "cullface": "west" },
				"east": { "uv": [ 2, 1, 3, 2 ], "texture": "#0", "cullface": "west" }
			}
		},
		{
			"from": [ 0, 13, 14 ],
			"to": [ 1, 14, 15 ],
			"faces": {
				"down": { "uv": [ 0, 1, 1, 2 ], "texture": "#0", "cullface": "west" },
				"up": { "uv": [ 0, 14, 1, 15 ], "texture": "#0", "cullface": "west" },
				"north": { "uv": [ 15, 2, 16, 3 ], "texture": "#0", "cullface": "west" },
				"south": { "uv": [ 0, 2, 1, 3 ], "texture": "#0", "cullface": "west" },
				"west": { "uv": [ 14, 2, 15, 3 ], "texture": "#0", "cullface": "west" },
				"east": { "uv": [ 1, 2, 2, 3 ], "texture": "#0", "cullface": "west" }
			}
		},
		{
			"from": [ 0, 14, 2 ],
			"to": [ 1, 15, 3 ],
			"faces": {
				"down": { "uv": [ 0, 13, 1, 14 ], "texture": "#0", "cullface": "west" },
				"up": { "uv": [ 0, 2, 1, 3 ], "texture": "#0", "cullface": "west" },
				"north": { "uv": [ 15, 1, 16, 2 ], "texture": "#0", "cullface": "west" },
				"south": { "uv": [ 0, 1, 1, 2 ], "texture": "#0", "cullface": "west" },
				"west": { "uv": [ 2, 1, 3, 2 ], "texture": "#0", "cullface": "west" },
				"east": { "uv": [ 13, 1, 14, 2 ], "texture": "#0", "cullface": "west" }
			}
		},
		{
			"from": [ 0, 13, 1 ],
			"to": [ 1, 14, 2 ],
			"faces": {
				"down": { "uv": [ 0, 14, 1, 15 ], "texture": "#0", "cullface": "west" },
				"up": { "uv": [ 0, 1, 1, 2 ], "texture": "#0", "cullface": "west" },
				"north": { "uv": [ 15, 2, 16, 3 ], "texture": "#0", "cullface": "west" },
				"south": { "uv": [ 0, 2, 1, 3 ], "texture": "#0", "cullface": "west" },
				"west": { "uv": [ 1, 2, 2, 3 ], "texture": "#0", "cullface": "west" },
				"east": { "uv": [ 14, 2, 15, 3 ], "texture": "#0", "cullface": "west" }
			}
		},
		{
			"from": [ 15, 2, 1 ],
			"to": [ 16, 3, 2 ],
			"faces": {
				"down": { "uv": [ 15, 14, 16, 15 ], "texture": "#0", "cullface": "east" },
				"up": { "uv": [ 15, 1, 16, 2 ], "texture": "#0", "cullface": "east" },
				"north": { "uv": [ 0, 13, 1, 14 ], "texture": "#0", "cullface": "east" },
				"south": { "uv": [ 15, 13, 16, 14 ], "texture": "#0", "cullface": "east" },
				"west": { "uv": [ 1, 13, 2, 14 ], "texture": "#0", "cullface": "east" },
				"east": { "uv": [ 14, 13, 15, 14 ], "texture": "#0", "cullface": "east" }
			}
		},
		{
			"from": [ 15, 1, 2 ],
			"to": [ 16, 2, 3 ],
			"faces": {
				"down": { "uv": [ 15, 13, 16, 14 ], "texture": "#0", "cullface": "east" },
				"up": { "uv": [ 15, 2, 16, 3 ], "texture": "#0", "cullface": "east" },
				"north": { "uv": [ 0, 14, 1, 15 ], "texture": "#0", "cullface": "east" },
				"south": { "uv": [ 15, 14, 16, 15 ], "texture": "#0", "cullface": "east" },
				"west": { "uv": [ 2, 14, 3, 15 ], "texture": "#0", "cullface": "east" },
				"east": { "uv": [ 13, 14, 14, 15 ], "texture": "#0", "cullface": "east" }
			}
		},
		{
			"from": [ 15, 1, 7 ],
			"to": [ 16, 4, 9 ],
			"faces": {
				"down": { "uv": [ 15, 7, 16, 9 ], "texture": "#0", "cullface": "east" },
				"up": { "uv": [ 15, 7, 16, 9 ], "texture": "#0", "cullface": "east" },
				"north": { "uv": [ 0, 12, 1, 15 ], "texture": "#0", "cullface": "east" },
				"south": { "uv": [ 15, 12, 16, 15 ], "texture": "#0", "cullface": "east" },
				"west": { "uv": [ 7, 12, 9, 15 ], "texture": "#0", "cullface": "east" },
				"east": { "uv": [ 7, 12, 9, 15 ], "texture": "#0", "cullface": "east" }
			}
		},
		{
			"from": [ 15, 4, 6 ],
			"to": [ 16, 5, 7 ],
			"faces": {
				"down": { "uv": [ 15, 9, 16, 10 ], "texture": "#0", "cullface": "east" },
				"up": { "uv": [ 15, 6, 16, 7 ], "texture": "#0", "cullface": "east" },
				"north": { "uv": [ 0, 11, 1, 12 ], "texture": "#0", "cullface": "east" },
				"south": { "uv": [ 15, 11, 16, 12 ], "texture": "#0", "cullface": "east" },
				"west": { "uv": [ 6, 11, 7, 12 ], "texture": "#0", "cullface": "east" },
				"east": { "uv": [ 9, 11, 10, 12 ], "texture": "#0", "cullface": "east" }
			}
		},
		{
			"from": [ 15, 5, 5 ],
			"to": [ 16, 6, 6 ],
			"faces": {
				"down": { "uv": [ 15, 10, 16, 11 ], "texture": "#0", "cullface": "east" },
				"up": { "uv": [ 15, 5, 16, 6 ], "texture": "#0", "cullface": "east" },
				"north": { "uv": [ 0, 10, 1, 11 ], "texture": "#0", "cullface": "east" },
				"south": { "uv": [ 15, 10, 16, 11 ], "texture": "#0", "cullface": "east" },
				"west": { "uv": [ 5, 10, 6, 11 ], "texture": "#0", "cullface": "east" },
				"east": { "uv": [ 10, 10, 11, 11 ], "texture": "#0", "cullface": "east" }
			}
		},
		{
			"from": [ 15, 6, 4 ],
			"to": [ 16, 7, 5 ],
			"faces": {
				"down": { "uv": [ 15, 11, 16, 12 ], "texture": "#0", "cullface": "east" },
				"up": { "uv": [ 15, 4, 16, 5 ], "texture": "#0", "cullface": "east" },
				"north": { "uv": [ 0, 9, 1, 10 ], "texture": "#0", "cullface": "east" },
				"south": { "uv": [ 15, 9, 16, 10 ], "texture": "#0", "cullface": "east" },
				"west": { "uv": [ 4, 9, 5, 10 ], "texture": "#0", "cullface": "east" },
				"east": { "uv": [ 11, 9, 12, 10 ], "texture": "#0", "cullface": "east" }
			}
		},
		{
			"from": [ 15, 7, 1 ],
			"to": [ 16, 9, 4 ],
			"faces": {
				"down": { "uv": [ 15, 12, 16, 15 ], "texture": "#0", "cullface": "east" },
				"up": { "uv": [ 15, 1, 16, 4 ], "texture": "#0", "cullface": "east" },
				"north": { "uv": [ 0, 7, 1, 9 ], "texture": "#0", "cullface": "east" },
				"south": { "uv": [ 15, 7, 16, 9 ], "texture": "#0", "cullface": "east" },
				"west": { "uv": [ 1, 7, 4, 9 ], "texture": "#0", "cullface": "east" },
				"east": { "uv": [ 12, 7, 15, 9 ], "texture": "#0", "cullface": "east" }
			}
		},
		{
			"from": [ 15, 7, 12 ],
			"to": [ 16, 9, 15 ],
			"faces": {
				"down": { "uv": [ 15, 1, 16, 4 ], "texture": "#0", "cullface": "east" },
				"up": { "uv": [ 15, 12, 16, 15 ], "texture": "#0", "cullface": "east" },
				"north": { "uv": [ 0, 7, 1, 9 ], "texture": "#0", "cullface": "east" },
				"south": { "uv": [ 15, 7, 16, 9 ], "texture": "#0", "cullface": "east" },
				"west": { "uv": [ 12, 7, 15, 9 ], "texture": "#0", "cullface": "east" },
				"east": { "uv": [ 1, 7, 4, 9 ], "texture": "#0", "cullface": "east" }
			}
		},
		{
			"from": [ 15, 12, 7 ],
			"to": [ 16, 15, 9 ],
			"faces": {
				"down": { "uv": [ 15, 7, 16, 9 ], "texture": "#0", "cullface": "east" },
				"up": { "uv": [ 15, 7, 16, 9 ], "texture": "#0", "cullface": "east" },
				"north": { "uv": [ 0, 1, 1, 4 ], "texture": "#0", "cullface": "east" },
				"south": { "uv": [ 15, 1, 16, 4 ], "texture": "#0", "cullface": "east" },
				"west": { "uv": [ 7, 1, 9, 4 ], "texture": "#0", "cullface": "east" },
				"east": { "uv": [ 7, 1, 9, 4 ], "texture": "#0", "cullface": "east" }
			}
		},
		{
			"from": [ 15, 12, 7 ],
			"to": [ 16, 15, 9 ],
			"faces": {
				"down": { "uv": [ 15, 7, 16, 9 ], "texture": "#0", "cullface": "east" },
				"up": { "uv": [ 15, 7, 16, 9 ], "texture": "#0", "cullface": "east" },
				"north": { "uv": [ 0, 1, 1, 4 ], "texture": "#0", "cullface": "east" },
				"south": { "uv": [ 15, 1, 16, 4 ], "texture": "#0", "cullface": "east" },
				"west": { "uv": [ 7, 1, 9, 4 ], "texture": "#0", "cullface": "east" },
				"east": { "uv": [ 7, 1, 9, 4 ], "texture": "#0", "cullface": "east" }
			}
		},
		{
			"from": [ 15, 4, 9 ],
			"to": [ 16, 5, 10 ],
			"faces": {
				"down": { "uv": [ 15, 6, 16, 7 ], "texture": "#0", "cullface": "east" },
				"up": { "uv": [ 15, 9, 16, 10 ], "texture": "#0", "cullface": "east" },
				"north": { "uv": [ 0, 11, 1, 12 ], "texture": "#0", "cullface": "east" },
				"south": { "uv": [ 15, 11, 16, 12 ], "texture": "#0", "cullface": "east" },
				"west": { "uv": [ 9, 11, 10, 12 ], "texture": "#0", "cullface": "east" },
				"east": { "uv": [ 6, 11, 7, 12 ], "texture": "#0", "cullface": "east" }
			}
		},
		{
			"from": [ 15, 5, 10 ],
			"to": [ 16, 6, 11 ],
			"faces": {
				"down": { "uv": [ 15, 5, 16, 6 ], "texture": "#0", "cullface": "east" },
				"up": { "uv": [ 15, 10, 16, 11 ], "texture": "#0", "cullface": "east" },
				"north": { "uv": [ 0, 10, 1, 11 ], "texture": "#0", "cullface": "east" },
				"south": { "uv": [ 15, 10, 16, 11 ], "texture": "#0", "cullface": "east" },
				"west": { "uv": [ 10, 10, 11, 11 ], "texture": "#0", "cullface": "east" },
				"east": { "uv": [ 5, 10, 6, 11 ], "texture": "#0", "cullface": "east" }
			}
		},
		{
			"from": [ 15, 6, 11 ],
			"to": [ 16, 7, 12 ],
			"faces": {
				"down": { "uv": [ 15, 4, 16, 5 ], "texture": "#0", "cullface": "east" },
				"up": { "uv": [ 15, 11, 16, 12 ], "texture": "#0", "cullface": "east" },
				"north": { "uv": [ 0, 9, 1, 10 ], "texture": "#0", "cullface": "east" },
				"south": { "uv": [ 15, 9, 16, 10 ], "texture": "#0", "cullface": "east" },
				"west": { "uv": [ 11, 9, 12, 10 ], "texture": "#0", "cullface": "east" },
				"east": { "uv": [ 4, 9, 5, 10 ], "texture": "#0", "cullface": "east" }
			}
		},
		{
			"from": [ 15, 1, 7 ],
			"to": [ 16, 4, 9 ],
			"faces": {
				"down": { "uv": [ 15, 7, 16, 9 ], "texture": "#0", "cullface": "east" },
				"up": { "uv": [ 15, 7, 16, 9 ], "texture": "#0", "cullface": "east" },
				"north": { "uv": [ 0, 12, 1, 15 ], "texture": "#0", "cullface": "east" },
				"south": { "uv": [ 15, 12, 16, 15 ], "texture": "#0", "cullface": "east" },
				"west": { "uv": [ 7, 12, 9, 15 ], "texture": "#0", "cullface": "east" },
				"east": { "uv": [ 7, 12, 9, 15 ], "texture": "#0", "cullface": "east" }
			}
		},
		{
			"from": [ 15, 11, 9 ],
			"to": [ 16, 12, 10 ],
			"faces": {
				"down": { "uv": [ 15, 6, 16, 7 ], "texture": "#0", "cullface": "east" },
				"up": { "uv": [ 15, 9, 16, 10 ], "texture": "#0", "cullface": "east" },
				"north": { "uv": [ 0, 4, 1, 5 ], "texture": "#0", "cullface": "east" },
				"south": { "uv": [ 15, 4, 16, 5 ], "texture": "#0", "cullface": "east" },
				"west": { "uv": [ 9, 4, 10, 5 ], "texture": "#0", "cullface": "east" },
				"east": { "uv": [ 6, 4, 7, 5 ], "texture": "#0", "cullface": "east" }
			}
		},
		{
			"from": [ 15, 10, 10 ],
			"to": [ 16, 11, 11 ],
			"faces": {
				"down": { "uv": [ 15, 5, 16, 6 ], "texture": "#0", "cullface": "east" },
				"up": { "uv": [ 15, 10, 16, 11 ], "texture": "#0", "cullface": "east" },
				"north": { "uv": [ 0, 5, 1, 6 ], "texture": "#0", "cullface": "east" },
				"south": { "uv": [ 15, 5, 16, 6 ], "texture": "#0", "cullface": "east" },
				"west": { "uv": [ 10, 5, 11, 6 ], "texture": "#0", "cullface": "east" },
				"east": { "uv": [ 5, 5, 6, 6 ], "texture": "#0", "cullface": "east" }
			}
		},
		{
			"from": [ 15, 9, 11 ],
			"to": [ 16, 10, 12 ],
			"faces": {
				"down": { "uv": [ 15, 4, 16, 5 ], "texture": "#0", "cullface": "east" },
				"up": { "uv": [ 15, 11, 16, 12 ], "texture": "#0", "cullface": "east" },
				"north": { "uv": [ 0, 6, 1, 7 ], "texture": "#0", "cullface": "east" },
				"south": { "uv": [ 15, 6, 16, 7 ], "texture": "#0", "cullface": "east" },
				"west": { "uv": [ 11, 6, 12, 7 ], "texture": "#0", "cullface": "east" },
				"east": { "uv": [ 4, 6, 5, 7 ], "texture": "#0", "cullface": "east" }
			}
		},
		{
			"from": [ 15, 1, 7 ],
			"to": [ 16, 4, 9 ],
			"faces": {
				"down": { "uv": [ 15, 7, 16, 9 ], "texture": "#0", "cullface": "east" },
				"up": { "uv": [ 15, 7, 16, 9 ], "texture": "#0", "cullface": "east" },
				"north": { "uv": [ 0, 12, 1, 15 ], "texture": "#0", "cullface": "east" },
				"south": { "uv": [ 15, 12, 16, 15 ], "texture": "#0", "cullface": "east" },
				"west": { "uv": [ 7, 12, 9, 15 ], "texture": "#0", "cullface": "east" },
				"east": { "uv": [ 7, 12, 9, 15 ], "texture": "#0", "cullface": "east" }
			}
		},
		{
			"from": [ 15, 11, 6 ],
			"to": [ 16, 12, 7 ],
			"faces": {
				"down": { "uv": [ 15, 9, 16, 10 ], "texture": "#0", "cullface": "east" },
				"up": { "uv": [ 15, 6, 16, 7 ], "texture": "#0", "cullface": "east" },
				"north": { "uv": [ 0, 4, 1, 5 ], "texture": "#0", "cullface": "east" },
				"south": { "uv": [ 15, 4, 16, 5 ], "texture": "#0", "cullface": "east" },
				"west": { "uv": [ 6, 4, 7, 5 ], "texture": "#0", "cullface": "east" },
				"east": { "uv": [ 9, 4, 10, 5 ], "texture": "#0", "cullface": "east" }
			}
		},
		{
			"from": [ 15, 10, 5 ],
			"to": [ 16, 11, 6 ],
			"faces": {
				"down": { "uv": [ 15, 10, 16, 11 ], "texture": "#0", "cullface": "east" },
				"up": { "uv": [ 15, 5, 16, 6 ], "texture": "#0", "cullface": "east" },
				"north": { "uv": [ 0, 5, 1, 6 ], "texture": "#0", "cullface": "east" },
				"south": { "uv": [ 15, 5, 16, 6 ], "texture": "#0", "cullface": "east" },
				"west": { "uv": [ 5, 5, 6, 6 ], "texture": "#0", "cullface": "east" },
				"east": { "uv": [ 10, 5, 11, 6 ], "texture": "#0", "cullface": "east" }
			}
		},
		{
			"from": [ 15, 9, 4 ],
			"to": [ 16, 10, 5 ],
			"faces": {
				"down": { "uv": [ 15, 11, 16, 12 ], "texture": "#0", "cullface": "east" },
				"up": { "uv": [ 15, 4, 16, 5 ], "texture": "#0", "cullface": "east" },
				"north": { "uv": [ 0, 6, 1, 7 ], "texture": "#0", "cullface": "east" },
				"south": { "uv": [ 15, 6, 16, 7 ], "texture": "#0", "cullface": "east" },
				"west": { "uv": [ 4, 6, 5, 7 ], "texture": "#0", "cullface": "east" },
				"east": { "uv": [ 11, 6, 12, 7 ], "texture": "#0", "cullface": "east" }
			}
		},
		{
			"from": [ 15, 1, 13 ],
			"to": [ 16, 2, 14 ],
			"faces": {
				"down": { "uv": [ 15, 2, 16, 3 ], "texture": "#0", "cullface": "east" },
				"up": { "uv": [ 15, 13, 16, 14 ], "texture": "#0", "cullface": "east" },
				"north": { "uv": [ 0, 14, 1, 15 ], "texture": "#0", "cullface": "east" },
				"south": { "uv": [ 15, 14, 16, 15 ], "texture": "#0", "cullface": "east" },
				"west": { "uv": [ 13, 14, 14, 15 ], "texture": "#0", "cullface": "east" },
				"east": { "uv": [ 2, 14, 3, 15 ], "texture": "#0", "cullface": "east" }
			}
		},
		{
			"from": [ 15, 2, 14 ],
			"to": [ 16, 3, 15 ],
			"faces": {
				"down": { "uv": [ 15, 1, 16, 2 ], "texture": "#0", "cullface": "east" },
				"up": { "uv": [ 15, 14, 16, 15 ], "texture": "#0", "cullface": "east" },
				"north": { "uv": [ 0, 13, 1, 14 ], "texture": "#0", "cullface": "east" },
				"south": { "uv": [ 15, 13, 16, 14 ], "texture": "#0", "cullface": "east" },
				"west": { "uv": [ 14, 13, 15, 14 ], "texture": "#0", "cullface": "east" },
				"east": { "uv": [ 1, 13, 2, 14 ], "texture": "#0", "cullface": "east" }
			}
		},
		{
			"from": [ 15, 14, 13 ],
			"to": [ 16, 15, 14 ],
			"faces": {
				"down": { "uv": [ 15, 2, 16, 3 ], "texture": "#0", "cullface": "east" },
				"up": { "uv": [ 15, 13, 16, 14 ], "texture": "#0", "cullface": "east" },
				"north": { "uv": [ 0, 1, 1, 2 ], "texture": "#0", "cullface": "east" },
				"south": { "uv": [ 15, 1, 16, 2 ], "texture": "#0", "cullface": "east" },
				"west": { "uv": [ 13, 1, 14, 2 ], "texture": "#0", "cullface": "east" },
				"east": { "uv": [ 2, 1, 3, 2 ], "texture": "#0", "cullface": "east" }
			}
		},
		{
			"from": [ 15, 13, 14 ],
			"to": [ 16, 14, 15 ],
			"faces": {
				"down": { "uv": [ 15, 1, 16, 2 ], "texture": "#0", "cullface": "east" },
				"up": { "uv": [ 15, 14, 16, 15 ], "texture": "#0", "cullface": "east" },
				"north": { "uv": [ 0, 2, 1, 3 ], "texture": "#0", "cullface": "east" },
				"south": { "uv": [ 15, 2, 16, 3 ], "texture": "#0", "cullface": "east" },
				"west": { "uv": [ 14, 2, 15, 3 ], "texture": "#0", "cullface": "east" },
				"east": { "uv": [ 1, 2, 2, 3 ], "texture": "#0", "cullface": "east" }
			}
		},
		{
			"from": [ 15, 14, 2 ],
			"to": [ 16, 15, 3 ],
			"faces": {
				"down": { "uv": [ 15, 13, 16, 14 ], "texture": "#0", "cullface": "east" },
				"up": { "uv": [ 15, 2, 16, 3 ], "texture": "#0", "cullface": "east" },
				"north": { "uv": [ 0, 1, 1, 2 ], "texture": "#0", "cullface": "east" },
				"south": { "uv": [ 15, 1, 16, 2 ], "texture": "#0", "cullface": "east" },
				"west": { "uv": [ 2, 1, 3, 2 ], "texture": "#0", "cullface": "east" },
				"east": { "uv": [ 13, 1, 14, 2 ], "texture": "#0", "cullface": "east" }
			}
		},
		{
			"from": [ 15, 13, 1 ],
			"to": [ 16, 14, 2 ],
			"faces": {
				"down": { "uv": [ 15, 14, 16, 15 ], "texture": "#0", "cullface": "east" },
				"up": { "uv": [ 15, 1, 16, 2 ], "texture": "#0", "cullface": "east" },
				"north": { "uv": [ 0, 2, 1, 3 ], "texture": "#0", "cullface": "east" },
				"south": { "uv": [ 15, 2, 16, 3 ], "texture": "#0", "cullface": "east" },
				"west": { "uv": [ 1, 2, 2, 3 ], "texture": "#0", "cullface": "east" },
				"east": { "uv": [ 14, 2, 15, 3 ], "texture": "#0", "cullface": "east" }
			}
		},
		{
			"from": [ 13, 15, 1 ],
			"to": [ 14, 16, 2 ],
			"faces": {
				"down": { "uv": [ 13, 14, 14, 15 ], "texture": "#0", "cullface": "up" },
				"up": { "uv": [ 13, 1, 14, 2 ], "texture": "#0", "cullface": "up" },
				"north": { "uv": [ 2, 0, 3, 1 ], "texture": "#0", "cullface": "up" },
				"south": { "uv": [ 13, 0, 14, 1 ], "texture": "#0", "cullface": "up" },
				"west": { "uv": [ 1, 0, 2, 1 ], "texture": "#0", "cullface": "up" },
				"east": { "uv": [ 14, 0, 15, 1 ], "texture": "#0", "cullface": "up" }
			}
		},
		{
			"from": [ 14, 15, 2 ],
			"to": [ 15, 16, 3 ],
			"faces": {
				"down": { "uv": [ 14, 13, 15, 14 ], "texture": "#0", "cullface": "up" },
				"up": { "uv": [ 14, 2, 15, 3 ], "texture": "#0", "cullface": "up" },
				"north": { "uv": [ 1, 0, 2, 1 ], "texture": "#0", "cullface": "up" },
				"south": { "uv": [ 14, 0, 15, 1 ], "texture": "#0", "cullface": "up" },
				"west": { "uv": [ 2, 0, 3, 1 ], "texture": "#0", "cullface": "up" },
				"east": { "uv": [ 13, 0, 14, 1 ], "texture": "#0", "cullface": "up" }
			}
		},
		{
			"from": [ 12, 15, 7 ],
			"to": [ 15, 16, 9 ],
			"faces": {
				"down": { "uv": [ 12, 7, 15, 9 ], "texture": "#0", "cullface": "up" },
				"up": { "uv": [ 12, 7, 15, 9 ], "texture": "#0", "cullface": "up" },
				"north": { "uv": [ 1, 0, 4, 1 ], "texture": "#0", "cullface": "up" },
				"south": { "uv": [ 12, 0, 15, 1 ], "texture": "#0", "cullface": "up" },
				"west": { "uv": [ 7, 0, 9, 1 ], "texture": "#0", "cullface": "up" },
				"east": { "uv": [ 7, 0, 9, 1 ], "texture": "#0", "cullface": "up" }
			}
		},
		{
			"from": [ 11, 15, 6 ],
			"to": [ 12, 16, 7 ],
			"faces": {
				"down": { "uv": [ 11, 9, 12, 10 ], "texture": "#0", "cullface": "up" },
				"up": { "uv": [ 11, 6, 12, 7 ], "texture": "#0", "cullface": "up" },
				"north": { "uv": [ 4, 0, 5, 1 ], "texture": "#0", "cullface": "up" },
				"south": { "uv": [ 11, 0, 12, 1 ], "texture": "#0", "cullface": "up" },
				"west": { "uv": [ 6, 0, 7, 1 ], "texture": "#0", "cullface": "up" },
				"east": { "uv": [ 9, 0, 10, 1 ], "texture": "#0", "cullface": "up" }
			}
		},
		{
			"from": [ 10, 15, 5 ],
			"to": [ 11, 16, 6 ],
			"faces": {
				"down": { "uv": [ 10, 10, 11, 11 ], "texture": "#0", "cullface": "up" },
				"up": { "uv": [ 10, 5, 11, 6 ], "texture": "#0", "cullface": "up" },
				"north": { "uv": [ 5, 0, 6, 1 ], "texture": "#0", "cullface": "up" },
				"south": { "uv": [ 10, 0, 11, 1 ], "texture": "#0", "cullface": "up" },
				"west": { "uv": [ 5, 0, 6, 1 ], "texture": "#0", "cullface": "up" },
				"east": { "uv": [ 10, 0, 11, 1 ], "texture": "#0", "cullface": "up" }
			}
		},
		{
			"from": [ 9, 15, 4 ],
			"to": [ 10, 16, 5 ],
			"faces": {
				"down": { "uv": [ 9, 11, 10, 12 ], "texture": "#0", "cullface": "up" },
				"up": { "uv": [ 9, 4, 10, 5 ], "texture": "#0", "cullface": "up" },
				"north": { "uv": [ 6, 0, 7, 1 ], "texture": "#0", "cullface": "up" },
				"south": { "uv": [ 9, 0, 10, 1 ], "texture": "#0", "cullface": "up" },
				"west": { "uv": [ 4, 0, 5, 1 ], "texture": "#0", "cullface": "up" },
				"east": { "uv": [ 11, 0, 12, 1 ], "texture": "#0", "cullface": "up" }
			}
		},
		{
			"from": [ 7, 15, 1 ],
			"to": [ 9, 16, 4 ],
			"faces": {
				"down": { "uv": [ 7, 12, 9, 15 ], "texture": "#0", "cullface": "up" },
				"up": { "uv": [ 7, 1, 9, 4 ], "texture": "#0", "cullface": "up" },
				"north": { "uv": [ 7, 0, 9, 1 ], "texture": "#0", "cullface": "up" },
				"south": { "uv": [ 7, 0, 9, 1 ], "texture": "#0", "cullface": "up" },
				"west": { "uv": [ 1, 0, 4, 1 ], "texture": "#0", "cullface": "up" },
				"east": { "uv": [ 12, 0, 15, 1 ], "texture": "#0", "cullface": "up" }
			}
		},
		{
			"from": [ 7, 15, 12 ],
			"to": [ 9, 16, 15 ],
			"faces": {
				"down": { "uv": [ 7, 1, 9, 4 ], "texture": "#0", "cullface": "up" },
				"up": { "uv": [ 7, 12, 9, 15 ], "texture": "#0", "cullface": "up" },
				"north": { "uv": [ 7, 0, 9, 1 ], "texture": "#0", "cullface": "up" },
				"south": { "uv": [ 7, 0, 9, 1 ], "texture": "#0", "cullface": "up" },
				"west": { "uv": [ 12, 0, 15, 1 ], "texture": "#0", "cullface": "up" },
				"east": { "uv": [ 1, 0, 4, 1 ], "texture": "#0", "cullface": "up" }
			}
		},
		{
			"from": [ 1, 15, 7 ],
			"to": [ 4, 16, 9 ],
			"faces": {
				"down": { "uv": [ 1, 7, 4, 9 ], "texture": "#0", "cullface": "up" },
				"up": { "uv": [ 1, 7, 4, 9 ], "texture": "#0", "cullface": "up" },
				"north": { "uv": [ 12, 0, 15, 1 ], "texture": "#0", "cullface": "up" },
				"south": { "uv": [ 1, 0, 4, 1 ], "texture": "#0", "cullface": "up" },
				"west": { "uv": [ 7, 0, 9, 1 ], "texture": "#0", "cullface": "up" },
				"east": { "uv": [ 7, 0, 9, 1 ], "texture": "#0", "cullface": "up" }
			}
		},
		{
			"from": [ 1, 15, 7 ],
			"to": [ 4, 16, 9 ],
			"faces": {
				"down": { "uv": [ 1, 7, 4, 9 ], "texture": "#0", "cullface": "up" },
				"up": { "uv": [ 1, 7, 4, 9 ], "texture": "#0", "cullface": "up" },
				"north": { "uv": [ 12, 0, 15, 1 ], "texture": "#0", "cullface": "up" },
				"south": { "uv": [ 1, 0, 4, 1 ], "texture": "#0", "cullface": "up" },
				"west": { "uv": [ 7, 0, 9, 1 ], "texture": "#0", "cullface": "up" },
				"east": { "uv": [ 7, 0, 9, 1 ], "texture": "#0", "cullface": "up" }
			}
		},
		{
			"from": [ 11, 15, 9 ],
			"to": [ 12, 16, 10 ],
			"faces": {
				"down": { "uv": [ 11, 6, 12, 7 ], "texture": "#0", "cullface": "up" },
				"up": { "uv": [ 11, 9, 12, 10 ], "texture": "#0", "cullface": "up" },
				"north": { "uv": [ 4, 0, 5, 1 ], "texture": "#0", "cullface": "up" },
				"south": { "uv": [ 11, 0, 12, 1 ], "texture": "#0", "cullface": "up" },
				"west": { "uv": [ 9, 0, 10, 1 ], "texture": "#0", "cullface": "up" },
				"east": { "uv": [ 6, 0, 7, 1 ], "texture": "#0", "cullface": "up" }
			}
		},
		{
			"from": [ 10, 15, 10 ],
			"to": [ 11, 16, 11 ],
			"faces": {
				"down": { "uv": [ 10, 5, 11, 6 ], "texture": "#0", "cullface": "up" },
				"up": { "uv": [ 10, 10, 11, 11 ], "texture": "#0", "cullface": "up" },
				"north": { "uv": [ 5, 0, 6, 1 ], "texture": "#0", "cullface": "up" },
				"south": { "uv": [ 10, 0, 11, 1 ], "texture": "#0", "cullface": "up" },
				"west": { "uv": [ 10, 0, 11, 1 ], "texture": "#0", "cullface": "up" },
				"east": { "uv": [ 5, 0, 6, 1 ], "texture": "#0", "cullface": "up" }
			}
		},
		{
			"from": [ 9, 15, 11 ],
			"to": [ 10, 16, 12 ],
			"faces": {
				"down": { "uv": [ 9, 4, 10, 5 ], "texture": "#0", "cullface": "up" },
				"up": { "uv": [ 9, 11, 10, 12 ], "texture": "#0", "cullface": "up" },
				"north": { "uv": [ 6, 0, 7, 1 ], "texture": "#0", "cullface": "up" },
				"south": { "uv": [ 9, 0, 10, 1 ], "texture": "#0", "cullface": "up" },
				"west": { "uv": [ 11, 0, 12, 1 ], "texture": "#0", "cullface": "up" },
				"east": { "uv": [ 4, 0, 5, 1 ], "texture": "#0", "cullface": "up" }
			}
		},
		{
			"from": [ 12, 15, 7 ],
			"to": [ 15, 16, 9 ],
			"faces": {
				"down": { "uv": [ 12, 7, 15, 9 ], "texture": "#0", "cullface": "up" },
				"up": { "uv": [ 12, 7, 15, 9 ], "texture": "#0", "cullface": "up" },
				"north": { "uv": [ 1, 0, 4, 1 ], "texture": "#0", "cullface": "up" },
				"south": { "uv": [ 12, 0, 15, 1 ], "texture": "#0", "cullface": "up" },
				"west": { "uv": [ 7, 0, 9, 1 ], "texture": "#0", "cullface": "up" },
				"east": { "uv": [ 7, 0, 9, 1 ], "texture": "#0", "cullface": "up" }
			}
		},
		{
			"from": [ 4, 15, 9 ],
			"to": [ 5, 16, 10 ],
			"faces": {
				"down": { "uv": [ 4, 6, 5, 7 ], "texture": "#0", "cullface": "up" },
				"up": { "uv": [ 4, 9, 5, 10 ], "texture": "#0", "cullface": "up" },
				"north": { "uv": [ 11, 0, 12, 1 ], "texture": "#0", "cullface": "up" },
				"south": { "uv": [ 4, 0, 5, 1 ], "texture": "#0", "cullface": "up" },
				"west": { "uv": [ 9, 0, 10, 1 ], "texture": "#0", "cullface": "up" },
				"east": { "uv": [ 6, 0, 7, 1 ], "texture": "#0", "cullface": "up" }
			}
		},
		{
			"from": [ 5, 15, 10 ],
			"to": [ 6, 16, 11 ],
			"faces": {
				"down": { "uv": [ 5, 5, 6, 6 ], "texture": "#0", "cullface": "up" },
				"up": { "uv": [ 5, 10, 6, 11 ], "texture": "#0", "cullface": "up" },
				"north": { "uv": [ 10, 0, 11, 1 ], "texture": "#0", "cullface": "up" },
				"south": { "uv": [ 5, 0, 6, 1 ], "texture": "#0", "cullface": "up" },
				"west": { "uv": [ 10, 0, 11, 1 ], "texture": "#0", "cullface": "up" },
				"east": { "uv": [ 5, 0, 6, 1 ], "texture": "#0", "cullface": "up" }
			}
		},
		{
			"from": [ 6, 15, 11 ],
			"to": [ 7, 16, 12 ],
			"faces": {
				"down": { "uv": [ 6, 4, 7, 5 ], "texture": "#0", "cullface": "up" },
				"up": { "uv": [ 6, 11, 7, 12 ], "texture": "#0", "cullface": "up" },
				"north": { "uv": [ 9, 0, 10, 1 ], "texture": "#0", "cullface": "up" },
				"south": { "uv": [ 6, 0, 7, 1 ], "texture": "#0", "cullface": "up" },
				"west": { "uv": [ 11, 0, 12, 1 ], "texture": "#0", "cullface": "up" },
				"east": { "uv": [ 4, 0, 5, 1 ], "texture": "#0", "cullface": "up" }
			}
		},
		{
			"from": [ 12, 15, 7 ],
			"to": [ 15, 16, 9 ],
			"faces": {
				"down": { "uv": [ 12, 7, 15, 9 ], "texture": "#0", "cullface": "up" },
				"up": { "uv": [ 12, 7, 15, 9 ], "texture": "#0", "cullface": "up" },
				"north": { "uv": [ 1, 0, 4, 1 ], "texture": "#0", "cullface": "up" },
				"south": { "uv": [ 12, 0, 15, 1 ], "texture": "#0", "cullface": "up" },
				"west": { "uv": [ 7, 0, 9, 1 ], "texture": "#0", "cullface": "up" },
				"east": { "uv": [ 7, 0, 9, 1 ], "texture": "#0", "cullface": "up" }
			}
		},
		{
			"from": [ 4, 15, 6 ],
			"to": [ 5, 16, 7 ],
			"faces": {
				"down": { "uv": [ 4, 9, 5, 10 ], "texture": "#0", "cullface": "up" },
				"up": { "uv": [ 4, 6, 5, 7 ], "texture": "#0", "cullface": "up" },
				"north": { "uv": [ 11, 0, 12, 1 ], "texture": "#0", "cullface": "up" },
				"south": { "uv": [ 4, 0, 5, 1 ], "texture": "#0", "cullface": "up" },
				"west": { "uv": [ 6, 0, 7, 1 ], "texture": "#0", "cullface": "up" },
				"east": { "uv": [ 9, 0, 10, 1 ], "texture": "#0", "cullface": "up" }
			}
		},
		{
			"from": [ 5, 15, 5 ],
			"to": [ 6, 16, 6 ],
			"faces": {
				"down": { "uv": [ 5, 10, 6, 11 ], "texture": "#0", "cullface": "up" },
				"up": { "uv": [ 5, 5, 6, 6 ], "texture": "#0", "cullface": "up" },
				"north": { "uv": [ 10, 0, 11, 1 ], "texture": "#0", "cullface": "up" },
				"south": { "uv": [ 5, 0, 6, 1 ], "texture": "#0", "cullface": "up" },
				"west": { "uv": [ 5, 0, 6, 1 ], "texture": "#0", "cullface": "up" },
				"east": { "uv": [ 10, 0, 11, 1 ], "texture": "#0", "cullface": "up" }
			}
		},
		{
			"from": [ 6, 15, 4 ],
			"to": [ 7, 16, 5 ],
			"faces": {
				"down": { "uv": [ 6, 11, 7, 12 ], "texture": "#0", "cullface": "up" },
				"up": { "uv": [ 6, 4, 7, 5 ], "texture": "#0", "cullface": "up" },
				"north": { "uv": [ 9, 0, 10, 1 ], "texture": "#0", "cullface": "up" },
				"south": { "uv": [ 6, 0, 7, 1 ], "texture": "#0", "cullface": "up" },
				"west": { "uv": [ 4, 0, 5, 1 ], "texture": "#0", "cullface": "up" },
				"east": { "uv": [ 11, 0, 12, 1 ], "texture": "#0", "cullface": "up" }
			}
		},
		{
			"from": [ 14, 15, 13 ],
			"to": [ 15, 16, 14 ],
			"faces": {
				"down": { "uv": [ 14, 2, 15, 3 ], "texture": "#0", "cullface": "up" },
				"up": { "uv": [ 14, 13, 15, 14 ], "texture": "#0", "cullface": "up" },
				"north": { "uv": [ 1, 0, 2, 1 ], "texture": "#0", "cullface": "up" },
				"south": { "uv": [ 14, 0, 15, 1 ], "texture": "#0", "cullface": "up" },
				"west": { "uv": [ 13, 0, 14, 1 ], "texture": "#0", "cullface": "up" },
				"east": { "uv": [ 2, 0, 3, 1 ], "texture": "#0", "cullface": "up" }
			}
		},
		{
			"from": [ 13, 15, 14 ],
			"to": [ 14, 16, 15 ],
			"faces": {
				"down": { "uv": [ 13, 1, 14, 2 ], "texture": "#0", "cullface": "up" },
				"up": { "uv": [ 13, 14, 14, 15 ], "texture": "#0", "cullface": "up" },
				"north": { "uv": [ 2, 0, 3, 1 ], "texture": "#0", "cullface": "up" },
				"south": { "uv": [ 13, 0, 14, 1 ], "texture": "#0", "cullface": "up" },
				"west": { "uv": [ 14, 0, 15, 1 ], "texture": "#0", "cullface": "up" },
				"east": { "uv": [ 1, 0, 2, 1 ], "texture": "#0", "cullface": "up" }
			}
		},
		{
			"from": [ 1, 15, 13 ],
			"to": [ 2, 16, 14 ],
			"faces": {
				"down": { "uv": [ 1, 2, 2, 3 ], "texture": "#0", "cullface": "up" },
				"up": { "uv": [ 1, 13, 2, 14 ], "texture": "#0", "cullface": "up" },
				"north": { "uv": [ 14, 0, 15, 1 ], "texture": "#0", "cullface": "up" },
				"south": { "uv": [ 1, 0, 2, 1 ], "texture": "#0", "cullface": "up" },
				"west": { "uv": [ 13, 0, 14, 1 ], "texture": "#0", "cullface": "up" },
				"east": { "uv": [ 2, 0, 3, 1 ], "texture": "#0", "cullface": "up" }
			}
		},
		{
			"from": [ 2, 15, 14 ],
			"to": [ 3, 16, 15 ],
			"faces": {
				"down": { "uv": [ 2, 1, 3, 2 ], "texture": "#0", "cullface": "up" },
				"up": { "uv": [ 2, 14, 3, 15 ], "texture": "#0", "cullface": "up" },
				"north": { "uv": [ 13, 0, 14, 1 ], "texture": "#0", "cullface": "up" },
				"south": { "uv": [ 2, 0, 3, 1 ], "texture": "#0", "cullface": "up" },
				"west": { "uv": [ 14, 0, 15, 1 ], "texture": "#0", "cullface": "up" },
				"east": { "uv": [ 1, 0, 2, 1 ], "texture": "#0", "cullface": "up" }
			}
		},
		{
			"from": [ 1, 15, 2 ],
			"to": [ 2, 16, 3 ],
			"faces": {
				"down": { "uv": [ 1, 13, 2, 14 ], "texture": "#0", "cullface": "up" },
				"up": { "uv": [ 1, 2, 2, 3 ], "texture": "#0", "cullface": "up" },
				"north": { "uv": [ 14, 0, 15, 1 ], "texture": "#0", "cullface": "up" },
				"south": { "uv": [ 1, 0, 2, 1 ], "texture": "#0", "cullface": "up" },
				"west": { "uv": [ 2, 0, 3, 1 ], "texture": "#0", "cullface": "up" },
				"east": { "uv": [ 13, 0, 14, 1 ], "texture": "#0", "cullface": "up" }
			}
		},
		{
			"from": [ 2, 15, 1 ],
			"to": [ 3, 16, 2 ],
			"faces": {
				"down": { "uv": [ 2, 14, 3, 15 ], "texture": "#0", "cullface": "up" },
				"up": { "uv": [ 2, 1, 3, 2 ], "texture": "#0", "cullface": "up" },
				"north": { "uv": [ 13, 0, 14, 1 ], "texture": "#0", "cullface": "up" },
				"south": { "uv": [ 2, 0, 3, 1 ], "texture": "#0", "cullface": "up" },
				"west": { "uv": [ 1, 0, 2, 1 ], "texture": "#0", "cullface": "up" },
				"east": { "uv": [ 14, 0, 15, 1 ], "texture": "#0", "cullface": "up" }
			}
		},
		{
			"from": [ 13, 0, 1 ],
			"to": [ 14, 1, 2 ],
			"faces": {
				"down": { "uv": [ 13, 14, 14, 15 ], "texture": "#0", "cullface": "down" },
				"up": { "uv": [ 13, 1, 14, 2 ], "texture": "#0", "cullface": "down" },
				"north": { "uv": [ 2, 15, 3, 16 ], "texture": "#0", "cullface": "down" },
				"south": { "uv": [ 13, 15, 14, 16 ], "texture": "#0", "cullface": "down" },
				"west": { "uv": [ 1, 15, 2, 16 ], "texture": "#0", "cullface": "down" },
				"east": { "uv": [ 14, 15, 15, 16 ], "texture": "#0", "cullface": "down" }
			}
		},
		{
			"from": [ 14, 0, 2 ],
			"to": [ 15, 1, 3 ],
			"faces": {
				"down": { "uv": [ 14, 13, 15, 14 ], "texture": "#0", "cullface": "down" },
				"up": { "uv": [ 14, 2, 15, 3 ], "texture": "#0", "cullface": "down" },
				"north": { "uv": [ 1, 15, 2, 16 ], "texture": "#0", "cullface": "down" },
				"south": { "uv": [ 14, 15, 15, 16 ], "texture": "#0", "cullface": "down" },
				"west": { "uv": [ 2, 15, 3, 16 ], "texture": "#0", "cullface": "down" },
				"east": { "uv": [ 13, 15, 14, 16 ], "texture": "#0", "cullface": "down" }
			}
		},
		{
			"from": [ 12, 0, 7 ],
			"to": [ 15, 1, 9 ],
			"faces": {
				"down": { "uv": [ 12, 7, 15, 9 ], "texture": "#0", "cullface": "down" },
				"up": { "uv": [ 12, 7, 15, 9 ], "texture": "#0", "cullface": "down" },
				"north": { "uv": [ 1, 15, 4, 16 ], "texture": "#0", "cullface": "down" },
				"south": { "uv": [ 12, 15, 15, 16 ], "texture": "#0", "cullface": "down" },
				"west": { "uv": [ 7, 15, 9, 16 ], "texture": "#0", "cullface": "down" },
				"east": { "uv": [ 7, 15, 9, 16 ], "texture": "#0", "cullface": "down" }
			}
		},
		{
			"from": [ 11, 0, 6 ],
			"to": [ 12, 1, 7 ],
			"faces": {
				"down": { "uv": [ 11, 9, 12, 10 ], "texture": "#0", "cullface": "down" },
				"up": { "uv": [ 11, 6, 12, 7 ], "texture": "#0", "cullface": "down" },
				"north": { "uv": [ 4, 15, 5, 16 ], "texture": "#0", "cullface": "down" },
				"south": { "uv": [ 11, 15, 12, 16 ], "texture": "#0", "cullface": "down" },
				"west": { "uv": [ 6, 15, 7, 16 ], "texture": "#0", "cullface": "down" },
				"east": { "uv": [ 9, 15, 10, 16 ], "texture": "#0", "cullface": "down" }
			}
		},
		{
			"from": [ 10, 0, 5 ],
			"to": [ 11, 1, 6 ],
			"faces": {
				"down": { "uv": [ 10, 10, 11, 11 ], "texture": "#0", "cullface": "down" },
				"up": { "uv": [ 10, 5, 11, 6 ], "texture": "#0", "cullface": "down" },
				"north": { "uv": [ 5, 15, 6, 16 ], "texture": "#0", "cullface": "down" },
				"south": { "uv": [ 10, 15, 11, 16 ], "texture": "#0", "cullface": "down" },
				"west": { "uv": [ 5, 15, 6, 16 ], "texture": "#0", "cullface": "down" },
				"east": { "uv": [ 10, 15, 11, 16 ], "texture": "#0", "cullface": "down" }
			}
		},
		{
			"from": [ 9, 0, 4 ],
			"to": [ 10, 1, 5 ],
			"faces": {
				"down": { "uv": [ 9, 11, 10, 12 ], "texture": "#0", "cullface": "down" },
				"up": { "uv": [ 9, 4, 10, 5 ], "texture": "#0", "cullface": "down" },
				"north": { "uv": [ 6, 15, 7, 16 ], "texture": "#0", "cullface": "down" },
				"south": { "uv": [ 9, 15, 10, 16 ], "texture": "#0", "cullface": "down" },
				"west": { "uv": [ 4, 15, 5, 16 ], "texture": "#0", "cullface": "down" },
				"east": { "uv": [ 11, 15, 12, 16 ], "texture": "#0", "cullface": "down" }
			}
		},
		{
			"from": [ 7, 0, 1 ],
			"to": [ 9, 1, 4 ],
			"faces": {
				"down": { "uv": [ 7, 12, 9, 15 ], "texture": "#0", "cullface": "down" },
				"up": { "uv": [ 7, 1, 9, 4 ], "texture": "#0", "cullface": "down" },
				"north": { "uv": [ 7, 15, 9, 16 ], "texture": "#0", "cullface": "down" },
				"south": { "uv": [ 7, 15, 9, 16 ], "texture": "#0", "cullface": "down" },
				"west": { "uv": [ 1, 15, 4, 16 ], "texture": "#0", "cullface": "down" },
				"east": { "uv": [ 12, 15, 15, 16 ], "texture": "#0", "cullface": "down" }
			}
		},
		{
			"from": [ 7, 0, 12 ],
			"to": [ 9, 1, 15 ],
			"faces": {
				"down": { "uv": [ 7, 1, 9, 4 ], "texture": "#0", "cullface": "down" },
				"up": { "uv": [ 7, 12, 9, 15 ], "texture": "#0", "cullface": "down" },
				"north": { "uv": [ 7, 15, 9, 16 ], "texture": "#0", "cullface": "down" },
				"south": { "uv": [ 7, 15, 9, 16 ], "texture": "#0", "cullface": "down" },
				"west": { "uv": [ 12, 15, 15, 16 ], "texture": "#0", "cullface": "down" },
				"east": { "uv": [ 1, 15, 4, 16 ], "texture": "#0", "cullface": "down" }
			}
		},
		{
			"from": [ 1, 0, 7 ],
			"to": [ 4, 1, 9 ],
			"faces": {
				"down": { "uv": [ 1, 7, 4, 9 ], "texture": "#0", "cullface": "down" },
				"up": { "uv": [ 1, 7, 4, 9 ], "texture": "#0", "cullface": "down" },
				"north": { "uv": [ 12, 15, 15, 16 ], "texture": "#0", "cullface": "down" },
				"south": { "uv": [ 1, 15, 4, 16 ], "texture": "#0", "cullface": "down" },
				"west": { "uv": [ 7, 15, 9, 16 ], "texture": "#0", "cullface": "down" },
				"east": { "uv": [ 7, 15, 9, 16 ], "texture": "#0", "cullface": "down" }
			}
		},
		{
			"from": [ 1, 0, 7 ],
			"to": [ 4, 1, 9 ],
			"faces": {
				"down": { "uv": [ 1, 7, 4, 9 ], "texture": "#0", "cullface": "down" },
				"up": { "uv": [ 1, 7, 4, 9 ], "texture": "#0", "cullface": "down" },
				"north": { "uv": [ 12, 15, 15, 16 ], "texture": "#0", "cullface": "down" },
				"south": { "uv": [ 1, 15, 4, 16 ], "texture": "#0", "cullface": "down" },
				"west": { "uv": [ 7, 15, 9, 16 ], "texture": "#0", "cullface": "down" },
				"east": { "uv": [ 7, 15, 9, 16 ], "texture": "#0", "cullface": "down" }
			}
		},
		{
			"from": [ 11, 0, 9 ],
			"to": [ 12, 1, 10 ],
			"faces": {
				"down": { "uv": [ 11, 6, 12, 7 ], "texture": "#0", "cullface": "down" },
				"up": { "uv": [ 11, 9, 12, 10 ], "texture": "#0", "cullface": "down" },
				"north": { "uv": [ 4, 15, 5, 16 ], "texture": "#0", "cullface": "down" },
				"south": { "uv": [ 11, 15, 12, 16 ], "texture": "#0", "cullface": "down" },
				"west": { "uv": [ 9, 15, 10, 16 ], "texture": "#0", "cullface": "down" },
				"east": { "uv": [ 6, 15, 7, 16 ], "texture": "#0", "cullface": "down" }
			}
		},
		{
			"from": [ 10, 0, 10 ],
			"to": [ 11, 1, 11 ],
			"faces": {
				"down": { "uv": [ 10, 5, 11, 6 ], "texture": "#0", "cullface": "down" },
				"up": { "uv": [ 10, 10, 11, 11 ], "texture": "#0", "cullface": "down" },
				"north": { "uv": [ 5, 15, 6, 16 ], "texture": "#0", "cullface": "down" },
				"south": { "uv": [ 10, 15, 11, 16 ], "texture": "#0", "cullface": "down" },
				"west": { "uv": [ 10, 15, 11, 16 ], "texture": "#0", "cullface": "down" },
				"east": { "uv": [ 5, 15, 6, 16 ], "texture": "#0", "cullface": "down" }
			}
		},
		{
			"from": [ 9, 0, 11 ],
			"to": [ 10, 1, 12 ],
			"faces": {
				"down": { "uv": [ 9, 4, 10, 5 ], "texture": "#0", "cullface": "down" },
				"up": { "uv": [ 9, 11, 10, 12 ], "texture": "#0", "cullface": "down" },
				"north": { "uv": [ 6, 15, 7, 16 ], "texture": "#0", "cullface": "down" },
				"south": { "uv": [ 9, 15, 10, 16 ], "texture": "#0", "cullface": "down" },
				"west": { "uv": [ 11, 15, 12, 16 ], "texture": "#0", "cullface": "down" },
				"east": { "uv": [ 4, 15, 5, 16 ], "texture": "#0", "cullface": "down" }
			}
		},
		{
			"from": [ 12, 0, 7 ],
			"to": [ 15, 1, 9 ],
			"faces": {
				"down": { "uv": [ 12, 7, 15, 9 ], "texture": "#0", "cullface": "down" },
				"up": { "uv": [ 12, 7, 15, 9 ], "texture": "#0", "cullface": "down" },
				"north": { "uv": [ 1, 15, 4, 16 ], "texture": "#0", "cullface": "down" },
				"south": { "uv": [ 12, 15, 15, 16 ], "texture": "#0", "cullface": "down" },
				"west": { "uv": [ 7, 15, 9, 16 ], "texture": "#0", "cullface": "down" },
				"east": { "uv": [ 7, 15, 9, 16 ], "texture": "#0", "cullface": "down" }
			}
		},
		{
			"from": [ 4, 0, 9 ],
			"to": [ 5, 1, 10 ],
			"faces": {
				"down": { "uv": [ 4, 6, 5, 7 ], "texture": "#0", "cullface": "down" },
				"up": { "uv": [ 4, 9, 5, 10 ], "texture": "#0", "cullface": "down" },
				"north": { "uv": [ 11, 15, 12, 16 ], "texture": "#0", "cullface": "down" },
				"south": { "uv": [ 4, 15, 5, 16 ], "texture": "#0", "cullface": "down" },
				"west": { "uv": [ 9, 15, 10, 16 ], "texture": "#0", "cullface": "down" },
				"east": { "uv": [ 6, 15, 7, 16 ], "texture": "#0", "cullface": "down" }
			}
		},
		{
			"from": [ 5, 0, 10 ],
			"to": [ 6, 1, 11 ],
			"faces": {
				"down": { "uv": [ 5, 5, 6, 6 ], "texture": "#0", "cullface": "down" },
				"up": { "uv": [ 5, 10, 6, 11 ], "texture": "#0", "cullface": "down" },
				"north": { "uv": [ 10, 15, 11, 16 ], "texture": "#0", "cullface": "down" },
				"south": { "uv": [ 5, 15, 6, 16 ], "texture": "#0", "cullface": "down" },
				"west": { "uv": [ 10, 15, 11, 16 ], "texture": "#0", "cullface": "down" },
				"east": { "uv": [ 5, 15, 6, 16 ], "texture": "#0", "cullface": "down" }
			}
		},
		{
			"from": [ 6, 0, 11 ],
			"to": [ 7, 1, 12 ],
			"faces": {
				"down": { "uv": [ 6, 4, 7, 5 ], "texture": "#0", "cullface": "down" },
				"up": { "uv": [ 6, 11, 7, 12 ], "texture": "#0", "cullface": "down" },
				"north": { "uv": [ 9, 15, 10, 16 ], "texture": "#0", "cullface": "down" },
				"south": { "uv": [ 6, 15, 7, 16 ], "texture": "#0", "cullface": "down" },
				"west": { "uv": [ 11, 15, 12, 16 ], "texture": "#0", "cullface": "down" },
				"east": { "uv": [ 4, 15, 5, 16 ], "texture": "#0", "cullface": "down" }
			}
		},
		{
			"from": [ 12, 0, 7 ],
			"to": [ 15, 1, 9 ],
			"faces": {
				"down": { "uv": [ 12, 7, 15, 9 ], "texture": "#0", "cullface": "down" },
				"up": { "uv": [ 12, 7, 15, 9 ], "texture": "#0", "cullface": "down" },
				"north": { "uv": [ 1, 15, 4, 16 ], "texture": "#0", "cullface": "down" },
				"south": { "uv": [ 12, 15, 15, 16 ], "texture": "#0", "cullface": "down" },
				"west": { "uv": [ 7, 15, 9, 16 ], "texture": "#0", "cullface": "down" },
				"east": { "uv": [ 7, 15, 9, 16 ], "texture": "#0", "cullface": "down" }
			}
		},
		{
			"from": [ 4, 0, 6 ],
			"to": [ 5, 1, 7 ],
			"faces": {
				"down": { "uv": [ 4, 9, 5, 10 ], "texture": "#0", "cullface": "down" },
				"up": { "uv": [ 4, 6, 5, 7 ], "texture": "#0", "cullface": "down" },
				"north": { "uv": [ 11, 15, 12, 16 ], "texture": "#0", "cullface": "down" },
				"south": { "uv": [ 4, 15, 5, 16 ], "texture": "#0", "cullface": "down" },
				"west": { "uv": [ 6, 15, 7, 16 ], "texture": "#0", "cullface": "down" },
				"east": { "uv": [ 9, 15, 10, 16 ], "texture": "#0", "cullface": "down" }
			}
		},
		{
			"from": [ 5, 0, 5 ],
			"to": [ 6, 1, 6 ],
			"faces": {
				"down": { "uv": [ 5, 10, 6, 11 ], "texture": "#0", "cullface": "down" },
				"up": { "uv": [ 5, 5, 6, 6 ], "texture": "#0", "cullface": "down" },
				"north": { "uv": [ 10, 15, 11, 16 ], "texture": "#0", "cullface": "down" },
				"south": { "uv": [ 5, 15, 6, 16 ], "texture": "#0", "cullface": "down" },
				"west": { "uv": [ 5, 15, 6, 16 ], "texture": "#0", "cullface": "down" },
				"east": { "uv": [ 10, 15, 11, 16 ], "texture": "#0", "cullface": "down" }
			}
		},
		{
			"from": [ 6, 0, 4 ],
			"to": [ 7, 1, 5 ],
			"faces": {
				"down": { "uv": [ 6, 11, 7, 12 ], "texture": "#0", "cullface": "down" },
				"up": { "uv": [ 6, 4, 7, 5 ], "texture": "#0", "cullface": "down" },
				"north": { "uv": [ 9, 15, 10, 16 ], "texture": "#0", "cullface": "down" },
				"south": { "uv": [ 6, 15, 7, 16 ], "texture": "#0", "cullface": "down" },
				"west": { "uv": [ 4, 15, 5, 16 ], "texture": "#0", "cullface": "down" },
				"east": { "uv": [ 11, 15, 12, 16 ], "texture": "#0", "cullface": "down" }
			}
		},
		{
			"from": [ 14, 0, 13 ],
			"to": [ 15, 1, 14 ],
			"faces": {
				"down": { "uv": [ 14, 2, 15, 3 ], "texture": "#0", "cullface": "down" },
				"up": { "uv": [ 14, 13, 15, 14 ], "texture": "#0", "cullface": "down" },
				"north": { "uv": [ 1, 15, 2, 16 ], "texture": "#0", "cullface": "down" },
				"south": { "uv": [ 14, 15, 15, 16 ], "texture": "#0", "cullface": "down" },
				"west": { "uv": [ 13, 15, 14, 16 ], "texture": "#0", "cullface": "down" },
				"east": { "uv": [ 2, 15, 3, 16 ], "texture": "#0", "cullface": "down" }
			}
		},
		{
			"from": [ 13, 0, 14 ],
			"to": [ 14, 1, 15 ],
			"faces": {
				"down": { "uv": [ 13, 1, 14, 2 ], "texture": "#0", "cullface": "down" },
				"up": { "uv": [ 13, 14, 14, 15 ], "texture": "#0", "cullface": "down" },
				"north": { "uv": [ 2, 15, 3, 16 ], "texture": "#0", "cullface": "down" },
				"south": { "uv": [ 13, 15, 14, 16 ], "texture": "#0", "cullface": "down" },
				"west": { "uv": [ 14, 15, 15, 16 ], "texture": "#0", "cullface": "down" },
				"east": { "uv": [ 1, 15, 2, 16 ], "texture": "#0", "cullface": "down" }
			}
		},
		{
			"from": [ 1, 0, 13 ],
			"to": [ 2, 1, 14 ],
			"faces": {
				"down": { "uv": [ 1, 2, 2, 3 ], "texture": "#0", "cullface": "down" },
				"up": { "uv": [ 1, 13, 2, 14 ], "texture": "#0", "cullface": "down" },
				"north": { "uv": [ 14, 15, 15, 16 ], "texture": "#0", "cullface": "down" },
				"south": { "uv": [ 1, 15, 2, 16 ], "texture": "#0", "cullface": "down" },
				"west": { "uv": [ 13, 15, 14, 16 ], "texture": "#0", "cullface": "down" },
				"east": { "uv": [ 2, 15, 3, 16 ], "texture": "#0", "cullface": "down" }
			}
		},
		{
			"from": [ 2, 0, 14 ],
			"to": [ 3, 1, 15 ],
			"faces": {
				"down": { "uv": [ 2, 1, 3, 2 ], "texture": "#0", "cullface": "down" },
				"up": { "uv": [ 2, 14, 3, 15 ], "texture": "#0", "cullface": "down" },
				"north": { "uv": [ 13, 15, 14, 16 ], "texture": "#0", "cullface": "down" },
				"south": { "uv": [ 2, 15, 3, 16 ], "texture": "#0", "cullface": "down" },
				"west": { "uv": [ 14, 15, 15, 16 ], "texture": "#0", "cullface": "down" },
				"east": { "uv": [ 1, 15, 2, 16 ], "texture": "#0", "cullface": "down" }
			}
		},
		{
			"from": [ 1, 0, 2 ],
			"to": [ 2, 1, 3 ],
			"faces": {
				"down": { "uv": [ 1, 13, 2, 14 ], "texture": "#0", "cullface": "down" },
				"up": { "uv": [ 1, 2, 2, 3 ], "texture": "#0", "cullface": "down" },
				"north": { "uv": [ 14, 15, 15, 16 ], "texture": "#0", "cullface": "down" },
				"south": { "uv": [ 1, 15, 2, 16 ], "texture": "#0", "cullface": "down" },
				"west": { "uv": [ 2, 15, 3, 16 ], "texture": "#0", "cullface": "down" },
				"east": { "uv": [ 13, 15, 14, 16 ], "texture": "#0", "cullface": "down" }
			}
		},
		{
			"from": [ 2, 0, 1 ],
			"to": [ 3, 1, 2 ],
			"faces": {
				"down": { "uv": [ 2, 14, 3, 15 ], "texture": "#0", "cullface": "down" },
				"up": { "uv": [ 2, 1, 3, 2 ], "texture": "#0", "cullface": "down" },
				"north": { "uv": [ 13, 15, 14, 16 ], "texture": "#0", "cullface": "down" },
				"south": { "uv": [ 2, 15, 3, 16 ], "texture": "#0", "cullface": "down" },
				"west": { "uv": [ 1, 15, 2, 16 ], "texture": "#0", "cullface": "down" },
				"east": { "uv": [ 14, 15, 15, 16 ], "texture": "#0", "cullface": "down" }
			}
		}
	]
}