{
	"__comment": "Designed by CreatorLabs with Cubik Studio - https://cubik.studio",
	"textures": {
		"stem": "3d_blocks/melon_stem",
		"particle": "3d_blocks/melon_stem"
	},
	"elements": [ 	 
		{
			"__comment": "melon_stem7",
			"from": [ 7.5, -1, 7 ],
			"to": [ 8.5, 1, 8 ],
			"faces": {
				"up": { "uv": [ 7.5, 7, 8.5, 8 ], "texture": "#stem", "tintindex": 0 },
				"north": { "uv": [ 7.5, 15, 8.5, 16 ], "texture": "#stem", "tintindex": 0 },
				"south": { "uv": [ 7.5, 15, 8.5, 16 ], "texture": "#stem", "tintindex": 0 },
				"west": { "uv": [ 7, 15, 8, 16 ], "texture": "#stem", "tintindex": 0 },
				"east": { "uv": [ 8, 15, 9, 16 ], "texture": "#stem", "tintindex": 0 }
			}
		},
		{
			"__comment": "melon_stem8",
			"from": [ 7.5, -1, 6 ],
			"to": [ 8.5, 2, 7 ],
			"faces": {
				"down": { "uv": [ 7.5, 9, 8.5, 10 ], "texture": "#stem", "tintindex": 0 },
				"up": { "uv": [ 7.5, 6, 8.5, 7 ], "texture": "#stem", "tintindex": 0 },
				"north": { "uv": [ 7.5, 14, 8.5, 16 ], "texture": "#stem", "tintindex": 0 },
				"south": { "uv": [ 7.5, 14, 8.5, 16 ], "texture": "#stem", "tintindex": 0 },
				"west": { "uv": [ 6, 14, 7, 16 ], "texture": "#stem", "tintindex": 0 },
				"east": { "uv": [ 9, 14, 10, 16 ], "texture": "#stem", "tintindex": 0 }
			}
		},
		{
			"__comment": "melon_stem9",
			"from": [ 8, -1, 8 ],
			"to": [ 9, 0, 9 ],
			"faces": {
				"up": { "uv": [ 8, 8, 9, 9 ], "texture": "#stem", "tintindex": 0 },
				"north": { "uv": [ 7, 0, 8, 1 ], "texture": "#stem", "tintindex": 0 },
				"south": { "uv": [ 8, 0, 9, 1 ], "texture": "#stem", "tintindex": 0 },
				"west": { "uv": [ 8, 0, 9, 1 ], "texture": "#stem", "tintindex": 0 },
				"east": { "uv": [ 7, 0, 8, 1 ], "texture": "#stem", "tintindex": 0 }
			}
		},
		{
			"__comment": "melon_stem11",
			"from": [ 9, -1, 8 ],
			"to": [ 10, 1, 9 ],
			"faces": {
				"down": { "uv": [ 9, 7, 10, 8 ], "texture": "#stem", "tintindex": 0 },
				"up": { "uv": [ 9, 8, 10, 9 ], "texture": "#stem", "tintindex": 0 },
				"north": { "uv": [ 6, 15, 7, 16 ], "texture": "#stem", "tintindex": 0 },
				"south": { "uv": [ 9, 15, 10, 16 ], "texture": "#stem", "tintindex": 0 },
				"west": { "uv": [ 8, 15, 9, 16 ], "texture": "#stem", "tintindex": 0 },
				"east": { "uv": [ 7, 15, 8, 16 ], "texture": "#stem", "tintindex": 0 }
			}
		},
		{
			"__comment": "melon_stem13",
			"from": [ 10, 0, 8 ],
			"to": [ 11, 1, 9 ],
			"faces": {
				"down": { "uv": [ 10, 7, 11, 8 ], "texture": "#stem", "tintindex": 0 },
				"up": { "uv": [ 10, 8, 11, 9 ], "texture": "#stem", "tintindex": 0 },
				"north": { "uv": [ 5, 15, 6, 16 ], "texture": "#stem", "tintindex": 0 },
				"south": { "uv": [ 10, 15, 11, 16 ], "texture": "#stem", "tintindex": 0 },
				"east": { "uv": [ 7, 15, 8, 16 ], "texture": "#stem", "tintindex": 0 }
			}
		}
	]
}