{
	"__comment": "Designed by CreatorLabs with Cubik Studio - https://cubik.studio",
	"textures": {
		"particle": "3d_blocks/melon_stem",
		"stem": "3d_blocks/melon_stem"
	},
	"elements": [ 	 
		{
			"__comment": "stem",
			"from": [ 0, 8, 7 ],
			"to": [ 5, 9, 9 ],
			"faces": {
				"down": { "uv": [ 0, 7, 5, 9 ], "texture": "#stem", "tintindex": 0 },
				"up": { "uv": [ 0, 7, 5, 9 ], "texture": "#stem", "tintindex": 0 },
				"north": { "uv": [ 11, 7, 16, 8 ], "texture": "#stem", "tintindex": 0 },
				"south": { "uv": [ 0, 7, 5, 8 ], "texture": "#stem", "tintindex": 0 },
				"west": { "uv": [ 7, 7, 9, 8 ], "texture": "#stem", "tintindex": 0 },
				"east": { "uv": [ 7, 7, 9, 8 ], "texture": "#stem", "tintindex": 0 }
			}
		},
		{
			"__comment": "stem1",
			"from": [ 0, 9, 7 ],
			"to": [ 3, 10, 9 ],
			"faces": {
				"up": { "uv": [ 0, 7, 3, 9 ], "texture": "#stem", "tintindex": 0 },
				"north": { "uv": [ 13, 6, 16, 7 ], "texture": "#stem", "tintindex": 0 },
				"south": { "uv": [ 0, 6, 3, 7 ], "texture": "#stem", "tintindex": 0 },
				"west": { "uv": [ 7, 6, 9, 7 ], "texture": "#stem", "tintindex": 0 },
				"east": { "uv": [ 7, 6, 9, 7 ], "texture": "#stem", "tintindex": 0 }
			}
		},
		{
			"__comment": "stem2",
			"from": [ 3, 5, 7.5 ],
			"to": [ 5, 6, 8.5 ],
			"faces": {
				"down": { "uv": [ 3, 7.5, 5, 8.5 ], "texture": "#stem", "tintindex": 0 },
				"up": { "uv": [ 3, 7.5, 5, 8.5 ], "texture": "#stem", "tintindex": 0 },
				"north": { "uv": [ 11, 10, 13, 11 ], "texture": "#stem", "tintindex": 0 },
				"south": { "uv": [ 3, 10, 5, 11 ], "texture": "#stem", "tintindex": 0 },
				"west": { "uv": [ 7.5, 10, 8.5, 11 ], "texture": "#stem", "tintindex": 0 },
				"east": { "uv": [ 7.5, 10, 8.5, 11 ], "texture": "#stem", "tintindex": 0 }
			}
		},
		{
			"__comment": "stem3",
			"from": [ 4, 6, 7 ],
			"to": [ 8, 8, 9 ],
			"faces": {
				"down": { "uv": [ 4, 7, 8, 9 ], "texture": "#stem", "tintindex": 0 },
				"up": { "uv": [ 4, 7, 8, 9 ], "texture": "#stem", "tintindex": 0 },
				"north": { "uv": [ 8, 8, 12, 10 ], "texture": "#stem", "tintindex": 0 },
				"south": { "uv": [ 4, 8, 8, 10 ], "texture": "#stem", "tintindex": 0 },
				"west": { "uv": [ 7, 8, 9, 10 ], "texture": "#stem", "tintindex": 0 },
				"east": { "uv": [ 7, 8, 9, 10 ], "texture": "#stem", "tintindex": 0 }
			}
		},
		{
			"__comment": "stem4",
			"from": [ 5.5, -1, 6.5 ],
			"to": [ 7.5, 0, 7.5 ],
			"faces": {
				"down": { "uv": [ 5.5, 8.5, 7.5, 9.5 ], "texture": "#stem", "tintindex": 0 },
				"up": { "uv": [ 5.5, 6.5, 7.5, 7.5 ], "texture": "#stem", "tintindex": 0 },
				"north": { "uv": [ 8.5, 0, 10.5, 1 ], "texture": "#stem", "tintindex": 0 },
				"south": { "uv": [ 5.5, 0, 7.5, 1 ], "texture": "#stem", "tintindex": 0 },
				"west": { "uv": [ 6.5, 0, 7.5, 1 ], "texture": "#stem", "tintindex": 0 },
				"east": { "uv": [ 8.5, 0, 9.5, 1 ], "texture": "#stem", "tintindex": 0 }
			}
		},
		{
			"__comment": "stem6",
			"from": [ 6, -1, 8.5 ],
			"to": [ 8, 0, 9.5 ],
			"faces": {
				"down": { "uv": [ 6, 6.5, 8, 7.5 ], "texture": "#stem", "tintindex": 0 },
				"up": { "uv": [ 6, 8.5, 8, 9.5 ], "texture": "#stem", "tintindex": 0 },
				"north": { "uv": [ 8, 0, 10, 1 ], "texture": "#stem", "tintindex": 0 },
				"south": { "uv": [ 6, 0, 8, 1 ], "texture": "#stem", "tintindex": 0 },
				"west": { "uv": [ 8.5, 0, 9.5, 1 ], "texture": "#stem", "tintindex": 0 },
				"east": { "uv": [ 6.5, 0, 7.5, 1 ], "texture": "#stem", "tintindex": 0 }
			}
		},
		{
			"__comment": "stem7",
			"from": [ 6, 0, 9 ],
			"to": [ 7, 1, 10 ],
			"faces": {
				"down": { "uv": [ 6, 6, 7, 7 ], "texture": "#stem", "tintindex": 0 },
				"up": { "uv": [ 6, 9, 7, 10 ], "texture": "#stem", "tintindex": 0 },
				"north": { "uv": [ 9, 15, 10, 16 ], "texture": "#stem", "tintindex": 0 },
				"south": { "uv": [ 6, 15, 7, 16 ], "texture": "#stem", "tintindex": 0 },
				"west": { "uv": [ 9, 15, 10, 16 ], "texture": "#stem", "tintindex": 0 },
				"east": { "uv": [ 6, 15, 7, 16 ], "texture": "#stem", "tintindex": 0 }
			}
		},
		{
			"__comment": "stem8",
			"from": [ 6, 5, 7 ],
			"to": [ 9, 6, 9 ],
			"faces": {
				"down": { "uv": [ 6, 7, 9, 9 ], "texture": "#stem", "tintindex": 0 },
				"up": { "uv": [ 6, 7, 9, 9 ], "texture": "#stem", "tintindex": 0 },
				"north": { "uv": [ 7, 10, 10, 11 ], "texture": "#stem", "tintindex": 0 },
				"south": { "uv": [ 6, 10, 9, 11 ], "texture": "#stem", "tintindex": 0 },
				"west": { "uv": [ 7, 10, 9, 11 ], "texture": "#stem", "tintindex": 0 },
				"east": { "uv": [ 7, 10, 9, 11 ], "texture": "#stem", "tintindex": 0 }
			}
		},
		{
			"__comment": "stem9",
			"from": [ 7, -1, 7 ],
			"to": [ 9, 5, 9 ],
			"faces": {
				"down": { "uv": [ 7, 7, 9, 9 ], "texture": "#stem", "tintindex": 0 },
				"north": { "uv": [ 7, 11, 9, 16 ], "texture": "#stem", "tintindex": 0 },
				"south": { "uv": [ 7, 11, 9, 16 ], "texture": "#stem", "tintindex": 0 },
				"west": { "uv": [ 7, 11, 9, 16 ], "texture": "#stem", "tintindex": 0 },
				"east": { "uv": [ 7, 11, 9, 16 ], "texture": "#stem", "tintindex": 0 }
			}
		},
		{
			"__comment": "stem10",
			"from": [ 8, -1, 6 ],
			"to": [ 9, 0, 7 ],
			"faces": {
				"down": { "uv": [ 8, 9, 9, 10 ], "texture": "#stem", "tintindex": 0 },
				"up": { "uv": [ 8, 6, 9, 7 ], "texture": "#stem", "tintindex": 0 },
				"north": { "uv": [ 7, 0, 8, 1 ], "texture": "#stem", "tintindex": 0 },
				"west": { "uv": [ 6, 0, 7, 1 ], "texture": "#stem", "tintindex": 0 },
				"east": { "uv": [ 9, 0, 10, 1 ], "texture": "#stem", "tintindex": 0 }
			}
		},
		{
			"__comment": "stem11",
			"from": [ 8, 7, 7.5 ],
			"to": [ 9, 9, 8.5 ],
			"faces": {
				"down": { "uv": [ 8, 7.5, 9, 8.5 ], "texture": "#stem", "tintindex": 0 },
				"up": { "uv": [ 8, 7.5, 9, 8.5 ], "texture": "#stem", "tintindex": 0 },
				"north": { "uv": [ 7, 7, 8, 9 ], "texture": "#stem", "tintindex": 0 },
				"south": { "uv": [ 8, 7, 9, 9 ], "texture": "#stem", "tintindex": 0 },
				"west": { "uv": [ 7.5, 7, 8.5, 9 ], "texture": "#stem", "tintindex": 0 },
				"east": { "uv": [ 7.5, 7, 8.5, 9 ], "texture": "#stem", "tintindex": 0 }
			}
		},
		{
			"__comment": "stem12",
			"from": [ 8.5, -1, 7 ],
			"to": [ 9.5, 0, 8 ],
			"faces": {
				"down": { "uv": [ 8.5, 8, 9.5, 9 ], "texture": "#stem", "tintindex": 0 },
				"up": { "uv": [ 8.5, 7, 9.5, 8 ], "texture": "#stem", "tintindex": 0 },
				"north": { "uv": [ 6.5, 0, 7.5, 1 ], "texture": "#stem", "tintindex": 0 },
				"south": { "uv": [ 8.5, 0, 9.5, 1 ], "texture": "#stem", "tintindex": 0 },
				"east": { "uv": [ 8, 0, 9, 1 ], "texture": "#stem", "tintindex": 0 }
			}
		},
		{
			"__comment": "stem13",
			"from": [ 9, -1, 9 ],
			"to": [ 10, 1, 10 ],
			"faces": {
				"down": { "uv": [ 9, 6, 10, 7 ], "texture": "#stem", "tintindex": 0 },
				"up": { "uv": [ 9, 9, 10, 10 ], "texture": "#stem", "tintindex": 0 },
				"north": { "uv": [ 6, 15, 7, 16 ], "texture": "#stem", "tintindex": 0 },
				"south": { "uv": [ 9, 15, 10, 16 ], "texture": "#stem", "tintindex": 0 },
				"west": { "uv": [ 9, 15, 10, 16 ], "texture": "#stem", "tintindex": 0 },
				"east": { "uv": [ 6, 15, 7, 16 ], "texture": "#stem", "tintindex": 0 }
			}
		}
	]
}