{
	"__comment": "Designed by CreatorLabs with Cubik Studio - https://cubik.studio",
	"textures": {
		"stem": "3d_blocks/melon_stem",
		"particle": "3d_blocks/melon_stem"
	},
	"elements": [ 	 
		{
			"__comment": "melon_stem2",
			"from": [ 7, -1, 7 ],
			"to": [ 9, 1, 9 ],
			"faces": {
				"down": { "uv": [ 7, 7, 9, 9 ], "texture": "#stem", "tintindex": 0 },
				"up": { "uv": [ 7, 7, 9, 9 ], "texture": "#stem", "tintindex": 0 },
				"north": { "uv": [ 7, 15, 9, 16 ], "texture": "#stem", "tintindex": 0 },
				"south": { "uv": [ 7, 15, 9, 16 ], "texture": "#stem", "tintindex": 0 },
				"west": { "uv": [ 7, 15, 9, 16 ], "texture": "#stem", "tintindex": 0 },
				"east": { "uv": [ 7, 15, 9, 16 ], "texture": "#stem", "tintindex": 0 }
			}
		},
		{
			"__comment": "melon_stem4",
			"from": [ 7.5, -2, 6 ],
			"to": [ 8.5, 0, 7 ],
			"faces": {
				"down": { "uv": [ 7.5, 9, 8.5, 10 ], "texture": "#stem", "tintindex": 0 },
				"up": { "uv": [ 7.5, 6, 8.5, 7 ], "texture": "#stem", "tintindex": 0 },
				"north": { "uv": [ 7.5, 0, 8.5, 2 ], "texture": "#stem", "tintindex": 0 },
				"west": { "uv": [ 6, 0, 7, 2 ], "texture": "#stem", "tintindex": 0 },
				"east": { "uv": [ 9, 0, 10, 2 ], "texture": "#stem", "tintindex": 0 }
			}
		},
		{
			"__comment": "melon_stem6",
			"from": [ 7.5, -1, 5 ],
			"to": [ 8.5, 1, 6 ],
			"faces": {
				"down": { "uv": [ 7.5, 10, 8.5, 11 ], "texture": "#stem", "tintindex": 0 },
				"up": { "uv": [ 7.5, 5, 8.5, 6 ], "texture": "#stem", "tintindex": 0 },
				"north": { "uv": [ 7.5, 15, 8.5, 16 ], "texture": "#stem", "tintindex": 0 },
				"south": { "uv": [ 7.5, 15, 8.5, 16 ], "texture": "#stem", "tintindex": 0 },
				"west": { "uv": [ 5, 15, 6, 16 ], "texture": "#stem", "tintindex": 0 },
				"east": { "uv": [ 10, 15, 11, 16 ], "texture": "#stem", "tintindex": 0 }
			}
		},
		{
			"__comment": "melon_stem7",
			"from": [ 7.5, 1, 7 ],
			"to": [ 8.5, 5, 8 ],
			"faces": {
				"up": { "uv": [ 7.5, 7, 8.5, 8 ], "texture": "#stem", "tintindex": 0 },
				"north": { "uv": [ 7.5, 11, 8.5, 15 ], "texture": "#stem", "tintindex": 0 },
				"south": { "uv": [ 7.5, 11, 8.5, 15 ], "texture": "#stem", "tintindex": 0 },
				"west": { "uv": [ 7, 11, 8, 15 ], "texture": "#stem", "tintindex": 0 },
				"east": { "uv": [ 8, 11, 9, 15 ], "texture": "#stem", "tintindex": 0 }
			}
		},
		{
			"__comment": "melon_stem8",
			"from": [ 7.5, 3, 6 ],
			"to": [ 8.5, 6, 7 ],
			"faces": {
				"down": { "uv": [ 7.5, 9, 8.5, 10 ], "texture": "#stem", "tintindex": 0 },
				"up": { "uv": [ 7.5, 6, 8.5, 7 ], "texture": "#stem", "tintindex": 0 },
				"north": { "uv": [ 7.5, 10, 8.5, 13 ], "texture": "#stem", "tintindex": 0 },
				"south": { "uv": [ 7.5, 10, 8.5, 13 ], "texture": "#stem", "tintindex": 0 },
				"west": { "uv": [ 6, 10, 7, 13 ], "texture": "#stem", "tintindex": 0 },
				"east": { "uv": [ 9, 10, 10, 13 ], "texture": "#stem", "tintindex": 0 }
			}
		},
		{
			"__comment": "melon_stem9",
			"from": [ 8, 1, 8 ],
			"to": [ 9, 4, 9 ],
			"faces": {
				"up": { "uv": [ 8, 8, 9, 9 ], "texture": "#stem", "tintindex": 0 },
				"north": { "uv": [ 7, 12, 8, 15 ], "texture": "#stem", "tintindex": 0 },
				"south": { "uv": [ 8, 12, 9, 15 ], "texture": "#stem", "tintindex": 0 },
				"west": { "uv": [ 8, 12, 9, 15 ], "texture": "#stem", "tintindex": 0 },
				"east": { "uv": [ 7, 12, 8, 15 ], "texture": "#stem", "tintindex": 0 }
			}
		},
		{
			"__comment": "melon_stem11",
			"from": [ 9, 3, 8 ],
			"to": [ 10, 5, 9 ],
			"faces": {
				"down": { "uv": [ 9, 7, 10, 8 ], "texture": "#stem", "tintindex": 0 },
				"up": { "uv": [ 9, 8, 10, 9 ], "texture": "#stem", "tintindex": 0 },
				"north": { "uv": [ 6, 11, 7, 13 ], "texture": "#stem", "tintindex": 0 },
				"south": { "uv": [ 9, 11, 10, 13 ], "texture": "#stem", "tintindex": 0 },
				"west": { "uv": [ 8, 11, 9, 13 ], "texture": "#stem", "tintindex": 0 },
				"east": { "uv": [ 7, 11, 8, 13 ], "texture": "#stem", "tintindex": 0 }
			}
		},
		{
			"__comment": "melon_stem13",
			"from": [ 10, 4, 8 ],
			"to": [ 11, 5, 9 ],
			"faces": {
				"down": { "uv": [ 10, 7, 11, 8 ], "texture": "#stem", "tintindex": 0 },
				"up": { "uv": [ 10, 8, 11, 9 ], "texture": "#stem", "tintindex": 0 },
				"north": { "uv": [ 5, 11, 6, 12 ], "texture": "#stem", "tintindex": 0 },
				"south": { "uv": [ 10, 11, 11, 12 ], "texture": "#stem", "tintindex": 0 },
				"east": { "uv": [ 7, 11, 8, 12 ], "texture": "#stem", "tintindex": 0 }
			}
		}
	]
}