{
	"__comment": "Designed by CreatorLabs with Cubik Studio - https://cubik.studio",
	"textures": {
		"stem": "3d_blocks/melon_stem",
		"particle": "3d_blocks/melon_stem"
	},
	"elements": [ 	 
		{
			"__comment": "melon_stem2",
			"from": [ 7, -1, 7 ],
			"to": [ 9, 3, 9 ],
			"faces": {
				"down": { "uv": [ 7, 7, 9, 9 ], "texture": "#stem", "tintindex": 0 },
				"up": { "uv": [ 7, 7, 9, 9 ], "texture": "#stem", "tintindex": 0 },
				"north": { "uv": [ 7, 13, 9, 16 ], "texture": "#stem", "tintindex": 0 },
				"south": { "uv": [ 7, 13, 9, 16 ], "texture": "#stem", "tintindex": 0 },
				"west": { "uv": [ 7, 13, 9, 16 ], "texture": "#stem", "tintindex": 0 },
				"east": { "uv": [ 7, 13, 9, 16 ], "texture": "#stem", "tintindex": 0 }
			}
		},
		{
			"__comment": "melon_stem3",
			"from": [ 7.5, -1, 9 ],
			"to": [ 8.5, 0, 10 ],
			"faces": {
				"down": { "uv": [ 7.5, 6, 8.5, 7 ], "texture": "#stem", "tintindex": 0 },
				"up": { "uv": [ 7.5, 9, 8.5, 10 ], "texture": "#stem", "tintindex": 0 },
				"south": { "uv": [ 7.5, 0, 8.5, 1 ], "texture": "#stem", "tintindex": 0 },
				"west": { "uv": [ 9, 0, 10, 1 ], "texture": "#stem", "tintindex": 0 },
				"east": { "uv": [ 6, 0, 7, 1 ], "texture": "#stem", "tintindex": 0 }
			}
		},
		{
			"__comment": "melon_stem4",
			"from": [ 7.5, 0, 6 ],
			"to": [ 8.5, 2, 7 ],
			"faces": {
				"down": { "uv": [ 7.5, 9, 8.5, 10 ], "texture": "#stem", "tintindex": 0 },
				"up": { "uv": [ 7.5, 6, 8.5, 7 ], "texture": "#stem", "tintindex": 0 },
				"north": { "uv": [ 7.5, 14, 8.5, 16 ], "texture": "#stem", "tintindex": 0 },
				"west": { "uv": [ 6, 14, 7, 16 ], "texture": "#stem", "tintindex": 0 },
				"east": { "uv": [ 9, 14, 10, 16 ], "texture": "#stem", "tintindex": 0 }
			}
		},
		{
			"__comment": "melon_stem5",
			"from": [ 7.5, 0, 10 ],
			"to": [ 8.5, 1, 11 ],
			"faces": {
				"down": { "uv": [ 7.5, 5, 8.5, 6 ], "texture": "#stem", "tintindex": 0 },
				"up": { "uv": [ 7.5, 10, 8.5, 11 ], "texture": "#stem", "tintindex": 0 },
				"north": { "uv": [ 7.5, 15, 8.5, 16 ], "texture": "#stem", "tintindex": 0 },
				"south": { "uv": [ 7.5, 15, 8.5, 16 ], "texture": "#stem", "tintindex": 0 },
				"west": { "uv": [ 10, 15, 11, 16 ], "texture": "#stem", "tintindex": 0 },
				"east": { "uv": [ 5, 15, 6, 16 ], "texture": "#stem", "tintindex": 0 }
			}
		},
		{
			"__comment": "melon_stem6",
			"from": [ 7.5, 1, 5 ],
			"to": [ 8.5, 3, 6 ],
			"faces": {
				"down": { "uv": [ 7.5, 10, 8.5, 11 ], "texture": "#stem", "tintindex": 0 },
				"up": { "uv": [ 7.5, 5, 8.5, 6 ], "texture": "#stem", "tintindex": 0 },
				"north": { "uv": [ 7.5, 13, 8.5, 15 ], "texture": "#stem", "tintindex": 0 },
				"south": { "uv": [ 7.5, 13, 8.5, 15 ], "texture": "#stem", "tintindex": 0 },
				"west": { "uv": [ 5, 13, 6, 15 ], "texture": "#stem", "tintindex": 0 },
				"east": { "uv": [ 10, 13, 11, 15 ], "texture": "#stem", "tintindex": 0 }
			}
		},
		{
			"__comment": "melon_stem7",
			"from": [ 7.5, 3, 7 ],
			"to": [ 8.5, 7, 8 ],
			"faces": {
				"up": { "uv": [ 7.5, 7, 8.5, 8 ], "texture": "#stem", "tintindex": 0 },
				"north": { "uv": [ 7.5, 9, 8.5, 13 ], "texture": "#stem", "tintindex": 0 },
				"south": { "uv": [ 7.5, 9, 8.5, 13 ], "texture": "#stem", "tintindex": 0 },
				"west": { "uv": [ 7, 9, 8, 13 ], "texture": "#stem", "tintindex": 0 },
				"east": { "uv": [ 8, 9, 9, 13 ], "texture": "#stem", "tintindex": 0 }
			}
		},
		{
			"__comment": "melon_stem8",
			"from": [ 7.5, 5, 6 ],
			"to": [ 8.5, 8, 7 ],
			"faces": {
				"down": { "uv": [ 7.5, 9, 8.5, 10 ], "texture": "#stem", "tintindex": 0 },
				"up": { "uv": [ 7.5, 6, 8.5, 7 ], "texture": "#stem", "tintindex": 0 },
				"north": { "uv": [ 7.5, 8, 8.5, 11 ], "texture": "#stem", "tintindex": 0 },
				"south": { "uv": [ 7.5, 8, 8.5, 11 ], "texture": "#stem", "tintindex": 0 },
				"west": { "uv": [ 6, 8, 7, 11 ], "texture": "#stem", "tintindex": 0 },
				"east": { "uv": [ 9, 8, 10, 11 ], "texture": "#stem", "tintindex": 0 }
			}
		},
		{
			"__comment": "melon_stem9",
			"from": [ 8, 3, 8 ],
			"to": [ 9, 6, 9 ],
			"faces": {
				"up": { "uv": [ 8, 8, 9, 9 ], "texture": "#stem", "tintindex": 0 },
				"north": { "uv": [ 7, 10, 8, 13 ], "texture": "#stem", "tintindex": 0 },
				"south": { "uv": [ 8, 10, 9, 13 ], "texture": "#stem", "tintindex": 0 },
				"west": { "uv": [ 8, 10, 9, 13 ], "texture": "#stem", "tintindex": 0 },
				"east": { "uv": [ 7, 10, 8, 13 ], "texture": "#stem", "tintindex": 0 }
			}
		},
		{
			"__comment": "melon_stem10",
			"from": [ 9, -1, 7.5 ],
			"to": [ 10, 1, 8.5 ],
			"faces": {
				"down": { "uv": [ 9, 7.5, 10, 8.5 ], "texture": "#stem", "tintindex": 0 },
				"up": { "uv": [ 9, 7.5, 10, 8.5 ], "texture": "#stem", "tintindex": 0 },
				"north": { "uv": [ 6, 15, 7, 16 ], "texture": "#stem", "tintindex": 0 },
				"south": { "uv": [ 9, 15, 10, 16 ], "texture": "#stem", "tintindex": 0 },
				"east": { "uv": [ 7.5, 15, 8.5, 16 ], "texture": "#stem", "tintindex": 0 }
			}
		},
		{
			"__comment": "melon_stem11",
			"from": [ 9, 5, 8 ],
			"to": [ 10, 7, 9 ],
			"faces": {
				"down": { "uv": [ 9, 7, 10, 8 ], "texture": "#stem", "tintindex": 0 },
				"up": { "uv": [ 9, 8, 10, 9 ], "texture": "#stem", "tintindex": 0 },
				"north": { "uv": [ 6, 9, 7, 11 ], "texture": "#stem", "tintindex": 0 },
				"south": { "uv": [ 9, 9, 10, 11 ], "texture": "#stem", "tintindex": 0 },
				"west": { "uv": [ 8, 9, 9, 11 ], "texture": "#stem", "tintindex": 0 },
				"east": { "uv": [ 7, 9, 8, 11 ], "texture": "#stem", "tintindex": 0 }
			}
		},
		{
			"__comment": "melon_stem12",
			"from": [ 10, 0, 7.5 ],
			"to": [ 11, 2, 8.5 ],
			"faces": {
				"down": { "uv": [ 10, 7.5, 11, 8.5 ], "texture": "#stem", "tintindex": 0 },
				"up": { "uv": [ 10, 7.5, 11, 8.5 ], "texture": "#stem", "tintindex": 0 },
				"north": { "uv": [ 5, 14, 6, 16 ], "texture": "#stem", "tintindex": 0 },
				"south": { "uv": [ 10, 14, 11, 16 ], "texture": "#stem", "tintindex": 0 },
				"west": { "uv": [ 7.5, 14, 8.5, 16 ], "texture": "#stem", "tintindex": 0 },
				"east": { "uv": [ 7.5, 14, 8.5, 16 ], "texture": "#stem", "tintindex": 0 }
			}
		},
		{
			"__comment": "melon_stem13",
			"from": [ 10, 6, 8 ],
			"to": [ 11, 7, 9 ],
			"faces": {
				"down": { "uv": [ 10, 7, 11, 8 ], "texture": "#stem", "tintindex": 0 },
				"up": { "uv": [ 10, 8, 11, 9 ], "texture": "#stem", "tintindex": 0 },
				"north": { "uv": [ 5, 9, 6, 10 ], "texture": "#stem", "tintindex": 0 },
				"south": { "uv": [ 10, 9, 11, 10 ], "texture": "#stem", "tintindex": 0 },
				"east": { "uv": [ 7, 9, 8, 10 ], "texture": "#stem", "tintindex": 0 }
			}
		}
	]
}