{
	"__comment": "Designed by CreatorLabs with Cubik Studio - https://cubik.studio",
	"parent": "block/block",
	"textures": {
		"particle": "3d_blocks/nether_wart",
		"dark": "3d_blocks/nether_wart",
		"light": "3d_blocks/nether_wart"
	},
	"elements": [ 	 
		{
			"__comment": "nether_wart_top",
			"from": [ 9, 2.5, 9.5 ],
			"to": [ 14, 4.5, 12.5 ],
			"faces": {
				"down": { "uv": [ 9, 3.5, 14, 6.5 ], "texture": "#light" },
				"up": { "uv": [ 9, 9.5, 14, 12.5 ], "texture": "#light" },
				"north": { "uv": [ 2, 12, 7, 14 ], "texture": "#light" },
				"south": { "uv": [ 9, 12, 14, 14 ], "texture": "#light" },
				"west": { "uv": [ 9.5, 12, 12.5, 14 ], "texture": "#light" },
				"east": { "uv": [ 3.5, 12, 6.5, 14 ], "texture": "#light" }
			}
		},
		{
			"__comment": "nether_wart_stem",
			"from": [ 3, -0.5, 3.5 ],
			"to": [ 6, 2.5, 6.5 ],
			"faces": {
				"down": { "uv": [ 3, 9.5, 6, 12.5 ], "texture": "#dark" },
				"north": { "uv": [ 10, 14, 13, 16 ], "texture": "#dark" },
				"south": { "uv": [ 3, 14, 6, 16 ], "texture": "#dark" },
				"west": { "uv": [ 3.5, 14, 6.5, 16 ], "texture": "#dark" },
				"east": { "uv": [ 9.5, 14, 12.5, 16 ], "texture": "#dark" }
			}
		},
		{
			"__comment": "nether_wart_top1",
			"from": [ 10, 2.5, 8.5 ],
			"to": [ 13, 4.5, 9.5 ],
			"faces": {
				"down": { "uv": [ 10, 6.5, 13, 7.5 ], "texture": "#light" },
				"up": { "uv": [ 10, 8.5, 13, 9.5 ], "texture": "#light" },
				"north": { "uv": [ 3, 12, 6, 14 ], "texture": "#light" },
				"west": { "uv": [ 8.5, 12, 9.5, 14 ], "texture": "#light" },
				"east": { "uv": [ 6.5, 12, 7.5, 14 ], "texture": "#light" }
			}
		},
		{
			"__comment": "nether_wart_top2",
			"from": [ 10, 2.5, 12.5 ],
			"to": [ 13, 4.5, 13.5 ],
			"faces": {
				"down": { "uv": [ 10, 2.5, 13, 3.5 ], "texture": "#light" },
				"up": { "uv": [ 10, 12.5, 13, 13.5 ], "texture": "#light" },
				"south": { "uv": [ 10, 12, 13, 14 ], "texture": "#light" },
				"west": { "uv": [ 12.5, 12, 13.5, 14 ], "texture": "#light" },
				"east": { "uv": [ 2.5, 12, 3.5, 14 ], "texture": "#light" }
			}
		},
		{
			"__comment": "nether_wart_top3",
			"from": [ 10, 4.5, 9.5 ],
			"to": [ 13, 5.5, 12.5 ],
			"faces": {
				"up": { "uv": [ 10, 9.5, 13, 12.5 ], "texture": "#light" },
				"north": { "uv": [ 3, 11, 6, 12 ], "texture": "#light" },
				"south": { "uv": [ 10, 11, 13, 12 ], "texture": "#light" },
				"west": { "uv": [ 9.5, 11, 12.5, 12 ], "texture": "#light" },
				"east": { "uv": [ 3.5, 11, 6.5, 12 ], "texture": "#light" }
			}
		},
		{
			"__comment": "nether_wart_stem",
			"from": [ 3, -0.5, 10 ],
			"to": [ 6, 1.5, 13 ],
			"faces": {
				"down": { "uv": [ 3, 3, 6, 6 ], "texture": "#dark" },
				"north": { "uv": [ 10, 15, 13, 16 ], "texture": "#dark" },
				"south": { "uv": [ 3, 15, 6, 16 ], "texture": "#dark" },
				"west": { "uv": [ 10, 15, 13, 16 ], "texture": "#dark" },
				"east": { "uv": [ 3, 15, 6, 16 ], "texture": "#dark" }
			}
		},
		{
			"__comment": "nether_wart_top1",
			"from": [ 9.5, 1.5, 2 ],
			"to": [ 12.5, 3.5, 3 ],
			"faces": {
				"down": { "uv": [ 9.5, 13, 12.5, 14 ], "texture": "#light" },
				"up": { "uv": [ 9.5, 2, 12.5, 3 ], "texture": "#light" },
				"north": { "uv": [ 3.5, 13, 6.5, 15 ], "texture": "#light" },
				"west": { "uv": [ 2, 13, 3, 15 ], "texture": "#light" },
				"east": { "uv": [ 13, 13, 14, 15 ], "texture": "#light" }
			}
		},
		{
			"__comment": "nether_wart_top2",
			"from": [ 9.5, 1.5, 6 ],
			"to": [ 12.5, 3.5, 7 ],
			"faces": {
				"down": { "uv": [ 9.5, 9, 12.5, 10 ], "texture": "#light" },
				"up": { "uv": [ 9.5, 6, 12.5, 7 ], "texture": "#light" },
				"south": { "uv": [ 9.5, 13, 12.5, 15 ], "texture": "#light" },
				"west": { "uv": [ 6, 13, 7, 15 ], "texture": "#light" },
				"east": { "uv": [ 9, 13, 10, 15 ], "texture": "#light" }
			}
		},
		{
			"__comment": "nether_wart_top3",
			"from": [ 9.5, 3.5, 3 ],
			"to": [ 12.5, 4.5, 6 ],
			"faces": {
				"up": { "uv": [ 9.5, 3, 12.5, 6 ], "texture": "#light" },
				"north": { "uv": [ 3.5, 12, 6.5, 13 ], "texture": "#light" },
				"south": { "uv": [ 9.5, 12, 12.5, 13 ], "texture": "#light" },
				"west": { "uv": [ 3, 12, 6, 13 ], "texture": "#light" },
				"east": { "uv": [ 10, 12, 13, 13 ], "texture": "#light" }
			}
		},
		{
			"__comment": "nether_wart_top",
			"from": [ 8.5, 1.5, 3 ],
			"to": [ 13.5, 3.5, 6 ],
			"faces": {
				"down": { "uv": [ 8.5, 10, 13.5, 13 ], "texture": "#light" },
				"up": { "uv": [ 8.5, 3, 13.5, 6 ], "texture": "#light" },
				"north": { "uv": [ 2.5, 13, 7.5, 15 ], "texture": "#light" },
				"south": { "uv": [ 8.5, 13, 13.5, 15 ], "texture": "#light" },
				"west": { "uv": [ 3, 13, 6, 15 ], "texture": "#light" },
				"east": { "uv": [ 10, 13, 13, 15 ], "texture": "#light" }
			}
		},
		{
			"__comment": "nether_wart_stem",
			"from": [ 10, -0.5, 9.5 ],
			"to": [ 13, 2.5, 12.5 ],
			"faces": {
				"down": { "uv": [ 10, 3.5, 13, 6.5 ], "texture": "#dark" },
				"north": { "uv": [ 3, 14, 6, 16 ], "texture": "#dark" },
				"south": { "uv": [ 10, 14, 13, 16 ], "texture": "#dark" },
				"west": { "uv": [ 9.5, 14, 12.5, 16 ], "texture": "#dark" },
				"east": { "uv": [ 3.5, 14, 6.5, 16 ], "texture": "#dark" }
			}
		},
		{
			"__comment": "nether_wart_top",
			"from": [ 2, 2.5, 3.5 ],
			"to": [ 7, 4.5, 6.5 ],
			"faces": {
				"down": { "uv": [ 2, 9.5, 7, 12.5 ], "texture": "#light" },
				"up": { "uv": [ 2, 3.5, 7, 6.5 ], "texture": "#light" },
				"north": { "uv": [ 9, 12, 14, 14 ], "texture": "#light" },
				"south": { "uv": [ 2, 12, 7, 14 ], "texture": "#light" },
				"west": { "uv": [ 3.5, 12, 6.5, 14 ], "texture": "#light" },
				"east": { "uv": [ 9.5, 12, 12.5, 14 ], "texture": "#light" }
			}
		},
		{
			"__comment": "nether_wart_top1",
			"from": [ 3, 2.5, 2.5 ],
			"to": [ 6, 4.5, 3.5 ],
			"faces": {
				"down": { "uv": [ 3, 12.5, 6, 13.5 ], "texture": "#light" },
				"up": { "uv": [ 3, 2.5, 6, 3.5 ], "texture": "#light" },
				"north": { "uv": [ 10, 12, 13, 14 ], "texture": "#light" },
				"west": { "uv": [ 2.5, 12, 3.5, 14 ], "texture": "#light" },
				"east": { "uv": [ 12.5, 12, 13.5, 14 ], "texture": "#light" }
			}
		},
		{
			"__comment": "nether_wart_top2",
			"from": [ 3, 2.5, 6.5 ],
			"to": [ 6, 4.5, 7.5 ],
			"faces": {
				"down": { "uv": [ 3, 8.5, 6, 9.5 ], "texture": "#light" },
				"up": { "uv": [ 3, 6.5, 6, 7.5 ], "texture": "#light" },
				"south": { "uv": [ 3, 12, 6, 14 ], "texture": "#light" },
				"west": { "uv": [ 6.5, 12, 7.5, 14 ], "texture": "#light" },
				"east": { "uv": [ 8.5, 12, 9.5, 14 ], "texture": "#light" }
			}
		},
		{
			"__comment": "nether_wart_top3",
			"from": [ 3, 4.5, 3.5 ],
			"to": [ 6, 5.5, 6.5 ],
			"faces": {
				"up": { "uv": [ 3, 3.5, 6, 6.5 ], "texture": "#light" },
				"north": { "uv": [ 10, 11, 13, 12 ], "texture": "#light" },
				"south": { "uv": [ 3, 11, 6, 12 ], "texture": "#light" },
				"west": { "uv": [ 3.5, 11, 6.5, 12 ], "texture": "#light" },
				"east": { "uv": [ 9.5, 11, 12.5, 12 ], "texture": "#light" }
			}
		},
		{
			"__comment": "nether_wart_stem",
			"from": [ 9.5, -0.5, 3 ],
			"to": [ 12.5, 1.5, 6 ],
			"faces": {
				"down": { "uv": [ 9.5, 10, 12.5, 13 ], "texture": "#dark" },
				"north": { "uv": [ 3.5, 15, 6.5, 16 ], "texture": "#dark" },
				"south": { "uv": [ 9.5, 15, 12.5, 16 ], "texture": "#dark" },
				"west": { "uv": [ 3, 15, 6, 16 ], "texture": "#dark" },
				"east": { "uv": [ 10, 15, 13, 16 ], "texture": "#dark" }
			}
		},
		{
			"__comment": "nether_wart_top3",
			"from": [ 3, 3.5, 10 ],
			"to": [ 6, 4.5, 13 ],
			"faces": {
				"up": { "uv": [ 3, 10, 6, 13 ], "texture": "#light" },
				"north": { "uv": [ 10, 12, 13, 13 ], "texture": "#light" },
				"south": { "uv": [ 3, 12, 6, 13 ], "texture": "#light" },
				"west": { "uv": [ 10, 12, 13, 13 ], "texture": "#light" },
				"east": { "uv": [ 3, 12, 6, 13 ], "texture": "#light" }
			}
		},
		{
			"__comment": "nether_wart_top",
			"from": [ 2, 1.5, 10 ],
			"to": [ 7, 3.5, 13 ],
			"faces": {
				"down": { "uv": [ 2, 3, 7, 6 ], "texture": "#light" },
				"up": { "uv": [ 2, 10, 7, 13 ], "texture": "#light" },
				"north": { "uv": [ 9, 13, 14, 15 ], "texture": "#light" },
				"south": { "uv": [ 2, 13, 7, 15 ], "texture": "#light" },
				"west": { "uv": [ 10, 13, 13, 15 ], "texture": "#light" },
				"east": { "uv": [ 3, 13, 6, 15 ], "texture": "#light" }
			}
		},
		{
			"__comment": "nether_wart_top1",
			"from": [ 3, 1.5, 9 ],
			"to": [ 6, 3.5, 10 ],
			"faces": {
				"down": { "uv": [ 3, 6, 6, 7 ], "texture": "#light" },
				"up": { "uv": [ 3, 9, 6, 10 ], "texture": "#light" },
				"north": { "uv": [ 10, 13, 13, 15 ], "texture": "#light" },
				"west": { "uv": [ 9, 13, 10, 15 ], "texture": "#light" },
				"east": { "uv": [ 6, 13, 7, 15 ], "texture": "#light" }
			}
		},
		{
			"__comment": "nether_wart_top2",
			"from": [ 3, 1.5, 13 ],
			"to": [ 6, 3.5, 14 ],
			"faces": {
				"down": { "uv": [ 3, 2, 6, 3 ], "texture": "#light" },
				"up": { "uv": [ 3, 13, 6, 14 ], "texture": "#light" },
				"south": { "uv": [ 3, 13, 6, 15 ], "texture": "#light" },
				"west": { "uv": [ 13, 13, 14, 15 ], "texture": "#light" },
				"east": { "uv": [ 2, 13, 3, 15 ], "texture": "#light" }
			}
		},
		{
			"__comment": "addon",
			"from": [ 7.5, -0.5, 7.5 ],
			"to": [ 8.5, 0.5, 9.5 ],
			"faces": {
				"down": { "uv": [ 7.5, 6.5, 8.5, 8.5 ], "texture": "#dark" },
				"up": { "uv": [ 7.5, 7.5, 8.5, 9.5 ], "texture": "#dark" },
				"north": { "uv": [ 7.5, 0, 8.5, 1 ], "texture": "#dark" },
				"south": { "uv": [ 7.5, 0, 8.5, 1 ], "texture": "#dark" },
				"west": { "uv": [ 7.5, 0, 9.5, 1 ], "texture": "#dark" },
				"east": { "uv": [ 6.5, 0, 8.5, 1 ], "texture": "#dark" }
			}
		},
		{
			"__comment": "addon1",
			"from": [ 7, -0.5, 4 ],
			"to": [ 9, 0.5, 5 ],
			"faces": {
				"down": { "uv": [ 7, 11, 9, 12 ], "texture": "#dark" },
				"up": { "uv": [ 7, 4, 9, 5 ], "texture": "#dark" },
				"north": { "uv": [ 7, 0, 9, 1 ], "texture": "#dark" },
				"south": { "uv": [ 7, 0, 9, 1 ], "texture": "#dark" },
				"west": { "uv": [ 4, 0, 5, 1 ], "texture": "#dark" },
				"east": { "uv": [ 11, 0, 12, 1 ], "texture": "#dark" }
			}
		},
		{
			"__comment": "addon2",
			"from": [ 7, -0.5, 11 ],
			"to": [ 9, 0.5, 12 ],
			"faces": {
				"down": { "uv": [ 7, 4, 9, 5 ], "texture": "#dark" },
				"up": { "uv": [ 7, 11, 9, 12 ], "texture": "#dark" },
				"north": { "uv": [ 7, 0, 9, 1 ], "texture": "#dark" },
				"south": { "uv": [ 7, 0, 9, 1 ], "texture": "#dark" },
				"west": { "uv": [ 11, 0, 12, 1 ], "texture": "#dark" },
				"east": { "uv": [ 4, 0, 5, 1 ], "texture": "#dark" }
			}
		},
		{
			"__comment": "addon3",
			"from": [ 12, -0.5, 7 ],
			"to": [ 13, 0.5, 9 ],
			"faces": {
				"down": { "uv": [ 12, 7, 13, 9 ], "texture": "#dark" },
				"up": { "uv": [ 12, 7, 13, 9 ], "texture": "#dark" },
				"north": { "uv": [ 3, 0, 4, 1 ], "texture": "#dark" },
				"south": { "uv": [ 12, 0, 13, 1 ], "texture": "#dark" },
				"west": { "uv": [ 7, 0, 9, 1 ], "texture": "#dark" },
				"east": { "uv": [ 7, 0, 9, 1 ], "texture": "#dark" }
			}
		},
		{
			"__comment": "addon",
			"from": [ 3.5, -0.5, 7 ],
			"to": [ 4.5, 0.5, 9 ],
			"faces": {
				"down": { "uv": [ 3.5, 7, 4.5, 9 ], "texture": "#dark" },
				"up": { "uv": [ 3.5, 7, 4.5, 9 ], "texture": "#dark" },
				"north": { "uv": [ 11.5, 0, 12.5, 1 ], "texture": "#dark" },
				"south": { "uv": [ 3.5, 0, 4.5, 1 ], "texture": "#dark" },
				"west": { "uv": [ 7, 0, 9, 1 ], "texture": "#dark" },
				"east": { "uv": [ 7, 0, 9, 1 ], "texture": "#dark" }
			}
		}
	]
}