{
	"__comment": "Designed by CreatorLabs with Cubik Studio - https://cubik.studio",
	"parent": "block/block",
	"textures": {
		"particle": "3d_blocks/nether_wart",
		"dark": "3d_blocks/nether_wart",
		"light": "3d_blocks/nether_wart"
	},
	"elements": [ 	 
		{
			"__comment": "top",
			"from": [ 2, 11, 1 ],
			"to": [ 8, 14, 5 ],
			"faces": {
				"down": { "uv": [ 2, 11, 8, 15 ], "texture": "#light" },
				"up": { "uv": [ 2, 1, 8, 5 ], "texture": "#light" },
				"north": { "uv": [ 8, 2, 14, 5 ], "texture": "#light" },
				"south": { "uv": [ 2, 2, 8, 5 ], "texture": "#light" },
				"west": { "uv": [ 1, 2, 5, 5 ], "texture": "#light" },
				"east": { "uv": [ 11, 2, 15, 5 ], "texture": "#light" }
			}
		},
		{
			"__comment": "stem",
			"from": [ 3, -1, 2 ],
			"to": [ 7, 11, 4 ],
			"faces": {
				"down": { "uv": [ 3, 12, 7, 14 ], "texture": "#dark" },
				"north": { "uv": [ 9, 5, 13, 16 ], "texture": "#dark" },
				"south": { "uv": [ 3, 5, 7, 16 ], "texture": "#dark" },
				"west": { "uv": [ 2, 5, 4, 16 ], "texture": "#dark" },
				"east": { "uv": [ 12, 5, 14, 16 ], "texture": "#dark" }
			}
		},
		{
			"__comment": "top1",
			"from": [ 3, 11, 0 ],
			"to": [ 7, 14, 1 ],
			"faces": {
				"down": { "uv": [ 3, 15, 7, 16 ], "texture": "#light" },
				"up": { "uv": [ 3, 0, 7, 1 ], "texture": "#light" },
				"north": { "uv": [ 9, 2, 13, 5 ], "texture": "#light" },
				"west": { "uv": [ 0, 2, 1, 5 ], "texture": "#light" },
				"east": { "uv": [ 15, 2, 16, 5 ], "texture": "#light" }
			}
		},
		{
			"__comment": "top2",
			"from": [ 3, 11, 5 ],
			"to": [ 7, 14, 6 ],
			"faces": {
				"down": { "uv": [ 3, 10, 7, 11 ], "texture": "#light" },
				"up": { "uv": [ 3, 5, 7, 6 ], "texture": "#light" },
				"south": { "uv": [ 3, 2, 7, 5 ], "texture": "#light" },
				"west": { "uv": [ 5, 2, 6, 5 ], "texture": "#light" },
				"east": { "uv": [ 10, 2, 11, 5 ], "texture": "#light" }
			}
		},
		{
			"__comment": "top3",
			"from": [ 3, 14, 1 ],
			"to": [ 7, 15, 5 ],
			"faces": {
				"up": { "uv": [ 3, 1, 7, 5 ], "texture": "#light" },
				"north": { "uv": [ 9, 1, 13, 2 ], "texture": "#light" },
				"south": { "uv": [ 3, 1, 7, 2 ], "texture": "#light" },
				"west": { "uv": [ 1, 1, 5, 2 ], "texture": "#light" },
				"east": { "uv": [ 11, 1, 15, 2 ], "texture": "#light" }
			}
		},
		{
			"__comment": "stem1",
			"from": [ 4, -1, 1 ],
			"to": [ 6, 11, 2 ],
			"faces": {
				"down": { "uv": [ 4, 14, 6, 15 ], "texture": "#dark" },
				"north": { "uv": [ 10, 5, 12, 16 ], "texture": "#dark" },
				"west": { "uv": [ 1, 5, 2, 16 ], "texture": "#dark" },
				"east": { "uv": [ 14, 5, 15, 16 ], "texture": "#dark" }
			}
		},
		{
			"__comment": "stem2",
			"from": [ 4, -1, 4 ],
			"to": [ 6, 11, 5 ],
			"faces": {
				"down": { "uv": [ 4, 11, 6, 12 ], "texture": "#dark" },
				"south": { "uv": [ 4, 5, 6, 16 ], "texture": "#dark" },
				"west": { "uv": [ 4, 5, 5, 16 ], "texture": "#dark" },
				"east": { "uv": [ 11, 5, 12, 16 ], "texture": "#dark" }
			}
		},
		{
			"__comment": "top",
			"from": [ 9, 10, 2 ],
			"to": [ 15, 13, 6 ],
			"faces": {
				"down": { "uv": [ 9, 10, 15, 14 ], "texture": "#light" },
				"up": { "uv": [ 9, 2, 15, 6 ], "texture": "#light" },
				"north": { "uv": [ 1, 3, 7, 6 ], "texture": "#light" },
				"south": { "uv": [ 9, 3, 15, 6 ], "texture": "#light" },
				"west": { "uv": [ 2, 3, 6, 6 ], "texture": "#light" },
				"east": { "uv": [ 10, 3, 14, 6 ], "texture": "#light" }
			}
		},
		{
			"__comment": "top1",
			"from": [ 10, 10, 1 ],
			"to": [ 14, 13, 2 ],
			"faces": {
				"down": { "uv": [ 10, 14, 14, 15 ], "texture": "#light" },
				"up": { "uv": [ 10, 1, 14, 2 ], "texture": "#light" },
				"north": { "uv": [ 2, 3, 6, 6 ], "texture": "#light" },
				"west": { "uv": [ 1, 3, 2, 6 ], "texture": "#light" },
				"east": { "uv": [ 14, 3, 15, 6 ], "texture": "#light" }
			}
		},
		{
			"__comment": "top2",
			"from": [ 10, 10, 6 ],
			"to": [ 14, 13, 7 ],
			"faces": {
				"down": { "uv": [ 10, 9, 14, 10 ], "texture": "#light" },
				"up": { "uv": [ 10, 6, 14, 7 ], "texture": "#light" },
				"south": { "uv": [ 10, 3, 14, 6 ], "texture": "#light" },
				"west": { "uv": [ 6, 3, 7, 6 ], "texture": "#light" },
				"east": { "uv": [ 9, 3, 10, 6 ], "texture": "#light" }
			}
		},
		{
			"__comment": "top3",
			"from": [ 10, 13, 2 ],
			"to": [ 14, 14, 6 ],
			"faces": {
				"up": { "uv": [ 10, 2, 14, 6 ], "texture": "#light" },
				"north": { "uv": [ 2, 2, 6, 3 ], "texture": "#light" },
				"south": { "uv": [ 10, 2, 14, 3 ], "texture": "#light" },
				"west": { "uv": [ 2, 2, 6, 3 ], "texture": "#light" },
				"east": { "uv": [ 10, 2, 14, 3 ], "texture": "#light" }
			}
		},
		{
			"__comment": "stem1",
			"from": [ 11, -1, 2 ],
			"to": [ 13, 10, 3 ],
			"faces": {
				"down": { "uv": [ 11, 13, 13, 14 ], "texture": "#dark" },
				"north": { "uv": [ 3, 6, 5, 16 ], "texture": "#dark" },
				"west": { "uv": [ 2, 6, 3, 16 ], "texture": "#dark" },
				"east": { "uv": [ 13, 6, 14, 16 ], "texture": "#dark" }
			}
		},
		{
			"__comment": "stem2",
			"from": [ 11, -1, 5 ],
			"to": [ 13, 10, 6 ],
			"faces": {
				"down": { "uv": [ 11, 10, 13, 11 ], "texture": "#dark" },
				"south": { "uv": [ 11, 6, 13, 16 ], "texture": "#dark" },
				"west": { "uv": [ 5, 6, 6, 16 ], "texture": "#dark" },
				"east": { "uv": [ 10, 6, 11, 16 ], "texture": "#dark" }
			}
		},
		{
			"__comment": "stem",
			"from": [ 10, -1, 3 ],
			"to": [ 14, 10, 5 ],
			"faces": {
				"down": { "uv": [ 10, 11, 14, 13 ], "texture": "#dark" },
				"north": { "uv": [ 2, 6, 6, 16 ], "texture": "#dark" },
				"south": { "uv": [ 10, 6, 14, 16 ], "texture": "#dark" },
				"west": { "uv": [ 3, 6, 5, 16 ], "texture": "#dark" },
				"east": { "uv": [ 11, 6, 13, 16 ], "texture": "#dark" }
			}
		},
		{
			"__comment": "top",
			"from": [ 10, 11, 9 ],
			"to": [ 16, 14, 13 ],
			"faces": {
				"down": { "uv": [ 10, 3, 16, 7 ], "texture": "#light" },
				"up": { "uv": [ 10, 9, 16, 13 ], "texture": "#light" },
				"north": { "uv": [ 0, 2, 6, 5 ], "texture": "#light" },
				"south": { "uv": [ 10, 2, 16, 5 ], "texture": "#light" },
				"west": { "uv": [ 9, 2, 13, 5 ], "texture": "#light" },
				"east": { "uv": [ 3, 2, 7, 5 ], "texture": "#light" }
			}
		},
		{
			"__comment": "stem",
			"from": [ 11, -1, 10 ],
			"to": [ 15, 11, 12 ],
			"faces": {
				"down": { "uv": [ 11, 4, 15, 6 ], "texture": "#dark" },
				"north": { "uv": [ 1, 5, 5, 16 ], "texture": "#dark" },
				"south": { "uv": [ 11, 5, 15, 16 ], "texture": "#dark" },
				"west": { "uv": [ 10, 5, 12, 16 ], "texture": "#dark" },
				"east": { "uv": [ 4, 5, 6, 16 ], "texture": "#dark" }
			}
		},
		{
			"__comment": "top1",
			"from": [ 11, 11, 8 ],
			"to": [ 15, 14, 9 ],
			"faces": {
				"down": { "uv": [ 11, 7, 15, 8 ], "texture": "#light" },
				"up": { "uv": [ 11, 8, 15, 9 ], "texture": "#light" },
				"north": { "uv": [ 1, 2, 5, 5 ], "texture": "#light" },
				"west": { "uv": [ 8, 2, 9, 5 ], "texture": "#light" },
				"east": { "uv": [ 7, 2, 8, 5 ], "texture": "#light" }
			}
		},
		{
			"__comment": "top3",
			"from": [ 11, 14, 9 ],
			"to": [ 15, 15, 13 ],
			"faces": {
				"up": { "uv": [ 11, 9, 15, 13 ], "texture": "#light" },
				"north": { "uv": [ 1, 1, 5, 2 ], "texture": "#light" },
				"south": { "uv": [ 11, 1, 15, 2 ], "texture": "#light" },
				"west": { "uv": [ 9, 1, 13, 2 ], "texture": "#light" },
				"east": { "uv": [ 3, 1, 7, 2 ], "texture": "#light" }
			}
		},
		{
			"__comment": "stem1",
			"from": [ 12, -1, 9 ],
			"to": [ 14, 11, 10 ],
			"faces": {
				"down": { "uv": [ 12, 6, 14, 7 ], "texture": "#dark" },
				"north": { "uv": [ 2, 5, 4, 16 ], "texture": "#dark" },
				"west": { "uv": [ 9, 5, 10, 16 ], "texture": "#dark" },
				"east": { "uv": [ 6, 5, 7, 16 ], "texture": "#dark" }
			}
		},
		{
			"__comment": "stem2",
			"from": [ 12, -1, 12 ],
			"to": [ 14, 11, 13 ],
			"faces": {
				"down": { "uv": [ 12, 3, 14, 4 ], "texture": "#dark" },
				"south": { "uv": [ 12, 5, 14, 16 ], "texture": "#dark" },
				"west": { "uv": [ 12, 5, 13, 16 ], "texture": "#dark" },
				"east": { "uv": [ 3, 5, 4, 16 ], "texture": "#dark" }
			}
		},
		{
			"__comment": "top2",
			"from": [ 11, 11, 13 ],
			"to": [ 15, 14, 14 ],
			"faces": {
				"down": { "uv": [ 11, 2, 15, 3 ], "texture": "#light" },
				"up": { "uv": [ 11, 13, 15, 14 ], "texture": "#light" },
				"south": { "uv": [ 11, 2, 15, 5 ], "texture": "#light" },
				"west": { "uv": [ 13, 2, 14, 5 ], "texture": "#light" },
				"east": { "uv": [ 2, 2, 3, 5 ], "texture": "#light" }
			}
		},
		{
			"__comment": "top",
			"from": [ 1, 10, 10 ],
			"to": [ 7, 13, 14 ],
			"faces": {
				"down": { "uv": [ 1, 2, 7, 6 ], "texture": "#light" },
				"up": { "uv": [ 1, 10, 7, 14 ], "texture": "#light" },
				"north": { "uv": [ 9, 3, 15, 6 ], "texture": "#light" },
				"south": { "uv": [ 1, 3, 7, 6 ], "texture": "#light" },
				"west": { "uv": [ 10, 3, 14, 6 ], "texture": "#light" },
				"east": { "uv": [ 2, 3, 6, 6 ], "texture": "#light" }
			}
		},
		{
			"__comment": "top1",
			"from": [ 2, 10, 9 ],
			"to": [ 6, 13, 10 ],
			"faces": {
				"down": { "uv": [ 2, 6, 6, 7 ], "texture": "#light" },
				"up": { "uv": [ 2, 9, 6, 10 ], "texture": "#light" },
				"north": { "uv": [ 10, 3, 14, 6 ], "texture": "#light" },
				"west": { "uv": [ 9, 3, 10, 6 ], "texture": "#light" },
				"east": { "uv": [ 6, 3, 7, 6 ], "texture": "#light" }
			}
		},
		{
			"__comment": "top3",
			"from": [ 2, 13, 10 ],
			"to": [ 6, 14, 14 ],
			"faces": {
				"up": { "uv": [ 2, 10, 6, 14 ], "texture": "#light" },
				"north": { "uv": [ 10, 2, 14, 3 ], "texture": "#light" },
				"south": { "uv": [ 2, 2, 6, 3 ], "texture": "#light" },
				"west": { "uv": [ 10, 2, 14, 3 ], "texture": "#light" },
				"east": { "uv": [ 2, 2, 6, 3 ], "texture": "#light" }
			}
		},
		{
			"__comment": "stem",
			"from": [ 2, -1, 11 ],
			"to": [ 6, 10, 13 ],
			"faces": {
				"down": { "uv": [ 2, 3, 6, 5 ], "texture": "#dark" },
				"north": { "uv": [ 10, 6, 14, 16 ], "texture": "#dark" },
				"south": { "uv": [ 2, 6, 6, 16 ], "texture": "#dark" },
				"west": { "uv": [ 11, 6, 13, 16 ], "texture": "#dark" },
				"east": { "uv": [ 3, 6, 5, 16 ], "texture": "#dark" }
			}
		},
		{
			"__comment": "stem1",
			"from": [ 3, -1, 10 ],
			"to": [ 5, 10, 11 ],
			"faces": {
				"down": { "uv": [ 3, 5, 5, 6 ], "texture": "#dark" },
				"north": { "uv": [ 11, 6, 13, 16 ], "texture": "#dark" },
				"west": { "uv": [ 10, 6, 11, 16 ], "texture": "#dark" },
				"east": { "uv": [ 5, 6, 6, 16 ], "texture": "#dark" }
			}
		},
		{
			"__comment": "stem2",
			"from": [ 3, -1, 13 ],
			"to": [ 5, 10, 14 ],
			"faces": {
				"down": { "uv": [ 3, 2, 5, 3 ], "texture": "#dark" },
				"south": { "uv": [ 3, 6, 5, 16 ], "texture": "#dark" },
				"west": { "uv": [ 13, 6, 14, 16 ], "texture": "#dark" },
				"east": { "uv": [ 2, 6, 3, 16 ], "texture": "#dark" }
			}
		},
		{
			"__comment": "top2",
			"from": [ 2, 10, 14 ],
			"to": [ 6, 13, 15 ],
			"faces": {
				"down": { "uv": [ 2, 1, 6, 2 ], "texture": "#light" },
				"up": { "uv": [ 2, 14, 6, 15 ], "texture": "#light" },
				"south": { "uv": [ 2, 3, 6, 6 ], "texture": "#light" },
				"west": { "uv": [ 14, 3, 15, 6 ], "texture": "#light" },
				"east": { "uv": [ 1, 3, 2, 6 ], "texture": "#light" }
			}
		},
		{
			"__comment": "nether_wart_top1",
			"from": [ 1, 6, 6 ],
			"to": [ 2, 8, 9 ],
			"faces": {
				"down": { "uv": [ 1, 7, 2, 10 ], "texture": "#light" },
				"up": { "uv": [ 1, 6, 2, 9 ], "texture": "#light" },
				"north": { "uv": [ 14, 8, 15, 10 ], "texture": "#light" },
				"south": { "uv": [ 1, 8, 2, 10 ], "texture": "#light" },
				"west": { "uv": [ 6, 8, 9, 10 ], "texture": "#light" }
			}
		},
		{
			"__comment": "nether_wart_top2",
			"from": [ 5, 6, 6 ],
			"to": [ 6, 8, 9 ],
			"faces": {
				"down": { "uv": [ 5, 6.999977, 6, 9.999977 ], "texture": "#light" },
				"up": { "uv": [ 5, 6.000023, 6, 9.000023 ], "texture": "#light" },
				"north": { "uv": [ 10, 8, 11, 10 ], "texture": "#light" },
				"south": { "uv": [ 5, 8, 6, 10 ], "texture": "#light" },
				"east": { "uv": [ 6.999977, 8, 9.999977, 10 ], "texture": "#light" }
			}
		},
		{
			"__comment": "nether_wart_top3",
			"from": [ 2, 8, 6 ],
			"to": [ 5, 9, 9 ],
			"faces": {
				"up": { "uv": [ 2, 5.999998, 5, 8.999998 ], "texture": "#light" },
				"north": { "uv": [ 11, 7, 14, 8 ], "texture": "#light" },
				"south": { "uv": [ 2, 7, 5, 8 ], "texture": "#light" },
				"west": { "uv": [ 5.999998, 7, 8.999998, 8 ], "texture": "#light" },
				"east": { "uv": [ 7.000002, 7, 10, 8 ], "texture": "#light" }
			}
		},
		{
			"__comment": "nether_wart_top",
			"from": [ 2, 6, 5 ],
			"to": [ 5, 8, 10 ],
			"faces": {
				"down": { "uv": [ 2, 6.000001, 5, 11 ], "texture": "#light" },
				"up": { "uv": [ 2, 4.999999, 5, 9.999999 ], "texture": "#light" },
				"north": { "uv": [ 11, 8, 14, 10 ], "texture": "#light" },
				"south": { "uv": [ 2, 8, 5, 10 ], "texture": "#light" },
				"west": { "uv": [ 4.999999, 8, 9.999999, 10 ], "texture": "#light" },
				"east": { "uv": [ 6.000001, 8, 11, 10 ], "texture": "#light" }
			}
		},
		{
			"__comment": "nether_wart_stem",
			"from": [ 2, -1, 6 ],
			"to": [ 5, 6, 9 ],
			"faces": {
				"down": { "uv": [ 2, 7.000002, 5, 10 ], "texture": "#dark" },
				"north": { "uv": [ 11, 10, 14, 16 ], "texture": "#dark" },
				"south": { "uv": [ 2, 10, 5, 16 ], "texture": "#dark" },
				"west": { "uv": [ 5.999998, 10, 8.999998, 16 ], "texture": "#dark" },
				"east": { "uv": [ 7.000002, 10, 10, 16 ], "texture": "#dark" }
			}
		},
		{
			"__comment": "nether_wart_top3",
			"from": [ 11, 8, 6 ],
			"to": [ 14, 9, 9 ],
			"faces": {
				"up": { "uv": [ 11, 5.999999, 14, 8.999999 ], "texture": "#light" },
				"north": { "uv": [ 1.999998, 7, 4.999998, 8 ], "texture": "#light" },
				"south": { "uv": [ 11, 7, 14, 8 ], "texture": "#light" },
				"west": { "uv": [ 5.999999, 7, 8.999999, 8 ], "texture": "#light" },
				"east": { "uv": [ 7.000001, 7, 10, 8 ], "texture": "#light" }
			}
		},
		{
			"__comment": "nether_wart_top",
			"from": [ 10, 6, 6 ],
			"to": [ 15, 8, 9 ],
			"faces": {
				"down": { "uv": [ 10, 7.000023, 15, 10.00002 ], "texture": "#light" },
				"up": { "uv": [ 10, 5.999977, 15, 8.999977 ], "texture": "#light" },
				"north": { "uv": [ 1, 8, 6, 10 ], "texture": "#light" },
				"south": { "uv": [ 10, 8, 15, 10 ], "texture": "#light" },
				"west": { "uv": [ 5.999977, 8, 8.999977, 10 ], "texture": "#light" },
				"east": { "uv": [ 7.000023, 8, 10.00002, 10 ], "texture": "#light" }
			}
		},
		{
			"__comment": "nether_wart_stem",
			"from": [ 11, -1, 6 ],
			"to": [ 14, 6, 9 ],
			"faces": {
				"down": { "uv": [ 11, 7.000001, 14, 10 ], "texture": "#dark" },
				"north": { "uv": [ 1.999998, 5, 4.999998, 12 ], "texture": "#dark" },
				"south": { "uv": [ 11, 5, 14, 12 ], "texture": "#dark" },
				"west": { "uv": [ 5.999999, 5, 8.999999, 12 ], "texture": "#dark" },
				"east": { "uv": [ 7.000001, 5, 10, 12 ], "texture": "#dark" }
			}
		},
		{
			"__comment": "nether_wart_top1",
			"from": [ 6, 6, 10 ],
			"to": [ 7, 8, 13 ],
			"faces": {
				"down": { "uv": [ 6, 3, 7, 6 ], "texture": "#light" },
				"up": { "uv": [ 6, 10, 7, 13 ], "texture": "#light" },
				"north": { "uv": [ 9, 8, 10, 10 ], "texture": "#light" },
				"south": { "uv": [ 6, 8, 7, 10 ], "texture": "#light" },
				"west": { "uv": [ 10, 8, 13, 10 ], "texture": "#light" }
			}
		},
		{
			"__comment": "nether_wart_top2",
			"from": [ 10, 6, 10 ],
			"to": [ 11, 8, 13 ],
			"faces": {
				"down": { "uv": [ 10, 2.999977, 11, 5.999977 ], "texture": "#light" },
				"up": { "uv": [ 10, 10.00002, 11, 13.00002 ], "texture": "#light" },
				"north": { "uv": [ 5, 8, 6, 10 ], "texture": "#light" },
				"south": { "uv": [ 10, 8, 11, 10 ], "texture": "#light" },
				"east": { "uv": [ 2.999977, 8, 5.999977, 10 ], "texture": "#light" }
			}
		},
		{
			"__comment": "nether_wart_top3",
			"from": [ 7, 8, 10 ],
			"to": [ 10, 9, 13 ],
			"faces": {
				"up": { "uv": [ 7, 9.999998, 10, 13 ], "texture": "#light" },
				"north": { "uv": [ 6, 7, 9, 8 ], "texture": "#light" },
				"south": { "uv": [ 7, 7, 10, 8 ], "texture": "#light" },
				"west": { "uv": [ 9.999998, 7, 13, 8 ], "texture": "#light" },
				"east": { "uv": [ 3.000002, 7, 6.000002, 8 ], "texture": "#light" }
			}
		},
		{
			"__comment": "nether_wart_top",
			"from": [ 7, 6, 9 ],
			"to": [ 10, 8, 14 ],
			"faces": {
				"down": { "uv": [ 7, 2.000001, 10, 7.000001 ], "texture": "#light" },
				"up": { "uv": [ 7, 8.999999, 10, 14 ], "texture": "#light" },
				"north": { "uv": [ 6, 8, 9, 10 ], "texture": "#light" },
				"south": { "uv": [ 7, 8, 10, 10 ], "texture": "#light" },
				"west": { "uv": [ 8.999999, 8, 14, 10 ], "texture": "#light" },
				"east": { "uv": [ 2.000001, 8, 7.000001, 10 ], "texture": "#light" }
			}
		},
		{
			"__comment": "nether_wart_stem",
			"from": [ 7, -1, 10 ],
			"to": [ 10, 6, 13 ],
			"faces": {
				"down": { "uv": [ 7, 3.000002, 10, 6.000002 ], "texture": "#dark" },
				"north": { "uv": [ 6, 10, 9, 16 ], "texture": "#dark" },
				"south": { "uv": [ 7, 10, 10, 16 ], "texture": "#dark" },
				"west": { "uv": [ 9.999998, 10, 13, 16 ], "texture": "#dark" },
				"east": { "uv": [ 3.000002, 10, 6.000002, 16 ], "texture": "#dark" }
			}
		},
		{
			"__comment": "nether_wart_top3",
			"from": [ 7, 8, 2 ],
			"to": [ 10, 9, 5 ],
			"faces": {
				"up": { "uv": [ 7, 1.999998, 10, 4.999998 ], "texture": "#light" },
				"north": { "uv": [ 6, 7, 9, 8 ], "texture": "#light" },
				"south": { "uv": [ 7, 7, 10, 8 ], "texture": "#light" },
				"west": { "uv": [ 1.999999, 7, 4.999999, 8 ], "texture": "#light" },
				"east": { "uv": [ 11, 7, 14, 8 ], "texture": "#light" }
			}
		},
		{
			"__comment": "nether_wart_top",
			"from": [ 7, 6, 1 ],
			"to": [ 10, 8, 6 ],
			"faces": {
				"down": { "uv": [ 7, 10, 10, 15 ], "texture": "#light" },
				"up": { "uv": [ 7, 0.999999, 10, 5.999999 ], "texture": "#light" },
				"north": { "uv": [ 6, 8, 9, 10 ], "texture": "#light" },
				"south": { "uv": [ 7, 8, 10, 10 ], "texture": "#light" },
				"west": { "uv": [ 0.999999, 8, 5.999999, 10 ], "texture": "#light" },
				"east": { "uv": [ 10, 8, 15, 10 ], "texture": "#light" }
			}
		},
		{
			"__comment": "nether_wart_stem",
			"from": [ 7, -1, 2 ],
			"to": [ 10, 6, 5 ],
			"faces": {
				"down": { "uv": [ 7, 11, 10, 14 ], "texture": "#dark" },
				"north": { "uv": [ 6, 10, 9, 16 ], "texture": "#dark" },
				"south": { "uv": [ 7, 10, 10, 16 ], "texture": "#dark" },
				"west": { "uv": [ 1.999999, 10, 4.999999, 16 ], "texture": "#dark" },
				"east": { "uv": [ 11, 10, 14, 16 ], "texture": "#dark" }
			}
		}
	]
}