{
	"credit": "Made with Blockbench, a free, modern block model editor by JannisX11",
	"parent": "item/parents/sapling",
	"textures": {
		"0": "3d_decoration/sapling_oak_wood",
		"2": "3d_decoration/sapling_oak_leaves",
		"particle": "3d_decoration/sapling_oak_leaves"
	},
	"elements": [
		{
			"name": "cube",
			"from": [7, 0, 7],
			"to": [10, 6, 10],
			"faces": {
				"north": {"uv": [7, 10, 10, 16], "texture": "#0"},
				"east": {"uv": [9, 16, 6, 10], "texture": "#0"},
				"south": {"uv": [6, 10, 9, 16], "texture": "#0"},
				"west": {"uv": [7, 10, 10, 16], "texture": "#0"},
				"up": {"uv": [6, 7, 9, 10], "texture": "#0"},
				"down": {"uv": [6, 6, 9, 9], "texture": "#0"}
			},
			"type": "cube"
		},
		{
			"name": "cube",
			"from": [6, 4, 8],
			"to": [7, 7, 9],
			"faces": {
				"north": {"uv": [10, 9, 11, 12], "texture": "#0"},
				"east": {"uv": [8, 12, 7, 9], "texture": "#0"},
				"south": {"uv": [5, 9, 6, 12], "texture": "#0"},
				"west": {"uv": [8, 9, 9, 12], "texture": "#0"},
				"up": {"uv": [5, 8, 6, 9], "texture": "#0"},
				"down": {"uv": [5, 7, 6, 8], "texture": "#0"}
			},
			"type": "cube"
		},
		{
			"name": "cube",
			"from": [3, 6, 7],
			"to": [6, 7, 8],
			"faces": {
				"north": {"uv": [11, 9, 14, 10], "texture": "#0"},
				"east": {"uv": [9, 10, 8, 9], "texture": "#0"},
				"south": {"uv": [2, 9, 5, 10], "texture": "#0"},
				"west": {"uv": [7, 9, 8, 10], "texture": "#0"},
				"up": {"uv": [2, 7, 5, 8], "texture": "#0"},
				"down": {"uv": [2, 8, 5, 9], "texture": "#0"}
			},
			"type": "cube"
		},
		{
			"name": "cube",
			"from": [5, 7, 8],
			"to": [6, 8, 9],
			"faces": {
				"north": {"uv": [11, 8, 12, 9], "texture": "#0"},
				"east": {"uv": [8, 9, 7, 8], "texture": "#0"},
				"south": {"uv": [4, 8, 5, 9], "texture": "#0"},
				"west": {"uv": [8, 8, 9, 9], "texture": "#0"},
				"up": {"uv": [4, 8, 5, 9], "texture": "#0"},
				"down": {"uv": [4, 7, 5, 8], "texture": "#0"}
			},
			"type": "cube"
		},
		{
			"name": "cube",
			"from": [8, 6, 9],
			"to": [12, 8, 10],
			"faces": {
				"north": {"uv": [5, 8, 9, 10], "texture": "#0"},
				"east": {"uv": [7, 10, 6, 8], "texture": "#0"},
				"south": {"uv": [7, 8, 11, 10], "texture": "#0"},
				"west": {"uv": [9, 8, 10, 10], "texture": "#0"},
				"up": {"uv": [7, 9, 11, 10], "texture": "#0"},
				"down": {"uv": [7, 6, 11, 7], "texture": "#0"}
			},
			"type": "cube"
		},
		{
			"name": "cube",
			"from": [9, 8, 8],
			"to": [11, 10, 9],
			"faces": {
				"north": {"uv": [6, 6, 8, 8], "texture": "#0"},
				"east": {"uv": [8, 8, 7, 6], "texture": "#0"},
				"south": {"uv": [8, 6, 10, 8], "texture": "#0"},
				"west": {"uv": [8, 6, 9, 8], "texture": "#0"},
				"up": {"uv": [8, 8, 10, 9], "texture": "#0"},
				"down": {"uv": [8, 7, 10, 8], "texture": "#0"}
			},
			"type": "cube"
		},
		{
			"name": "cube",
			"from": [6, 9, 7],
			"to": [8, 11, 8],
			"faces": {
				"north": {"uv": [9, 5, 11, 7], "texture": "#0"},
				"east": {"uv": [9, 7, 8, 5], "texture": "#0"},
				"south": {"uv": [5, 5, 7, 7], "texture": "#0"},
				"west": {"uv": [7, 5, 8, 7], "texture": "#0"},
				"up": {"uv": [5, 7, 7, 8], "texture": "#0"},
				"down": {"uv": [5, 8, 7, 9], "texture": "#0"}
			},
			"type": "cube"
		},
		{
			"name": "cube",
			"from": [8, 9, 8],
			"to": [9, 10, 9],
			"faces": {
				"north": {"uv": [8, 6, 9, 7], "texture": "#0"},
				"east": {"uv": [8, 7, 7, 6], "texture": "#0"},
				"south": {"uv": [7, 6, 8, 7], "texture": "#0"},
				"west": {"uv": [8, 6, 9, 7], "texture": "#0"},
				"up": {"uv": [7, 8, 8, 9], "texture": "#0"},
				"down": {"uv": [7, 7, 8, 8], "texture": "#0"}
			},
			"type": "cube"
		},
		{
			"name": "cube",
			"from": [4, 10, 8],
			"to": [6, 12, 9],
			"faces": {
				"north": {"uv": [11, 4, 13, 6], "texture": "#0"},
				"east": {"uv": [8, 6, 7, 4], "texture": "#0"},
				"south": {"uv": [3, 4, 5, 6], "texture": "#0"},
				"west": {"uv": [8, 4, 9, 6], "texture": "#0"},
				"up": {"uv": [3, 8, 5, 9], "texture": "#0"},
				"down": {"uv": [3, 7, 5, 8], "texture": "#0"}
			},
			"type": "cube"
		},
		{
			"name": "cube",
			"from": [3, 10, 7],
			"to": [4, 11, 8],
			"faces": {
				"north": {"uv": [13, 5, 14, 6], "texture": "#0"},
				"east": {"uv": [9, 6, 8, 5], "texture": "#0"},
				"south": {"uv": [2, 5, 3, 6], "texture": "#0"},
				"west": {"uv": [7, 5, 8, 6], "texture": "#0"},
				"up": {"uv": [2, 7, 3, 8], "texture": "#0"},
				"down": {"uv": [2, 8, 3, 9], "texture": "#0"}
			},
			"type": "cube"
		},
		{
			"name": "cube",
			"from": [4, 12, 9],
			"to": [5, 13, 10],
			"faces": {
				"north": {"uv": [12, 3, 13, 4], "texture": "#0"},
				"east": {"uv": [7, 4, 6, 3], "texture": "#0"},
				"south": {"uv": [3, 3, 4, 4], "texture": "#0"},
				"west": {"uv": [9, 3, 10, 4], "texture": "#0"},
				"up": {"uv": [3, 9, 4, 10], "texture": "#0"},
				"down": {"uv": [3, 6, 4, 7], "texture": "#0"}
			},
			"type": "cube"
		},
		{
			"name": "cube",
			"from": [6, 11, 8],
			"to": [7, 12, 9],
			"faces": {
				"north": {"uv": [10, 4, 11, 5], "texture": "#0"},
				"east": {"uv": [8, 5, 7, 4], "texture": "#0"},
				"south": {"uv": [5, 4, 6, 5], "texture": "#0"},
				"west": {"uv": [8, 4, 9, 5], "texture": "#0"},
				"up": {"uv": [5, 8, 6, 9], "texture": "#0"},
				"down": {"uv": [5, 7, 6, 8], "texture": "#0"}
			},
			"type": "cube"
		},
		{
			"name": "cube",
			"from": [8, 8, 8],
			"to": [9, 9, 9],
			"faces": {
				"north": {"uv": [8, 7, 9, 8], "texture": "#0"},
				"east": {"uv": [8, 8, 7, 7], "texture": "#0"},
				"south": {"uv": [7, 7, 8, 8], "texture": "#0"},
				"west": {"uv": [8, 7, 9, 8], "texture": "#0"},
				"up": {"uv": [7, 8, 8, 9], "texture": "#0"},
				"down": {"uv": [7, 7, 8, 8], "texture": "#0"}
			},
			"type": "cube"
		},
		{
			"name": "cube",
			"from": [11, 9, 8],
			"to": [12, 10, 9],
			"faces": {
				"north": {"uv": [5, 6, 6, 7], "texture": "#0"},
				"east": {"uv": [8, 7, 7, 6], "texture": "#0"},
				"south": {"uv": [10, 6, 11, 7], "texture": "#0"},
				"west": {"uv": [8, 6, 9, 7], "texture": "#0"},
				"up": {"uv": [10, 8, 11, 9], "texture": "#0"},
				"down": {"uv": [10, 7, 11, 8], "texture": "#0"}
			},
			"type": "cube"
		},
		{
			"name": "cube",
			"from": [12, 10, 8],
			"to": [13, 12, 9],
			"faces": {
				"north": {"uv": [4, 4, 5, 6], "texture": "#0"},
				"east": {"uv": [8, 6, 7, 4], "texture": "#0"},
				"south": {"uv": [11, 4, 12, 6], "texture": "#0"},
				"west": {"uv": [8, 4, 9, 6], "texture": "#0"},
				"up": {"uv": [11, 8, 12, 9], "texture": "#0"},
				"down": {"uv": [11, 7, 12, 8], "texture": "#0"}
			},
			"type": "cube"
		},
		{
			"name": "cube",
			"from": [11, 5, 8],
			"to": [12, 6, 9],
			"faces": {
				"north": {"uv": [5, 10, 6, 11], "texture": "#0"},
				"east": {"uv": [8, 11, 7, 10], "texture": "#0"},
				"south": {"uv": [10, 10, 11, 11], "texture": "#0"},
				"west": {"uv": [8, 10, 9, 11], "texture": "#0"},
				"up": {"uv": [10, 8, 11, 9], "texture": "#0"},
				"down": {"uv": [10, 7, 11, 8], "texture": "#0"}
			},
			"type": "cube"
		},
		{
			"name": "cube",
			"from": [8, 4, 6],
			"to": [9, 7, 7],
			"faces": {
				"north": {"uv": [8, 9, 9, 12], "texture": "#0"},
				"east": {"uv": [10, 12, 9, 9], "texture": "#0"},
				"south": {"uv": [7, 9, 8, 12], "texture": "#0"},
				"west": {"uv": [6, 9, 7, 12], "texture": "#0"},
				"up": {"uv": [7, 6, 8, 7], "texture": "#0"},
				"down": {"uv": [7, 9, 8, 10], "texture": "#0"}
			},
			"type": "cube"
		},
		{
			"name": "cube",
			"from": [9, 6, 3],
			"to": [10, 7, 6],
			"faces": {
				"north": {"uv": [7, 9, 8, 10], "texture": "#0"},
				"east": {"uv": [13, 10, 10, 9], "texture": "#0"},
				"south": {"uv": [8, 9, 9, 10], "texture": "#0"},
				"west": {"uv": [3, 9, 6, 10], "texture": "#0"},
				"up": {"uv": [8, 3, 9, 6], "texture": "#0"},
				"down": {"uv": [8, 10, 9, 13], "texture": "#0"}
			},
			"type": "cube"
		},
		{
			"name": "cube",
			"from": [8, 7, 5],
			"to": [9, 8, 6],
			"faces": {
				"north": {"uv": [8, 8, 9, 9], "texture": "#0"},
				"east": {"uv": [11, 9, 10, 8], "texture": "#0"},
				"south": {"uv": [7, 8, 8, 9], "texture": "#0"},
				"west": {"uv": [5, 8, 6, 9], "texture": "#0"},
				"up": {"uv": [7, 5, 8, 6], "texture": "#0"},
				"down": {"uv": [7, 10, 8, 11], "texture": "#0"}
			},
			"type": "cube"
		},
		{
			"name": "cube",
			"from": [7, 6, 8],
			"to": [8, 8, 12],
			"faces": {
				"north": {"uv": [9, 8, 10, 10], "texture": "#0"},
				"east": {"uv": [8, 10, 4, 8], "texture": "#0"},
				"south": {"uv": [6, 8, 7, 10], "texture": "#0"},
				"west": {"uv": [8, 8, 12, 10], "texture": "#0"},
				"up": {"uv": [6, 8, 7, 12], "texture": "#0"},
				"down": {"uv": [6, 4, 7, 8], "texture": "#0"}
			},
			"type": "cube"
		},
		{
			"name": "cube",
			"from": [8, 8, 9],
			"to": [9, 10, 11],
			"faces": {
				"north": {"uv": [8, 6, 9, 8], "texture": "#0"},
				"east": {"uv": [7, 8, 5, 6], "texture": "#0"},
				"south": {"uv": [7, 6, 8, 8], "texture": "#0"},
				"west": {"uv": [9, 6, 11, 8], "texture": "#0"},
				"up": {"uv": [7, 9, 8, 11], "texture": "#0"},
				"down": {"uv": [7, 5, 8, 7], "texture": "#0"}
			},
			"type": "cube"
		},
		{
			"name": "cube",
			"from": [9, 9, 6],
			"to": [10, 11, 8],
			"faces": {
				"north": {"uv": [7, 5, 8, 7], "texture": "#0"},
				"east": {"uv": [10, 7, 8, 5], "texture": "#0"},
				"south": {"uv": [8, 5, 9, 7], "texture": "#0"},
				"west": {"uv": [6, 5, 8, 7], "texture": "#0"},
				"up": {"uv": [8, 6, 9, 8], "texture": "#0"},
				"down": {"uv": [8, 8, 9, 10], "texture": "#0"}
			},
			"type": "cube"
		},
		{
			"name": "cube",
			"from": [8, 9, 8],
			"to": [9, 10, 9],
			"faces": {
				"north": {"uv": [8, 6, 9, 7], "texture": "#0"},
				"east": {"uv": [8, 7, 7, 6], "texture": "#0"},
				"south": {"uv": [7, 6, 8, 7], "texture": "#0"},
				"west": {"uv": [8, 6, 9, 7], "texture": "#0"},
				"up": {"uv": [7, 8, 8, 9], "texture": "#0"},
				"down": {"uv": [7, 7, 8, 8], "texture": "#0"}
			},
			"type": "cube"
		},
		{
			"name": "cube",
			"from": [8, 10, 4],
			"to": [9, 12, 6],
			"faces": {
				"north": {"uv": [8, 4, 9, 6], "texture": "#0"},
				"east": {"uv": [12, 6, 10, 4], "texture": "#0"},
				"south": {"uv": [7, 4, 8, 6], "texture": "#0"},
				"west": {"uv": [4, 4, 6, 6], "texture": "#0"},
				"up": {"uv": [7, 4, 8, 6], "texture": "#0"},
				"down": {"uv": [7, 10, 8, 12], "texture": "#0"}
			},
			"type": "cube"
		},
		{
			"name": "cube",
			"from": [9, 10, 3],
			"to": [10, 11, 4],
			"faces": {
				"north": {"uv": [7, 5, 8, 6], "texture": "#0"},
				"east": {"uv": [13, 6, 12, 5], "texture": "#0"},
				"south": {"uv": [8, 5, 9, 6], "texture": "#0"},
				"west": {"uv": [3, 5, 4, 6], "texture": "#0"},
				"up": {"uv": [8, 3, 9, 4], "texture": "#0"},
				"down": {"uv": [8, 12, 9, 13], "texture": "#0"}
			},
			"type": "cube"
		},
		{
			"name": "cube",
			"from": [7, 12, 4],
			"to": [8, 13, 5],
			"faces": {
				"north": {"uv": [9, 3, 10, 4], "texture": "#0"},
				"east": {"uv": [12, 4, 11, 3], "texture": "#0"},
				"south": {"uv": [6, 3, 7, 4], "texture": "#0"},
				"west": {"uv": [4, 3, 5, 4], "texture": "#0"},
				"up": {"uv": [6, 4, 7, 5], "texture": "#0"},
				"down": {"uv": [6, 11, 7, 12], "texture": "#0"}
			},
			"type": "cube"
		},
		{
			"name": "cube",
			"from": [8, 11, 6],
			"to": [9, 12, 7],
			"faces": {
				"north": {"uv": [8, 4, 9, 5], "texture": "#0"},
				"east": {"uv": [10, 5, 9, 4], "texture": "#0"},
				"south": {"uv": [7, 4, 8, 5], "texture": "#0"},
				"west": {"uv": [6, 4, 7, 5], "texture": "#0"},
				"up": {"uv": [7, 6, 8, 7], "texture": "#0"},
				"down": {"uv": [7, 9, 8, 10], "texture": "#0"}
			},
			"type": "cube"
		},
		{
			"name": "cube",
			"from": [8, 8, 8],
			"to": [9, 9, 9],
			"faces": {
				"north": {"uv": [8, 7, 9, 8], "texture": "#0"},
				"east": {"uv": [8, 8, 7, 7], "texture": "#0"},
				"south": {"uv": [7, 7, 8, 8], "texture": "#0"},
				"west": {"uv": [8, 7, 9, 8], "texture": "#0"},
				"up": {"uv": [7, 8, 8, 9], "texture": "#0"},
				"down": {"uv": [7, 7, 8, 8], "texture": "#0"}
			},
			"type": "cube"
		},
		{
			"name": "cube",
			"from": [8, 6, 7],
			"to": [9, 8, 8],
			"faces": {
				"north": {"uv": [8, 8, 9, 10], "texture": "#0"},
				"east": {"uv": [9, 10, 8, 8], "texture": "#0"},
				"south": {"uv": [7, 8, 8, 10], "texture": "#0"},
				"west": {"uv": [7, 8, 8, 10], "texture": "#0"},
				"up": {"uv": [7, 7, 8, 8], "texture": "#0"},
				"down": {"uv": [7, 8, 8, 9], "texture": "#0"}
			},
			"type": "cube"
		},
		{
			"name": "cube",
			"from": [8, 9, 11],
			"to": [9, 10, 12],
			"faces": {
				"north": {"uv": [8, 6, 9, 7], "texture": "#0"},
				"east": {"uv": [5, 7, 4, 6], "texture": "#0"},
				"south": {"uv": [7, 6, 8, 7], "texture": "#0"},
				"west": {"uv": [11, 6, 12, 7], "texture": "#0"},
				"up": {"uv": [7, 11, 8, 12], "texture": "#0"},
				"down": {"uv": [7, 4, 8, 5], "texture": "#0"}
			},
			"type": "cube"
		},
		{
			"name": "cube",
			"from": [9, 10, 12],
			"to": [10, 12, 13],
			"faces": {
				"north": {"uv": [8, 4, 9, 6], "texture": "#0"},
				"east": {"uv": [4, 6, 3, 4], "texture": "#0"},
				"south": {"uv": [7, 4, 8, 6], "texture": "#0"},
				"west": {"uv": [12, 4, 13, 6], "texture": "#0"},
				"up": {"uv": [7, 12, 8, 13], "texture": "#0"},
				"down": {"uv": [7, 3, 8, 4], "texture": "#0"}
			},
			"type": "cube"
		},
		{
			"name": "cube",
			"from": [8, 5, 11],
			"to": [9, 6, 12],
			"faces": {
				"north": {"uv": [8, 10, 9, 11], "texture": "#0"},
				"east": {"uv": [5, 11, 4, 10], "texture": "#0"},
				"south": {"uv": [7, 10, 8, 11], "texture": "#0"},
				"west": {"uv": [11, 10, 12, 11], "texture": "#0"},
				"up": {"uv": [7, 11, 8, 12], "texture": "#0"},
				"down": {"uv": [7, 4, 8, 5], "texture": "#0"}
			},
			"type": "cube"
		},
		{
			"name": "cube",
			"from": [6, 8, 9],
			"to": [8, 10, 13],
			"faces": {
				"north": {"uv": [9, 6, 11, 8], "texture": "#2"},
				"east": {"uv": [7, 8, 3, 6], "texture": "#2"},
				"south": {"uv": [5, 6, 7, 8], "texture": "#2"},
				"west": {"uv": [9, 6, 13, 8], "texture": "#2"},
				"up": {"uv": [5, 9, 7, 13], "texture": "#2"},
				"down": {"uv": [5, 3, 7, 7], "texture": "#2"}
			},
			"type": "cube"
		},
		{
			"name": "cube",
			"from": [9, 9, 9],
			"to": [11, 11, 12],
			"faces": {
				"north": {"uv": [6, 5, 8, 7], "texture": "#2"},
				"east": {"uv": [7, 7, 4, 5], "texture": "#2"},
				"south": {"uv": [8, 5, 10, 7], "texture": "#2"},
				"west": {"uv": [9, 5, 12, 7], "texture": "#2"},
				"up": {"uv": [8, 9, 10, 12], "texture": "#2"},
				"down": {"uv": [8, 4, 10, 7], "texture": "#2"}
			},
			"type": "cube"
		},
		{
			"name": "cube",
			"from": [10, 9, 5],
			"to": [12, 11, 8],
			"faces": {
				"north": {"uv": [5, 5, 7, 7], "texture": "#2"},
				"east": {"uv": [11, 7, 8, 5], "texture": "#2"},
				"south": {"uv": [9, 5, 11, 7], "texture": "#2"},
				"west": {"uv": [5, 5, 8, 7], "texture": "#2"},
				"up": {"uv": [9, 5, 11, 8], "texture": "#2"},
				"down": {"uv": [9, 8, 11, 11], "texture": "#2"}
			},
			"type": "cube"
		},
		{
			"name": "cube",
			"from": [8, 12, 4],
			"to": [10, 14, 7],
			"faces": {
				"north": {"uv": [7, 2, 9, 4], "texture": "#2"},
				"east": {"uv": [12, 4, 9, 2], "texture": "#2"},
				"south": {"uv": [7, 2, 9, 4], "texture": "#2"},
				"west": {"uv": [4, 2, 7, 4], "texture": "#2"},
				"up": {"uv": [7, 4, 9, 7], "texture": "#2"},
				"down": {"uv": [7, 9, 9, 12], "texture": "#2"}
			},
			"type": "cube"
		},
		{
			"name": "cube",
			"from": [9, 11, 2],
			"to": [11, 13, 4],
			"faces": {
				"north": {"uv": [6, 3, 8, 5], "texture": "#2"},
				"east": {"uv": [14, 5, 12, 3], "texture": "#2"},
				"south": {"uv": [8, 3, 10, 5], "texture": "#2"},
				"west": {"uv": [2, 3, 4, 5], "texture": "#2"},
				"up": {"uv": [8, 2, 10, 4], "texture": "#2"},
				"down": {"uv": [8, 12, 10, 14], "texture": "#2"}
			},
			"type": "cube"
		},
		{
			"name": "cube",
			"from": [3, 7, 7],
			"to": [5, 9, 9],
			"faces": {
				"north": {"uv": [12, 7, 14, 9], "texture": "#2"},
				"east": {"uv": [9, 9, 7, 7], "texture": "#2"},
				"south": {"uv": [2, 7, 4, 9], "texture": "#2"},
				"west": {"uv": [7, 7, 9, 9], "texture": "#2"},
				"up": {"uv": [2, 7, 4, 9], "texture": "#2"},
				"down": {"uv": [2, 7, 4, 9], "texture": "#2"}
			},
			"type": "cube"
		},
		{
			"name": "cube",
			"from": [10, 6, 7],
			"to": [13, 8, 9],
			"faces": {
				"north": {"uv": [4, 8, 7, 10], "texture": "#2"},
				"east": {"uv": [9, 10, 7, 8], "texture": "#2"},
				"south": {"uv": [9, 8, 12, 10], "texture": "#2"},
				"west": {"uv": [7, 8, 9, 10], "texture": "#2"},
				"up": {"uv": [9, 7, 12, 9], "texture": "#2"},
				"down": {"uv": [9, 7, 12, 9], "texture": "#2"}
			},
			"type": "cube"
		},
		{
			"name": "cube",
			"from": [3, 11, 6],
			"to": [6, 13, 8],
			"faces": {
				"north": {"uv": [11, 3, 14, 5], "texture": "#2"},
				"east": {"uv": [10, 5, 8, 3], "texture": "#2"},
				"south": {"uv": [2, 3, 5, 5], "texture": "#2"},
				"west": {"uv": [6, 3, 8, 5], "texture": "#2"},
				"up": {"uv": [2, 6, 5, 8], "texture": "#2"},
				"down": {"uv": [2, 8, 5, 10], "texture": "#2"}
			},
			"type": "cube"
		},
		{
			"name": "cube",
			"from": [7, 10, 8],
			"to": [9, 12, 10],
			"faces": {
				"north": {"uv": [8, 4, 10, 6], "texture": "#2"},
				"east": {"uv": [8, 6, 6, 4], "texture": "#2"},
				"south": {"uv": [6, 4, 8, 6], "texture": "#2"},
				"west": {"uv": [8, 4, 10, 6], "texture": "#2"},
				"up": {"uv": [6, 8, 8, 10], "texture": "#2"},
				"down": {"uv": [6, 6, 8, 8], "texture": "#2"}
			},
			"type": "cube"
		},
		{
			"name": "cube",
			"from": [10, 11, 8],
			"to": [12, 13, 10],
			"faces": {
				"north": {"uv": [5, 3, 7, 5], "texture": "#2"},
				"east": {"uv": [8, 5, 6, 3], "texture": "#2"},
				"south": {"uv": [9, 3, 11, 5], "texture": "#2"},
				"west": {"uv": [8, 3, 10, 5], "texture": "#2"},
				"up": {"uv": [9, 8, 11, 10], "texture": "#2"},
				"down": {"uv": [9, 6, 11, 8], "texture": "#2"}
			},
			"type": "cube"
		},
		{
			"name": "cube",
			"from": [10, 6, 10],
			"to": [12, 8, 12],
			"faces": {
				"north": {"uv": [5, 8, 7, 10], "texture": "#2"},
				"east": {"uv": [6, 10, 4, 8], "texture": "#2"},
				"south": {"uv": [9, 8, 11, 10], "texture": "#2"},
				"west": {"uv": [10, 8, 12, 10], "texture": "#2"},
				"up": {"uv": [9, 10, 11, 12], "texture": "#2"},
				"down": {"uv": [9, 4, 11, 6], "texture": "#2"}
			},
			"type": "cube"
		},
		{
			"name": "cube",
			"from": [7, 4, 12],
			"to": [9, 6, 14],
			"faces": {
				"north": {"uv": [8, 10, 10, 12], "texture": "#2"},
				"east": {"uv": [4, 12, 2, 10], "texture": "#2"},
				"south": {"uv": [6, 10, 8, 12], "texture": "#2"},
				"west": {"uv": [12, 10, 14, 12], "texture": "#2"},
				"up": {"uv": [6, 12, 8, 14], "texture": "#2"},
				"down": {"uv": [6, 2, 8, 4], "texture": "#2"}
			},
			"type": "cube"
		},
		{
			"name": "cube",
			"from": [5, 4, 9],
			"to": [7, 7, 11],
			"faces": {
				"north": {"uv": [10, 9, 12, 12], "texture": "#2"},
				"east": {"uv": [7, 12, 5, 9], "texture": "#2"},
				"south": {"uv": [4, 9, 6, 12], "texture": "#2"},
				"west": {"uv": [9, 9, 11, 12], "texture": "#2"},
				"up": {"uv": [4, 9, 6, 11], "texture": "#2"},
				"down": {"uv": [4, 5, 6, 7], "texture": "#2"}
			},
			"type": "cube"
		},
		{
			"name": "cube",
			"from": [10, 6, 3],
			"to": [12, 8, 6],
			"faces": {
				"north": {"uv": [5, 8, 7, 10], "texture": "#2"},
				"east": {"uv": [13, 10, 10, 8], "texture": "#2"},
				"south": {"uv": [9, 8, 11, 10], "texture": "#2"},
				"west": {"uv": [3, 8, 6, 10], "texture": "#2"},
				"up": {"uv": [9, 3, 11, 6], "texture": "#2"},
				"down": {"uv": [9, 10, 11, 13], "texture": "#2"}
			},
			"type": "cube"
		},
		{
			"name": "cube",
			"from": [6, 6, 6],
			"to": [8, 8, 8],
			"faces": {
				"north": {"uv": [9, 8, 11, 10], "texture": "#2"},
				"east": {"uv": [10, 10, 8, 8], "texture": "#2"},
				"south": {"uv": [5, 8, 7, 10], "texture": "#2"},
				"west": {"uv": [6, 8, 8, 10], "texture": "#2"},
				"up": {"uv": [5, 6, 7, 8], "texture": "#2"},
				"down": {"uv": [5, 8, 7, 10], "texture": "#2"}
			},
			"type": "cube"
		},
		{
			"name": "cube",
			"from": [6, 9, 5],
			"to": [8, 11, 7],
			"faces": {
				"north": {"uv": [9, 5, 11, 7], "texture": "#2"},
				"east": {"uv": [11, 7, 9, 5], "texture": "#2"},
				"south": {"uv": [5, 5, 7, 7], "texture": "#2"},
				"west": {"uv": [5, 5, 7, 7], "texture": "#2"},
				"up": {"uv": [5, 5, 7, 7], "texture": "#2"},
				"down": {"uv": [5, 9, 7, 11], "texture": "#2"}
			},
			"type": "cube"
		},
		{
			"name": "cube",
			"from": [8, 6, 11],
			"to": [10, 8, 13],
			"faces": {
				"north": {"uv": [7, 8, 9, 10], "texture": "#2"},
				"east": {"uv": [5, 10, 3, 8], "texture": "#2"},
				"south": {"uv": [7, 8, 9, 10], "texture": "#2"},
				"west": {"uv": [11, 8, 13, 10], "texture": "#2"},
				"up": {"uv": [7, 11, 9, 13], "texture": "#2"},
				"down": {"uv": [7, 3, 9, 5], "texture": "#2"}
			},
			"type": "cube"
		},
		{
			"name": "cube",
			"from": [7, 5, 4],
			"to": [9, 7, 6],
			"faces": {
				"north": {"uv": [8, 9, 10, 11], "texture": "#2"},
				"east": {"uv": [12, 11, 10, 9], "texture": "#2"},
				"south": {"uv": [6, 9, 8, 11], "texture": "#2"},
				"west": {"uv": [4, 9, 6, 11], "texture": "#2"},
				"up": {"uv": [6, 4, 8, 6], "texture": "#2"},
				"down": {"uv": [6, 10, 8, 12], "texture": "#2"}
			},
			"type": "cube"
		},
		{
			"name": "cube",
			"from": [4, 12, 8],
			"to": [7, 13, 9],
			"faces": {
				"north": {"uv": [10, 3, 13, 4], "texture": "#2"},
				"east": {"uv": [8, 4, 7, 3], "texture": "#2"},
				"south": {"uv": [3, 3, 6, 4], "texture": "#2"},
				"west": {"uv": [8, 3, 9, 4], "texture": "#2"},
				"up": {"uv": [3, 8, 6, 9], "texture": "#2"},
				"down": {"uv": [3, 7, 6, 8], "texture": "#2"}
			},
			"type": "cube"
		},
		{
			"name": "cube",
			"from": [12, 12, 8],
			"to": [13, 13, 9],
			"faces": {
				"north": {"uv": [4, 3, 5, 4], "texture": "#2"},
				"east": {"uv": [8, 4, 7, 3], "texture": "#2"},
				"south": {"uv": [11, 3, 12, 4], "texture": "#2"},
				"west": {"uv": [8, 3, 9, 4], "texture": "#2"},
				"up": {"uv": [11, 8, 12, 9], "texture": "#2"},
				"down": {"uv": [11, 7, 12, 8], "texture": "#2"}
			},
			"type": "cube"
		},
		{
			"name": "cube",
			"from": [11, 8, 9],
			"to": [12, 9, 10],
			"faces": {
				"north": {"uv": [5, 7, 6, 8], "texture": "#2"},
				"east": {"uv": [7, 8, 6, 7], "texture": "#2"},
				"south": {"uv": [10, 7, 11, 8], "texture": "#2"},
				"west": {"uv": [9, 7, 10, 8], "texture": "#2"},
				"up": {"uv": [10, 9, 11, 10], "texture": "#2"},
				"down": {"uv": [10, 6, 11, 7], "texture": "#2"}
			},
			"type": "cube"
		},
		{
			"name": "cube",
			"from": [9, 7, 5],
			"to": [10, 8, 6],
			"faces": {
				"north": {"uv": [7, 8, 8, 9], "texture": "#2"},
				"east": {"uv": [11, 9, 10, 8], "texture": "#2"},
				"south": {"uv": [8, 8, 9, 9], "texture": "#2"},
				"west": {"uv": [5, 8, 6, 9], "texture": "#2"},
				"up": {"uv": [8, 5, 9, 6], "texture": "#2"},
				"down": {"uv": [8, 10, 9, 11], "texture": "#2"}
			},
			"type": "cube"
		},
		{
			"name": "cube",
			"from": [7, 11, 5],
			"to": [8, 12, 6],
			"faces": {
				"north": {"uv": [9, 4, 10, 5], "texture": "#2"},
				"east": {"uv": [11, 5, 10, 4], "texture": "#2"},
				"south": {"uv": [6, 4, 7, 5], "texture": "#2"},
				"west": {"uv": [5, 4, 6, 5], "texture": "#2"},
				"up": {"uv": [6, 5, 7, 6], "texture": "#2"},
				"down": {"uv": [6, 10, 7, 11], "texture": "#2"}
			},
			"type": "cube"
		},
		{
			"name": "cube",
			"from": [4, 11, 9],
			"to": [7, 12, 10],
			"faces": {
				"north": {"uv": [10, 4, 13, 5], "texture": "#2"},
				"east": {"uv": [7, 5, 6, 4], "texture": "#2"},
				"south": {"uv": [3, 4, 6, 5], "texture": "#2"},
				"west": {"uv": [9, 4, 10, 5], "texture": "#2"},
				"up": {"uv": [3, 9, 6, 10], "texture": "#2"},
				"down": {"uv": [3, 6, 6, 7], "texture": "#2"}
			},
			"type": "cube"
		},
		{
			"name": "cube",
			"from": [12, 10, 7],
			"to": [13, 12, 8],
			"faces": {
				"north": {"uv": [4, 4, 5, 6], "texture": "#2"},
				"east": {"uv": [9, 6, 8, 4], "texture": "#2"},
				"south": {"uv": [11, 4, 12, 6], "texture": "#2"},
				"west": {"uv": [7, 4, 8, 6], "texture": "#2"},
				"up": {"uv": [11, 7, 12, 8], "texture": "#2"},
				"down": {"uv": [11, 8, 12, 9], "texture": "#2"}
			},
			"type": "cube"
		},
		{
			"name": "cube",
			"from": [10, 10, 12],
			"to": [11, 12, 13],
			"faces": {
				"north": {"uv": [6, 4, 7, 6], "texture": "#2"},
				"east": {"uv": [4, 6, 3, 4], "texture": "#2"},
				"south": {"uv": [9, 4, 10, 6], "texture": "#2"},
				"west": {"uv": [12, 4, 13, 6], "texture": "#2"},
				"up": {"uv": [9, 12, 10, 13], "texture": "#2"},
				"down": {"uv": [9, 3, 10, 4], "texture": "#2"}
			},
			"type": "cube"
		},
		{
			"name": "cube",
			"from": [5, 12, 9],
			"to": [7, 14, 11],
			"faces": {
				"north": {"uv": [8, 4, 10, 6], "texture": "#2"},
				"east": {"uv": [8, 6, 6, 4], "texture": "#2"},
				"south": {"uv": [6, 4, 8, 6], "texture": "#2"},
				"west": {"uv": [8, 4, 10, 6], "texture": "#2"},
				"up": {"uv": [6, 8, 8, 10], "texture": "#2"},
				"down": {"uv": [6, 6, 8, 8], "texture": "#2"}
			},
			"type": "cube"
		},
		{
			"name": "cube",
			"from": [2, 10, 8],
			"to": [4, 12, 10],
			"faces": {
				"north": {"uv": [8, 4, 10, 6], "texture": "#2"},
				"east": {"uv": [8, 6, 6, 4], "texture": "#2"},
				"south": {"uv": [6, 4, 8, 6], "texture": "#2"},
				"west": {"uv": [8, 4, 10, 6], "texture": "#2"},
				"up": {"uv": [6, 8, 8, 10], "texture": "#2"},
				"down": {"uv": [6, 6, 8, 8], "texture": "#2"}
			},
			"type": "cube"
		},
		{
			"name": "cube",
			"from": [12, 10, 9],
			"to": [14, 12, 11],
			"faces": {
				"north": {"uv": [8, 4, 10, 6], "texture": "#2"},
				"east": {"uv": [8, 6, 6, 4], "texture": "#2"},
				"south": {"uv": [6, 4, 8, 6], "texture": "#2"},
				"west": {"uv": [8, 4, 10, 6], "texture": "#2"},
				"up": {"uv": [6, 8, 8, 10], "texture": "#2"},
				"down": {"uv": [6, 6, 8, 8], "texture": "#2"}
			},
			"type": "cube"
		}
	]
}