{
	"credit": "Made with Blockbench, a free, modern block model editor by JannisX11",
	
	"textures": {
		"1": "3d_transportation/3d_rail_iron_light",
		"2": "3d_transportation/3d_rail_iron_dark",
		"particle": "3d_transportation/3d_rail_iron_light",
		"1_0": "3d_transportation/3d_rail_wood"
	},
	"elements": [
		{
			"name": "cube",
			"from": [13, 9, 6.5],
			"to": [14, 10, 22.5],
			"faces": {
				"north": {"uv": [14, 6, 13, 7], "texture": "#1"},
				"east": {"uv": [6.5, 7, 16, 6], "texture": "#1"},
				"south": {"uv": [3, 6, 2, 7], "texture": "#1"},
				"west": {"uv": [9.5, 6, 0, 7], "texture": "#1"},
				"up": {"uv": [13, 9.5, 14, 0], "texture": "#1"},
				"down": {"uv": [13, 16, 14, 6.5], "texture": "#1"}
			},
			"rotation": {
				"origin": [13.5, 16, 14.5],
				"axis": "x",
				"angle": 45,
				"rescale": true
			},
			"type": "cube"
		},
		{
			"name": "cube",
			"from": [3, 9, 6.5],
			"to": [4, 9.5, 22.5],
			"faces": {
				"north": {"uv": [4, 6.5, 3, 7], "texture": "#2"},
				"east": {"uv": [6.5, 7, 16, 6.5], "texture": "#2"},
				"south": {"uv": [13, 6.5, 12, 7], "texture": "#2"},
				"west": {"uv": [9.5, 6.5, 0, 7], "texture": "#2"},
				"up": {"uv": [3, 9.5, 4, 0], "texture": "#2"},
				"down": {"uv": [3, 16, 4, 6.5], "texture": "#2"}
			},
			"rotation": {
				"origin": [3.5, 16, 14.5],
				"axis": "x",
				"angle": 45,
				"rescale": true
			},
			"type": "cube"
		},
		{
			"name": "cube",
			"from": [12, 9, 6.5],
			"to": [13, 9.5, 22.5],
			"faces": {
				"north": {"uv": [13, 6.5, 12, 7], "texture": "#2"},
				"east": {"uv": [6.5, 7, 16, 6.5], "texture": "#2"},
				"south": {"uv": [4, 6.5, 3, 7], "texture": "#2"},
				"west": {"uv": [9.5, 6.5, 0, 7], "texture": "#2"},
				"up": {"uv": [12, 9.5, 13, 0], "texture": "#2"},
				"down": {"uv": [12, 16, 13, 6.5], "texture": "#2"}
			},
			"rotation": {
				"origin": [12.5, 16, 14.5],
				"axis": "x",
				"angle": 45,
				"rescale": true
			},
			"type": "cube"
		},
		{
			"name": "cube",
			"from": [2, 9, 6.5],
			"to": [3, 10, 22.5],
			"faces": {
				"north": {"uv": [3, 6, 2, 7], "texture": "#1"},
				"east": {"uv": [6.5, 7, 16, 6], "texture": "#1"},
				"south": {"uv": [14, 6, 13, 7], "texture": "#1"},
				"west": {"uv": [9.5, 6, 0, 7], "texture": "#1"},
				"up": {"uv": [2, 9.5, 3, 0], "texture": "#1"},
				"down": {"uv": [2, 16, 3, 6.5], "texture": "#1"}
			},
			"rotation": {
				"origin": [2.5, 16, 14.5],
				"axis": "x",
				"angle": 45,
				"rescale": true
			},
			"type": "cube"
		},
		{
			"name": "cube",
			"from": [1, 1.4000000000000004, 18],
			"to": [15, 2.4000000000000004, 20],
			"faces": {
				"north": {"uv": [14, 2, 0, 3], "texture": "#1_0"},
				"east": {"uv": [10, 4, 12, 3], "texture": "#1_0"},
				"south": {"uv": [15, 7, 1, 8], "texture": "#1_0"},
				"west": {"uv": [9, 9, 7, 10], "texture": "#1_0"},
				"up": {"uv": [1, 12, 15, 10], "texture": "#1_0"},
				"down": {"uv": [0, 3, 14, 1], "texture": "#1_0"}
			},
			"rotation": {
				"origin": [8, 9.4, 17],
				"axis": "x",
				"angle": 45
			},
			"type": "cube"
		},
		{
			"name": "cube",
			"from": [1, 4.4, 15],
			"to": [15, 5.4, 17],
			"faces": {
				"north": {"uv": [14, 3, 0, 4], "texture": "#1_0"},
				"east": {"uv": [13, 14, 15, 13], "texture": "#1_0"},
				"south": {"uv": [14, 0, 0, 1], "texture": "#1_0"},
				"west": {"uv": [4, 7, 2, 8], "texture": "#1_0"},
				"up": {"uv": [2, 15, 16, 13], "texture": "#1_0"},
				"down": {"uv": [0, 6, 14, 4], "texture": "#1_0"}
			},
			"rotation": {
				"origin": [8, 12.4, 14],
				"axis": "x",
				"angle": 45
			},
			"type": "cube"
		},
		{
			"name": "cube",
			"from": [1, 7.4, 12],
			"to": [15, 8.4, 14],
			"faces": {
				"north": {"uv": [15, 2, 1, 3], "texture": "#1_0"},
				"east": {"uv": [7, 14, 9, 13], "texture": "#1_0"},
				"south": {"uv": [14, 10, 0, 11], "texture": "#1_0"},
				"west": {"uv": [3, 7, 1, 8], "texture": "#1_0"},
				"up": {"uv": [1, 13, 15, 11], "texture": "#1_0"},
				"down": {"uv": [1, 2, 15, 0], "texture": "#1_0"}
			},
			"rotation": {
				"origin": [8, 15.399999999999999, 11],
				"axis": "x",
				"angle": 45
			},
			"type": "cube"
		},
		{
			"name": "cube",
			"from": [1, 10.4, 9],
			"to": [15, 11.4, 11],
			"faces": {
				"north": {"uv": [15, 1, 1, 2], "texture": "#1_0"},
				"east": {"uv": [4, 14, 6, 13], "texture": "#1_0"},
				"south": {"uv": [16, 3, 2, 4], "texture": "#1_0"},
				"west": {"uv": [14, 7, 12, 8], "texture": "#1_0"},
				"up": {"uv": [1, 14, 15, 12], "texture": "#1_0"},
				"down": {"uv": [0, 4, 14, 2], "texture": "#1_0"}
			},
			"rotation": {
				"origin": [8, 18.4, 8],
				"axis": "x",
				"angle": 45
			},
			"type": "cube"
		},
		{
			"name": "cube",
			"from": [1, 13.4, 6],
			"to": [15, 14.4, 8],
			"faces": {
				"north": {"uv": [15, 3, 1, 4], "texture": "#1_0"},
				"east": {"uv": [3, 12, 5, 11], "texture": "#1_0"},
				"south": {"uv": [16, 3, 2, 4], "texture": "#1_0"},
				"west": {"uv": [4, 6, 2, 7], "texture": "#1_0"},
				"up": {"uv": [1, 13, 15, 11], "texture": "#1_0"},
				"down": {"uv": [1, 2, 15, 0], "texture": "#1_0"}
			},
			"rotation": {
				"origin": [8, 21.4, 5],
				"axis": "x",
				"angle": 45
			},
			"type": "cube"
		}
	]
}