{
	"credit": "Made with Blockbench, a free, modern block model editor by JannisX11",
	"ambientocclusion": false,
	"textures": {
		"1": "3d_transportation/3d_rail_iron_light",
		"2": "3d_transportation/3d_rail_iron_dark",
		"particle": "3d_transportation/3d_rail_iron_light"
	},
	"elements": [
		{
			"name": "cube",
			"from": [13, 1, 0],
			"to": [13.999, 2, 16],
			"faces": {
				"north": {"uv": [2, 14, 3, 15], "texture": "#1"},
				"east": {"uv": [16, 15, 0, 14], "texture": "#1"},
				"south": {"uv": [13, 14, 14, 15], "texture": "#1"},
				"west": {"uv": [0, 14, 16, 15], "texture": "#1"},
				"up": {"uv": [13, 0, 14, 16], "texture": "#1"},
				"down": {"uv": [13, 0, 14, 16], "texture": "#1"}
			},
			"rotation": {
				"origin": [13.5, 8, 8],
				"axis": "x",
				"angle": 0
			},
			"type": "cube"
		},
		{
			"name": "cube",
			"from": [3, 1, 0],
			"to": [3.999, 1.5, 16],
			"faces": {
				"north": {
					"uv": [12, 14.5, 13, 15],
					"texture": "#2"
				},
				"east": {"uv": [16, 15, 0, 14.5], "texture": "#2"},
				"south": {"uv": [3, 14.5, 4, 15], "texture": "#2"},
				"west": {"uv": [0, 14.5, 16, 15], "texture": "#2"},
				"up": {"uv": [3, 0, 4, 16], "texture": "#2"},
				"down": {"uv": [3, 0, 4, 16], "texture": "#2"}
			},
			"rotation": {
				"origin": [3.5, 8, 8],
				"axis": "x",
				"angle": 0
			},
			"type": "cube"
		},
		{
			"name": "cube",
			"from": [12.001, 1, 0],
			"to": [13, 1.5, 16],
			"faces": {
				"north": {"uv": [3, 14.5, 4, 15], "texture": "#2"},
				"east": {"uv": [16, 15, 0, 14.5], "texture": "#2"},
				"south": {
					"uv": [12, 14.5, 13, 15],
					"texture": "#2"
				},
				"west": {"uv": [0, 14.5, 16, 15], "texture": "#2"},
				"up": {"uv": [12, 0, 13, 16], "texture": "#2"},
				"down": {"uv": [12, 0, 13, 16], "texture": "#2"}
			},
			"rotation": {
				"origin": [12.501, 8, 8],
				"axis": "x",
				"angle": 0
			},
			"type": "cube"
		},
		{
			"name": "cube",
			"from": [2.001, 1, 0],
			"to": [3, 2, 16],
			"faces": {
				"north": {"uv": [13, 14, 14, 15], "texture": "#1"},
				"east": {"uv": [16, 15, 0, 14], "texture": "#1"},
				"south": {"uv": [2, 14, 3, 15], "texture": "#1"},
				"west": {"uv": [0, 14, 16, 15], "texture": "#1"},
				"up": {"uv": [2, 0, 3, 16], "texture": "#1"},
				"down": {"uv": [2, 0, 3, 16], "texture": "#1"}
			},
			"rotation": {
				"origin": [2.501, 8, 8],
				"axis": "x",
				"angle": 0
			},
			"type": "cube"
		}
	]
}