{
	"credit": "Made with Blockbench, a free, modern block model editor by JannisX11",
	
	"textures": {
		"1": "3d_transportation/3d_rail_iron_light",
		"2": "3d_transportation/3d_rail_iron_dark",
		"particle": "3d_transportation/3d_rail_iron_light",
		"1_0": "3d_transportation/3d_rail_wood"
	},
	"elements": [
		{
			"name": "cube",
			"from": [13, 9, -6.5],
			"to": [14, 10, 9.5],
			"faces": {
				"north": {"uv": [2, 6, 3, 7], "texture": "#1"},
				"east": {"uv": [16, 7, 6.5, 6], "texture": "#1"},
				"south": {"uv": [13, 6, 14, 7], "texture": "#1"},
				"west": {"uv": [0, 6, 9.5, 7], "texture": "#1"},
				"up": {"uv": [13, 0, 14, 9.5], "texture": "#1"},
				"down": {"uv": [13, 6.5, 14, 16], "texture": "#1"}
			},
			"rotation": {
				"origin": [13.5, 16, 1.5],
				"axis": "x",
				"angle": -45,
				"rescale": true
			},
			"type": "cube"
		},
		{
			"name": "cube",
			"from": [3, 9, -6.5],
			"to": [4, 9.5, 9.5],
			"faces": {
				"north": {"uv": [12, 6.5, 13, 7], "texture": "#2"},
				"east": {"uv": [16, 7, 6.5, 6.5], "texture": "#2"},
				"south": {"uv": [3, 6.5, 4, 7], "texture": "#2"},
				"west": {"uv": [0, 6.5, 9.5, 7], "texture": "#2"},
				"up": {"uv": [3, 0, 4, 9.5], "texture": "#2"},
				"down": {"uv": [3, 6.5, 4, 16], "texture": "#2"}
			},
			"rotation": {
				"origin": [3.5, 16, 1.5],
				"axis": "x",
				"angle": -45,
				"rescale": true
			},
			"type": "cube"
		},
		{
			"name": "cube",
			"from": [12, 9, -6.5],
			"to": [13, 9.5, 9.5],
			"faces": {
				"north": {"uv": [3, 6.5, 4, 7], "texture": "#2"},
				"east": {"uv": [16, 7, 6.5, 6.5], "texture": "#2"},
				"south": {"uv": [12, 6.5, 13, 7], "texture": "#2"},
				"west": {"uv": [0, 6.5, 9.5, 7], "texture": "#2"},
				"up": {"uv": [12, 0, 13, 9.5], "texture": "#2"},
				"down": {"uv": [12, 6.5, 13, 16], "texture": "#2"}
			},
			"rotation": {
				"origin": [12.5, 16, 1.5],
				"axis": "x",
				"angle": -45,
				"rescale": true
			},
			"type": "cube"
		},
		{
			"name": "cube",
			"from": [2, 9, -6.5],
			"to": [3, 10, 9.5],
			"faces": {
				"north": {"uv": [13, 6, 14, 7], "texture": "#1"},
				"east": {"uv": [16, 7, 6.5, 6], "texture": "#1"},
				"south": {"uv": [2, 6, 3, 7], "texture": "#1"},
				"west": {"uv": [0, 6, 9.5, 7], "texture": "#1"},
				"up": {"uv": [2, 0, 3, 9.5], "texture": "#1"},
				"down": {"uv": [2, 6.5, 3, 16], "texture": "#1"}
			},
			"rotation": {
				"origin": [2.5, 16, 1.5],
				"axis": "x",
				"angle": -45,
				"rescale": true
			},
			"type": "cube"
		},
		{
			"name": "cube",
			"from": [1, 1.4, -4],
			"to": [15, 2.4, -2],
			"faces": {
				"north": {"uv": [1, 7, 15, 8], "texture": "#1_0"},
				"east": {"uv": [12, 4, 10, 3], "texture": "#1_0"},
				"south": {"uv": [0, 2, 14, 3], "texture": "#1_0"},
				"west": {"uv": [7, 9, 9, 10], "texture": "#1_0"},
				"up": {"uv": [1, 10, 15, 12], "texture": "#1_0"},
				"down": {"uv": [0, 1, 14, 3], "texture": "#1_0"}
			},
			"rotation": {
				"origin": [8, 9.4, -1],
				"axis": "x",
				"angle": -45
			},
			"type": "cube"
		},
		{
			"name": "cube",
			"from": [1, 4.4, -1],
			"to": [15, 5.4, 1],
			"faces": {
				"north": {"uv": [0, 0, 14, 1], "texture": "#1_0"},
				"east": {"uv": [15, 14, 13, 13], "texture": "#1_0"},
				"south": {"uv": [0, 3, 14, 4], "texture": "#1_0"},
				"west": {"uv": [2, 7, 4, 8], "texture": "#1_0"},
				"up": {"uv": [2, 13, 16, 15], "texture": "#1_0"},
				"down": {"uv": [0, 4, 14, 6], "texture": "#1_0"}
			},
			"rotation": {
				"origin": [8, 12.4, 2],
				"axis": "x",
				"angle": -45
			},
			"type": "cube"
		},
		{
			"name": "cube",
			"from": [1, 7.4, 1.9999999999999991],
			"to": [15, 8.4, 3.999999999999999],
			"faces": {
				"north": {"uv": [0, 10, 14, 11], "texture": "#1_0"},
				"east": {"uv": [9, 14, 7, 13], "texture": "#1_0"},
				"south": {"uv": [1, 2, 15, 3], "texture": "#1_0"},
				"west": {"uv": [1, 7, 3, 8], "texture": "#1_0"},
				"up": {"uv": [1, 11, 15, 13], "texture": "#1_0"},
				"down": {"uv": [1, 0, 15, 2], "texture": "#1_0"}
			},
			"rotation": {
				"origin": [8, 15.4, 4.999999999999999],
				"axis": "x",
				"angle": -45
			},
			"type": "cube"
		},
		{
			"name": "cube",
			"from": [1, 10.4, 4.999999999999999],
			"to": [15, 11.4, 6.999999999999999],
			"faces": {
				"north": {"uv": [2, 3, 16, 4], "texture": "#1_0"},
				"east": {"uv": [6, 14, 4, 13], "texture": "#1_0"},
				"south": {"uv": [1, 1, 15, 2], "texture": "#1_0"},
				"west": {"uv": [12, 7, 14, 8], "texture": "#1_0"},
				"up": {"uv": [1, 12, 15, 14], "texture": "#1_0"},
				"down": {"uv": [0, 2, 14, 4], "texture": "#1_0"}
			},
			"rotation": {
				"origin": [8, 18.4, 7.999999999999999],
				"axis": "x",
				"angle": -45
			},
			"type": "cube"
		},
		{
			"name": "cube",
			"from": [1, 13.4, 8],
			"to": [15, 14.4, 10],
			"faces": {
				"north": {"uv": [2, 3, 16, 4], "texture": "#1_0"},
				"east": {"uv": [5, 12, 3, 11], "texture": "#1_0"},
				"south": {"uv": [1, 3, 15, 4], "texture": "#1_0"},
				"west": {"uv": [2, 6, 4, 7], "texture": "#1_0"},
				"up": {"uv": [1, 11, 15, 13], "texture": "#1_0"},
				"down": {"uv": [1, 0, 15, 2], "texture": "#1_0"}
			},
			"rotation": {
				"origin": [8, 21.4, 11],
				"axis": "x",
				"angle": -45
			},
			"type": "cube"
		}
	]
}