{
	"credit": "Made with Blockbench, a free, modern block model editor by JannisX11",
	"ambientocclusion": true,
	"parent": "item/parents/flower",
	"textures": {
		"0": "3d_decoration/3d_mushroom_red",
		"1": "3d_decoration/3d_mushroom_red_stem",
		"3": "3d_decoration/3d_mushroom_red_1",
		"particle": "blocks/mushroom_red"
	},
	"elements": [
		{
			"name": "cube",
			"from": [7, 0, 7],
			"to": [9, 2, 9],
			"faces": {
				"north": {"uv": [7, 14, 9, 16], "texture": "#1"},
				"east": {"uv": [9, 16, 7, 14], "texture": "#1"},
				"south": {"uv": [7, 14, 9, 16], "texture": "#1"},
				"west": {"uv": [7, 14, 9, 16], "texture": "#1"},
				"up": {"uv": [7, 7, 9, 9], "texture": "#1"},
				"down": {"uv": [7, 7, 9, 9], "texture": "#1"}
			},
			"rotation": {
				"origin": [8, 8, 8],
				"axis": "y",
				"angle": -45
			},
			"type": "cube"
		},
		{
			"name": "cube",
			"from": [6, 2, 6],
			"to": [10, 5, 10],
			"faces": {
				"north": {"uv": [6, 11, 10, 14], "texture": "#0"},
				"east": {"uv": [15, 11, 11, 8], "texture": "#0"},
				"south": {"uv": [6, 11, 10, 14], "texture": "#0"},
				"west": {"uv": [6, 11, 10, 14], "texture": "#0"},
				"up": {"uv": [6, 6, 10, 10], "texture": "#0"},
				"down": {"uv": [6, 6, 10, 10], "texture": "#0"}
			},
			"rotation": {
				"origin": [8, 8, 8],
				"axis": "y",
				"angle": -45
			},
			"type": "cube"
		},
		{
			"name": "cube",
			"from": [5, 2, 7],
			"to": [6, 5, 9],
			"faces": {
				"north": {"uv": [10, 11, 11, 14], "texture": "#0"},
				"east": {"uv": [9, 14, 7, 11], "texture": "#0"},
				"south": {"uv": [5, 11, 6, 14], "texture": "#0"},
				"west": {"uv": [7, 11, 9, 14], "texture": "#0"},
				"up": {"uv": [5, 7, 6, 9], "texture": "#0"},
				"down": {"uv": [5, 7, 6, 9], "texture": "#0"}
			},
			"rotation": {
				"origin": [8, 8, 8],
				"axis": "y",
				"angle": -45
			},
			"type": "cube"
		},
		{
			"name": "cube",
			"from": [10, 2, 7],
			"to": [11, 5, 9],
			"faces": {
				"north": {"uv": [5, 11, 6, 14], "texture": "#0"},
				"east": {"uv": [9, 14, 7, 11], "texture": "#0"},
				"south": {"uv": [10, 11, 11, 14], "texture": "#0"},
				"west": {"uv": [7, 11, 9, 14], "texture": "#0"},
				"up": {"uv": [10, 7, 11, 9], "texture": "#0"},
				"down": {"uv": [10, 7, 11, 9], "texture": "#0"}
			},
			"rotation": {
				"origin": [8, 8, 8],
				"axis": "y",
				"angle": -45
			},
			"type": "cube"
		},
		{
			"name": "cube",
			"from": [6, 5, 7],
			"to": [10, 6, 9],
			"faces": {
				"north": {"uv": [6, 10, 10, 11], "texture": "#0"},
				"east": {"uv": [9, 11, 7, 10], "texture": "#0"},
				"south": {"uv": [6, 10, 10, 11], "texture": "#0"},
				"west": {"uv": [7, 10, 9, 11], "texture": "#0"},
				"up": {"uv": [6, 7, 10, 9], "texture": "#0"},
				"down": {"uv": [6, 7, 10, 9], "texture": "#0"}
			},
			"rotation": {
				"origin": [8, 8, 8],
				"axis": "y",
				"angle": -45
			},
			"type": "cube"
		},
		{
			"name": "cube",
			"from": [7, 2, 5],
			"to": [9, 5, 6],
			"faces": {
				"north": {"uv": [7, 11, 9, 14], "texture": "#0"},
				"east": {"uv": [11, 14, 10, 11], "texture": "#0"},
				"south": {"uv": [7, 11, 9, 14], "texture": "#0"},
				"west": {"uv": [5, 11, 6, 14], "texture": "#0"},
				"up": {
					"uv": [7, 5, 9, 6],
					"rotation": 90,
					"texture": "#0"
				},
				"down": {
					"uv": [7, 10, 9, 11],
					"rotation": 270,
					"texture": "#0"
				}
			},
			"rotation": {
				"origin": [8, 8, 8],
				"axis": "y",
				"angle": -45
			},
			"type": "cube"
		},
		{
			"name": "cube",
			"from": [7, 2, 10],
			"to": [9, 5, 11],
			"faces": {
				"north": {"uv": [7, 11, 9, 14], "texture": "#0"},
				"east": {"uv": [6, 14, 5, 11], "texture": "#0"},
				"south": {"uv": [7, 11, 9, 14], "texture": "#0"},
				"west": {"uv": [10, 11, 11, 14], "texture": "#0"},
				"up": {
					"uv": [7, 10, 9, 11],
					"rotation": 270,
					"texture": "#0"
				},
				"down": {
					"uv": [7, 5, 9, 6],
					"rotation": 90,
					"texture": "#0"
				}
			},
			"rotation": {
				"origin": [8, 8, 8],
				"axis": "y",
				"angle": -45
			},
			"type": "cube"
		},
		{
			"name": "cube",
			"from": [7, 5, 6],
			"to": [9, 6, 7],
			"faces": {
				"north": {"uv": [7, 10, 9, 11], "texture": "#0"},
				"east": {"uv": [10, 11, 9, 10], "texture": "#0"},
				"south": {"uv": [7, 10, 9, 11], "texture": "#0"},
				"west": {"uv": [6, 10, 7, 11], "texture": "#0"},
				"up": {"uv": [7, 6, 9, 7], "texture": "#0"},
				"down": {"uv": [7, 9, 9, 10], "texture": "#0"}
			},
			"rotation": {
				"origin": [8, 8, 8],
				"axis": "y",
				"angle": -45
			},
			"type": "cube"
		},
		{
			"name": "cube",
			"from": [7, 5, 9],
			"to": [9, 6, 10],
			"faces": {
				"north": {"uv": [7, 10, 9, 11], "texture": "#0"},
				"east": {"uv": [7, 11, 6, 10], "texture": "#0"},
				"south": {"uv": [7, 10, 9, 11], "texture": "#0"},
				"west": {"uv": [9, 10, 10, 11], "texture": "#0"},
				"up": {"uv": [7, 9, 9, 10], "texture": "#0"},
				"down": {"uv": [7, 6, 9, 7], "texture": "#0"}
			},
			"rotation": {
				"origin": [8, 8, 8],
				"axis": "y",
				"angle": -45
			},
			"type": "cube"
		},
		{
			"name": "cube",
			"from": [7.449999999999999, 2.75, 4.75],
			"to": [8.45, 3.75, 5.75],
			"faces": {
				"north": {
					"uv": [7.550000000000001, 12.25, 8.55, 13.25],
					"texture": "#3"
				},
				"east": {
					"uv": [11.25, 13.25, 10.25, 12.25],
					"texture": "#3"
				},
				"south": {
					"uv": [7.449999999999999, 12.25, 8.45, 13.25],
					"texture": "#3"
				},
				"west": {
					"uv": [4.75, 12.25, 5.75, 13.25],
					"texture": "#3"
				},
				"up": {
					"uv": [7.449999999999999, 4.75, 8.45, 5.75],
					"texture": "#3"
				},
				"down": {
					"uv": [7.449999999999999, 10.25, 8.45, 11.25],
					"texture": "#3"
				}
			},
			"rotation": {
				"origin": [8, 8, 8],
				"axis": "y",
				"angle": -45
			},
			"type": "cube"
		},
		{
			"name": "cube",
			"from": [
				5.85,
				3.6500000000000004,
				5.8999999999999995
			],
			"to": [6.85, 4.65, 6.8999999999999995],
			"faces": {
				"north": {
					"uv": [9.15, 11.35, 10.15, 12.35],
					"texture": "#3"
				},
				"east": {
					"uv": [10.2, 12.35, 9.2, 11.35],
					"texture": "#3"
				},
				"south": {
					"uv": [5.85, 11.35, 6.85, 12.35],
					"texture": "#3"
				},
				"west": {
					"uv": [5.8, 11.35, 6.8, 12.35],
					"texture": "#3"
				},
				"up": {
					"uv": [5.85, 5.8, 6.85, 6.8],
					"texture": "#3"
				},
				"down": {
					"uv": [5.85, 9.2, 6.85, 10.2],
					"texture": "#3"
				}
			},
			"rotation": {
				"origin": [8, 8, 8],
				"axis": "y",
				"angle": -45
			},
			"type": "cube"
		},
		{
			"name": "cube",
			"from": [4.85, 2.95, 7.800000000000001],
			"to": [5.85, 3.95, 8.8],
			"faces": {
				"north": {
					"uv": [10.15, 12.05, 11.15, 13.05],
					"texture": "#3"
				},
				"east": {
					"uv": [8.2, 13.05, 7.199999999999999, 12.05],
					"texture": "#3"
				},
				"south": {
					"uv": [4.85, 12.05, 5.85, 13.05],
					"texture": "#3"
				},
				"west": {
					"uv": [7.800000000000001, 12.05, 8.8, 13.05],
					"texture": "#3"
				},
				"up": {
					"uv": [4.85, 7.800000000000001, 5.85, 8.8],
					"texture": "#3"
				},
				"down": {
					"uv": [4.85, 7.199999999999999, 5.85, 8.2],
					"texture": "#3"
				}
			},
			"rotation": {
				"origin": [8, 8, 8],
				"axis": "y",
				"angle": -45
			},
			"type": "cube"
		},
		{
			"name": "cube",
			"from": [
				6.699999999999999,
				5.1000000000000005,
				7.800000000000001
			],
			"to": [7.699999999999999, 6.1000000000000005, 8.8],
			"faces": {
				"north": {
					"uv": [
						8.3,
						9.899999999999999,
						9.3,
						10.899999999999999
					],
					"texture": "#3"
				},
				"east": {
					"uv": [
						8.2,
						10.899999999999999,
						7.199999999999999,
						9.899999999999999
					],
					"texture": "#3"
				},
				"south": {
					"uv": [
						6.699999999999999,
						9.899999999999999,
						7.699999999999999,
						10.899999999999999
					],
					"texture": "#3"
				},
				"west": {
					"uv": [
						7.800000000000001,
						9.899999999999999,
						8.8,
						10.899999999999999
					],
					"texture": "#3"
				},
				"up": {
					"uv": [
						6.699999999999999,
						7.800000000000001,
						7.699999999999999,
						8.8
					],
					"texture": "#3"
				},
				"down": {
					"uv": [
						6.699999999999999,
						7.199999999999999,
						7.699999999999999,
						8.2
					],
					"texture": "#3"
				}
			},
			"rotation": {
				"origin": [8, 8, 8],
				"axis": "y",
				"angle": -45
			},
			"type": "cube"
		},
		{
			"name": "cube",
			"from": [7.649999999999999, 4.15, 5.3],
			"to": [8.649999999999999, 5.15, 6.3],
			"faces": {
				"north": {
					"uv": [
						7.350000000000001,
						10.649999999999999,
						8.350000000000001,
						11.649999999999999
					],
					"texture": "#3"
				},
				"east": {
					"uv": [
						10.7,
						11.649999999999999,
						9.7,
						10.649999999999999
					],
					"texture": "#3"
				},
				"south": {
					"uv": [
						7.649999999999999,
						10.649999999999999,
						8.649999999999999,
						11.649999999999999
					],
					"texture": "#3"
				},
				"west": {
					"uv": [
						5.3,
						10.649999999999999,
						6.3,
						11.649999999999999
					],
					"texture": "#3"
				},
				"up": {
					"uv": [
						7.649999999999999,
						5.3,
						8.649999999999999,
						6.3
					],
					"texture": "#3"
				},
				"down": {
					"uv": [
						7.649999999999999,
						9.7,
						8.649999999999999,
						10.7
					],
					"texture": "#3"
				}
			},
			"rotation": {
				"origin": [8, 8, 8],
				"axis": "y",
				"angle": -45
			},
			"type": "cube"
		},
		{
			"name": "cube",
			"from": [8.499999999999998, 5.15, 7.25],
			"to": [9.499999999999998, 6.15, 8.25],
			"faces": {
				"north": {
					"uv": [
						6.500000000000002,
						9.85,
						7.500000000000002,
						10.85
					],
					"texture": "#3"
				},
				"east": {
					"uv": [8.75, 10.85, 7.75, 9.85],
					"texture": "#3"
				},
				"south": {
					"uv": [
						8.499999999999998,
						9.85,
						9.499999999999998,
						10.85
					],
					"texture": "#3"
				},
				"west": {
					"uv": [7.25, 9.85, 8.25, 10.85],
					"texture": "#3"
				},
				"up": {
					"uv": [
						8.499999999999998,
						7.25,
						9.499999999999998,
						8.25
					],
					"texture": "#3"
				},
				"down": {
					"uv": [
						8.499999999999998,
						7.75,
						9.499999999999998,
						8.75
					],
					"texture": "#3"
				}
			},
			"rotation": {
				"origin": [8, 8, 8],
				"axis": "y",
				"angle": -45
			},
			"type": "cube"
		},
		{
			"name": "cube",
			"from": [10.199999999999998, 2.95, 7.25],
			"to": [11.199999999999998, 3.95, 8.25],
			"faces": {
				"north": {
					"uv": [
						4.8000000000000025,
						12.05,
						5.8000000000000025,
						13.05
					],
					"texture": "#3"
				},
				"east": {
					"uv": [8.75, 13.05, 7.75, 12.05],
					"texture": "#3"
				},
				"south": {
					"uv": [
						10.199999999999998,
						12.05,
						11.199999999999998,
						13.05
					],
					"texture": "#3"
				},
				"west": {
					"uv": [7.25, 12.05, 8.25, 13.05],
					"texture": "#3"
				},
				"up": {
					"uv": [
						10.199999999999998,
						7.25,
						11.199999999999998,
						8.25
					],
					"texture": "#3"
				},
				"down": {
					"uv": [
						10.199999999999998,
						7.75,
						11.199999999999998,
						8.75
					],
					"texture": "#3"
				}
			},
			"rotation": {
				"origin": [8, 8, 8],
				"axis": "y",
				"angle": -45
			},
			"type": "cube"
		},
		{
			"name": "cube",
			"from": [8.799999999999997, 2.95, 9.200000000000001],
			"to": [9.799999999999997, 3.95, 10.200000000000001],
			"faces": {
				"north": {
					"uv": [
						6.200000000000003,
						12.05,
						7.200000000000003,
						13.05
					],
					"texture": "#3"
				},
				"east": {
					"uv": [
						6.799999999999999,
						13.05,
						5.799999999999999,
						12.05
					],
					"texture": "#3"
				},
				"south": {
					"uv": [
						8.799999999999997,
						12.05,
						9.799999999999997,
						13.05
					],
					"texture": "#3"
				},
				"west": {
					"uv": [
						9.200000000000001,
						12.05,
						10.200000000000001,
						13.05
					],
					"texture": "#3"
				},
				"up": {
					"uv": [
						8.799999999999997,
						9.200000000000001,
						9.799999999999997,
						10.200000000000001
					],
					"texture": "#3"
				},
				"down": {
					"uv": [
						8.799999999999997,
						5.799999999999999,
						9.799999999999997,
						6.799999999999999
					],
					"texture": "#3"
				}
			},
			"rotation": {
				"origin": [8, 8, 8],
				"axis": "y",
				"angle": -45
			},
			"type": "cube"
		},
		{
			"name": "cube",
			"from": [
				7.349999999999998,
				2.5000000000000004,
				10.15
			],
			"to": [8.349999999999998, 3.5000000000000004, 11.15],
			"faces": {
				"north": {
					"uv": [
						7.650000000000002,
						12.5,
						8.650000000000002,
						13.5
					],
					"texture": "#3"
				},
				"east": {
					"uv": [5.85, 13.5, 4.85, 12.5],
					"texture": "#3"
				},
				"south": {
					"uv": [
						7.349999999999998,
						12.5,
						8.349999999999998,
						13.5
					],
					"texture": "#3"
				},
				"west": {
					"uv": [10.15, 12.5, 11.15, 13.5],
					"texture": "#3"
				},
				"up": {
					"uv": [
						7.349999999999998,
						10.15,
						8.349999999999998,
						11.15
					],
					"texture": "#3"
				},
				"down": {
					"uv": [
						7.349999999999998,
						4.85,
						8.349999999999998,
						5.85
					],
					"texture": "#3"
				}
			},
			"rotation": {
				"origin": [8, 8, 8],
				"axis": "y",
				"angle": -45
			},
			"type": "cube"
		},
		{
			"name": "cube",
			"from": [6.249999999999998, 3.5500000000000007, 9.3],
			"to": [7.249999999999998, 4.550000000000001, 10.3],
			"faces": {
				"north": {
					"uv": [
						8.750000000000002,
						11.45,
						9.750000000000002,
						12.45
					],
					"texture": "#3"
				},
				"east": {
					"uv": [
						6.699999999999999,
						12.45,
						5.699999999999999,
						11.45
					],
					"texture": "#3"
				},
				"south": {
					"uv": [
						6.249999999999998,
						11.45,
						7.249999999999998,
						12.45
					],
					"texture": "#3"
				},
				"west": {
					"uv": [9.3, 11.45, 10.3, 12.45],
					"texture": "#3"
				},
				"up": {
					"uv": [
						6.249999999999998,
						9.3,
						7.249999999999998,
						10.3
					],
					"texture": "#3"
				},
				"down": {
					"uv": [
						6.249999999999998,
						5.699999999999999,
						7.249999999999998,
						6.699999999999999
					],
					"texture": "#3"
				}
			},
			"rotation": {
				"origin": [8, 8, 8],
				"axis": "y",
				"angle": -45
			},
			"type": "cube"
		},
		{
			"name": "cube",
			"from": [7.249999999999998, 4.150000000000001, 9.7],
			"to": [8.249999999999998, 5.150000000000001, 10.7],
			"faces": {
				"north": {
					"uv": [
						7.750000000000002,
						10.849999999999998,
						8.750000000000002,
						11.849999999999998
					],
					"texture": "#3"
				},
				"east": {
					"uv": [
						6.300000000000001,
						11.849999999999998,
						5.300000000000001,
						10.849999999999998
					],
					"texture": "#3"
				},
				"south": {
					"uv": [
						7.249999999999998,
						10.849999999999998,
						8.249999999999998,
						11.849999999999998
					],
					"texture": "#3"
				},
				"west": {
					"uv": [
						9.7,
						10.849999999999998,
						10.7,
						11.849999999999998
					],
					"texture": "#3"
				},
				"up": {
					"uv": [
						7.249999999999998,
						9.7,
						8.249999999999998,
						10.7
					],
					"texture": "#3"
				},
				"down": {
					"uv": [
						7.249999999999998,
						5.300000000000001,
						8.249999999999998,
						6.300000000000001
					],
					"texture": "#3"
				}
			},
			"rotation": {
				"origin": [8, 8, 8],
				"axis": "y",
				"angle": -45
			},
			"type": "cube"
		},
		{
			"name": "cube",
			"from": [
				9.699999999999998,
				4.200000000000001,
				7.649999999999999
			],
			"to": [
				10.699999999999998,
				5.200000000000001,
				8.649999999999999
			],
			"faces": {
				"north": {
					"uv": [
						5.3000000000000025,
						10.799999999999999,
						6.3000000000000025,
						11.799999999999999
					],
					"texture": "#3"
				},
				"east": {
					"uv": [
						8.350000000000001,
						11.799999999999999,
						7.350000000000001,
						10.799999999999999
					],
					"texture": "#3"
				},
				"south": {
					"uv": [
						9.699999999999998,
						10.799999999999999,
						10.699999999999998,
						11.799999999999999
					],
					"texture": "#3"
				},
				"west": {
					"uv": [
						7.649999999999999,
						10.799999999999999,
						8.649999999999999,
						11.799999999999999
					],
					"texture": "#3"
				},
				"up": {
					"uv": [
						9.699999999999998,
						7.649999999999999,
						10.699999999999998,
						8.649999999999999
					],
					"texture": "#3"
				},
				"down": {
					"uv": [
						9.699999999999998,
						7.350000000000001,
						10.699999999999998,
						8.350000000000001
					],
					"texture": "#3"
				}
			},
			"rotation": {
				"origin": [8, 8, 8],
				"axis": "y",
				"angle": -45
			},
			"type": "cube"
		},
		{
			"name": "cube",
			"from": [
				5.4499999999999975,
				4.150000000000001,
				7.849999999999998
			],
			"to": [
				6.4499999999999975,
				5.150000000000001,
				8.849999999999998
			],
			"faces": {
				"north": {
					"uv": [
						9.550000000000002,
						10.799999999999999,
						10.550000000000002,
						11.799999999999999
					],
					"texture": "#3"
				},
				"east": {
					"uv": [
						8.150000000000002,
						11.799999999999999,
						7.150000000000002,
						10.799999999999999
					],
					"texture": "#3"
				},
				"south": {
					"uv": [
						5.4499999999999975,
						10.799999999999999,
						6.4499999999999975,
						11.799999999999999
					],
					"texture": "#3"
				},
				"west": {
					"uv": [
						7.849999999999998,
						10.799999999999999,
						8.849999999999998,
						11.799999999999999
					],
					"texture": "#3"
				},
				"up": {
					"uv": [
						5.4499999999999975,
						7.849999999999998,
						6.4499999999999975,
						8.849999999999998
					],
					"texture": "#3"
				},
				"down": {
					"uv": [
						5.4499999999999975,
						7.150000000000002,
						6.4499999999999975,
						8.150000000000002
					],
					"texture": "#3"
				}
			},
			"rotation": {
				"origin": [8, 8, 8],
				"axis": "y",
				"angle": -45
			},
			"type": "cube"
		},
		{
			"name": "cube",
			"from": [9.249999999999998, 2.95, 6.05],
			"to": [10.249999999999998, 3.95, 7.05],
			"faces": {
				"north": {
					"uv": [
						5.750000000000002,
						12.05,
						6.750000000000002,
						13.05
					],
					"texture": "#3"
				},
				"east": {
					"uv": [9.95, 13.05, 8.95, 12.05],
					"texture": "#3"
				},
				"south": {
					"uv": [
						9.249999999999998,
						12.05,
						10.249999999999998,
						13.05
					],
					"texture": "#3"
				},
				"west": {
					"uv": [6.05, 12.05, 7.05, 13.05],
					"texture": "#3"
				},
				"up": {
					"uv": [
						9.249999999999998,
						6.05,
						10.249999999999998,
						7.05
					],
					"texture": "#3"
				},
				"down": {
					"uv": [
						9.249999999999998,
						8.95,
						10.249999999999998,
						9.95
					],
					"texture": "#3"
				}
			},
			"rotation": {
				"origin": [8, 8, 8],
				"axis": "y",
				"angle": -45
			},
			"type": "cube"
		}
	],
	"groups": [
		0,
		1,
		2,
		3,
		4,
		5,
		6,
		7,
		8,
		{
			"name": "group",
			"isOpen": true,
			"display": {"visibility": true, "autouv": true},
			"children": [
				9,
				10,
				11,
				12,
				13,
				14,
				15,
				16,
				17,
				18,
				19,
				20,
				21,
				22
			]
		}
	],
	"display": {}
}