{
	"credit": "Made with Blockbench, a free, modern block model editor by JannisX11",
	"textures": {
		"0": "3d_redstone/3d_redstone_dust",
		"particle": "3d_redstone/3d_redstone_dust"
	},
	"elements": [
		{
			"name": "cube",
			"from": [7, 0, 0],
			"to": [9, 1, 8],
			"faces": {
				"north": {
					"uv": [5, 12, 7, 13],
					"texture": "#0",
					"tintindex": 0
				},
				"east": {
					"uv": [2, 6, 10, 7],
					"texture": "#0",
					"tintindex": 0
				},
				"south": {
					"uv": [12, 5, 14, 6],
					"texture": "#0",
					"tintindex": 0
				},
				"west": {
					"uv": [3, 13, 11, 14],
					"texture": "#0",
					"tintindex": 0
				},
				"up": {
					"uv": [9, 3, 11, 11],
					"texture": "#0",
					"tintindex": 0
				},
				"down": {
					"uv": [10, 6, 12, 14],
					"texture": "#0",
					"tintindex": 0,
					"cullface": "down"
				}
			},
			"type": "cube"
		}
	]
}