{
	"credit": "Made with Blockbench, a free, modern block model editor by JannisX11",
	"textures": {
		"0": "3d_redstone/3d_redstone_dust",
		"particle": "3d_redstone/3d_redstone_dust"
	},
	"elements": [
		{
			"name": "cube",
			"from": [7, 0, 8],
			"to": [9, 1, 16],
			"faces": {
				"north": {
					"uv": [4, 8, 6, 9],
					"texture": "#0",
					"tintindex": 0
				},
				"east": {
					"uv": [7, 4, 15, 5],
					"texture": "#0",
					"tintindex": 0
				},
				"south": {
					"uv": [10, 7, 12, 8],
					"texture": "#0",
					"tintindex": 0
				},
				"west": {
					"uv": [3, 12, 11, 13],
					"texture": "#0",
					"tintindex": 0
				},
				"up": {
					"uv": [13, 5, 15, 13],
					"texture": "#0",
					"tintindex": 0
				},
				"down": {
					"uv": [5, 6, 7, 14],
					"texture": "#0",
					"tintindex": 0,
					"cullface": "down"
				}
			},
			"type": "cube"
		}
	]
}