{
	"credit": "Made with Blockbench, a free, modern block model editor by JannisX11",
	"textures": {
		"0": "3d_redstone/3d_redstone_dust",
		"particle": "3d_redstone/3d_redstone_dust"
	},
	"elements": [
		{
			"name": "cube",
			"from": [5.5, -0.0009999999999998899, 5.5],
			"to": [10.5, 1.249, 10.5],
			"faces": {
				"north": {
					"uv": [5.5, 14.75, 10.5, 16],
					"texture": "#0",
					"tintindex": 0
				},
				"east": {
					"uv": [10.5, 16, 5.5, 14.75],
					"texture": "#0",
					"tintindex": 0
				},
				"south": {
					"uv": [5.5, 14.75, 10.5, 16],
					"texture": "#0",
					"tintindex": 0
				},
				"west": {
					"uv": [5.5, 14.75, 10.5, 16],
					"texture": "#0",
					"tintindex": 0
				},
				"up": {
					"uv": [5.5, 5.5, 10.5, 10.5],
					"texture": "#0",
					"tintindex": 0
				},
				"down": {
					"uv": [5.5, 5.5, 10.5, 10.5],
					"texture": "#0",
					"tintindex": 0,
					"cullface": "down"
				}
			},
			"type": "cube"
		}
	]
}