{
	"credit": "Made with Blockbench, a free, modern block model editor by JannisX11",
	"textures": {
		"0": "3d_redstone/3d_redstone_dust",
		"particle": "3d_redstone/3d_redstone_dust"
	},
	"elements": [
		{
			"name": "cube",
			"from": [5.5, -0.0009999999999998899, 8],
			"to": [10.5, 1.249, 10.5],
			"faces": {
				"north": {
					"uv": [7, 5, 12, 6.25],
					"texture": "#0",
					"tintindex": 0
				},
				"east": {
					"uv": [4, 10, 6.5, 11.25],
					"texture": "#0",
					"tintindex": 0
				},
				"south": {
					"uv": [3, 13, 8, 14.25],
					"texture": "#0",
					"tintindex": 0
				},
				"west": {
					"uv": [13, 10, 15.5, 11.25],
					"texture": "#0",
					"tintindex": 0
				},
				"up": {
					"uv": [5, 3, 10, 5.5],
					"texture": "#0",
					"tintindex": 0
				},
				"down": {
					"uv": [11, 4, 16, 6.5],
					"texture": "#0",
					"cullface": "down",
					"tintindex": 0
				}
			},
			"type": "cube"
		}
	]
}