{
	"credit": "Made with Blockbench, a free, modern block model editor by JannisX11",
	"textures": {
		"0": "3d_redstone/3d_redstone_dust",
		"particle": "3d_redstone/3d_redstone_dust"
	},
	"elements": [
		{
			"name": "cube",
			"from": [5.5, -0.0009999999999998899, 5.5],
			"to": [10.5, 1.249, 8],
			"faces": {
				"north": {
					"uv": [6, 4, 11, 5.25],
					"texture": "#0",
					"tintindex": 0
				},
				"east": {
					"uv": [6, 9, 8.5, 10.25],
					"texture": "#0",
					"tintindex": 0
				},
				"south": {
					"uv": [1, 11, 6, 12.25],
					"texture": "#0",
					"tintindex": 0
				},
				"west": {
					"uv": [13, 2, 15.5, 3.25],
					"texture": "#0",
					"tintindex": 0
				},
				"up": {
					"uv": [4, 11, 9, 13.5],
					"texture": "#0",
					"tintindex": 0
				},
				"down": {
					"uv": [7, 3, 12, 5.5],
					"texture": "#0",
					"cullface": "down",
					"tintindex": 0
				}
			},
			"type": "cube"
		}
	]
}