{
	"credit": "Made with Blockbench, a free, modern block model editor by JannisX11",
	"textures": {
		"0": "3d_redstone/3d_redstone_dust",
		"particle": "3d_redstone/3d_redstone_dust"
	},
	"elements": [
		{
			"name": "cube",
			"from": [7, 0, 8],
			"to": [9, 1, 16],
			"faces": {
				"north": {
					"uv": [2, 13, 4, 14],
					"texture": "#0",
					"tintindex": 0
				},
				"east": {
					"uv": [4, 4, 12, 5],
					"texture": "#0",
					"tintindex": 0
				},
				"south": {
					"uv": [7, 10, 9, 11],
					"texture": "#0",
					"tintindex": 0
				},
				"west": {
					"uv": [5, 13, 13, 14],
					"texture": "#0",
					"tintindex": 0
				},
				"up": {
					"uv": [4, 7, 6, 15],
					"texture": "#0",
					"tintindex": 0
				},
				"down": {
					"uv": [14, 3, 16, 11],
					"texture": "#0",
					"tintindex": 0,
					"cullface": "down"
				}
			},
			"type": "cube"
		}
	]
}