{
	"credit": "Made with Blockbench, a free, modern block model editor by JannisX11",
	"textures": {
		"0": "3d_redstone/3d_redstone_dust",
		"particle": "3d_redstone/3d_redstone_dust"
	},
	"elements": [
		{
			"name": "cube",
			"from": [7, 0, 0],
			"to": [9, 1, 8],
			"faces": {
				"north": {
					"uv": [6, 8, 8, 9],
					"texture": "#0",
					"tintindex": 0
				},
				"east": {
					"uv": [6, 8, 14, 9],
					"texture": "#0",
					"tintindex": 0
				},
				"south": {
					"uv": [8, 3, 10, 4],
					"texture": "#0",
					"tintindex": 0
				},
				"west": {
					"uv": [3, 13, 11, 14],
					"texture": "#0",
					"tintindex": 0
				},
				"up": {
					"uv": [2, 7, 4, 15],
					"texture": "#0",
					"tintindex": 0
				},
				"down": {
					"uv": [14, 3, 16, 11],
					"texture": "#0",
					"tintindex": 0,
					"cullface": "down"
				}
			},
			"type": "cube"
		}
	]
}