{
	"__comment": "Designed by CreatorLabs with Cubik Studio - https://cubik.studio",
	"textures": {
		"particle": "3d_blocks/reeds_light",
		"light": "3d_blocks/reeds_light",
		"dark": "3d_blocks/reeds_dark",
		"green": "3d_blocks/reeds_green"
	},
	"elements": [ 	 
		{
			"__comment": "Box2",
			"from": [ 6, 0, 7 ],
			"to": [ 8, 16, 9 ],
			"faces": {
				"down": { "uv": [ 6, 7.00005, 8, 9.00005 ], "texture": "#light" },
				"up": { "uv": [ 6, 6.99995, 8, 8.99995 ], "texture": "#light" },
				"north": { "uv": [ 8, 0, 10, 15.99999 ], "texture": "#light" },
				"south": { "uv": [ 6, 0, 8, 15.99999 ], "texture": "#light" },
				"west": { "uv": [ 6.99995, 0, 8.99995, 15.99999 ], "texture": "#light" },
				"east": { "uv": [ 7.00005, 0, 9.00005, 15.99999 ], "texture": "#light" }
			}
		},
		{
			"__comment": "Box5",
			"from": [ 4, 0, 10.5 ],
			"to": [ 6, 16, 12.5 ],
			"faces": {
				"down": { "uv": [ 4, 3.50005, 6, 5.50005 ], "texture": "#light" },
				"up": { "uv": [ 4, 10.49995, 6, 12.49995 ], "texture": "#light" },
				"north": { "uv": [ 10, 0, 12, 15.99999 ], "texture": "#light" },
				"south": { "uv": [ 4, 0, 6, 15.99999 ], "texture": "#light" },
				"west": { "uv": [ 10.49995, 0, 12.49995, 15.99999 ], "texture": "#light" },
				"east": { "uv": [ 3.50005, 0, 5.50005, 15.99999 ], "texture": "#light" }
			}
		},
		{
			"__comment": "Box8",
			"from": [ 10, 0, 3 ],
			"to": [ 12, 16, 5 ],
			"faces": {
				"down": { "uv": [ 10, 11.00005, 12, 13.00005 ], "texture": "#light" },
				"up": { "uv": [ 10, 2.99995, 12, 4.99995 ], "texture": "#light" },
				"north": { "uv": [ 4, 0, 6, 15.99999 ], "texture": "#light" },
				"south": { "uv": [ 10, 0, 12, 15.99999 ], "texture": "#light" },
				"west": { "uv": [ 2.99995, 0, 4.99995, 15.99999 ], "texture": "#light" },
				"east": { "uv": [ 11.00005, 0, 13.00005, 15.99999 ], "texture": "#light" }
			}
		},
		{
			"__comment": "Box11",
			"from": [ 8, 0, 12 ],
			"to": [ 10, 16, 14 ],
			"faces": {
				"down": { "uv": [ 8, 2.00005, 10, 4.00005 ], "texture": "#light" },
				"up": { "uv": [ 8, 11.99995, 10, 13.99995 ], "texture": "#light" },
				"north": { "uv": [ 6, 0, 8, 15.99999 ], "texture": "#light" },
				"south": { "uv": [ 8, 0, 10, 15.99999 ], "texture": "#light" },
				"west": { "uv": [ 11.99995, 0, 13.99995, 15.99999 ], "texture": "#light" },
				"east": { "uv": [ 2.00005, 0, 4.00005, 15.99999 ], "texture": "#light" }
			}
		},
		{
			"__comment": "Box2",
			"from": [ 5.5, 0, 2 ],
			"to": [ 7.5, 16, 4 ],
			"faces": {
				"down": { "uv": [ 5.5, 12.00005, 7.5, 14.00005 ], "texture": "#light" },
				"up": { "uv": [ 5.5, 1.99995, 7.5, 3.99995 ], "texture": "#light" },
				"north": { "uv": [ 8.5, 0, 10.5, 15.99999 ], "texture": "#light" },
				"south": { "uv": [ 5.5, 0, 7.5, 15.99999 ], "texture": "#light" },
				"west": { "uv": [ 1.99995, 0, 3.99995, 15.99999 ], "texture": "#light" },
				"east": { "uv": [ 12.00005, 0, 14.00005, 15.99999 ], "texture": "#light" }
			}
		},
		{
			"__comment": "Box11",
			"from": [ 11.5, 0, 8.5 ],
			"to": [ 13.5, 16, 10.5 ],
			"faces": {
				"down": { "uv": [ 11.5, 5.50005, 13.5, 7.50005 ], "texture": "#light" },
				"up": { "uv": [ 11.5, 8.49995, 13.5, 10.49995 ], "texture": "#light" },
				"north": { "uv": [ 2.5, 0, 4.5, 15.99999 ], "texture": "#light" },
				"south": { "uv": [ 11.5, 0, 13.5, 15.99999 ], "texture": "#light" },
				"west": { "uv": [ 8.49995, 0, 10.49995, 15.99999 ], "texture": "#light" },
				"east": { "uv": [ 5.50005, 0, 7.50005, 15.99999 ], "texture": "#light" }
			}
		},
		{
			"__comment": "Box2",
			"from": [ 2.5, 0, 5 ],
			"to": [ 4.5, 16, 7 ],
			"faces": {
				"down": { "uv": [ 2.5, 9.00005, 4.5, 11.00005 ], "texture": "#light" },
				"up": { "uv": [ 2.5, 4.99995, 4.5, 6.99995 ], "texture": "#light" },
				"north": { "uv": [ 11.5, 0, 13.5, 15.99999 ], "texture": "#light" },
				"south": { "uv": [ 2.5, 0, 4.5, 15.99999 ], "texture": "#light" },
				"west": { "uv": [ 4.99995, 0, 6.99995, 15.99999 ], "texture": "#light" },
				"east": { "uv": [ 9.00005, 0, 11.00005, 15.99999 ], "texture": "#light" }
			}
		},
		{
			"__comment": "dark",
			"from": [ 5.25, 9.25, 1.75 ],
			"to": [ 7.75, 11.25, 4.25 ],
			"faces": {
				"down": { "uv": [ 5.25, 11.75, 7.75, 14.25 ], "texture": "#dark" },
				"up": { "uv": [ 5.25, 1.75, 7.75, 4.25 ], "texture": "#dark" },
				"north": { "uv": [ 8.25, 4.75, 10.75, 6.75 ], "texture": "#dark" },
				"south": { "uv": [ 5.25, 4.75, 7.75, 6.75 ], "texture": "#dark" },
				"west": { "uv": [ 1.75, 4.75, 4.25, 6.75 ], "texture": "#dark" },
				"east": { "uv": [ 11.75, 4.75, 14.25, 6.75 ], "texture": "#dark" }
			}
		},
		{
			"__comment": "dark",
			"from": [ 2.25, 0, 4.75 ],
			"to": [ 4.75, 2, 7.25 ],
			"faces": {
				"down": { "uv": [ 2.25, 8.75, 4.75, 11.25 ], "texture": "#dark" },
				"up": { "uv": [ 2.25, 4.75, 4.75, 7.25 ], "texture": "#dark" },
				"north": { "uv": [ 11.25, 14, 13.75, 16 ], "texture": "#dark" },
				"south": { "uv": [ 2.25, 14, 4.75, 16 ], "texture": "#dark" },
				"west": { "uv": [ 4.75, 14, 7.25, 16 ], "texture": "#dark" },
				"east": { "uv": [ 8.75, 14, 11.25, 16 ], "texture": "#dark" }
			}
		},
		{
			"__comment": "dark",
			"from": [ 2.25, 8, 4.75 ],
			"to": [ 4.75, 10, 7.25 ],
			"faces": {
				"down": { "uv": [ 2.25, 8.75, 4.75, 11.25 ], "texture": "#dark" },
				"up": { "uv": [ 2.25, 4.75, 4.75, 7.25 ], "texture": "#dark" },
				"north": { "uv": [ 11.25, 6, 13.75, 8 ], "texture": "#dark" },
				"south": { "uv": [ 2.25, 6, 4.75, 8 ], "texture": "#dark" },
				"west": { "uv": [ 4.75, 6, 7.25, 8 ], "texture": "#dark" },
				"east": { "uv": [ 8.75, 6, 11.25, 8 ], "texture": "#dark" }
			}
		},
		{
			"__comment": "dark",
			"from": [ 3.75, 10, 10.25 ],
			"to": [ 6.25, 12, 12.75 ],
			"faces": {
				"down": { "uv": [ 3.75, 3.25, 6.25, 5.75 ], "texture": "#dark" },
				"up": { "uv": [ 3.75, 10.25, 6.25, 12.75 ], "texture": "#dark" },
				"north": { "uv": [ 9.75, 4, 12.25, 6 ], "texture": "#dark" },
				"south": { "uv": [ 3.75, 4, 6.25, 6 ], "texture": "#dark" },
				"west": { "uv": [ 10.25, 4, 12.75, 6 ], "texture": "#dark" },
				"east": { "uv": [ 3.25, 4, 5.75, 6 ], "texture": "#dark" }
			}
		},
		{
			"__comment": "dark",
			"from": [ 3.75, 4, 10.25 ],
			"to": [ 6.25, 6, 12.75 ],
			"faces": {
				"down": { "uv": [ 3.75, 3.25, 6.25, 5.75 ], "texture": "#dark" },
				"up": { "uv": [ 3.75, 10.25, 6.25, 12.75 ], "texture": "#dark" },
				"north": { "uv": [ 9.75, 10, 12.25, 12 ], "texture": "#dark" },
				"south": { "uv": [ 3.75, 10, 6.25, 12 ], "texture": "#dark" },
				"west": { "uv": [ 10.25, 10, 12.75, 12 ], "texture": "#dark" },
				"east": { "uv": [ 3.25, 10, 5.75, 12 ], "texture": "#dark" }
			}
		},
		{
			"__comment": "dark",
			"from": [ 7.75, 1, 11.75 ],
			"to": [ 10.25, 3, 14.25 ],
			"faces": {
				"down": { "uv": [ 7.75, 1.75, 10.25, 4.25 ], "texture": "#dark" },
				"up": { "uv": [ 7.75, 11.75, 10.25, 14.25 ], "texture": "#dark" },
				"north": { "uv": [ 5.75, 13, 8.25, 15 ], "texture": "#dark" },
				"south": { "uv": [ 7.75, 13, 10.25, 15 ], "texture": "#dark" },
				"west": { "uv": [ 11.75, 13, 14.25, 15 ], "texture": "#dark" },
				"east": { "uv": [ 1.75, 13, 4.25, 15 ], "texture": "#dark" }
			}
		},
		{
			"__comment": "dark",
			"from": [ 7.75, 9, 11.75 ],
			"to": [ 10.25, 11, 14.25 ],
			"faces": {
				"down": { "uv": [ 7.75, 1.75, 10.25, 4.25 ], "texture": "#dark" },
				"up": { "uv": [ 7.75, 11.75, 10.25, 14.25 ], "texture": "#dark" },
				"north": { "uv": [ 5.75, 5, 8.25, 7 ], "texture": "#dark" },
				"south": { "uv": [ 7.75, 5, 10.25, 7 ], "texture": "#dark" },
				"west": { "uv": [ 11.75, 5, 14.25, 7 ], "texture": "#dark" },
				"east": { "uv": [ 1.75, 5, 4.25, 7 ], "texture": "#dark" }
			}
		},
		{
			"__comment": "dark",
			"from": [ 11.25, 9.5, 8.25 ],
			"to": [ 13.75, 11.5, 10.75 ],
			"faces": {
				"down": { "uv": [ 11.25, 5.25, 13.75, 7.75 ], "texture": "#dark" },
				"up": { "uv": [ 11.25, 8.25, 13.75, 10.75 ], "texture": "#dark" },
				"north": { "uv": [ 2.25, 4.5, 4.75, 6.5 ], "texture": "#dark" },
				"south": { "uv": [ 11.25, 4.5, 13.75, 6.5 ], "texture": "#dark" },
				"west": { "uv": [ 8.25, 4.5, 10.75, 6.5 ], "texture": "#dark" },
				"east": { "uv": [ 5.25, 4.5, 7.75, 6.5 ], "texture": "#dark" }
			}
		},
		{
			"__comment": "dark",
			"from": [ 11.25, 0.5, 8.25 ],
			"to": [ 13.75, 2.5, 10.75 ],
			"faces": {
				"down": { "uv": [ 11.25, 5.25, 13.75, 7.75 ], "texture": "#dark" },
				"up": { "uv": [ 11.25, 8.25, 13.75, 10.75 ], "texture": "#dark" },
				"north": { "uv": [ 2.25, 13.5, 4.75, 15.5 ], "texture": "#dark" },
				"south": { "uv": [ 11.25, 13.5, 13.75, 15.5 ], "texture": "#dark" },
				"west": { "uv": [ 8.25, 13.5, 10.75, 15.5 ], "texture": "#dark" },
				"east": { "uv": [ 5.25, 13.5, 7.75, 15.5 ], "texture": "#dark" }
			}
		},
		{
			"__comment": "dark",
			"from": [ 9.75, 5, 2.75 ],
			"to": [ 12.25, 7, 5.25 ],
			"faces": {
				"down": { "uv": [ 9.75, 10.75, 12.25, 13.25 ], "texture": "#dark" },
				"up": { "uv": [ 9.75, 2.75, 12.25, 5.25 ], "texture": "#dark" },
				"north": { "uv": [ 3.75, 9, 6.25, 11 ], "texture": "#dark" },
				"south": { "uv": [ 9.75, 9, 12.25, 11 ], "texture": "#dark" },
				"west": { "uv": [ 2.75, 9, 5.25, 11 ], "texture": "#dark" },
				"east": { "uv": [ 10.75, 9, 13.25, 11 ], "texture": "#dark" }
			}
		},
		{
			"__comment": "dark",
			"from": [ 9.75, 13, 2.75 ],
			"to": [ 12.25, 15, 5.25 ],
			"faces": {
				"down": { "uv": [ 9.75, 10.75, 12.25, 13.25 ], "texture": "#dark" },
				"up": { "uv": [ 9.75, 2.75, 12.25, 5.25 ], "texture": "#dark" },
				"north": { "uv": [ 3.75, 1, 6.25, 3 ], "texture": "#dark" },
				"south": { "uv": [ 9.75, 1, 12.25, 3 ], "texture": "#dark" },
				"west": { "uv": [ 2.75, 1, 5.25, 3 ], "texture": "#dark" },
				"east": { "uv": [ 10.75, 1, 13.25, 3 ], "texture": "#dark" }
			}
		},
		{
			"__comment": "dark",
			"from": [ 5.75, 12, 6.75 ],
			"to": [ 8.25, 14, 9.25 ],
			"faces": {
				"down": { "uv": [ 5.75, 6.75, 8.25, 9.25 ], "texture": "#dark" },
				"up": { "uv": [ 5.75, 6.75, 8.25, 9.25 ], "texture": "#dark" },
				"north": { "uv": [ 7.75, 2, 10.25, 4 ], "texture": "#dark" },
				"south": { "uv": [ 5.75, 2, 8.25, 4 ], "texture": "#dark" },
				"west": { "uv": [ 6.75, 2, 9.25, 4 ], "texture": "#dark" },
				"east": { "uv": [ 6.75, 2, 9.25, 4 ], "texture": "#dark" }
			}
		},
		{
			"__comment": "dark",
			"from": [ 5.75, 3.5, 6.75 ],
			"to": [ 8.25, 5.5, 9.25 ],
			"faces": {
				"down": { "uv": [ 5.75, 6.75, 8.25, 9.25 ], "texture": "#dark" },
				"up": { "uv": [ 5.75, 6.75, 8.25, 9.25 ], "texture": "#dark" },
				"north": { "uv": [ 7.75, 10.5, 10.25, 12.5 ], "texture": "#dark" },
				"south": { "uv": [ 5.75, 10.5, 8.25, 12.5 ], "texture": "#dark" },
				"west": { "uv": [ 6.75, 10.5, 9.25, 12.5 ], "texture": "#dark" },
				"east": { "uv": [ 6.75, 10.5, 9.25, 12.5 ], "texture": "#dark" }
			}
		},
		{
			"__comment": "dark",
			"from": [ 5.25, 1.25, 1.75 ],
			"to": [ 7.75, 3.25, 4.25 ],
			"faces": {
				"down": { "uv": [ 5.25, 11.75, 7.75, 14.25 ], "texture": "#dark" },
				"up": { "uv": [ 5.25, 1.75, 7.75, 4.25 ], "texture": "#dark" },
				"north": { "uv": [ 8.25, 12.75, 10.75, 14.75 ], "texture": "#dark" },
				"south": { "uv": [ 5.25, 12.75, 7.75, 14.75 ], "texture": "#dark" },
				"west": { "uv": [ 1.75, 12.75, 4.25, 14.75 ], "texture": "#dark" },
				"east": { "uv": [ 11.75, 12.75, 14.25, 14.75 ], "texture": "#dark" }
			}
		},
		{
			"__comment": "green",
			"from": [ 6.5, 12.5, 7 ],
			"to": [ 7.5, 14.5, 7.5 ],
			"rotation": { "origin": [ 7.5, 12.5, 7 ], "axis": "x", "angle": -45 },
			"faces": {
				"down": { "uv": [ 6.5, 8.5, 7.5, 9 ], "texture": "#green" },
				"up": { "uv": [ 6.5, 7, 7.5, 7.5 ], "texture": "#green" },
				"north": { "uv": [ 8.5, 1.5, 9.5, 3.5 ], "texture": "#green" },
				"south": { "uv": [ 6.5, 1.5, 7.5, 3.5 ], "texture": "#green" },
				"west": { "uv": [ 7, 1.5, 7.5, 3.5 ], "texture": "#green" },
				"east": { "uv": [ 8.5, 1.5, 9, 3.5 ], "texture": "#green" }
			}
		},
		{
			"__comment": "green",
			"from": [ 2.5, 0.25, 5.5 ],
			"to": [ 3, 2.25, 6.5 ],
			"rotation": { "origin": [ 2.5, 0.25, 5.5 ], "axis": "z", "angle": 45 },
			"faces": {
				"down": { "uv": [ 2.5, 9.5, 3, 10.5 ], "texture": "#green" },
				"up": { "uv": [ 2.5, 5.5, 3, 6.5 ], "texture": "#green" },
				"north": { "uv": [ 13, 13.75, 13.5, 15.75 ], "texture": "#green" },
				"south": { "uv": [ 2.5, 13.75, 3, 15.75 ], "texture": "#green" },
				"west": { "uv": [ 5.5, 13.75, 6.5, 15.75 ], "texture": "#green" },
				"east": { "uv": [ 9.5, 13.75, 10.5, 15.75 ], "texture": "#green" }
			}
		},
		{
			"__comment": "green",
			"from": [ 2.5, 8.5, 5.5 ],
			"to": [ 3, 10.5, 6.5 ],
			"rotation": { "origin": [ 2.5, 8.5, 5.5 ], "axis": "z", "angle": 45 },
			"faces": {
				"down": { "uv": [ 2.5, 9.5, 3, 10.5 ], "texture": "#green" },
				"up": { "uv": [ 2.5, 5.5, 3, 6.5 ], "texture": "#green" },
				"north": { "uv": [ 13, 5.5, 13.5, 7.5 ], "texture": "#green" },
				"south": { "uv": [ 2.5, 5.5, 3, 7.5 ], "texture": "#green" },
				"west": { "uv": [ 5.5, 5.5, 6.5, 7.5 ], "texture": "#green" },
				"east": { "uv": [ 9.5, 5.5, 10.5, 7.5 ], "texture": "#green" }
			}
		},
		{
			"__comment": "green",
			"from": [ 4, 10.25, 11 ],
			"to": [ 4.5, 12.25, 12 ],
			"rotation": { "origin": [ 4, 10.25, 11 ], "axis": "z", "angle": 45 },
			"faces": {
				"down": { "uv": [ 4, 4, 4.5, 5 ], "texture": "#green" },
				"up": { "uv": [ 4, 11, 4.5, 12 ], "texture": "#green" },
				"north": { "uv": [ 11.5, 3.75, 12, 5.75 ], "texture": "#green" },
				"south": { "uv": [ 4, 3.75, 4.5, 5.75 ], "texture": "#green" },
				"west": { "uv": [ 11, 3.75, 12, 5.75 ], "texture": "#green" },
				"east": { "uv": [ 4, 3.75, 5, 5.75 ], "texture": "#green" }
			}
		},
		{
			"__comment": "green",
			"from": [ 8.25, 9.25, 12.5 ],
			"to": [ 8.75, 11.25, 13.5 ],
			"rotation": { "origin": [ 8.25, 9.25, 12.5 ], "axis": "z", "angle": 45 },
			"faces": {
				"down": { "uv": [ 8.25, 2.5, 8.75, 3.5 ], "texture": "#green" },
				"up": { "uv": [ 8.25, 12.5, 8.75, 13.5 ], "texture": "#green" },
				"north": { "uv": [ 7.25, 4.75, 7.75, 6.75 ], "texture": "#green" },
				"south": { "uv": [ 8.25, 4.75, 8.75, 6.75 ], "texture": "#green" },
				"west": { "uv": [ 12.5, 4.75, 13.5, 6.75 ], "texture": "#green" },
				"east": { "uv": [ 2.5, 4.75, 3.5, 6.75 ], "texture": "#green" }
			}
		},
		{
			"__comment": "green",
			"from": [ 6.25, 12, 7.5 ],
			"to": [ 6.75, 14, 8.5 ],
			"rotation": { "origin": [ 6.25, 12, 7.5 ], "axis": "z", "angle": 45 },
			"faces": {
				"down": { "uv": [ 6.25, 7.5, 6.75, 8.5 ], "texture": "#green" },
				"up": { "uv": [ 6.25, 7.5, 6.75, 8.5 ], "texture": "#green" },
				"north": { "uv": [ 9.25, 2, 9.75, 4 ], "texture": "#green" },
				"south": { "uv": [ 6.25, 2, 6.75, 4 ], "texture": "#green" },
				"west": { "uv": [ 7.5, 2, 8.5, 4 ], "texture": "#green" },
				"east": { "uv": [ 7.5, 2, 8.5, 4 ], "texture": "#green" }
			}
		},
		{
			"__comment": "green",
			"from": [ 5.75, 9.25, 2.5 ],
			"to": [ 6.25, 11.25, 3.5 ],
			"rotation": { "origin": [ 5.75, 9.25, 2.5 ], "axis": "z", "angle": 45 },
			"faces": {
				"down": { "uv": [ 5.75, 12.5, 6.25, 13.5 ], "texture": "#green" },
				"up": { "uv": [ 5.75, 2.5, 6.25, 3.5 ], "texture": "#green" },
				"north": { "uv": [ 9.75, 4.75, 10.25, 6.75 ], "texture": "#green" },
				"south": { "uv": [ 5.75, 4.75, 6.25, 6.75 ], "texture": "#green" },
				"west": { "uv": [ 2.5, 4.75, 3.5, 6.75 ], "texture": "#green" },
				"east": { "uv": [ 12.5, 4.75, 13.5, 6.75 ], "texture": "#green" }
			}
		},
		{
			"__comment": "green",
			"from": [ 11.5, 0.5, 8.5 ],
			"to": [ 12, 2.5, 9.5 ],
			"rotation": { "origin": [ 11.5, 0.5, 8.5 ], "axis": "z", "angle": 45 },
			"faces": {
				"down": { "uv": [ 11.5, 6.5, 12, 7.5 ], "texture": "#green" },
				"up": { "uv": [ 11.5, 8.5, 12, 9.5 ], "texture": "#green" },
				"north": { "uv": [ 4, 13.5, 4.5, 15.5 ], "texture": "#green" },
				"south": { "uv": [ 11.5, 13.5, 12, 15.5 ], "texture": "#green" },
				"west": { "uv": [ 8.5, 13.5, 9.5, 15.5 ], "texture": "#green" },
				"east": { "uv": [ 6.5, 13.5, 7.5, 15.5 ], "texture": "#green" }
			}
		},
		{
			"__comment": "green",
			"from": [ 8, 1.5, 12.5 ],
			"to": [ 8.5, 3.5, 13.5 ],
			"rotation": { "origin": [ 8, 1.5, 12.5 ], "axis": "z", "angle": 45 },
			"faces": {
				"down": { "uv": [ 8, 2.5, 8.5, 3.5 ], "texture": "#green" },
				"up": { "uv": [ 8, 12.5, 8.5, 13.5 ], "texture": "#green" },
				"north": { "uv": [ 7.5, 12.5, 8, 14.5 ], "texture": "#green" },
				"south": { "uv": [ 8, 12.5, 8.5, 14.5 ], "texture": "#green" },
				"west": { "uv": [ 12.5, 12.5, 13.5, 14.5 ], "texture": "#green" },
				"east": { "uv": [ 2.5, 12.5, 3.5, 14.5 ], "texture": "#green" }
			}
		},
		{
			"__comment": "green",
			"from": [ 9.5, 1.5, 12.5 ],
			"to": [ 10, 3.5, 13.5 ],
			"rotation": { "origin": [ 9.5, 1.5, 12.5 ], "axis": "z", "angle": -45 },
			"faces": {
				"down": { "uv": [ 9.5, 2.5, 10, 3.5 ], "texture": "#green" },
				"up": { "uv": [ 9.5, 12.5, 10, 13.5 ], "texture": "#green" },
				"north": { "uv": [ 6, 12.5, 6.5, 14.5 ], "texture": "#green" },
				"south": { "uv": [ 9.5, 12.5, 10, 14.5 ], "texture": "#green" },
				"west": { "uv": [ 12.5, 12.5, 13.5, 14.5 ], "texture": "#green" },
				"east": { "uv": [ 2.5, 12.5, 3.5, 14.5 ], "texture": "#green" }
			}
		},
		{
			"__comment": "green",
			"from": [ 9.5, 9.5, 12.5 ],
			"to": [ 10, 11.5, 13.5 ],
			"rotation": { "origin": [ 9.5, 9.5, 12.5 ], "axis": "z", "angle": -45 },
			"faces": {
				"down": { "uv": [ 9.5, 2.5, 10, 3.5 ], "texture": "#green" },
				"up": { "uv": [ 9.5, 12.5, 10, 13.5 ], "texture": "#green" },
				"north": { "uv": [ 6, 4.5, 6.5, 6.5 ], "texture": "#green" },
				"south": { "uv": [ 9.5, 4.5, 10, 6.5 ], "texture": "#green" },
				"west": { "uv": [ 12.5, 4.5, 13.5, 6.5 ], "texture": "#green" },
				"east": { "uv": [ 2.5, 4.5, 3.5, 6.5 ], "texture": "#green" }
			}
		},
		{
			"__comment": "green",
			"from": [ 13, 10, 9 ],
			"to": [ 13.5, 12, 10 ],
			"rotation": { "origin": [ 13, 10, 9 ], "axis": "z", "angle": -45 },
			"faces": {
				"down": { "uv": [ 13, 6, 13.5, 7 ], "texture": "#green" },
				"up": { "uv": [ 13, 9, 13.5, 10 ], "texture": "#green" },
				"north": { "uv": [ 2.5, 4, 3, 6 ], "texture": "#green" },
				"south": { "uv": [ 13, 4, 13.5, 6 ], "texture": "#green" },
				"west": { "uv": [ 9, 4, 10, 6 ], "texture": "#green" },
				"east": { "uv": [ 6, 4, 7, 6 ], "texture": "#green" }
			}
		},
		{
			"__comment": "green",
			"from": [ 11.5, 5.75, 3.5 ],
			"to": [ 12, 7.75, 4.5 ],
			"rotation": { "origin": [ 11.5, 5.75, 3.5 ], "axis": "z", "angle": -45 },
			"faces": {
				"down": { "uv": [ 11.5, 11.5, 12, 12.5 ], "texture": "#green" },
				"up": { "uv": [ 11.5, 3.5, 12, 4.5 ], "texture": "#green" },
				"north": { "uv": [ 4, 8.25, 4.5, 10.25 ], "texture": "#green" },
				"south": { "uv": [ 11.5, 8.25, 12, 10.25 ], "texture": "#green" },
				"west": { "uv": [ 3.5, 8.25, 4.5, 10.25 ], "texture": "#green" },
				"east": { "uv": [ 11.5, 8.25, 12.5, 10.25 ], "texture": "#green" }
			}
		},
		{
			"__comment": "green",
			"from": [ 7.75, 4, 7.5 ],
			"to": [ 8.25, 6, 8.5 ],
			"rotation": { "origin": [ 7.75, 4, 7.5 ], "axis": "z", "angle": -45 },
			"faces": {
				"down": { "uv": [ 7.75, 7.5, 8.25, 8.5 ], "texture": "#green" },
				"up": { "uv": [ 7.75, 7.5, 8.25, 8.5 ], "texture": "#green" },
				"north": { "uv": [ 7.75, 10, 8.25, 12 ], "texture": "#green" },
				"south": { "uv": [ 7.75, 10, 8.25, 12 ], "texture": "#green" },
				"west": { "uv": [ 7.5, 10, 8.5, 12 ], "texture": "#green" },
				"east": { "uv": [ 7.5, 10, 8.5, 12 ], "texture": "#green" }
			}
		},
		{
			"__comment": "green",
			"from": [ 7, 9.75, 2.75 ],
			"to": [ 7.5, 11.75, 3.75 ],
			"rotation": { "origin": [ 7, 9.75, 2.75 ], "axis": "z", "angle": -45 },
			"faces": {
				"down": { "uv": [ 7, 12.25, 7.5, 13.25 ], "texture": "#green" },
				"up": { "uv": [ 7, 2.75, 7.5, 3.75 ], "texture": "#green" },
				"north": { "uv": [ 8.5, 4.25, 9, 6.25 ], "texture": "#green" },
				"south": { "uv": [ 7, 4.25, 7.5, 6.25 ], "texture": "#green" },
				"west": { "uv": [ 2.75, 4.25, 3.75, 6.25 ], "texture": "#green" },
				"east": { "uv": [ 12.25, 4.25, 13.25, 6.25 ], "texture": "#green" }
			}
		},
		{
			"__comment": "green",
			"from": [ 11.5, 13.75, 3.5 ],
			"to": [ 12, 15.75, 4.5 ],
			"rotation": { "origin": [ 11.5, 13.75, 3.5 ], "axis": "z", "angle": -45 },
			"faces": {
				"down": { "uv": [ 11.5, 11.5, 12, 12.5 ], "texture": "#green" },
				"up": { "uv": [ 11.5, 3.5, 12, 4.5 ], "texture": "#green" },
				"north": { "uv": [ 4, 0.25, 4.5, 2.25 ], "texture": "#green" },
				"south": { "uv": [ 11.5, 0.25, 12, 2.25 ], "texture": "#green" },
				"west": { "uv": [ 3.5, 0.25, 4.5, 2.25 ], "texture": "#green" },
				"east": { "uv": [ 11.5, 0.25, 12.5, 2.25 ], "texture": "#green" }
			}
		},
		{
			"__comment": "green",
			"from": [ 6, 9.25, 2.25 ],
			"to": [ 7, 11.25, 2.75 ],
			"rotation": { "origin": [ 7, 9.25, 2.25 ], "axis": "x", "angle": -45 },
			"faces": {
				"down": { "uv": [ 6, 13.25, 7, 13.75 ], "texture": "#green" },
				"up": { "uv": [ 6, 2.25, 7, 2.75 ], "texture": "#green" },
				"north": { "uv": [ 9, 4.75, 10, 6.75 ], "texture": "#green" },
				"south": { "uv": [ 6, 4.75, 7, 6.75 ], "texture": "#green" },
				"west": { "uv": [ 2.25, 4.75, 2.75, 6.75 ], "texture": "#green" },
				"east": { "uv": [ 13.25, 4.75, 13.75, 6.75 ], "texture": "#green" }
			}
		},
		{
			"__comment": "green",
			"from": [ 6, 1.5, 2.25 ],
			"to": [ 7, 3.5, 2.75 ],
			"rotation": { "origin": [ 7, 1.5, 2.25 ], "axis": "x", "angle": -45 },
			"faces": {
				"down": { "uv": [ 6, 13.25, 7, 13.75 ], "texture": "#green" },
				"up": { "uv": [ 6, 2.25, 7, 2.75 ], "texture": "#green" },
				"north": { "uv": [ 9, 12.5, 10, 14.5 ], "texture": "#green" },
				"south": { "uv": [ 6, 12.5, 7, 14.5 ], "texture": "#green" },
				"west": { "uv": [ 2.25, 12.5, 2.75, 14.5 ], "texture": "#green" },
				"east": { "uv": [ 13.25, 12.5, 13.75, 14.5 ], "texture": "#green" }
			}
		},
		{
			"__comment": "green",
			"from": [ 10.5, 5.25, 3 ],
			"to": [ 11.5, 7.25, 3.5 ],
			"rotation": { "origin": [ 11.5, 5.25, 3 ], "axis": "x", "angle": -45 },
			"faces": {
				"down": { "uv": [ 10.5, 12.5, 11.5, 13 ], "texture": "#green" },
				"up": { "uv": [ 10.5, 3, 11.5, 3.5 ], "texture": "#green" },
				"north": { "uv": [ 4.5, 8.75, 5.5, 10.75 ], "texture": "#green" },
				"south": { "uv": [ 10.5, 8.75, 11.5, 10.75 ], "texture": "#green" },
				"west": { "uv": [ 3, 8.75, 3.5, 10.75 ], "texture": "#green" },
				"east": { "uv": [ 12.5, 8.75, 13, 10.75 ], "texture": "#green" }
			}
		},
		{
			"__comment": "green",
			"from": [ 10.5, 13.25, 3 ],
			"to": [ 11.5, 15.25, 3.5 ],
			"rotation": { "origin": [ 11.5, 13.25, 3 ], "axis": "x", "angle": -45 },
			"faces": {
				"down": { "uv": [ 10.5, 12.5, 11.5, 13 ], "texture": "#green" },
				"up": { "uv": [ 10.5, 3, 11.5, 3.5 ], "texture": "#green" },
				"north": { "uv": [ 4.5, 0.75, 5.5, 2.75 ], "texture": "#green" },
				"south": { "uv": [ 10.5, 0.75, 11.5, 2.75 ], "texture": "#green" },
				"west": { "uv": [ 3, 0.75, 3.5, 2.75 ], "texture": "#green" },
				"east": { "uv": [ 12.5, 0.75, 13, 2.75 ], "texture": "#green" }
			}
		},
		{
			"__comment": "green",
			"from": [ 3, 8.25, 5 ],
			"to": [ 4, 10.25, 5.5 ],
			"rotation": { "origin": [ 4, 8.25, 5 ], "axis": "x", "angle": -45 },
			"faces": {
				"down": { "uv": [ 3, 10.5, 4, 11 ], "texture": "#green" },
				"up": { "uv": [ 3, 5, 4, 5.5 ], "texture": "#green" },
				"north": { "uv": [ 12, 5.75, 13, 7.75 ], "texture": "#green" },
				"south": { "uv": [ 3, 5.75, 4, 7.75 ], "texture": "#green" },
				"west": { "uv": [ 5, 5.75, 5.5, 7.75 ], "texture": "#green" },
				"east": { "uv": [ 10.5, 5.75, 11, 7.75 ], "texture": "#green" }
			}
		},
		{
			"__comment": "green",
			"from": [ 3, 1, 6.75 ],
			"to": [ 4, 3, 7.25 ],
			"rotation": { "origin": [ 4, 1, 6.75 ], "axis": "x", "angle": 45 },
			"faces": {
				"down": { "uv": [ 3, 8.75, 4, 9.25 ], "texture": "#green" },
				"up": { "uv": [ 3, 6.75, 4, 7.25 ], "texture": "#green" },
				"north": { "uv": [ 12, 13, 13, 15 ], "texture": "#green" },
				"south": { "uv": [ 3, 13, 4, 15 ], "texture": "#green" },
				"west": { "uv": [ 6.75, 13, 7.25, 15 ], "texture": "#green" },
				"east": { "uv": [ 8.75, 13, 9.25, 15 ], "texture": "#green" }
			}
		},
		{
			"__comment": "green",
			"from": [ 8.5, 1.25, 12.25 ],
			"to": [ 9.5, 3.25, 12.75 ],
			"rotation": { "origin": [ 9.5, 1.25, 12.25 ], "axis": "x", "angle": -45 },
			"faces": {
				"down": { "uv": [ 8.5, 3.25, 9.5, 3.75 ], "texture": "#green" },
				"up": { "uv": [ 8.5, 12.25, 9.5, 12.75 ], "texture": "#green" },
				"north": { "uv": [ 6.5, 12.75, 7.5, 14.75 ], "texture": "#green" },
				"south": { "uv": [ 8.5, 12.75, 9.5, 14.75 ], "texture": "#green" },
				"west": { "uv": [ 12.25, 12.75, 12.75, 14.75 ], "texture": "#green" },
				"east": { "uv": [ 3.25, 12.75, 3.75, 14.75 ], "texture": "#green" }
			}
		},
		{
			"__comment": "green",
			"from": [ 12, 1, 8.25 ],
			"to": [ 13, 3, 8.75 ],
			"rotation": { "origin": [ 13, 1, 8.25 ], "axis": "x", "angle": -45 },
			"faces": {
				"down": { "uv": [ 12, 7.25, 13, 7.75 ], "texture": "#green" },
				"up": { "uv": [ 12, 8.25, 13, 8.75 ], "texture": "#green" },
				"north": { "uv": [ 3, 13, 4, 15 ], "texture": "#green" },
				"south": { "uv": [ 12, 13, 13, 15 ], "texture": "#green" },
				"west": { "uv": [ 8.25, 13, 8.75, 15 ], "texture": "#green" },
				"east": { "uv": [ 7.25, 13, 7.75, 15 ], "texture": "#green" }
			}
		},
		{
			"__comment": "green",
			"from": [ 4.5, 4.5, 10.5 ],
			"to": [ 5.5, 6.5, 11 ],
			"rotation": { "origin": [ 5.5, 4.5, 10.5 ], "axis": "x", "angle": -45 },
			"faces": {
				"down": { "uv": [ 4.5, 5, 5.5, 5.5 ], "texture": "#green" },
				"up": { "uv": [ 4.5, 10.5, 5.5, 11 ], "texture": "#green" },
				"north": { "uv": [ 10.5, 9.5, 11.5, 11.5 ], "texture": "#green" },
				"south": { "uv": [ 4.5, 9.5, 5.5, 11.5 ], "texture": "#green" },
				"west": { "uv": [ 10.5, 9.5, 11, 11.5 ], "texture": "#green" },
				"east": { "uv": [ 5, 9.5, 5.5, 11.5 ], "texture": "#green" }
			}
		},
		{
			"__comment": "green",
			"from": [ 4.5, 4.25, 11.75 ],
			"to": [ 5.5, 6.25, 12.25 ],
			"rotation": { "origin": [ 5.5, 4.25, 11.75 ], "axis": "x", "angle": 45 },
			"faces": {
				"down": { "uv": [ 4.5, 3.75, 5.5, 4.25 ], "texture": "#green" },
				"up": { "uv": [ 4.5, 11.75, 5.5, 12.25 ], "texture": "#green" },
				"north": { "uv": [ 10.5, 9.75, 11.5, 11.75 ], "texture": "#green" },
				"south": { "uv": [ 4.5, 9.75, 5.5, 11.75 ], "texture": "#green" },
				"west": { "uv": [ 11.75, 9.75, 12.25, 11.75 ], "texture": "#green" },
				"east": { "uv": [ 3.75, 9.75, 4.25, 11.75 ], "texture": "#green" }
			}
		},
		{
			"__comment": "green",
			"from": [ 8.5, 9.25, 13.25 ],
			"to": [ 9.5, 11.25, 13.75 ],
			"rotation": { "origin": [ 9.5, 9.25, 13.25 ], "axis": "x", "angle": 45 },
			"faces": {
				"down": { "uv": [ 8.5, 2.25, 9.5, 2.75 ], "texture": "#green" },
				"up": { "uv": [ 8.5, 13.25, 9.5, 13.75 ], "texture": "#green" },
				"north": { "uv": [ 6.5, 4.75, 7.5, 6.75 ], "texture": "#green" },
				"south": { "uv": [ 8.5, 4.75, 9.5, 6.75 ], "texture": "#green" },
				"west": { "uv": [ 13.25, 4.75, 13.75, 6.75 ], "texture": "#green" },
				"east": { "uv": [ 2.25, 4.75, 2.75, 6.75 ], "texture": "#green" }
			}
		},
		{
			"__comment": "green",
			"from": [ 12, 1.25, 10.25 ],
			"to": [ 13, 3.25, 10.75 ],
			"rotation": { "origin": [ 13, 1.25, 10.25 ], "axis": "x", "angle": 45 },
			"faces": {
				"down": { "uv": [ 12, 5.25, 13, 5.75 ], "texture": "#green" },
				"up": { "uv": [ 12, 10.25, 13, 10.75 ], "texture": "#green" },
				"north": { "uv": [ 3, 12.75, 4, 14.75 ], "texture": "#green" },
				"south": { "uv": [ 12, 12.75, 13, 14.75 ], "texture": "#green" },
				"west": { "uv": [ 10.25, 12.75, 10.75, 14.75 ], "texture": "#green" },
				"east": { "uv": [ 5.25, 12.75, 5.75, 14.75 ], "texture": "#green" }
			}
		},
		{
			"__comment": "green",
			"from": [ 6.5, 4, 8.5 ],
			"to": [ 7.5, 6, 9 ],
			"rotation": { "origin": [ 7.5, 4, 8.5 ], "axis": "x", "angle": 45 },
			"faces": {
				"down": { "uv": [ 6.5, 7, 7.5, 7.5 ], "texture": "#green" },
				"up": { "uv": [ 6.5, 8.5, 7.5, 9 ], "texture": "#green" },
				"north": { "uv": [ 8.5, 10, 9.5, 12 ], "texture": "#green" },
				"south": { "uv": [ 6.5, 10, 7.5, 12 ], "texture": "#green" },
				"west": { "uv": [ 8.5, 10, 9, 12 ], "texture": "#green" },
				"east": { "uv": [ 7, 10, 7.5, 12 ], "texture": "#green" }
			}
		},
		{
			"__comment": "green",
			"from": [ 10.5, 5.75, 4.75 ],
			"to": [ 11.5, 7.75, 5.25 ],
			"rotation": { "origin": [ 11.5, 5.75, 4.75 ], "axis": "x", "angle": 45 },
			"faces": {
				"down": { "uv": [ 10.5, 10.75, 11.5, 11.25 ], "texture": "#green" },
				"up": { "uv": [ 10.5, 4.75, 11.5, 5.25 ], "texture": "#green" },
				"north": { "uv": [ 4.5, 8.25, 5.5, 10.25 ], "texture": "#green" },
				"south": { "uv": [ 10.5, 8.25, 11.5, 10.25 ], "texture": "#green" },
				"west": { "uv": [ 4.75, 8.25, 5.25, 10.25 ], "texture": "#green" },
				"east": { "uv": [ 10.75, 8.25, 11.25, 10.25 ], "texture": "#green" }
			}
		},
		{
			"__comment": "green",
			"from": [ 6.25, 10.25, 3.75 ],
			"to": [ 7.25, 12.25, 4.25 ],
			"rotation": { "origin": [ 7.25, 10.25, 3.75 ], "axis": "x", "angle": 45 },
			"faces": {
				"down": { "uv": [ 6.25, 11.75, 7.25, 12.25 ], "texture": "#green" },
				"up": { "uv": [ 6.25, 3.75, 7.25, 4.25 ], "texture": "#green" },
				"north": { "uv": [ 8.75, 3.75, 9.75, 5.75 ], "texture": "#green" },
				"south": { "uv": [ 6.25, 3.75, 7.25, 5.75 ], "texture": "#green" },
				"west": { "uv": [ 3.75, 3.75, 4.25, 5.75 ], "texture": "#green" },
				"east": { "uv": [ 11.75, 3.75, 12.25, 5.75 ], "texture": "#green" }
			}
		}
	]
}