{
	"__comment": "Designed by CreatorLabs with Cubik Studio - https://cubik.studio",
	"textures": {
		"0": "blocks/door_spruce_lower",
		"particle": "blocks/door_spruce_lower"
	},
	"elements": [ 	 
		{
			"from": [ -0.0009999999, -0.0009999999, -0.0009999999 ],
			"to": [ 3.005, 8.014999, 3.005 ],
			"faces": {
				"down": { "uv": [ 0, 6, 3, 9 ], "texture": "#0", "cullface": "down", "rotation": 90 },
				"north": { "uv": [ 0, 2, 3, 10 ], "texture": "#0", "cullface": "north" },
				"south": { "uv": [ 0, 1, 3, 9 ], "texture": "#0" },
				"west": { "uv": [ 0, 1, 3, 9 ], "texture": "#0", "cullface": "west" },
				"east": { "uv": [ 13, 8, 16, 16 ], "texture": "#0" }
			}
		},
		{
			"from": [ -0.0009999999, -0.0009999999, 4.007 ],
			"to": [ 3.005, 16.031, 6.011 ],
			"faces": {
				"down": { "uv": [ 10, 13, 12, 16 ], "texture": "#0", "cullface": "down", "rotation": 90 },
				"north": { "uv": [ 7, 16, 4, 0 ], "texture": "#0", "rotation": 180 },
				"south": { "uv": [ 5, 0, 8, 16 ], "texture": "#0" },
				"west": { "uv": [ 4, 0, 6, 16 ], "texture": "#0", "cullface": "west" },
				"east": { "uv": [ 1, 0, 3, 16 ], "texture": "#0" }
			}
		},
		{
			"from": [ -0.0009999999, -0.0009999999, 7.013 ],
			"to": [ 3.005, 16.031, 9.017 ],
			"faces": {
				"down": { "uv": [ 7, 13, 9, 16 ], "texture": "#0", "cullface": "down", "rotation": 90 },
				"north": { "uv": [ 7, 16, 4, 0 ], "texture": "#0", "rotation": 180 },
				"south": { "uv": [ 3, 0, 6, 16 ], "texture": "#0" },
				"west": { "uv": [ 7, 0, 9, 16 ], "texture": "#0", "cullface": "west" },
				"east": { "uv": [ 7, 0, 9, 16 ], "texture": "#0" }
			}
		},
		{
			"from": [ -0.0009999999, -0.0009999999, 10.019 ],
			"to": [ 3.005, 16.031, 12.023 ],
			"faces": {
				"down": { "uv": [ 4, 13, 6, 16 ], "texture": "#0", "cullface": "down", "rotation": 90 },
				"north": { "uv": [ 6, 16, 3, 0 ], "texture": "#0", "rotation": 180 },
				"south": { "uv": [ 3, 0, 6, 16 ], "texture": "#0" },
				"west": { "uv": [ 10, 0, 12, 16 ], "texture": "#0", "cullface": "west" },
				"east": { "uv": [ 4, 0, 6, 16 ], "texture": "#0" }
			}
		},
		{
			"from": [ -0.0009999999, 8.014999, -0.0009999999 ],
			"to": [ 3.005, 16.031, 3.005 ],
			"faces": {
				"north": { "uv": [ 0, 2, 3, 10 ], "texture": "#0", "cullface": "north" },
				"south": { "uv": [ 0, 1, 3, 9 ], "texture": "#0" },
				"west": { "uv": [ 0, 1, 3, 9 ], "texture": "#0", "cullface": "west" },
				"east": { "uv": [ 4, 0, 7, 8 ], "texture": "#0" }
			}
		},
		{
			"from": [ -0.0009999999, -0.0009999999, 13.025 ],
			"to": [ 3.005, 8.014999, 16.031 ],
			"faces": {
				"down": { "uv": [ 0, 6, 3, 9 ], "texture": "#0", "cullface": "down", "rotation": 90 },
				"north": { "uv": [ 3, 1, 6, 9 ], "texture": "#0" },
				"south": { "uv": [ 0, 1, 3, 9 ], "texture": "#0", "cullface": "south" },
				"west": { "uv": [ 13, 8, 16, 16 ], "texture": "#0", "cullface": "west" },
				"east": { "uv": [ 0, 2, 3, 10 ], "texture": "#0" }
			}
		},
		{
			"from": [ -0.0009999999, 8.014999, 13.025 ],
			"to": [ 3.005, 16.031, 16.031 ],
			"faces": {
				"north": { "uv": [ 3, 1, 6, 9 ], "texture": "#0" },
				"south": { "uv": [ 0, 1, 3, 9 ], "texture": "#0", "cullface": "south" },
				"west": { "uv": [ 13, 0, 16, 8 ], "texture": "#0", "cullface": "west" },
				"east": { "uv": [ 0, 2, 3, 10 ], "texture": "#0" }
			}
		},
		{
			"from": [ 0.7505, -0.0009999999, 3.005 ],
			"to": [ 2.2535, 16.031, 4.007 ],
			"faces": {
				"down": { "uv": [ 12, 13.75, 13, 15.25 ], "texture": "#0", "cullface": "down", "rotation": 90 },
				"west": { "uv": [ 3, 0, 4, 16 ], "texture": "#0", "cullface": "west" },
				"east": { "uv": [ 9, 0, 10, 16 ], "texture": "#0" }
			}
		},
		{
			"from": [ 0.7505, -0.0009999999, 6.011 ],
			"to": [ 2.2535, 16.031, 7.013 ],
			"faces": {
				"down": { "uv": [ 9, 13.75, 10, 15.25 ], "texture": "#0", "cullface": "down", "rotation": 90 },
				"west": { "uv": [ 6, 0, 7, 16 ], "texture": "#0", "cullface": "west" },
				"east": { "uv": [ 9, 0, 10, 16 ], "texture": "#0" }
			}
		},
		{
			"from": [ 0.7505, -0.0009999999, 9.017 ],
			"to": [ 2.2535, 16.031, 10.019 ],
			"faces": {
				"down": { "uv": [ 6, 13.75, 7, 15.25 ], "texture": "#0", "cullface": "down", "rotation": 90 },
				"west": { "uv": [ 9, 0, 10, 16 ], "texture": "#0", "cullface": "west" },
				"east": { "uv": [ 6, 0, 7, 16 ], "texture": "#0" }
			}
		},
		{
			"from": [ 0.7505, -0.0009999999, 12.023 ],
			"to": [ 2.2535, 16.031, 13.025 ],
			"faces": {
				"down": { "uv": [ 3, 13.75, 4, 15.25 ], "texture": "#0", "cullface": "down", "rotation": 90 },
				"west": { "uv": [ 6, 0, 7, 16 ], "texture": "#0", "cullface": "west" },
				"east": { "uv": [ 3, 0, 4, 16 ], "texture": "#0" }
			}
		},
		{
			"from": [ -0.502, 5.009, 1.001 ],
			"to": [ -0.0009999871, 6.011, 3.005 ],
			"faces": {
				"down": { "uv": [ 1, 10, 3, 10.5 ], "texture": "#0", "cullface": "west", "rotation": 270 },
				"up": { "uv": [ 1, 10, 3, 10.5 ], "texture": "#0", "cullface": "west", "rotation": 90 },
				"north": { "uv": [ 1, 10, 1.5, 11 ], "texture": "#0", "cullface": "west", "rotation": 180 },
				"south": { "uv": [ 2, 10, 2.5, 11 ], "texture": "#0", "cullface": "west", "rotation": 180 },
				"west": { "uv": [ 1, 10, 3, 11 ], "texture": "#0", "cullface": "west" }
			}
		},
		{
			"from": [ -0.502, 5.009, 4.007 ],
			"to": [ -0.0009999871, 6.011, 6.011 ],
			"faces": {
				"down": { "uv": [ 1, 10, 3, 10.5 ], "texture": "#0", "cullface": "west", "rotation": 270 },
				"up": { "uv": [ 1, 10, 3, 10.5 ], "texture": "#0", "cullface": "west", "rotation": 90 },
				"north": { "uv": [ 1, 10, 1.5, 11 ], "texture": "#0", "cullface": "west", "rotation": 180 },
				"south": { "uv": [ 2, 10, 2.5, 11 ], "texture": "#0", "cullface": "west", "rotation": 180 },
				"west": { "uv": [ 1, 10, 3, 11 ], "texture": "#0", "cullface": "west" }
			}
		},
		{
			"from": [ -0.502, 5.009, 7.013 ],
			"to": [ -0.0009999871, 6.011, 9.017 ],
			"faces": {
				"down": { "uv": [ 1, 10, 3, 10.5 ], "texture": "#0", "cullface": "west", "rotation": 270 },
				"up": { "uv": [ 1, 10, 3, 10.5 ], "texture": "#0", "cullface": "west", "rotation": 90 },
				"north": { "uv": [ 1, 10, 1.5, 11 ], "texture": "#0", "cullface": "west", "rotation": 180 },
				"south": { "uv": [ 2, 10, 2.5, 11 ], "texture": "#0", "cullface": "west", "rotation": 180 },
				"west": { "uv": [ 1, 10, 3, 11 ], "texture": "#0", "cullface": "west" }
			}
		},
		{
			"from": [ -0.502, 5.009, 10.019 ],
			"to": [ -0.0009999871, 6.011, 12.023 ],
			"faces": {
				"down": { "uv": [ 1, 10, 3, 10.5 ], "texture": "#0", "cullface": "west", "rotation": 270 },
				"up": { "uv": [ 1, 10, 3, 10.5 ], "texture": "#0", "cullface": "west", "rotation": 90 },
				"north": { "uv": [ 1, 10, 1.5, 11 ], "texture": "#0", "cullface": "west", "rotation": 180 },
				"south": { "uv": [ 2, 10, 2.5, 11 ], "texture": "#0", "cullface": "west", "rotation": 180 },
				"west": { "uv": [ 1, 10, 3, 11 ], "texture": "#0", "cullface": "west" }
			}
		},
		{
			"from": [ -0.502, 5.009, 13.025 ],
			"to": [ -0.0009999871, 6.011, 15.029 ],
			"faces": {
				"down": { "uv": [ 1, 10, 3, 10.5 ], "texture": "#0", "cullface": "west", "rotation": 270 },
				"up": { "uv": [ 1, 10, 3, 10.5 ], "texture": "#0", "cullface": "west", "rotation": 90 },
				"north": { "uv": [ 1, 10, 1.5, 11 ], "texture": "#0", "cullface": "west", "rotation": 180 },
				"south": { "uv": [ 2, 10, 2.5, 11 ], "texture": "#0", "cullface": "west", "rotation": 180 },
				"west": { "uv": [ 1, 10, 3, 11 ], "texture": "#0", "cullface": "west" }
			}
		},
		{
			"from": [ -0.0009999999, 5.009, 3.005 ],
			"to": [ 1.001, 6.011, 4.007 ],
			"faces": {
				"down": { "uv": [ 0, 0, 1, 1 ], "texture": "#0", "cullface": "west" },
				"up": { "uv": [ 0, 0, 1, 1 ], "texture": "#0", "cullface": "west" },
				"west": { "uv": [ 0, 0, 1, 1 ], "texture": "#0", "cullface": "west" }
			}
		},
		{
			"from": [ -0.0009999999, 5.009, 6.011 ],
			"to": [ 1.001, 6.011, 7.013 ],
			"faces": {
				"down": { "uv": [ 0, 0, 1, 1 ], "texture": "#0", "cullface": "west" },
				"up": { "uv": [ 0, 0, 1, 1 ], "texture": "#0", "cullface": "west" },
				"west": { "uv": [ 0, 0, 1, 1 ], "texture": "#0", "cullface": "west" }
			}
		},
		{
			"from": [ -0.0009999999, 5.009, 9.017 ],
			"to": [ 1.001, 6.011, 10.019 ],
			"faces": {
				"down": { "uv": [ 0, 0, 1, 1 ], "texture": "#0", "cullface": "west" },
				"up": { "uv": [ 0, 0, 1, 1 ], "texture": "#0", "cullface": "west" },
				"west": { "uv": [ 0, 0, 1, 1 ], "texture": "#0", "cullface": "west" }
			}
		},
		{
			"from": [ -0.0009999999, 5.009, 12.023 ],
			"to": [ 1.001, 6.011, 13.025 ],
			"faces": {
				"down": { "uv": [ 0, 0, 1, 1 ], "texture": "#0", "cullface": "west" },
				"up": { "uv": [ 0, 0, 1, 1 ], "texture": "#0", "cullface": "west" },
				"west": { "uv": [ 0, 0, 1, 1 ], "texture": "#0", "cullface": "west" }
			}
		},
		{
			"from": [ -0.502, 5.009, -0.0009999999 ],
			"to": [ -0.0009999871, 6.011, 1.001 ],
			"faces": {
				"down": { "uv": [ 2, 10, 3, 11 ], "texture": "#0", "cullface": "west", "rotation": 270 },
				"up": { "uv": [ 2, 10, 3, 11 ], "texture": "#0", "cullface": "west", "rotation": 270 },
				"north": { "uv": [ 2, 10, 3, 11 ], "texture": "#0", "cullface": "west", "rotation": 270 },
				"south": { "uv": [ 2, 10, 3, 11 ], "texture": "#0", "cullface": "west", "rotation": 270 },
				"west": { "uv": [ 2, 10, 3, 11 ], "texture": "#0", "cullface": "west", "rotation": 270 }
			}
		},
		{
			"from": [ 3.005, 5.009, 1.001 ],
			"to": [ 3.506, 6.011, 3.005 ],
			"faces": {
				"down": { "uv": [ 1, 10, 3, 10.5 ], "texture": "#0", "rotation": 90 },
				"up": { "uv": [ 1, 10, 3, 10.5 ], "texture": "#0", "rotation": 270 },
				"north": { "uv": [ 2, 10, 2.5, 11 ], "texture": "#0", "rotation": 180 },
				"south": { "uv": [ 1, 10, 1.5, 11 ], "texture": "#0", "rotation": 180 },
				"east": { "uv": [ 1, 10, 3, 11 ], "texture": "#0" }
			}
		},
		{
			"from": [ 3.005, 5.009, 4.007 ],
			"to": [ 3.506, 6.011, 6.011 ],
			"faces": {
				"down": { "uv": [ 1, 10, 3, 10.5 ], "texture": "#0", "rotation": 90 },
				"up": { "uv": [ 1, 10, 3, 10.5 ], "texture": "#0", "rotation": 270 },
				"north": { "uv": [ 2.5, 10, 3, 11 ], "texture": "#0", "rotation": 180 },
				"south": { "uv": [ 1.5, 10, 2, 11 ], "texture": "#0", "rotation": 180 },
				"east": { "uv": [ 1, 10, 3, 11 ], "texture": "#0" }
			}
		},
		{
			"from": [ 3.005, 5.009, 7.013 ],
			"to": [ 3.506, 6.011, 9.017 ],
			"faces": {
				"down": { "uv": [ 1, 10, 3, 10.5 ], "texture": "#0", "rotation": 90 },
				"up": { "uv": [ 1, 10, 3, 10.5 ], "texture": "#0", "rotation": 270 },
				"north": { "uv": [ 2.5, 10, 3, 11 ], "texture": "#0", "rotation": 180 },
				"south": { "uv": [ 1.5, 10, 2, 11 ], "texture": "#0", "rotation": 180 },
				"east": { "uv": [ 1, 10, 3, 11 ], "texture": "#0" }
			}
		},
		{
			"from": [ 3.005, 5.009, 10.019 ],
			"to": [ 3.506, 6.011, 12.023 ],
			"faces": {
				"down": { "uv": [ 1, 10, 3, 10.5 ], "texture": "#0", "rotation": 90 },
				"up": { "uv": [ 1, 10, 3, 10.5 ], "texture": "#0", "rotation": 270 },
				"north": { "uv": [ 2.5, 10, 3, 11 ], "texture": "#0", "rotation": 180 },
				"south": { "uv": [ 1.5, 10, 2, 11 ], "texture": "#0", "rotation": 180 },
				"east": { "uv": [ 1, 10, 3, 11 ], "texture": "#0" }
			}
		},
		{
			"from": [ 3.005, 5.009, 13.025 ],
			"to": [ 3.506, 6.011, 15.029 ],
			"faces": {
				"down": { "uv": [ 1, 10, 3, 10.5 ], "texture": "#0", "rotation": 90 },
				"up": { "uv": [ 1, 10, 3, 10.5 ], "texture": "#0", "rotation": 270 },
				"north": { "uv": [ 2.5, 10, 3, 11 ], "texture": "#0", "rotation": 180 },
				"south": { "uv": [ 2.5, 10, 3, 11 ], "texture": "#0", "rotation": 180 },
				"east": { "uv": [ 1, 10, 3, 11 ], "texture": "#0" }
			}
		},
		{
			"from": [ 2.003, 5.009, 3.005 ],
			"to": [ 3.005, 6.011, 4.007 ],
			"faces": {
				"down": { "uv": [ 1, 0, 0, 1 ], "texture": "#0" },
				"up": { "uv": [ 1, 0, 0, 1 ], "texture": "#0" },
				"west": { "uv": [ 1, 0, 0, 1 ], "texture": "#0" },
				"east": { "uv": [ 1, 0, 0, 1 ], "texture": "#0" }
			}
		},
		{
			"from": [ 2.003, 5.009, 6.011 ],
			"to": [ 3.005, 6.011, 7.013 ],
			"faces": {
				"down": { "uv": [ 1, 0, 0, 1 ], "texture": "#0" },
				"up": { "uv": [ 1, 0, 0, 1 ], "texture": "#0" },
				"west": { "uv": [ 1, 0, 0, 1 ], "texture": "#0" },
				"east": { "uv": [ 1, 0, 0, 1 ], "texture": "#0" }
			}
		},
		{
			"from": [ 2.003, 5.009, 9.017 ],
			"to": [ 3.005, 6.011, 10.019 ],
			"faces": {
				"down": { "uv": [ 1, 0, 0, 1 ], "texture": "#0" },
				"up": { "uv": [ 1, 0, 0, 1 ], "texture": "#0" },
				"west": { "uv": [ 1, 0, 0, 1 ], "texture": "#0" },
				"east": { "uv": [ 1, 0, 0, 1 ], "texture": "#0" }
			}
		},
		{
			"from": [ 2.003, 5.009, 12.023 ],
			"to": [ 3.005, 6.011, 13.025 ],
			"faces": {
				"down": { "uv": [ 1, 0, 0, 1 ], "texture": "#0" },
				"up": { "uv": [ 1, 0, 0, 1 ], "texture": "#0" },
				"west": { "uv": [ 1, 0, 0, 1 ], "texture": "#0" },
				"east": { "uv": [ 1, 0, 0, 1 ], "texture": "#0" }
			}
		},
		{
			"from": [ 3.005, 5.009, 15.029 ],
			"to": [ 3.506, 6.011, 16.031 ],
			"faces": {
				"down": { "uv": [ 2, 10, 3, 11 ], "texture": "#0", "rotation": 270 },
				"up": { "uv": [ 2, 10, 3, 11 ], "texture": "#0", "rotation": 270 },
				"north": { "uv": [ 2, 10, 3, 11 ], "texture": "#0", "rotation": 270 },
				"south": { "uv": [ 2, 10, 3, 11 ], "texture": "#0", "rotation": 270 },
				"east": { "uv": [ 2, 10, 3, 11 ], "texture": "#0", "rotation": 270 }
			}
		},
		{
			"from": [ 3.005, 5.009, -0.0009999999 ],
			"to": [ 3.506, 6.011, 1.001 ],
			"faces": {
				"down": { "uv": [ 1, 10, 2, 11 ], "texture": "#0", "rotation": 90 },
				"up": { "uv": [ 1, 10, 2, 11 ], "texture": "#0", "rotation": 270 },
				"north": { "uv": [ 1, 10, 2, 11 ], "texture": "#0", "rotation": 180 },
				"south": { "uv": [ 1, 10, 2, 11 ], "texture": "#0", "rotation": 180 },
				"east": { "uv": [ 1, 10, 2, 11 ], "texture": "#0" }
			}
		},
		{
			"from": [ 0, 5.009, -0.502 ],
			"to": [ 1.002, 6.011, -0.0009999871 ],
			"faces": {
				"down": { "uv": [ 2, 10, 2.5, 11 ], "texture": "#0", "cullface": "north", "rotation": 180 },
				"up": { "uv": [ 2, 10, 2.5, 11 ], "texture": "#0", "cullface": "north", "rotation": 180 },
				"north": { "uv": [ 2, 10, 2.5, 11 ], "texture": "#0", "cullface": "north", "rotation": 180 },
				"west": { "uv": [ 2, 10, 2.5, 11 ], "texture": "#0", "cullface": "north", "rotation": 180 },
				"east": { "uv": [ 2, 10, 2.5, 11 ], "texture": "#0", "cullface": "north", "rotation": 180 }
			}
		},
		{
			"from": [ 2.002, 5.009, -0.502 ],
			"to": [ 3.004, 6.011, -0.0009999871 ],
			"faces": {
				"down": { "uv": [ 2, 10, 2.5, 11 ], "texture": "#0", "cullface": "north", "rotation": 180 },
				"up": { "uv": [ 2, 10, 2.5, 11 ], "texture": "#0", "cullface": "north", "rotation": 180 },
				"north": { "uv": [ 2, 10, 2.5, 11 ], "texture": "#0", "cullface": "north", "rotation": 180 },
				"west": { "uv": [ 2, 10, 2.5, 11 ], "texture": "#0", "cullface": "north", "rotation": 180 },
				"east": { "uv": [ 2, 10, 2.5, 11 ], "texture": "#0", "cullface": "north", "rotation": 180 }
			}
		},
		{
			"from": [ 2.002, 5.009, 16.031 ],
			"to": [ 3.004, 6.011, 16.532 ],
			"faces": {
				"down": { "uv": [ 2, 11, 2.5, 10 ], "texture": "#0", "cullface": "south", "rotation": 180 },
				"up": { "uv": [ 2, 11, 2.5, 10 ], "texture": "#0", "cullface": "south", "rotation": 180 },
				"south": { "uv": [ 2.5, 10, 2, 11 ], "texture": "#0", "cullface": "south", "rotation": 180 },
				"west": { "uv": [ 2.5, 10, 2, 11 ], "texture": "#0", "cullface": "south", "rotation": 180 },
				"east": { "uv": [ 2.5, 10, 2, 11 ], "texture": "#0", "cullface": "south", "rotation": 180 }
			}
		},
		{
			"from": [ 0, 5.009, 16.031 ],
			"to": [ 1.002, 6.011, 16.532 ],
			"faces": {
				"down": { "uv": [ 2, 11, 2.5, 10 ], "texture": "#0", "cullface": "south", "rotation": 180 },
				"up": { "uv": [ 2, 11, 2.5, 10 ], "texture": "#0", "cullface": "south", "rotation": 180 },
				"south": { "uv": [ 2.5, 10, 2, 11 ], "texture": "#0", "cullface": "south", "rotation": 180 },
				"west": { "uv": [ 2.5, 10, 2, 11 ], "texture": "#0", "cullface": "south", "rotation": 180 },
				"east": { "uv": [ 2.5, 10, 2, 11 ], "texture": "#0", "cullface": "south", "rotation": 180 }
			}
		},
		{
			"from": [ 1.001, 5.009, 16.031 ],
			"to": [ 2.003, 6.011, 16.532 ],
			"faces": {
				"down": { "uv": [ 1.5, 11, 1, 10 ], "texture": "#0", "cullface": "south", "rotation": 90 },
				"up": { "uv": [ 1.5, 11, 1, 10 ], "texture": "#0", "cullface": "south", "rotation": 270 },
				"south": { "uv": [ 1, 10, 1.5, 11 ], "texture": "#0", "cullface": "south", "rotation": 180 },
				"west": { "uv": [ 1, 10, 1.5, 11 ], "texture": "#0", "cullface": "south", "rotation": 180 },
				"east": { "uv": [ 1, 10, 1.5, 11 ], "texture": "#0", "cullface": "south", "rotation": 180 }
			}
		},
		{
			"from": [ -0.502, 5.009, 15.029 ],
			"to": [ -0.0009999871, 6.011, 16.031 ],
			"faces": {
				"down": { "uv": [ 1, 10, 2, 11 ], "texture": "#0", "cullface": "west", "rotation": 270 },
				"up": { "uv": [ 1, 10, 2, 11 ], "texture": "#0", "cullface": "west", "rotation": 90 },
				"north": { "uv": [ 1, 10, 2, 11 ], "texture": "#0", "cullface": "west", "rotation": 180 },
				"south": { "uv": [ 1, 10, 2, 11 ], "texture": "#0", "cullface": "west", "rotation": 180 },
				"west": { "uv": [ 1, 10, 2, 11 ], "texture": "#0", "cullface": "west" }
			}
		},
		{
			"from": [ -1.003, 13.025, 10.019 ],
			"to": [ -0.001000047, 15.029, 11.021 ],
			"faces": {
				"down": { "uv": [ 10, 1, 11, 2 ], "texture": "#0", "cullface": "west" },
				"up": { "uv": [ 10, 1, 11, 2 ], "texture": "#0", "cullface": "west" },
				"north": { "uv": [ 10, 1, 11, 3 ], "texture": "#0", "cullface": "west" },
				"south": { "uv": [ 10, 1, 11, 3 ], "texture": "#0", "cullface": "west" },
				"west": { "uv": [ 10, 1, 11, 3 ], "texture": "#0", "cullface": "west" }
			}
		},
		{
			"from": [ -1.003, 13.025, 13.025 ],
			"to": [ -0.001000047, 15.029, 14.027 ],
			"faces": {
				"down": { "uv": [ 10, 1, 11, 2 ], "texture": "#0", "cullface": "west" },
				"up": { "uv": [ 10, 1, 11, 2 ], "texture": "#0", "cullface": "west" },
				"north": { "uv": [ 10, 1, 11, 3 ], "texture": "#0", "cullface": "west" },
				"south": { "uv": [ 10, 1, 11, 3 ], "texture": "#0", "cullface": "west" },
				"west": { "uv": [ 13, 1, 14, 3 ], "texture": "#0", "cullface": "west" }
			}
		},
		{
			"from": [ -1.003, 12.023, 11.021 ],
			"to": [ -0.001000047, 13.025, 13.025 ],
			"faces": {
				"down": { "uv": [ 10, 1, 11, 3 ], "texture": "#0", "cullface": "west", "rotation": 180 },
				"up": { "uv": [ 10, 1, 11, 3 ], "texture": "#0", "cullface": "west" },
				"north": { "uv": [ 10, 1, 11, 2 ], "texture": "#0", "cullface": "west", "rotation": 180 },
				"south": { "uv": [ 10, 1, 11, 2 ], "texture": "#0", "cullface": "west" },
				"west": { "uv": [ 13, 1, 14, 3 ], "texture": "#0", "cullface": "west", "rotation": 270 }
			}
		},
		{
			"from": [ -1.003, 15.029, 11.021 ],
			"to": [ -0.001000047, 16.031, 13.025 ],
			"faces": {
				"down": { "uv": [ 10, 1, 11, 3 ], "texture": "#0", "cullface": "west", "rotation": 180 },
				"up": { "uv": [ 10, 1, 11, 3 ], "texture": "#0", "cullface": "west" },
				"north": { "uv": [ 10, 1, 11, 2 ], "texture": "#0", "cullface": "west", "rotation": 180 },
				"south": { "uv": [ 10, 1, 11, 2 ], "texture": "#0", "cullface": "west" },
				"west": { "uv": [ 13, 1, 14, 3 ], "texture": "#0", "cullface": "west", "rotation": 270 },
				"east": { "uv": [ 11, 0, 13, 1 ], "texture": "#0", "cullface": "west", "rotation": 90 }
			}
		},
		{
			"from": [ 3.005, 15.029, 11.021 ],
			"to": [ 4.007, 16.031, 13.025 ],
			"faces": {
				"down": { "uv": [ 10, 1, 11, 3 ], "texture": "#0" },
				"up": { "uv": [ 10, 1, 11, 3 ], "texture": "#0", "rotation": 180 },
				"north": { "uv": [ 10, 1, 11, 2 ], "texture": "#0" },
				"south": { "uv": [ 10, 1, 11, 2 ], "texture": "#0", "rotation": 180 },
				"west": { "uv": [ 11, 0, 13, 1 ], "texture": "#0", "rotation": 90 },
				"east": { "uv": [ 13, 1, 14, 3 ], "texture": "#0", "rotation": 270 }
			}
		},
		{
			"from": [ 3.005, 13.025, 13.025 ],
			"to": [ 4.007, 15.029, 14.027 ],
			"faces": {
				"down": { "uv": [ 10, 1, 11, 2 ], "texture": "#0", "rotation": 180 },
				"up": { "uv": [ 10, 1, 11, 2 ], "texture": "#0", "rotation": 180 },
				"north": { "uv": [ 10, 1, 11, 3 ], "texture": "#0" },
				"south": { "uv": [ 10, 1, 11, 3 ], "texture": "#0" },
				"east": { "uv": [ 10, 1, 11, 3 ], "texture": "#0" }
			}
		},
		{
			"from": [ 3.005, 13.025, 10.019 ],
			"to": [ 4.007, 15.029, 11.021 ],
			"faces": {
				"down": { "uv": [ 10, 1, 11, 2 ], "texture": "#0", "rotation": 180 },
				"up": { "uv": [ 10, 1, 11, 2 ], "texture": "#0", "rotation": 180 },
				"north": { "uv": [ 10, 1, 11, 3 ], "texture": "#0" },
				"south": { "uv": [ 10, 1, 11, 3 ], "texture": "#0" },
				"east": { "uv": [ 13, 1, 14, 3 ], "texture": "#0" }
			}
		},
		{
			"from": [ 3.005, 12.023, 11.021 ],
			"to": [ 4.007, 13.025, 13.025 ],
			"faces": {
				"down": { "uv": [ 10, 1, 11, 3 ], "texture": "#0" },
				"up": { "uv": [ 10, 1, 11, 3 ], "texture": "#0", "rotation": 180 },
				"north": { "uv": [ 10, 1, 11, 2 ], "texture": "#0" },
				"south": { "uv": [ 10, 1, 11, 2 ], "texture": "#0", "rotation": 180 },
				"east": { "uv": [ 13, 1, 14, 3 ], "texture": "#0", "rotation": 270 }
			}
		},
		{
			"from": [ 1.001, 15.029, -0.502 ],
			"to": [ 2.003, 16.031, -0.0009999871 ],
			"faces": {
				"down": { "uv": [ 0, 0, 1, 1 ], "texture": "#0", "cullface": "north" },
				"up": { "uv": [ 0, 0, 1, 1 ], "texture": "#0", "cullface": "north" },
				"north": { "uv": [ 0, 0, 1, 1 ], "texture": "#0", "cullface": "north" },
				"west": { "uv": [ 0, 0, 1, 1 ], "texture": "#0", "cullface": "north" },
				"east": { "uv": [ 0, 0, 1, 1 ], "texture": "#0", "cullface": "north" }
			}
		},
		{
			"from": [ 1.001, 4.007, -0.502 ],
			"to": [ 2.003, 6.011, 1.502 ],
			"faces": {
				"down": { "uv": [ 0, 10, 1, 12 ], "texture": "#0", "cullface": "north" },
				"up": { "uv": [ 0, 10, 1, 12 ], "texture": "#0", "cullface": "north" },
				"north": { "uv": [ 0, 10, 1, 12 ], "texture": "#0", "cullface": "north" },
				"west": { "uv": [ 0, 10, 1, 12 ], "texture": "#0", "cullface": "north" },
				"east": { "uv": [ 0, 10, 1, 12 ], "texture": "#0", "cullface": "north" }
			}
		}
	]
}