{
	"__comment": "Designed by CreatorLabs with Cubik Studio - https://cubik.studio",
	"textures": {
		"0": "blocks/door_spruce_upper",
		"particle": "blocks/door_spruce_upper"
	},
	"elements": [ 	 
		{
			"from": [ -0.0009999999, -0.0009999999, 12.999 ],
			"to": [ 3.005, 8.014999, 16.005 ],
			"faces": {
				"north": { "uv": [ 3, 6, 0, 14 ], "texture": "#0" },
				"south": { "uv": [ 3, 8, 0, 16 ], "texture": "#0", "cullface": "south" },
				"west": { "uv": [ 3, 8, 0, 16 ], "texture": "#0", "cullface": "west" },
				"east": { "uv": [ 16, 8, 13, 16 ], "texture": "#0" }
			}
		},
		{
			"from": [ -0.0009999999, -0.0009999999, 9.993 ],
			"to": [ 3.005, 16.031, 11.997 ],
			"faces": {
				"up": { "uv": [ 0, 10, 3, 8 ], "texture": "#0", "cullface": "up", "rotation": 180 },
				"north": { "uv": [ 8, 0, 5, 16 ], "texture": "#0" },
				"south": { "uv": [ 4, 16, 7, 0 ], "texture": "#0", "rotation": 180 },
				"west": { "uv": [ 6, 0, 4, 16 ], "texture": "#0", "cullface": "west" },
				"east": { "uv": [ 3, 0, 1, 16 ], "texture": "#0" }
			}
		},
		{
			"from": [ -0.0009999999, -0.0009999999, 6.987 ],
			"to": [ 3.005, 16.031, 8.991 ],
			"faces": {
				"up": { "uv": [ 0, 12, 3, 10 ], "texture": "#0", "cullface": "up", "rotation": 180 },
				"north": { "uv": [ 6, 0, 3, 16 ], "texture": "#0" },
				"south": { "uv": [ 4, 16, 7, 0 ], "texture": "#0", "rotation": 180 },
				"west": { "uv": [ 9, 0, 7, 16 ], "texture": "#0", "cullface": "west" },
				"east": { "uv": [ 9, 0, 7, 16 ], "texture": "#0" }
			}
		},
		{
			"from": [ -0.0009999999, -0.0009999999, 3.981 ],
			"to": [ 3.005, 16.031, 5.985 ],
			"faces": {
				"up": { "uv": [ 0, 12, 3, 10 ], "texture": "#0", "cullface": "up", "rotation": 180 },
				"north": { "uv": [ 6, 0, 3, 16 ], "texture": "#0" },
				"south": { "uv": [ 3, 16, 6, 0 ], "texture": "#0", "rotation": 180 },
				"west": { "uv": [ 12, 0, 10, 16 ], "texture": "#0", "cullface": "west" },
				"east": { "uv": [ 6, 0, 4, 16 ], "texture": "#0" }
			}
		},
		{
			"from": [ -0.0009999999, 8.014999, 12.999 ],
			"to": [ 3.005, 16.031, 16.005 ],
			"faces": {
				"up": { "uv": [ 0, 13, 3, 10 ], "texture": "#0", "cullface": "up", "rotation": 180 },
				"north": { "uv": [ 3, 7, 0, 15 ], "texture": "#0" },
				"south": { "uv": [ 3, 6, 0, 14 ], "texture": "#0", "cullface": "south" },
				"west": { "uv": [ 3, 7, 0, 15 ], "texture": "#0", "cullface": "west" },
				"east": { "uv": [ 7, 0, 4, 8 ], "texture": "#0" }
			}
		},
		{
			"from": [ -0.0009999999, -0.0009999999, -0.027 ],
			"to": [ 3.005, 8.014999, 2.979 ],
			"faces": {
				"north": { "uv": [ 3, 8, 0, 16 ], "texture": "#0", "cullface": "north" },
				"south": { "uv": [ 6, 6, 3, 14 ], "texture": "#0" },
				"west": { "uv": [ 16, 8, 13, 16 ], "texture": "#0", "cullface": "west" },
				"east": { "uv": [ 3, 8, 0, 16 ], "texture": "#0" }
			}
		},
		{
			"from": [ -0.0009999999, 8.014999, -0.027 ],
			"to": [ 3.005, 16.031, 2.979 ],
			"faces": {
				"up": { "uv": [ 0, 13, 3, 10 ], "texture": "#0", "cullface": "up", "rotation": 180 },
				"north": { "uv": [ 3, 6, 0, 14 ], "texture": "#0", "cullface": "north" },
				"south": { "uv": [ 6, 5, 3, 13 ], "texture": "#0" },
				"west": { "uv": [ 16, 0, 13, 8 ], "texture": "#0", "cullface": "west" },
				"east": { "uv": [ 3, 7, 0, 15 ], "texture": "#0" }
			}
		},
		{
			"from": [ 0.7505, -0.0009999999, 11.997 ],
			"to": [ 2.2535, 16.031, 12.999 ],
			"faces": {
				"up": { "uv": [ 1, 10, 2.5, 9 ], "texture": "#0", "cullface": "up" },
				"west": { "uv": [ 4, 0, 3, 16 ], "texture": "#0", "cullface": "west" },
				"east": { "uv": [ 10, 0, 9, 16 ], "texture": "#0" }
			}
		},
		{
			"from": [ 0.7505, -0.0009999999, 8.991 ],
			"to": [ 2.2535, 16.031, 9.993 ],
			"faces": {
				"up": { "uv": [ 1, 10, 2.5, 9 ], "texture": "#0", "cullface": "up" },
				"west": { "uv": [ 7, 0, 6, 16 ], "texture": "#0", "cullface": "west" },
				"east": { "uv": [ 10, 0, 9, 16 ], "texture": "#0" }
			}
		},
		{
			"from": [ 0.7505, -0.0009999999, 5.985 ],
			"to": [ 2.2535, 16.031, 6.987 ],
			"faces": {
				"up": { "uv": [ 1, 10, 2.5, 9 ], "texture": "#0", "cullface": "up" },
				"west": { "uv": [ 10, 0, 9, 16 ], "texture": "#0", "cullface": "west" },
				"east": { "uv": [ 7, 0, 6, 16 ], "texture": "#0" }
			}
		},
		{
			"from": [ 0.7505, -0.0009999999, 2.979 ],
			"to": [ 2.2535, 16.031, 3.981 ],
			"faces": {
				"up": { "uv": [ 1, 10, 2.5, 9 ], "texture": "#0", "cullface": "up" },
				"west": { "uv": [ 7, 0, 6, 16 ], "texture": "#0", "cullface": "west" },
				"east": { "uv": [ 4, 0, 3, 16 ], "texture": "#0" }
			}
		},
		{
			"from": [ -0.502, -0.0009999999, 12.999 ],
			"to": [ -0.0009999871, 1.001, 15.003 ],
			"faces": {
				"down": { "uv": [ 1, 15.5, 3, 15 ], "texture": "#0", "cullface": "west", "rotation": 90 },
				"up": { "uv": [ 1, 15.5, 3, 15 ], "texture": "#0", "cullface": "west", "rotation": 270 },
				"north": { "uv": [ 2.5, 15, 2, 16 ], "texture": "#0", "cullface": "west", "rotation": 180 },
				"south": { "uv": [ 1.5, 15, 1, 16 ], "texture": "#0", "cullface": "west", "rotation": 180 },
				"west": { "uv": [ 3, 15, 1, 16 ], "texture": "#0", "cullface": "west" }
			}
		},
		{
			"from": [ -0.502, -0.0009999999, 9.993 ],
			"to": [ -0.0009999871, 1.001, 11.997 ],
			"faces": {
				"down": { "uv": [ 1, 15.5, 3, 15 ], "texture": "#0", "cullface": "west", "rotation": 90 },
				"up": { "uv": [ 1, 15.5, 3, 15 ], "texture": "#0", "cullface": "west", "rotation": 270 },
				"north": { "uv": [ 2.5, 15, 2, 16 ], "texture": "#0", "cullface": "west", "rotation": 180 },
				"south": { "uv": [ 1.5, 15, 1, 16 ], "texture": "#0", "cullface": "west", "rotation": 180 },
				"west": { "uv": [ 3, 15, 1, 16 ], "texture": "#0", "cullface": "west" }
			}
		},
		{
			"from": [ -0.502, -0.0009999999, 6.987 ],
			"to": [ -0.0009999871, 1.001, 8.991 ],
			"faces": {
				"down": { "uv": [ 1, 15.5, 3, 15 ], "texture": "#0", "cullface": "west", "rotation": 90 },
				"up": { "uv": [ 1, 15.5, 3, 15 ], "texture": "#0", "cullface": "west", "rotation": 270 },
				"north": { "uv": [ 2.5, 15, 2, 16 ], "texture": "#0", "cullface": "west", "rotation": 180 },
				"south": { "uv": [ 1.5, 15, 1, 16 ], "texture": "#0", "cullface": "west", "rotation": 180 },
				"west": { "uv": [ 3, 15, 1, 16 ], "texture": "#0", "cullface": "west" }
			}
		},
		{
			"from": [ -0.502, -0.0009999999, 3.981 ],
			"to": [ -0.0009999871, 1.001, 5.985 ],
			"faces": {
				"down": { "uv": [ 1, 15.5, 3, 15 ], "texture": "#0", "cullface": "west", "rotation": 90 },
				"up": { "uv": [ 1, 15.5, 3, 15 ], "texture": "#0", "cullface": "west", "rotation": 270 },
				"north": { "uv": [ 2.5, 15, 2, 16 ], "texture": "#0", "cullface": "west", "rotation": 180 },
				"south": { "uv": [ 1.5, 15, 1, 16 ], "texture": "#0", "cullface": "west", "rotation": 180 },
				"west": { "uv": [ 3, 15, 1, 16 ], "texture": "#0", "cullface": "west" }
			}
		},
		{
			"from": [ -0.502, -0.0009999999, 0.975 ],
			"to": [ -0.0009999871, 1.001, 2.979 ],
			"faces": {
				"down": { "uv": [ 1, 15.5, 3, 15 ], "texture": "#0", "cullface": "west", "rotation": 90 },
				"up": { "uv": [ 1, 15.5, 3, 15 ], "texture": "#0", "cullface": "west", "rotation": 270 },
				"north": { "uv": [ 2.5, 15, 2, 16 ], "texture": "#0", "cullface": "west", "rotation": 180 },
				"south": { "uv": [ 1.5, 15, 1, 16 ], "texture": "#0", "cullface": "west", "rotation": 180 },
				"west": { "uv": [ 3, 15, 1, 16 ], "texture": "#0", "cullface": "west" }
			}
		},
		{
			"from": [ -0.0009999999, -0.0009999999, 11.997 ],
			"to": [ 1.001, 1.001, 12.999 ],
			"faces": {
				"down": { "uv": [ 2, 16, 3, 15 ], "texture": "#0", "cullface": "west" },
				"up": { "uv": [ 2, 16, 3, 15 ], "texture": "#0", "cullface": "west" },
				"north": { "uv": [ 3, 15, 2, 16 ], "texture": "#0", "cullface": "west" },
				"south": { "uv": [ 3, 15, 2, 16 ], "texture": "#0", "cullface": "west" },
				"west": { "uv": [ 3, 15, 2, 16 ], "texture": "#0", "cullface": "west" },
				"east": { "uv": [ 3, 15, 2, 16 ], "texture": "#0", "cullface": "west" }
			}
		},
		{
			"from": [ 3.005, -0.0009999999, 12.999 ],
			"to": [ 3.506, 1.001, 15.003 ],
			"faces": {
				"down": { "uv": [ 1, 15.5, 3, 15 ], "texture": "#0", "rotation": 270 },
				"up": { "uv": [ 1, 15.5, 3, 15 ], "texture": "#0", "rotation": 90 },
				"north": { "uv": [ 1.5, 15, 1, 16 ], "texture": "#0", "rotation": 180 },
				"south": { "uv": [ 2.5, 15, 2, 16 ], "texture": "#0", "rotation": 180 },
				"east": { "uv": [ 3, 15, 1, 16 ], "texture": "#0" }
			}
		},
		{
			"from": [ 3.005, -0.0009999999, 9.993 ],
			"to": [ 3.506, 1.001, 11.997 ],
			"faces": {
				"down": { "uv": [ 1, 15.5, 3, 15 ], "texture": "#0", "rotation": 270 },
				"up": { "uv": [ 1, 15.5, 3, 15 ], "texture": "#0", "rotation": 90 },
				"north": { "uv": [ 2, 15, 1.5, 16 ], "texture": "#0", "rotation": 180 },
				"south": { "uv": [ 3, 15, 2.5, 16 ], "texture": "#0", "rotation": 180 },
				"east": { "uv": [ 3, 15, 1, 16 ], "texture": "#0" }
			}
		},
		{
			"from": [ 3.005, -0.0009999999, 6.987 ],
			"to": [ 3.506, 1.001, 8.991 ],
			"faces": {
				"down": { "uv": [ 1, 15.5, 3, 15 ], "texture": "#0", "rotation": 270 },
				"up": { "uv": [ 1, 15.5, 3, 15 ], "texture": "#0", "rotation": 90 },
				"north": { "uv": [ 2, 15, 1.5, 16 ], "texture": "#0", "rotation": 180 },
				"south": { "uv": [ 3, 15, 2.5, 16 ], "texture": "#0", "rotation": 180 },
				"east": { "uv": [ 3, 15, 1, 16 ], "texture": "#0" }
			}
		},
		{
			"from": [ 3.005, -0.0009999999, 3.981 ],
			"to": [ 3.506, 1.001, 5.985 ],
			"faces": {
				"down": { "uv": [ 1, 15.5, 3, 15 ], "texture": "#0", "rotation": 270 },
				"up": { "uv": [ 1, 15.5, 3, 15 ], "texture": "#0", "rotation": 90 },
				"north": { "uv": [ 2, 15, 1.5, 16 ], "texture": "#0", "rotation": 180 },
				"south": { "uv": [ 3, 15, 2.5, 16 ], "texture": "#0", "rotation": 180 },
				"east": { "uv": [ 3, 15, 1, 16 ], "texture": "#0" }
			}
		},
		{
			"from": [ 3.005, -0.0009999999, 0.975 ],
			"to": [ 3.506, 1.001, 2.979 ],
			"faces": {
				"down": { "uv": [ 1, 15.5, 3, 15 ], "texture": "#0", "rotation": 270 },
				"up": { "uv": [ 1, 15.5, 3, 15 ], "texture": "#0", "rotation": 90 },
				"north": { "uv": [ 3, 15, 2.5, 16 ], "texture": "#0", "rotation": 180 },
				"south": { "uv": [ 3, 15, 2.5, 16 ], "texture": "#0", "rotation": 180 },
				"east": { "uv": [ 3, 15, 1, 16 ], "texture": "#0" }
			}
		},
		{
			"from": [ 2.003, -0.0009999999, 5.985 ],
			"to": [ 3.005, 1.001, 6.987 ],
			"faces": {
				"down": { "uv": [ 2, 16, 3, 15 ], "texture": "#0" },
				"up": { "uv": [ 2, 16, 3, 15 ], "texture": "#0" },
				"north": { "uv": [ 3, 15, 2, 16 ], "texture": "#0" },
				"south": { "uv": [ 3, 15, 2, 16 ], "texture": "#0" },
				"west": { "uv": [ 3, 15, 2, 16 ], "texture": "#0" },
				"east": { "uv": [ 3, 15, 2, 16 ], "texture": "#0" }
			}
		},
		{
			"from": [ 2.003, -0.0009999999, 2.979 ],
			"to": [ 3.005, 1.001, 3.981 ],
			"faces": {
				"down": { "uv": [ 2, 16, 3, 15 ], "texture": "#0" },
				"up": { "uv": [ 2, 16, 3, 15 ], "texture": "#0" },
				"north": { "uv": [ 3, 15, 2, 16 ], "texture": "#0" },
				"south": { "uv": [ 3, 15, 2, 16 ], "texture": "#0" },
				"west": { "uv": [ 3, 15, 2, 16 ], "texture": "#0" },
				"east": { "uv": [ 3, 15, 2, 16 ], "texture": "#0" }
			}
		},
		{
			"from": [ 2.003, -0.0009999999, 8.991 ],
			"to": [ 3.005, 1.001, 9.993 ],
			"faces": {
				"down": { "uv": [ 2, 16, 3, 15 ], "texture": "#0" },
				"up": { "uv": [ 2, 16, 3, 15 ], "texture": "#0" },
				"north": { "uv": [ 3, 15, 2, 16 ], "texture": "#0" },
				"south": { "uv": [ 3, 15, 2, 16 ], "texture": "#0" },
				"west": { "uv": [ 3, 15, 2, 16 ], "texture": "#0" },
				"east": { "uv": [ 3, 15, 2, 16 ], "texture": "#0" }
			}
		},
		{
			"from": [ 2.003, -0.0009999999, 11.997 ],
			"to": [ 3.005, 1.001, 12.999 ],
			"faces": {
				"down": { "uv": [ 2, 16, 3, 15 ], "texture": "#0" },
				"up": { "uv": [ 2, 16, 3, 15 ], "texture": "#0" },
				"north": { "uv": [ 3, 15, 2, 16 ], "texture": "#0" },
				"south": { "uv": [ 3, 15, 2, 16 ], "texture": "#0" },
				"west": { "uv": [ 3, 15, 2, 16 ], "texture": "#0" },
				"east": { "uv": [ 3, 15, 2, 16 ], "texture": "#0" }
			}
		},
		{
			"from": [ 3.005, 11.021, 0.975 ],
			"to": [ 3.506, 12.023, 2.979 ],
			"faces": {
				"down": { "uv": [ 1, 15.5, 3, 15 ], "texture": "#0", "rotation": 270 },
				"up": { "uv": [ 1, 15.5, 3, 15 ], "texture": "#0", "rotation": 90 },
				"north": { "uv": [ 3, 15, 2.5, 16 ], "texture": "#0", "rotation": 180 },
				"south": { "uv": [ 3, 15, 2.5, 16 ], "texture": "#0", "rotation": 180 },
				"east": { "uv": [ 3, 15, 1, 16 ], "texture": "#0" }
			}
		},
		{
			"from": [ 2.003, 11.021, 2.979 ],
			"to": [ 3.005, 12.023, 3.981 ],
			"faces": {
				"down": { "uv": [ 2, 16, 3, 15 ], "texture": "#0" },
				"up": { "uv": [ 2, 16, 3, 15 ], "texture": "#0" },
				"north": { "uv": [ 3, 15, 2, 16 ], "texture": "#0" },
				"south": { "uv": [ 3, 15, 2, 16 ], "texture": "#0" },
				"west": { "uv": [ 3, 15, 2, 16 ], "texture": "#0" },
				"east": { "uv": [ 3, 15, 2, 16 ], "texture": "#0" }
			}
		},
		{
			"from": [ 3.005, 11.021, 3.981 ],
			"to": [ 3.506, 12.023, 5.985 ],
			"faces": {
				"down": { "uv": [ 1, 15.5, 3, 15 ], "texture": "#0", "rotation": 270 },
				"up": { "uv": [ 1, 15.5, 3, 15 ], "texture": "#0", "rotation": 90 },
				"north": { "uv": [ 2, 15, 1.5, 16 ], "texture": "#0", "rotation": 180 },
				"south": { "uv": [ 3, 15, 2.5, 16 ], "texture": "#0", "rotation": 180 },
				"east": { "uv": [ 3, 15, 1, 16 ], "texture": "#0" }
			}
		},
		{
			"from": [ 2.003, 11.021, 5.985 ],
			"to": [ 3.005, 12.023, 6.987 ],
			"faces": {
				"down": { "uv": [ 2, 16, 3, 15 ], "texture": "#0" },
				"up": { "uv": [ 2, 16, 3, 15 ], "texture": "#0" },
				"north": { "uv": [ 3, 15, 2, 16 ], "texture": "#0" },
				"south": { "uv": [ 3, 15, 2, 16 ], "texture": "#0" },
				"west": { "uv": [ 3, 15, 2, 16 ], "texture": "#0" },
				"east": { "uv": [ 3, 15, 2, 16 ], "texture": "#0" }
			}
		},
		{
			"from": [ 3.005, 11.021, 6.987 ],
			"to": [ 3.506, 12.023, 8.991 ],
			"faces": {
				"down": { "uv": [ 1, 15.5, 3, 15 ], "texture": "#0", "rotation": 270 },
				"up": { "uv": [ 1, 15.5, 3, 15 ], "texture": "#0", "rotation": 90 },
				"north": { "uv": [ 2, 15, 1.5, 16 ], "texture": "#0", "rotation": 180 },
				"south": { "uv": [ 3, 15, 2.5, 16 ], "texture": "#0", "rotation": 180 },
				"east": { "uv": [ 3, 15, 1, 16 ], "texture": "#0" }
			}
		},
		{
			"from": [ 2.003, 11.021, 8.991 ],
			"to": [ 3.005, 12.023, 9.993 ],
			"faces": {
				"down": { "uv": [ 2, 16, 3, 15 ], "texture": "#0" },
				"up": { "uv": [ 2, 16, 3, 15 ], "texture": "#0" },
				"north": { "uv": [ 3, 15, 2, 16 ], "texture": "#0" },
				"south": { "uv": [ 3, 15, 2, 16 ], "texture": "#0" },
				"west": { "uv": [ 3, 15, 2, 16 ], "texture": "#0" },
				"east": { "uv": [ 3, 15, 2, 16 ], "texture": "#0" }
			}
		},
		{
			"from": [ 3.005, 11.021, 9.993 ],
			"to": [ 3.506, 12.023, 11.997 ],
			"faces": {
				"down": { "uv": [ 1, 15.5, 3, 15 ], "texture": "#0", "rotation": 270 },
				"up": { "uv": [ 1, 15.5, 3, 15 ], "texture": "#0", "rotation": 90 },
				"north": { "uv": [ 2, 15, 1.5, 16 ], "texture": "#0", "rotation": 180 },
				"south": { "uv": [ 3, 15, 2.5, 16 ], "texture": "#0", "rotation": 180 },
				"east": { "uv": [ 3, 15, 1, 16 ], "texture": "#0" }
			}
		},
		{
			"from": [ 2.003, 11.021, 11.997 ],
			"to": [ 3.005, 12.023, 12.999 ],
			"faces": {
				"down": { "uv": [ 2, 16, 3, 15 ], "texture": "#0" },
				"up": { "uv": [ 2, 16, 3, 15 ], "texture": "#0" },
				"north": { "uv": [ 3, 15, 2, 16 ], "texture": "#0" },
				"south": { "uv": [ 3, 15, 2, 16 ], "texture": "#0" },
				"west": { "uv": [ 3, 15, 2, 16 ], "texture": "#0" },
				"east": { "uv": [ 3, 15, 2, 16 ], "texture": "#0" }
			}
		},
		{
			"from": [ 3.005, 11.021, 12.999 ],
			"to": [ 3.506, 12.023, 15.003 ],
			"faces": {
				"down": { "uv": [ 1, 15.5, 3, 15 ], "texture": "#0", "rotation": 270 },
				"up": { "uv": [ 1, 15.5, 3, 15 ], "texture": "#0", "rotation": 90 },
				"north": { "uv": [ 1.5, 15, 1, 16 ], "texture": "#0", "rotation": 180 },
				"south": { "uv": [ 2.5, 15, 2, 16 ], "texture": "#0", "rotation": 180 },
				"east": { "uv": [ 3, 15, 1, 16 ], "texture": "#0" }
			}
		},
		{
			"from": [ -0.0009999999, -0.0009999999, 8.991 ],
			"to": [ 1.001, 1.001, 9.993 ],
			"faces": {
				"down": { "uv": [ 2, 16, 3, 15 ], "texture": "#0", "cullface": "west" },
				"up": { "uv": [ 2, 16, 3, 15 ], "texture": "#0", "cullface": "west" },
				"north": { "uv": [ 3, 15, 2, 16 ], "texture": "#0", "cullface": "west" },
				"south": { "uv": [ 3, 15, 2, 16 ], "texture": "#0", "cullface": "west" },
				"west": { "uv": [ 3, 15, 2, 16 ], "texture": "#0", "cullface": "west" },
				"east": { "uv": [ 3, 15, 2, 16 ], "texture": "#0", "cullface": "west" }
			}
		},
		{
			"from": [ -0.0009999999, -0.0009999999, 5.985 ],
			"to": [ 1.001, 1.001, 6.987 ],
			"faces": {
				"down": { "uv": [ 2, 16, 3, 15 ], "texture": "#0", "cullface": "west" },
				"up": { "uv": [ 2, 16, 3, 15 ], "texture": "#0", "cullface": "west" },
				"north": { "uv": [ 3, 15, 2, 16 ], "texture": "#0", "cullface": "west" },
				"south": { "uv": [ 3, 15, 2, 16 ], "texture": "#0", "cullface": "west" },
				"west": { "uv": [ 3, 15, 2, 16 ], "texture": "#0", "cullface": "west" },
				"east": { "uv": [ 3, 15, 2, 16 ], "texture": "#0", "cullface": "west" }
			}
		},
		{
			"from": [ -0.0009999999, -0.0009999999, 2.979 ],
			"to": [ 1.001, 1.001, 3.981 ],
			"faces": {
				"down": { "uv": [ 2, 16, 3, 15 ], "texture": "#0", "cullface": "west" },
				"up": { "uv": [ 2, 16, 3, 15 ], "texture": "#0", "cullface": "west" },
				"north": { "uv": [ 3, 15, 2, 16 ], "texture": "#0", "cullface": "west" },
				"south": { "uv": [ 3, 15, 2, 16 ], "texture": "#0", "cullface": "west" },
				"west": { "uv": [ 3, 15, 2, 16 ], "texture": "#0", "cullface": "west" },
				"east": { "uv": [ 3, 15, 2, 16 ], "texture": "#0", "cullface": "west" }
			}
		},
		{
			"from": [ -0.502, 11.021, 12.999 ],
			"to": [ -0.0009999871, 12.023, 15.003 ],
			"faces": {
				"down": { "uv": [ 1, 15.5, 3, 15 ], "texture": "#0", "cullface": "west", "rotation": 90 },
				"up": { "uv": [ 1, 15.5, 3, 15 ], "texture": "#0", "cullface": "west", "rotation": 270 },
				"north": { "uv": [ 2.5, 15, 2, 16 ], "texture": "#0", "cullface": "west", "rotation": 180 },
				"south": { "uv": [ 1.5, 15, 1, 16 ], "texture": "#0", "cullface": "west", "rotation": 180 },
				"west": { "uv": [ 3, 15, 1, 16 ], "texture": "#0", "cullface": "west" }
			}
		},
		{
			"from": [ -0.0009999999, 11.021, 11.997 ],
			"to": [ 1.001, 12.023, 12.999 ],
			"faces": {
				"down": { "uv": [ 2, 16, 3, 15 ], "texture": "#0", "cullface": "west" },
				"up": { "uv": [ 2, 16, 3, 15 ], "texture": "#0", "cullface": "west" },
				"north": { "uv": [ 3, 15, 2, 16 ], "texture": "#0", "cullface": "west" },
				"south": { "uv": [ 3, 15, 2, 16 ], "texture": "#0", "cullface": "west" },
				"west": { "uv": [ 3, 15, 2, 16 ], "texture": "#0", "cullface": "west" },
				"east": { "uv": [ 3, 15, 2, 16 ], "texture": "#0", "cullface": "west" }
			}
		},
		{
			"from": [ -0.502, 11.021, 9.993 ],
			"to": [ -0.0009999871, 12.023, 11.997 ],
			"faces": {
				"down": { "uv": [ 1, 15.5, 3, 15 ], "texture": "#0", "cullface": "west", "rotation": 90 },
				"up": { "uv": [ 1, 15.5, 3, 15 ], "texture": "#0", "cullface": "west", "rotation": 270 },
				"north": { "uv": [ 2.5, 15, 2, 16 ], "texture": "#0", "cullface": "west", "rotation": 180 },
				"south": { "uv": [ 1.5, 15, 1, 16 ], "texture": "#0", "cullface": "west", "rotation": 180 },
				"west": { "uv": [ 3, 15, 1, 16 ], "texture": "#0", "cullface": "west" }
			}
		},
		{
			"from": [ -0.0009999999, 11.021, 8.991 ],
			"to": [ 1.001, 12.023, 9.993 ],
			"faces": {
				"down": { "uv": [ 2, 16, 3, 15 ], "texture": "#0", "cullface": "west" },
				"up": { "uv": [ 2, 16, 3, 15 ], "texture": "#0", "cullface": "west" },
				"north": { "uv": [ 3, 15, 2, 16 ], "texture": "#0", "cullface": "west" },
				"south": { "uv": [ 3, 15, 2, 16 ], "texture": "#0", "cullface": "west" },
				"west": { "uv": [ 3, 15, 2, 16 ], "texture": "#0", "cullface": "west" },
				"east": { "uv": [ 3, 15, 2, 16 ], "texture": "#0", "cullface": "west" }
			}
		},
		{
			"from": [ -0.502, 11.021, 6.987 ],
			"to": [ -0.0009999871, 12.023, 8.991 ],
			"faces": {
				"down": { "uv": [ 1, 15.5, 3, 15 ], "texture": "#0", "cullface": "west", "rotation": 90 },
				"up": { "uv": [ 1, 15.5, 3, 15 ], "texture": "#0", "cullface": "west", "rotation": 270 },
				"north": { "uv": [ 2.5, 15, 2, 16 ], "texture": "#0", "cullface": "west", "rotation": 180 },
				"south": { "uv": [ 1.5, 15, 1, 16 ], "texture": "#0", "cullface": "west", "rotation": 180 },
				"west": { "uv": [ 3, 15, 1, 16 ], "texture": "#0", "cullface": "west" }
			}
		},
		{
			"from": [ -0.0009999999, 11.021, 5.985 ],
			"to": [ 1.001, 12.023, 6.987 ],
			"faces": {
				"down": { "uv": [ 2, 16, 3, 15 ], "texture": "#0", "cullface": "west" },
				"up": { "uv": [ 2, 16, 3, 15 ], "texture": "#0", "cullface": "west" },
				"north": { "uv": [ 3, 15, 2, 16 ], "texture": "#0", "cullface": "west" },
				"south": { "uv": [ 3, 15, 2, 16 ], "texture": "#0", "cullface": "west" },
				"west": { "uv": [ 3, 15, 2, 16 ], "texture": "#0", "cullface": "west" },
				"east": { "uv": [ 3, 15, 2, 16 ], "texture": "#0", "cullface": "west" }
			}
		},
		{
			"from": [ -0.502, 11.021, 3.981 ],
			"to": [ -0.0009999871, 12.023, 5.985 ],
			"faces": {
				"down": { "uv": [ 1, 15.5, 3, 15 ], "texture": "#0", "cullface": "west", "rotation": 90 },
				"up": { "uv": [ 1, 15.5, 3, 15 ], "texture": "#0", "cullface": "west", "rotation": 270 },
				"north": { "uv": [ 2.5, 15, 2, 16 ], "texture": "#0", "cullface": "west", "rotation": 180 },
				"south": { "uv": [ 1.5, 15, 1, 16 ], "texture": "#0", "cullface": "west", "rotation": 180 },
				"west": { "uv": [ 3, 15, 1, 16 ], "texture": "#0", "cullface": "west" }
			}
		},
		{
			"from": [ -0.0009999999, 11.021, 2.979 ],
			"to": [ 1.001, 12.023, 3.981 ],
			"faces": {
				"down": { "uv": [ 2, 16, 3, 15 ], "texture": "#0", "cullface": "west" },
				"up": { "uv": [ 2, 16, 3, 15 ], "texture": "#0", "cullface": "west" },
				"north": { "uv": [ 3, 15, 2, 16 ], "texture": "#0", "cullface": "west" },
				"south": { "uv": [ 3, 15, 2, 16 ], "texture": "#0", "cullface": "west" },
				"west": { "uv": [ 3, 15, 2, 16 ], "texture": "#0", "cullface": "west" },
				"east": { "uv": [ 3, 15, 2, 16 ], "texture": "#0", "cullface": "west" }
			}
		},
		{
			"from": [ -0.502, 11.021, 0.975 ],
			"to": [ -0.0009999871, 12.023, 2.979 ],
			"faces": {
				"down": { "uv": [ 1, 15.5, 3, 15 ], "texture": "#0", "cullface": "west", "rotation": 90 },
				"up": { "uv": [ 1, 15.5, 3, 15 ], "texture": "#0", "cullface": "west", "rotation": 270 },
				"north": { "uv": [ 2.5, 15, 2, 16 ], "texture": "#0", "cullface": "west", "rotation": 180 },
				"south": { "uv": [ 1.5, 15, 1, 16 ], "texture": "#0", "cullface": "west", "rotation": 180 },
				"west": { "uv": [ 3, 15, 1, 16 ], "texture": "#0", "cullface": "west" }
			}
		},
		{
			"from": [ -0.502, -0.0009999999, 15.003 ],
			"to": [ -0.0009999871, 1.001, 16.005 ],
			"faces": {
				"down": { "uv": [ 0, 5, 0.5, 4 ], "texture": "#0", "cullface": "west" },
				"up": { "uv": [ 0, 5, 0.5, 4 ], "texture": "#0", "cullface": "west" },
				"north": { "uv": [ 0.5, 4, 0, 5 ], "texture": "#0", "cullface": "west" },
				"south": { "uv": [ 0.5, 4, 0, 5 ], "texture": "#0", "cullface": "west" },
				"west": { "uv": [ 0.5, 4, 0, 5 ], "texture": "#0", "cullface": "west" }
			}
		},
		{
			"from": [ 3.005, -0.0009999999, 15.003 ],
			"to": [ 3.506, 1.001, 16.005 ],
			"faces": {
				"down": { "uv": [ 0, 5, 0.5, 4 ], "texture": "#0" },
				"up": { "uv": [ 0, 5, 0.5, 4 ], "texture": "#0" },
				"north": { "uv": [ 0.5, 4, 0, 5 ], "texture": "#0" },
				"south": { "uv": [ 0.5, 4, 0, 5 ], "texture": "#0" },
				"east": { "uv": [ 0.5, 4, 0, 5 ], "texture": "#0" }
			}
		},
		{
			"from": [ 2.002, -0.0009999999, 16.005 ],
			"to": [ 3.004, 1.001, 16.506 ],
			"faces": {
				"down": { "uv": [ 2, 5, 2.5, 4 ], "texture": "#0", "cullface": "south", "rotation": 270 },
				"up": { "uv": [ 2, 5, 2.5, 4 ], "texture": "#0", "cullface": "south", "rotation": 90 },
				"south": { "uv": [ 2.5, 4, 2, 5 ], "texture": "#0", "cullface": "south" },
				"west": { "uv": [ 2.5, 4, 2, 5 ], "texture": "#0", "cullface": "south" },
				"east": { "uv": [ 2.5, 4, 2, 5 ], "texture": "#0", "cullface": "south" }
			}
		},
		{
			"from": [ -0.0009, -0.0009999999, 16.005 ],
			"to": [ 1.0011, 1.001, 16.506 ],
			"faces": {
				"down": { "uv": [ 2, 5, 2.5, 4 ], "texture": "#0", "cullface": "south", "rotation": 270 },
				"up": { "uv": [ 2, 5, 2.5, 4 ], "texture": "#0", "cullface": "south", "rotation": 90 },
				"south": { "uv": [ 2.5, 4, 2, 5 ], "texture": "#0", "cullface": "south" },
				"west": { "uv": [ 2.5, 4, 2, 5 ], "texture": "#0", "cullface": "south" },
				"east": { "uv": [ 2.5, 4, 2, 5 ], "texture": "#0", "cullface": "south" }
			}
		},
		{
			"from": [ 1.001, -0.0009999999, 16.005 ],
			"to": [ 2.003, 1.001, 16.506 ],
			"faces": {
				"down": { "uv": [ 1, 5, 1.5, 4 ], "texture": "#0", "cullface": "south", "rotation": 270 },
				"up": { "uv": [ 1, 5, 1.5, 4 ], "texture": "#0", "cullface": "south", "rotation": 90 },
				"south": { "uv": [ 1.5, 4, 1, 5 ], "texture": "#0", "cullface": "south" },
				"west": { "uv": [ 1.5, 4, 1, 5 ], "texture": "#0", "cullface": "south" },
				"east": { "uv": [ 1.5, 4, 1, 5 ], "texture": "#0", "cullface": "south" }
			}
		},
		{
			"from": [ -0.0009, 11.021, 16.005 ],
			"to": [ 1.0011, 12.023, 16.506 ],
			"faces": {
				"down": { "uv": [ 2, 5, 2.5, 4 ], "texture": "#0", "cullface": "south", "rotation": 270 },
				"up": { "uv": [ 2, 5, 2.5, 4 ], "texture": "#0", "cullface": "south", "rotation": 90 },
				"south": { "uv": [ 2.5, 4, 2, 5 ], "texture": "#0", "cullface": "south" },
				"west": { "uv": [ 2.5, 4, 2, 5 ], "texture": "#0", "cullface": "south" },
				"east": { "uv": [ 2.5, 4, 2, 5 ], "texture": "#0", "cullface": "south" }
			}
		},
		{
			"from": [ 1.001, 11.021, 16.005 ],
			"to": [ 2.003, 12.023, 16.506 ],
			"faces": {
				"down": { "uv": [ 1, 5, 1.5, 4 ], "texture": "#0", "cullface": "south", "rotation": 270 },
				"up": { "uv": [ 1, 5, 1.5, 4 ], "texture": "#0", "cullface": "south", "rotation": 90 },
				"south": { "uv": [ 1.5, 4, 1, 5 ], "texture": "#0", "cullface": "south" },
				"west": { "uv": [ 1.5, 4, 1, 5 ], "texture": "#0", "cullface": "south" },
				"east": { "uv": [ 1.5, 4, 1, 5 ], "texture": "#0", "cullface": "south" }
			}
		},
		{
			"from": [ 2.002, 11.021, 16.005 ],
			"to": [ 3.004, 12.023, 16.506 ],
			"faces": {
				"down": { "uv": [ 2, 5, 2.5, 4 ], "texture": "#0", "cullface": "south", "rotation": 270 },
				"up": { "uv": [ 2, 5, 2.5, 4 ], "texture": "#0", "cullface": "south", "rotation": 90 },
				"south": { "uv": [ 2.5, 4, 2, 5 ], "texture": "#0", "cullface": "south" },
				"west": { "uv": [ 2.5, 4, 2, 5 ], "texture": "#0", "cullface": "south" },
				"east": { "uv": [ 2.5, 4, 2, 5 ], "texture": "#0", "cullface": "south" }
			}
		},
		{
			"from": [ -0.502, 11.021, 15.003 ],
			"to": [ -0.0009999871, 12.023, 16.005 ],
			"faces": {
				"down": { "uv": [ 0, 5, 0.5, 4 ], "texture": "#0", "cullface": "west" },
				"up": { "uv": [ 0, 5, 0.5, 4 ], "texture": "#0", "cullface": "west" },
				"north": { "uv": [ 0.5, 4, 0, 5 ], "texture": "#0", "cullface": "west" },
				"south": { "uv": [ 0.5, 4, 0, 5 ], "texture": "#0", "cullface": "west" },
				"west": { "uv": [ 0.5, 4, 0, 5 ], "texture": "#0", "cullface": "west" }
			}
		},
		{
			"from": [ 3.005, 11.021, 15.003 ],
			"to": [ 3.506, 12.023, 16.005 ],
			"faces": {
				"down": { "uv": [ 0, 5, 0.5, 4 ], "texture": "#0" },
				"up": { "uv": [ 0, 5, 0.5, 4 ], "texture": "#0" },
				"north": { "uv": [ 0.5, 4, 0, 5 ], "texture": "#0" },
				"south": { "uv": [ 0.5, 4, 0, 5 ], "texture": "#0" },
				"east": { "uv": [ 0.5, 4, 0, 5 ], "texture": "#0" }
			}
		},
		{
			"from": [ -0.502, 11.021, -0.027 ],
			"to": [ -0.0009999871, 12.023, 0.975 ],
			"faces": {
				"down": { "uv": [ 0, 5, 0.5, 4 ], "texture": "#0", "cullface": "west" },
				"up": { "uv": [ 0, 5, 0.5, 4 ], "texture": "#0", "cullface": "west" },
				"north": { "uv": [ 0.5, 4, 0, 5 ], "texture": "#0", "cullface": "west" },
				"south": { "uv": [ 0.5, 4, 0, 5 ], "texture": "#0", "cullface": "west" },
				"west": { "uv": [ 0.5, 4, 0, 5 ], "texture": "#0", "cullface": "west" }
			}
		},
		{
			"from": [ -0.502, -0.0009999999, -0.027 ],
			"to": [ -0.0009999871, 1.001, 0.975 ],
			"faces": {
				"down": { "uv": [ 0, 5, 0.5, 4 ], "texture": "#0", "cullface": "west" },
				"up": { "uv": [ 0, 5, 0.5, 4 ], "texture": "#0", "cullface": "west" },
				"north": { "uv": [ 0.5, 4, 0, 5 ], "texture": "#0", "cullface": "west" },
				"south": { "uv": [ 0.5, 4, 0, 5 ], "texture": "#0", "cullface": "west" },
				"west": { "uv": [ 0.5, 4, 0, 5 ], "texture": "#0", "cullface": "west" }
			}
		},
		{
			"from": [ 1.001, -0.0009999999, -0.528 ],
			"to": [ 2.003, 1.001, -0.02700001 ],
			"faces": {
				"down": { "uv": [ 1, 4, 1.5, 5 ], "texture": "#0", "cullface": "north", "rotation": 270 },
				"up": { "uv": [ 1, 4, 1.5, 5 ], "texture": "#0", "cullface": "north", "rotation": 90 },
				"north": { "uv": [ 1, 4, 1.5, 5 ], "texture": "#0", "cullface": "north" },
				"west": { "uv": [ 1, 4, 1.5, 5 ], "texture": "#0", "cullface": "north" },
				"east": { "uv": [ 1, 4, 1.5, 5 ], "texture": "#0", "cullface": "north" }
			}
		},
		{
			"from": [ 0, -0.0009999999, -0.528 ],
			"to": [ 1.002, 1.001, -0.02700001 ],
			"faces": {
				"down": { "uv": [ 2, 4, 2.5, 5 ], "texture": "#0", "cullface": "north", "rotation": 270 },
				"up": { "uv": [ 2, 4, 2.5, 5 ], "texture": "#0", "cullface": "north", "rotation": 90 },
				"north": { "uv": [ 2, 4, 2.5, 5 ], "texture": "#0", "cullface": "north" },
				"west": { "uv": [ 2, 4, 2.5, 5 ], "texture": "#0", "cullface": "north" },
				"east": { "uv": [ 2, 4, 2.5, 5 ], "texture": "#0", "cullface": "north" }
			}
		},
		{
			"from": [ 2.002, -0.0009999999, -0.528 ],
			"to": [ 3.004, 1.001, -0.02700001 ],
			"faces": {
				"down": { "uv": [ 2, 4, 2.5, 5 ], "texture": "#0", "cullface": "north", "rotation": 270 },
				"up": { "uv": [ 2, 4, 2.5, 5 ], "texture": "#0", "cullface": "north", "rotation": 90 },
				"north": { "uv": [ 2, 4, 2.5, 5 ], "texture": "#0", "cullface": "north" },
				"west": { "uv": [ 2, 4, 2.5, 5 ], "texture": "#0", "cullface": "north" },
				"east": { "uv": [ 2, 4, 2.5, 5 ], "texture": "#0", "cullface": "north" }
			}
		},
		{
			"from": [ 1.001, 11.021, -0.528 ],
			"to": [ 2.003, 12.023, -0.02700001 ],
			"faces": {
				"down": { "uv": [ 1, 4, 1.5, 5 ], "texture": "#0", "cullface": "north", "rotation": 270 },
				"up": { "uv": [ 1, 4, 1.5, 5 ], "texture": "#0", "cullface": "north", "rotation": 90 },
				"north": { "uv": [ 1, 4, 1.5, 5 ], "texture": "#0", "cullface": "north" },
				"west": { "uv": [ 1, 4, 1.5, 5 ], "texture": "#0", "cullface": "north" },
				"east": { "uv": [ 1, 4, 1.5, 5 ], "texture": "#0", "cullface": "north" }
			}
		},
		{
			"from": [ 0, 11.021, -0.528 ],
			"to": [ 1.002, 12.023, -0.02700001 ],
			"faces": {
				"down": { "uv": [ 2, 4, 2.5, 5 ], "texture": "#0", "cullface": "north", "rotation": 270 },
				"up": { "uv": [ 2, 4, 2.5, 5 ], "texture": "#0", "cullface": "north", "rotation": 90 },
				"north": { "uv": [ 2, 4, 2.5, 5 ], "texture": "#0", "cullface": "north" },
				"west": { "uv": [ 2, 4, 2.5, 5 ], "texture": "#0", "cullface": "north" },
				"east": { "uv": [ 2, 4, 2.5, 5 ], "texture": "#0", "cullface": "north" }
			}
		},
		{
			"from": [ 2.002, 11.021, -0.528 ],
			"to": [ 3.004, 12.023, -0.02700001 ],
			"faces": {
				"down": { "uv": [ 2, 4, 2.5, 5 ], "texture": "#0", "cullface": "north", "rotation": 270 },
				"up": { "uv": [ 2, 4, 2.5, 5 ], "texture": "#0", "cullface": "north", "rotation": 90 },
				"north": { "uv": [ 2, 4, 2.5, 5 ], "texture": "#0", "cullface": "north" },
				"west": { "uv": [ 2, 4, 2.5, 5 ], "texture": "#0", "cullface": "north" },
				"east": { "uv": [ 2, 4, 2.5, 5 ], "texture": "#0", "cullface": "north" }
			}
		},
		{
			"from": [ 3.005, -0.0009999999, -0.027 ],
			"to": [ 3.506, 1.001, 0.975 ],
			"faces": {
				"down": { "uv": [ 0, 5, 0.5, 4 ], "texture": "#0" },
				"up": { "uv": [ 0, 5, 0.5, 4 ], "texture": "#0" },
				"north": { "uv": [ 0.5, 4, 0, 5 ], "texture": "#0" },
				"south": { "uv": [ 0.5, 4, 0, 5 ], "texture": "#0" },
				"east": { "uv": [ 0.5, 4, 0, 5 ], "texture": "#0" }
			}
		},
		{
			"from": [ 3.005, 11.021, -0.027 ],
			"to": [ 3.506, 12.023, 0.975 ],
			"faces": {
				"down": { "uv": [ 0, 5, 0.5, 4 ], "texture": "#0" },
				"up": { "uv": [ 0, 5, 0.5, 4 ], "texture": "#0" },
				"north": { "uv": [ 0.5, 4, 0, 5 ], "texture": "#0" },
				"south": { "uv": [ 0.5, 4, 0, 5 ], "texture": "#0" },
				"east": { "uv": [ 0.5, 4, 0, 5 ], "texture": "#0" }
			}
		},
		{
			"from": [ 1.001, 10.019, 16.005 ],
			"to": [ 2.003, 11.021, 16.506 ],
			"faces": {
				"down": { "uv": [ 0, 6, 0.5, 5 ], "texture": "#0", "cullface": "south", "rotation": 270 },
				"up": { "uv": [ 0, 6, 0.5, 5 ], "texture": "#0", "cullface": "south", "rotation": 90 },
				"south": { "uv": [ 0.5, 5, 0, 6 ], "texture": "#0", "cullface": "south" },
				"west": { "uv": [ 0.5, 5, 0, 6 ], "texture": "#0", "cullface": "south" },
				"east": { "uv": [ 0.5, 5, 0, 6 ], "texture": "#0", "cullface": "south" }
			}
		}
	]
}