{
	"credit": "Made with Blockbench, a free, modern block model editor by JannisX11",
	"textures": {
		"0": "blocks/door_spruce_lower",
		"particle": "blocks/door_spruce_lower"
	},
	"elements": [
		{
			"name": "cube",
			"from": [0, 0, 13],
			"to": [3, 8, 16],
			"faces": {
				"north": {"uv": [3, 1, 0, 9], "texture": "#0"},
				"east": {"uv": [16, 8, 13, 16], "texture": "#0"},
				"south": {
					"uv": [3, 2, 0, 10],
					"texture": "#0",
					"cullface": "south"
				},
				"west": {
					"uv": [3, 1, 0, 9],
					"texture": "#0",
					"cullface": "west"
				},
				"down": {
					"uv": [0, 9, 3, 6],
					"texture": "#0",
					"cullface": "down",
					"rotation": 90
				}
			},
			"type": "cube"
		},
		{
			"name": "cube",
			"from": [0, 0, 10],
			"to": [3, 16, 12],
			"faces": {
				"north": {"uv": [8, 0, 5, 16], "texture": "#0"},
				"east": {"uv": [3, 0, 1, 16], "texture": "#0"},
				"south": {
					"uv": [4, 16, 7, 0],
					"texture": "#0",
					"rotation": 180
				},
				"west": {
					"uv": [6, 0, 4, 16],
					"texture": "#0",
					"cullface": "west"
				},
				"down": {
					"uv": [10, 16, 12, 13],
					"texture": "#0",
					"cullface": "down",
					"rotation": 90
				}
			},
			"type": "cube"
		},
		{
			"name": "cube",
			"from": [0, 0, 7],
			"to": [3, 16, 9],
			"faces": {
				"north": {"uv": [6, 0, 3, 16], "texture": "#0"},
				"east": {"uv": [9, 0, 7, 16], "texture": "#0"},
				"south": {
					"uv": [4, 16, 7, 0],
					"texture": "#0",
					"rotation": 180
				},
				"west": {
					"uv": [9, 0, 7, 16],
					"texture": "#0",
					"cullface": "west"
				},
				"down": {
					"uv": [7, 16, 9, 13],
					"texture": "#0",
					"cullface": "down",
					"rotation": 90
				}
			},
			"type": "cube"
		},
		{
			"name": "cube",
			"from": [0, 0, 4],
			"to": [3, 16, 6],
			"faces": {
				"north": {"uv": [6, 0, 3, 16], "texture": "#0"},
				"east": {"uv": [6, 0, 4, 16], "texture": "#0"},
				"south": {
					"uv": [3, 16, 6, 0],
					"texture": "#0",
					"rotation": 180
				},
				"west": {
					"uv": [12, 0, 10, 16],
					"texture": "#0",
					"cullface": "west"
				},
				"down": {
					"uv": [4, 16, 6, 13],
					"texture": "#0",
					"cullface": "down",
					"rotation": 90
				}
			},
			"type": "cube"
		},
		{
			"name": "cube",
			"from": [0, 8, 13],
			"to": [3, 16, 16],
			"faces": {
				"north": {"uv": [3, 1, 0, 9], "texture": "#0"},
				"east": {"uv": [7, 0, 4, 8], "texture": "#0"},
				"south": {
					"uv": [3, 2, 0, 10],
					"texture": "#0",
					"cullface": "south"
				},
				"west": {
					"uv": [3, 1, 0, 9],
					"texture": "#0",
					"cullface": "west"
				}
			},
			"type": "cube"
		},
		{
			"name": "cube",
			"from": [0, 0, 0],
			"to": [3, 8, 3],
			"faces": {
				"north": {
					"uv": [3, 1, 0, 9],
					"texture": "#0",
					"cullface": "north"
				},
				"east": {"uv": [3, 2, 0, 10], "texture": "#0"},
				"south": {"uv": [6, 1, 3, 9], "texture": "#0"},
				"west": {
					"uv": [16, 8, 13, 16],
					"texture": "#0",
					"cullface": "west"
				},
				"down": {
					"uv": [0, 9, 3, 6],
					"texture": "#0",
					"cullface": "down",
					"rotation": 90
				}
			},
			"type": "cube"
		},
		{
			"name": "cube",
			"from": [0, 8, 0],
			"to": [3, 16, 3],
			"faces": {
				"north": {
					"uv": [3, 1, 0, 9],
					"texture": "#0",
					"cullface": "north"
				},
				"east": {"uv": [3, 2, 0, 10], "texture": "#0"},
				"south": {"uv": [6, 1, 3, 9], "texture": "#0"},
				"west": {
					"uv": [16, 0, 13, 8],
					"texture": "#0",
					"cullface": "west"
				}
			},
			"type": "cube"
		},
		{
			"name": "cube",
			"from": [0.75, 0, 12],
			"to": [2.25, 16, 13],
			"faces": {
				"east": {"uv": [10, 0, 9, 16], "texture": "#0"},
				"west": {
					"uv": [4, 0, 3, 16],
					"texture": "#0",
					"cullface": "west"
				},
				"down": {
					"uv": [12, 15.25, 13, 13.75],
					"texture": "#0",
					"cullface": "down",
					"rotation": 90
				}
			},
			"type": "cube"
		},
		{
			"name": "cube",
			"from": [0.75, 0, 9],
			"to": [2.25, 16, 10],
			"faces": {
				"east": {"uv": [10, 0, 9, 16], "texture": "#0"},
				"west": {
					"uv": [7, 0, 6, 16],
					"texture": "#0",
					"cullface": "west"
				},
				"down": {
					"uv": [9, 15.25, 10, 13.75],
					"texture": "#0",
					"cullface": "down",
					"rotation": 90
				}
			},
			"type": "cube"
		},
		{
			"name": "cube",
			"from": [0.75, 0, 6],
			"to": [2.25, 16, 7],
			"faces": {
				"east": {"uv": [7, 0, 6, 16], "texture": "#0"},
				"west": {
					"uv": [10, 0, 9, 16],
					"texture": "#0",
					"cullface": "west"
				},
				"down": {
					"uv": [6, 15.25, 7, 13.75],
					"texture": "#0",
					"cullface": "down",
					"rotation": 90
				}
			},
			"type": "cube"
		},
		{
			"name": "cube",
			"from": [0.75, 0, 3],
			"to": [2.25, 16, 4],
			"faces": {
				"east": {"uv": [4, 0, 3, 16], "texture": "#0"},
				"west": {
					"uv": [7, 0, 6, 16],
					"texture": "#0",
					"cullface": "west"
				},
				"down": {
					"uv": [3, 15.25, 4, 13.75],
					"texture": "#0",
					"cullface": "down",
					"rotation": 90
				}
			},
			"type": "cube"
		},
		{
			"name": "cube",
			"from": [-0.5, 5, 13],
			"to": [0, 6, 15],
			"faces": {
				"north": {
					"uv": [2.5, 10, 2, 11],
					"texture": "#0",
					"cullface": "west",
					"rotation": 180
				},
				"south": {
					"uv": [1.5, 10, 1, 11],
					"texture": "#0",
					"cullface": "west",
					"rotation": 180
				},
				"west": {
					"uv": [3, 10, 1, 11],
					"texture": "#0",
					"cullface": "west"
				},
				"up": {
					"uv": [1, 10.5, 3, 10],
					"texture": "#0",
					"cullface": "west",
					"rotation": 270
				},
				"down": {
					"uv": [1, 10.5, 3, 10],
					"texture": "#0",
					"cullface": "west",
					"rotation": 90
				}
			},
			"type": "cube"
		},
		{
			"name": "cube",
			"from": [-0.5, 5, 10],
			"to": [0, 6, 12],
			"faces": {
				"north": {
					"uv": [2.5, 10, 2, 11],
					"texture": "#0",
					"cullface": "west",
					"rotation": 180
				},
				"south": {
					"uv": [1.5, 10, 1, 11],
					"texture": "#0",
					"cullface": "west",
					"rotation": 180
				},
				"west": {
					"uv": [3, 10, 1, 11],
					"texture": "#0",
					"cullface": "west"
				},
				"up": {
					"uv": [1, 10.5, 3, 10],
					"texture": "#0",
					"cullface": "west",
					"rotation": 270
				},
				"down": {
					"uv": [1, 10.5, 3, 10],
					"texture": "#0",
					"cullface": "west",
					"rotation": 90
				}
			},
			"type": "cube"
		},
		{
			"name": "cube",
			"from": [-0.5, 5, 7],
			"to": [0, 6, 9],
			"faces": {
				"north": {
					"uv": [2.5, 10, 2, 11],
					"texture": "#0",
					"cullface": "west",
					"rotation": 180
				},
				"south": {
					"uv": [1.5, 10, 1, 11],
					"texture": "#0",
					"cullface": "west",
					"rotation": 180
				},
				"west": {
					"uv": [3, 10, 1, 11],
					"texture": "#0",
					"cullface": "west"
				},
				"up": {
					"uv": [1, 10.5, 3, 10],
					"texture": "#0",
					"cullface": "west",
					"rotation": 270
				},
				"down": {
					"uv": [1, 10.5, 3, 10],
					"texture": "#0",
					"cullface": "west",
					"rotation": 90
				}
			},
			"type": "cube"
		},
		{
			"name": "cube",
			"from": [-0.5, 5, 4],
			"to": [0, 6, 6],
			"faces": {
				"north": {
					"uv": [2.5, 10, 2, 11],
					"texture": "#0",
					"cullface": "west",
					"rotation": 180
				},
				"south": {
					"uv": [1.5, 10, 1, 11],
					"texture": "#0",
					"cullface": "west",
					"rotation": 180
				},
				"west": {
					"uv": [3, 10, 1, 11],
					"texture": "#0",
					"cullface": "west"
				},
				"up": {
					"uv": [1, 10.5, 3, 10],
					"texture": "#0",
					"cullface": "west",
					"rotation": 270
				},
				"down": {
					"uv": [1, 10.5, 3, 10],
					"texture": "#0",
					"cullface": "west",
					"rotation": 90
				}
			},
			"type": "cube"
		},
		{
			"name": "cube",
			"from": [-0.5, 5, 1],
			"to": [0, 6, 3],
			"faces": {
				"north": {
					"uv": [2.5, 10, 2, 11],
					"texture": "#0",
					"cullface": "west",
					"rotation": 180
				},
				"south": {
					"uv": [1.5, 10, 1, 11],
					"texture": "#0",
					"cullface": "west",
					"rotation": 180
				},
				"west": {
					"uv": [3, 10, 1, 11],
					"texture": "#0",
					"cullface": "west"
				},
				"up": {
					"uv": [1, 10.5, 3, 10],
					"texture": "#0",
					"cullface": "west",
					"rotation": 270
				},
				"down": {
					"uv": [1, 10.5, 3, 10],
					"texture": "#0",
					"cullface": "west",
					"rotation": 90
				}
			},
			"type": "cube"
		},
		{
			"name": "cube",
			"from": [0, 5, 12],
			"to": [1, 6, 13],
			"faces": {
				"west": {
					"uv": [1, 0, 0, 1],
					"texture": "#0",
					"cullface": "west"
				},
				"up": {
					"uv": [0, 1, 1, 0],
					"texture": "#0",
					"cullface": "west"
				},
				"down": {
					"uv": [0, 1, 1, 0],
					"texture": "#0",
					"cullface": "west"
				}
			},
			"type": "cube"
		},
		{
			"name": "cube",
			"from": [0, 5, 9],
			"to": [1, 6, 10],
			"faces": {
				"west": {
					"uv": [1, 0, 0, 1],
					"texture": "#0",
					"cullface": "west"
				},
				"up": {
					"uv": [0, 1, 1, 0],
					"texture": "#0",
					"cullface": "west"
				},
				"down": {
					"uv": [0, 1, 1, 0],
					"texture": "#0",
					"cullface": "west"
				}
			},
			"type": "cube"
		},
		{
			"name": "cube",
			"from": [0, 5, 6],
			"to": [1, 6, 7],
			"faces": {
				"west": {
					"uv": [1, 0, 0, 1],
					"texture": "#0",
					"cullface": "west"
				},
				"up": {
					"uv": [0, 1, 1, 0],
					"texture": "#0",
					"cullface": "west"
				},
				"down": {
					"uv": [0, 1, 1, 0],
					"texture": "#0",
					"cullface": "west"
				}
			},
			"type": "cube"
		},
		{
			"name": "cube",
			"from": [0, 5, 3],
			"to": [1, 6, 4],
			"faces": {
				"west": {
					"uv": [1, 0, 0, 1],
					"texture": "#0",
					"cullface": "west"
				},
				"up": {
					"uv": [0, 1, 1, 0],
					"texture": "#0",
					"cullface": "west"
				},
				"down": {
					"uv": [0, 1, 1, 0],
					"texture": "#0",
					"cullface": "west"
				}
			},
			"type": "cube"
		},
		{
			"name": "cube",
			"from": [-0.5, 5, 15],
			"to": [0, 6, 16],
			"faces": {
				"north": {
					"uv": [3, 10, 2, 11],
					"texture": "#0",
					"cullface": "west",
					"rotation": 270
				},
				"south": {
					"uv": [3, 10, 2, 11],
					"texture": "#0",
					"cullface": "west",
					"rotation": 270
				},
				"west": {
					"uv": [3, 10, 2, 11],
					"texture": "#0",
					"cullface": "west",
					"rotation": 270
				},
				"up": {
					"uv": [2, 11, 3, 10],
					"texture": "#0",
					"cullface": "west",
					"rotation": 270
				},
				"down": {
					"uv": [2, 11, 3, 10],
					"texture": "#0",
					"cullface": "west",
					"rotation": 270
				}
			},
			"rotation": {
				"origin": [8, 13, 18],
				"axis": "x",
				"angle": 0
			},
			"type": "cube"
		},
		{
			"name": "cube",
			"from": [3, 5, 13],
			"to": [3.5, 6, 15],
			"faces": {
				"north": {
					"uv": [1.5, 10, 1, 11],
					"texture": "#0",
					"rotation": 180
				},
				"east": {"uv": [3, 10, 1, 11], "texture": "#0"},
				"south": {
					"uv": [2.5, 10, 2, 11],
					"texture": "#0",
					"rotation": 180
				},
				"up": {
					"uv": [1, 10.5, 3, 10],
					"texture": "#0",
					"rotation": 90
				},
				"down": {
					"uv": [1, 10.5, 3, 10],
					"texture": "#0",
					"rotation": 270
				}
			},
			"type": "cube"
		},
		{
			"name": "cube",
			"from": [3, 5, 10],
			"to": [3.5, 6, 12],
			"faces": {
				"north": {
					"uv": [2, 10, 1.5, 11],
					"texture": "#0",
					"rotation": 180
				},
				"east": {"uv": [3, 10, 1, 11], "texture": "#0"},
				"south": {
					"uv": [3, 10, 2.5, 11],
					"texture": "#0",
					"rotation": 180
				},
				"up": {
					"uv": [1, 10.5, 3, 10],
					"texture": "#0",
					"rotation": 90
				},
				"down": {
					"uv": [1, 10.5, 3, 10],
					"texture": "#0",
					"rotation": 270
				}
			},
			"type": "cube"
		},
		{
			"name": "cube",
			"from": [3, 5, 7],
			"to": [3.5, 6, 9],
			"faces": {
				"north": {
					"uv": [2, 10, 1.5, 11],
					"texture": "#0",
					"rotation": 180
				},
				"east": {"uv": [3, 10, 1, 11], "texture": "#0"},
				"south": {
					"uv": [3, 10, 2.5, 11],
					"texture": "#0",
					"rotation": 180
				},
				"up": {
					"uv": [1, 10.5, 3, 10],
					"texture": "#0",
					"rotation": 90
				},
				"down": {
					"uv": [1, 10.5, 3, 10],
					"texture": "#0",
					"rotation": 270
				}
			},
			"type": "cube"
		},
		{
			"name": "cube",
			"from": [3, 5, 4],
			"to": [3.5, 6, 6],
			"faces": {
				"north": {
					"uv": [2, 10, 1.5, 11],
					"texture": "#0",
					"rotation": 180
				},
				"east": {"uv": [3, 10, 1, 11], "texture": "#0"},
				"south": {
					"uv": [3, 10, 2.5, 11],
					"texture": "#0",
					"rotation": 180
				},
				"up": {
					"uv": [1, 10.5, 3, 10],
					"texture": "#0",
					"rotation": 90
				},
				"down": {
					"uv": [1, 10.5, 3, 10],
					"texture": "#0",
					"rotation": 270
				}
			},
			"type": "cube"
		},
		{
			"name": "cube",
			"from": [3, 5, 1],
			"to": [3.5, 6, 3],
			"faces": {
				"north": {
					"uv": [3, 10, 2.5, 11],
					"texture": "#0",
					"rotation": 180
				},
				"east": {"uv": [3, 10, 1, 11], "texture": "#0"},
				"south": {
					"uv": [3, 10, 2.5, 11],
					"texture": "#0",
					"rotation": 180
				},
				"up": {
					"uv": [1, 10.5, 3, 10],
					"texture": "#0",
					"rotation": 90
				},
				"down": {
					"uv": [1, 10.5, 3, 10],
					"texture": "#0",
					"rotation": 270
				}
			},
			"type": "cube"
		},
		{
			"name": "cube",
			"from": [2, 5, 12],
			"to": [3, 6, 13],
			"faces": {
				"east": {"uv": [0, 0, 1, 1], "texture": "#0"},
				"west": {"uv": [0, 0, 1, 1], "texture": "#0"},
				"up": {"uv": [1, 1, 0, 0], "texture": "#0"},
				"down": {"uv": [1, 1, 0, 0], "texture": "#0"}
			},
			"type": "cube"
		},
		{
			"name": "cube",
			"from": [2, 5, 9],
			"to": [3, 6, 10],
			"faces": {
				"east": {"uv": [0, 0, 1, 1], "texture": "#0"},
				"west": {"uv": [0, 0, 1, 1], "texture": "#0"},
				"up": {"uv": [1, 1, 0, 0], "texture": "#0"},
				"down": {"uv": [1, 1, 0, 0], "texture": "#0"}
			},
			"type": "cube"
		},
		{
			"name": "cube",
			"from": [2, 5, 6],
			"to": [3, 6, 7],
			"faces": {
				"east": {"uv": [0, 0, 1, 1], "texture": "#0"},
				"west": {"uv": [0, 0, 1, 1], "texture": "#0"},
				"up": {"uv": [1, 1, 0, 0], "texture": "#0"},
				"down": {"uv": [1, 1, 0, 0], "texture": "#0"}
			},
			"type": "cube"
		},
		{
			"name": "cube",
			"from": [2, 5, 3],
			"to": [3, 6, 4],
			"faces": {
				"east": {"uv": [0, 0, 1, 1], "texture": "#0"},
				"west": {"uv": [0, 0, 1, 1], "texture": "#0"},
				"up": {"uv": [1, 1, 0, 0], "texture": "#0"},
				"down": {"uv": [1, 1, 0, 0], "texture": "#0"}
			},
			"type": "cube"
		},
		{
			"name": "cube",
			"from": [3, 5, 0],
			"to": [3.5, 6, 1],
			"faces": {
				"north": {
					"uv": [3, 10, 2, 11],
					"texture": "#0",
					"rotation": 270
				},
				"east": {
					"uv": [3, 10, 2, 11],
					"texture": "#0",
					"rotation": 270
				},
				"south": {
					"uv": [3, 10, 2, 11],
					"texture": "#0",
					"rotation": 270
				},
				"up": {
					"uv": [2, 11, 3, 10],
					"texture": "#0",
					"rotation": 270
				},
				"down": {
					"uv": [2, 11, 3, 10],
					"texture": "#0",
					"rotation": 270
				}
			},
			"rotation": {
				"origin": [-5, 13, 3],
				"axis": "x",
				"angle": 0
			},
			"type": "cube"
		},
		{
			"name": "cube",
			"from": [3, 5, 15],
			"to": [3.5, 6, 16],
			"faces": {
				"north": {
					"uv": [2, 10, 1, 11],
					"texture": "#0",
					"rotation": 180
				},
				"east": {"uv": [2, 10, 1, 11], "texture": "#0"},
				"south": {
					"uv": [2, 10, 1, 11],
					"texture": "#0",
					"rotation": 180
				},
				"up": {
					"uv": [1, 11, 2, 10],
					"texture": "#0",
					"rotation": 270
				},
				"down": {
					"uv": [1, 11, 2, 10],
					"texture": "#0",
					"rotation": 90
				}
			},
			"type": "cube"
		},
		{
			"name": "cube",
			"from": [0.0009999999999998899, 5, 16],
			"to": [1.001, 6, 16.5],
			"faces": {
				"east": {
					"uv": [2.5, 10, 2, 11],
					"texture": "#0",
					"cullface": "south",
					"rotation": 180
				},
				"south": {
					"uv": [2.5, 10, 2, 11],
					"texture": "#0",
					"cullface": "south",
					"rotation": 180
				},
				"west": {
					"uv": [2.5, 10, 2, 11],
					"texture": "#0",
					"cullface": "south",
					"rotation": 180
				},
				"up": {
					"uv": [2, 11, 2.5, 10],
					"texture": "#0",
					"cullface": "south",
					"rotation": 180
				},
				"down": {
					"uv": [2, 11, 2.5, 10],
					"texture": "#0",
					"cullface": "south",
					"rotation": 180
				}
			},
			"rotation": {
				"origin": [-4.9990000000000006, 8, 8],
				"axis": "y",
				"angle": 0
			},
			"type": "cube"
		},
		{
			"name": "cube",
			"from": [1.999, 5, 16],
			"to": [2.999, 6, 16.5],
			"faces": {
				"east": {
					"uv": [2.5, 10, 2, 11],
					"texture": "#0",
					"cullface": "south",
					"rotation": 180
				},
				"south": {
					"uv": [2.5, 10, 2, 11],
					"texture": "#0",
					"cullface": "south",
					"rotation": 180
				},
				"west": {
					"uv": [2.5, 10, 2, 11],
					"texture": "#0",
					"cullface": "south",
					"rotation": 180
				},
				"up": {
					"uv": [2, 11, 2.5, 10],
					"texture": "#0",
					"cullface": "south",
					"rotation": 180
				},
				"down": {
					"uv": [2, 11, 2.5, 10],
					"texture": "#0",
					"cullface": "south",
					"rotation": 180
				}
			},
			"rotation": {
				"origin": [-3.001, 8, 8],
				"axis": "y",
				"angle": 0
			},
			"type": "cube"
		},
		{
			"name": "cube",
			"from": [1.999, 5, -0.5],
			"to": [2.999, 6, 0],
			"faces": {
				"north": {
					"uv": [2, 10, 2.5, 11],
					"texture": "#0",
					"cullface": "north",
					"rotation": 180
				},
				"east": {
					"uv": [2, 10, 2.5, 11],
					"texture": "#0",
					"cullface": "north",
					"rotation": 180
				},
				"west": {
					"uv": [2, 10, 2.5, 11],
					"texture": "#0",
					"cullface": "north",
					"rotation": 180
				},
				"up": {
					"uv": [2, 10, 2.5, 11],
					"texture": "#0",
					"cullface": "north",
					"rotation": 180
				},
				"down": {
					"uv": [2, 10, 2.5, 11],
					"texture": "#0",
					"cullface": "north",
					"rotation": 180
				}
			},
			"rotation": {
				"origin": [-3.001, 8, 8],
				"axis": "y",
				"angle": 0
			},
			"type": "cube"
		},
		{
			"name": "cube",
			"from": [0.0009999999999998899, 5, -0.5],
			"to": [1.001, 6, 0],
			"faces": {
				"north": {
					"uv": [2, 10, 2.5, 11],
					"texture": "#0",
					"cullface": "north",
					"rotation": 180
				},
				"east": {
					"uv": [2, 10, 2.5, 11],
					"texture": "#0",
					"cullface": "north",
					"rotation": 180
				},
				"west": {
					"uv": [2, 10, 2.5, 11],
					"texture": "#0",
					"cullface": "north",
					"rotation": 180
				},
				"up": {
					"uv": [2, 10, 2.5, 11],
					"texture": "#0",
					"cullface": "north",
					"rotation": 180
				},
				"down": {
					"uv": [2, 10, 2.5, 11],
					"texture": "#0",
					"cullface": "north",
					"rotation": 180
				}
			},
			"rotation": {
				"origin": [-4.9990000000000006, 8, 8],
				"axis": "y",
				"angle": 0
			},
			"type": "cube"
		},
		{
			"name": "cube",
			"from": [1, 5, -0.5],
			"to": [2, 6, 0],
			"faces": {
				"north": {
					"uv": [1.5, 10, 1, 11],
					"texture": "#0",
					"cullface": "north",
					"rotation": 180
				},
				"east": {
					"uv": [1.5, 10, 1, 11],
					"texture": "#0",
					"cullface": "north",
					"rotation": 180
				},
				"west": {
					"uv": [1.5, 10, 1, 11],
					"texture": "#0",
					"cullface": "north",
					"rotation": 180
				},
				"up": {
					"uv": [1.5, 10, 1, 11],
					"texture": "#0",
					"cullface": "north",
					"rotation": 270
				},
				"down": {
					"uv": [1.5, 10, 1, 11],
					"texture": "#0",
					"cullface": "north",
					"rotation": 90
				}
			},
			"rotation": {
				"origin": [-4, 8, -8.5],
				"axis": "y",
				"angle": 0
			},
			"type": "cube"
		},
		{
			"name": "cube",
			"from": [-0.5, 5, 0],
			"to": [0, 6, 1],
			"faces": {
				"north": {
					"uv": [2, 10, 1, 11],
					"texture": "#0",
					"cullface": "west",
					"rotation": 180
				},
				"south": {
					"uv": [2, 10, 1, 11],
					"texture": "#0",
					"cullface": "west",
					"rotation": 180
				},
				"west": {
					"uv": [2, 10, 1, 11],
					"texture": "#0",
					"cullface": "west"
				},
				"up": {
					"uv": [1, 11, 2, 10],
					"texture": "#0",
					"cullface": "west",
					"rotation": 90
				},
				"down": {
					"uv": [1, 11, 2, 10],
					"texture": "#0",
					"cullface": "west",
					"rotation": 270
				}
			},
			"type": "cube"
		},
		{
			"name": "cube",
			"from": [-1, 13, 5],
			"to": [0, 15, 6],
			"faces": {
				"north": {
					"uv": [11, 1, 10, 3],
					"texture": "#0",
					"cullface": "west"
				},
				"south": {
					"uv": [11, 1, 10, 3],
					"texture": "#0",
					"cullface": "west"
				},
				"west": {
					"uv": [11, 1, 10, 3],
					"texture": "#0",
					"cullface": "west"
				},
				"up": {
					"uv": [10, 2, 11, 1],
					"texture": "#0",
					"cullface": "west"
				},
				"down": {
					"uv": [10, 2, 11, 1],
					"texture": "#0",
					"cullface": "west"
				}
			},
			"type": "cube"
		},
		{
			"name": "cube",
			"from": [-1, 13, 2],
			"to": [0, 15, 3],
			"faces": {
				"north": {
					"uv": [11, 1, 10, 3],
					"texture": "#0",
					"cullface": "west"
				},
				"south": {
					"uv": [11, 1, 10, 3],
					"texture": "#0",
					"cullface": "west"
				},
				"west": {
					"uv": [14, 1, 13, 3],
					"texture": "#0",
					"cullface": "west"
				},
				"up": {
					"uv": [10, 2, 11, 1],
					"texture": "#0",
					"cullface": "west"
				},
				"down": {
					"uv": [10, 2, 11, 1],
					"texture": "#0",
					"cullface": "west"
				}
			},
			"type": "cube"
		},
		{
			"name": "cube",
			"from": [-1, 12, 3],
			"to": [0, 13, 5],
			"faces": {
				"north": {
					"uv": [11, 1, 10, 2],
					"texture": "#0",
					"cullface": "west"
				},
				"south": {
					"uv": [11, 1, 10, 2],
					"texture": "#0",
					"cullface": "west",
					"rotation": 180
				},
				"west": {
					"uv": [14, 1, 13, 3],
					"texture": "#0",
					"cullface": "west",
					"rotation": 270
				},
				"up": {
					"uv": [10, 3, 11, 1],
					"texture": "#0",
					"cullface": "west"
				},
				"down": {
					"uv": [10, 3, 11, 1],
					"texture": "#0",
					"cullface": "west",
					"rotation": 180
				}
			},
			"rotation": {
				"origin": [8, 7, -2],
				"axis": "x",
				"angle": 0
			},
			"type": "cube"
		},
		{
			"name": "cube",
			"from": [-1, 15, 3],
			"to": [0, 16, 5],
			"faces": {
				"north": {
					"uv": [11, 1, 10, 2],
					"texture": "#0",
					"cullface": "west"
				},
				"east": {
					"uv": [13, 0, 11, 1],
					"texture": "#0",
					"cullface": "west",
					"rotation": 90
				},
				"south": {
					"uv": [11, 1, 10, 2],
					"texture": "#0",
					"cullface": "west",
					"rotation": 180
				},
				"west": {
					"uv": [14, 1, 13, 3],
					"texture": "#0",
					"cullface": "west",
					"rotation": 270
				},
				"up": {
					"uv": [10, 3, 11, 1],
					"texture": "#0",
					"cullface": "west"
				},
				"down": {
					"uv": [10, 3, 11, 1],
					"texture": "#0",
					"cullface": "west",
					"rotation": 180
				}
			},
			"rotation": {
				"origin": [8, 10, -2],
				"axis": "x",
				"angle": 0
			},
			"type": "cube"
		},
		{
			"name": "cube",
			"from": [3, 15, 3],
			"to": [4, 16, 5],
			"faces": {
				"north": {
					"uv": [11, 1, 10, 2],
					"texture": "#0",
					"rotation": 180
				},
				"east": {
					"uv": [14, 1, 13, 3],
					"texture": "#0",
					"rotation": 270
				},
				"south": {"uv": [11, 1, 10, 2], "texture": "#0"},
				"west": {
					"uv": [13, 0, 11, 1],
					"texture": "#0",
					"rotation": 90
				},
				"up": {
					"uv": [10, 3, 11, 1],
					"texture": "#0",
					"rotation": 180
				},
				"down": {"uv": [10, 3, 11, 1], "texture": "#0"}
			},
			"rotation": {
				"origin": [-5, 10, 10],
				"axis": "x",
				"angle": 0
			},
			"type": "cube"
		},
		{
			"name": "cube",
			"from": [3, 13, 2],
			"to": [4, 15, 3],
			"faces": {
				"north": {"uv": [11, 1, 10, 3], "texture": "#0"},
				"east": {"uv": [11, 1, 10, 3], "texture": "#0"},
				"south": {"uv": [11, 1, 10, 3], "texture": "#0"},
				"up": {
					"uv": [10, 2, 11, 1],
					"texture": "#0",
					"rotation": 180
				},
				"down": {
					"uv": [10, 2, 11, 1],
					"texture": "#0",
					"rotation": 180
				}
			},
			"type": "cube"
		},
		{
			"name": "cube",
			"from": [3, 13, 5],
			"to": [4, 15, 6],
			"faces": {
				"north": {"uv": [11, 1, 10, 3], "texture": "#0"},
				"east": {"uv": [14, 1, 13, 3], "texture": "#0"},
				"south": {"uv": [11, 1, 10, 3], "texture": "#0"},
				"up": {
					"uv": [10, 2, 11, 1],
					"texture": "#0",
					"rotation": 180
				},
				"down": {
					"uv": [10, 2, 11, 1],
					"texture": "#0",
					"rotation": 180
				}
			},
			"type": "cube"
		},
		{
			"name": "cube",
			"from": [3, 12, 3],
			"to": [4, 13, 5],
			"faces": {
				"north": {
					"uv": [11, 1, 10, 2],
					"texture": "#0",
					"rotation": 180
				},
				"east": {
					"uv": [14, 1, 13, 3],
					"texture": "#0",
					"rotation": 270
				},
				"south": {"uv": [11, 1, 10, 2], "texture": "#0"},
				"up": {
					"uv": [10, 3, 11, 1],
					"texture": "#0",
					"rotation": 180
				},
				"down": {"uv": [10, 3, 11, 1], "texture": "#0"}
			},
			"rotation": {
				"origin": [-5, 7, 10],
				"axis": "x",
				"angle": 0
			},
			"type": "cube"
		},
		{
			"name": "cube",
			"from": [1, 15, 16],
			"to": [2, 16, 16.5],
			"faces": {
				"east": {
					"uv": [1, 0, 0, 1],
					"texture": "#0",
					"cullface": "south"
				},
				"south": {
					"uv": [1, 0, 0, 1],
					"texture": "#0",
					"cullface": "south"
				},
				"west": {
					"uv": [1, 0, 0, 1],
					"texture": "#0",
					"cullface": "south"
				},
				"up": {
					"uv": [0, 1, 1, 0],
					"texture": "#0",
					"cullface": "south"
				},
				"down": {
					"uv": [0, 1, 1, 0],
					"texture": "#0",
					"cullface": "south"
				}
			},
			"type": "cube"
		},
		{
			"name": "cube",
			"from": [1, 4, 14.5],
			"to": [2, 6, 16.5],
			"faces": {
				"east": {
					"uv": [1, 10, 0, 12],
					"texture": "#0",
					"cullface": "south"
				},
				"south": {
					"uv": [1, 10, 0, 12],
					"texture": "#0",
					"cullface": "south"
				},
				"west": {
					"uv": [1, 10, 0, 12],
					"texture": "#0",
					"cullface": "south"
				},
				"up": {
					"uv": [0, 12, 1, 10],
					"texture": "#0",
					"cullface": "south"
				},
				"down": {
					"uv": [0, 12, 1, 10],
					"texture": "#0",
					"cullface": "south"
				}
			},
			"type": "cube"
		}
	]
}