{
	"credit": "Made with Blockbench, a free, modern block model editor by JannisX11",
	"parent": "item/parents/sapling",
	"textures": {
		"0": "3d_decoration/sapling_spruce_leaves",
		"1": "3d_decoration/sapling_spruce_wood",
		"particle": "3d_decoration/sapling_spruce_leaves"
	},
	"elements": [
		{
			"name": "cube",
			"from": [7, 0, 7],
			"to": [9, 13, 9],
			"faces": {
				"north": {"uv": [7, 3, 9, 16], "texture": "#1"},
				"east": {"uv": [9, 16, 7, 3], "texture": "#1"},
				"south": {"uv": [7, 3, 9, 16], "texture": "#1"},
				"west": {"uv": [7, 3, 9, 16], "texture": "#1"},
				"up": {"uv": [7, 7, 9, 9], "texture": "#1"},
				"down": {"uv": [7, 7, 9, 9], "texture": "#1"}
			},
			"type": "cube"
		},
		{
			"name": "cube",
			"from": [6, 4, 7],
			"to": [7, 7, 8],
			"faces": {
				"north": {"uv": [9, 9, 10, 12], "texture": "#1"},
				"east": {"uv": [9, 12, 8, 9], "texture": "#1"},
				"south": {"uv": [6, 9, 7, 12], "texture": "#1"},
				"west": {"uv": [7, 9, 8, 12], "texture": "#1"},
				"up": {"uv": [6, 7, 7, 8], "texture": "#1"},
				"down": {"uv": [6, 8, 7, 9], "texture": "#1"}
			},
			"type": "cube"
		},
		{
			"name": "cube",
			"from": [9, 4, 8],
			"to": [10, 7, 9],
			"faces": {
				"north": {"uv": [6, 9, 7, 12], "texture": "#1"},
				"east": {"uv": [8, 12, 7, 9], "texture": "#1"},
				"south": {"uv": [9, 9, 10, 12], "texture": "#1"},
				"west": {"uv": [8, 9, 9, 12], "texture": "#1"},
				"up": {"uv": [9, 8, 10, 9], "texture": "#1"},
				"down": {"uv": [9, 7, 10, 8], "texture": "#1"}
			},
			"type": "cube"
		},
		{
			"name": "cube",
			"from": [10, 5, 8],
			"to": [11, 7, 9],
			"faces": {
				"north": {"uv": [5, 9, 6, 11], "texture": "#1"},
				"east": {"uv": [8, 11, 7, 9], "texture": "#1"},
				"south": {"uv": [10, 9, 11, 11], "texture": "#1"},
				"west": {"uv": [8, 9, 9, 11], "texture": "#1"},
				"up": {"uv": [10, 8, 11, 9], "texture": "#1"},
				"down": {"uv": [10, 7, 11, 8], "texture": "#1"}
			},
			"type": "cube"
		},
		{
			"name": "cube",
			"from": [11, 6, 7],
			"to": [12, 7, 8],
			"faces": {
				"north": {"uv": [4, 9, 5, 10], "texture": "#1"},
				"east": {"uv": [9, 10, 8, 9], "texture": "#1"},
				"south": {"uv": [11, 9, 12, 10], "texture": "#1"},
				"west": {"uv": [7, 9, 8, 10], "texture": "#1"},
				"up": {"uv": [11, 7, 12, 8], "texture": "#1"},
				"down": {"uv": [11, 8, 12, 9], "texture": "#1"}
			},
			"type": "cube"
		},
		{
			"name": "cube",
			"from": [11, 7, 7],
			"to": [13, 9, 8],
			"faces": {
				"north": {"uv": [3, 7, 5, 9], "texture": "#1"},
				"east": {"uv": [9, 9, 8, 7], "texture": "#1"},
				"south": {"uv": [11, 7, 13, 9], "texture": "#1"},
				"west": {"uv": [7, 7, 8, 9], "texture": "#1"},
				"up": {"uv": [11, 7, 13, 8], "texture": "#1"},
				"down": {"uv": [11, 8, 13, 9], "texture": "#1"}
			},
			"type": "cube"
		},
		{
			"name": "cube",
			"from": [4, 6, 8],
			"to": [6, 7, 9],
			"faces": {
				"north": {"uv": [10, 9, 12, 10], "texture": "#1"},
				"east": {"uv": [8, 10, 7, 9], "texture": "#1"},
				"south": {"uv": [4, 9, 6, 10], "texture": "#1"},
				"west": {"uv": [8, 9, 9, 10], "texture": "#1"},
				"up": {"uv": [4, 8, 6, 9], "texture": "#1"},
				"down": {"uv": [4, 7, 6, 8], "texture": "#1"}
			},
			"type": "cube"
		},
		{
			"name": "cube",
			"from": [2, 7, 8],
			"to": [4, 8, 9],
			"faces": {
				"north": {"uv": [12, 8, 14, 9], "texture": "#1"},
				"east": {"uv": [8, 9, 7, 8], "texture": "#1"},
				"south": {"uv": [2, 8, 4, 9], "texture": "#1"},
				"west": {"uv": [8, 8, 9, 9], "texture": "#1"},
				"up": {"uv": [2, 8, 4, 9], "texture": "#1"},
				"down": {"uv": [2, 7, 4, 8], "texture": "#1"}
			},
			"type": "cube"
		},
		{
			"name": "cube",
			"from": [7, 2, 6],
			"to": [8, 3, 7],
			"faces": {
				"north": {"uv": [8, 13, 9, 14], "texture": "#1"},
				"east": {"uv": [10, 14, 9, 13], "texture": "#1"},
				"south": {"uv": [7, 13, 8, 14], "texture": "#1"},
				"west": {"uv": [6, 13, 7, 14], "texture": "#1"},
				"up": {"uv": [7, 6, 8, 7], "texture": "#1"},
				"down": {"uv": [7, 9, 8, 10], "texture": "#1"}
			},
			"type": "cube"
		},
		{
			"name": "cube",
			"from": [7, 0, 7],
			"to": [9, 13, 9],
			"faces": {
				"north": {"uv": [7, 3, 9, 16], "texture": "#1"},
				"east": {"uv": [9, 16, 7, 3], "texture": "#1"},
				"south": {"uv": [7, 3, 9, 16], "texture": "#1"},
				"west": {"uv": [7, 3, 9, 16], "texture": "#1"},
				"up": {"uv": [7, 7, 9, 9], "texture": "#1"},
				"down": {"uv": [7, 7, 9, 9], "texture": "#1"}
			},
			"type": "cube"
		},
		{
			"name": "cube",
			"from": [8, 4, 6],
			"to": [9, 7, 7],
			"faces": {
				"north": {"uv": [7, 9, 8, 12], "texture": "#1"},
				"east": {"uv": [10, 12, 9, 9], "texture": "#1"},
				"south": {"uv": [8, 9, 9, 12], "texture": "#1"},
				"west": {"uv": [6, 9, 7, 12], "texture": "#1"},
				"up": {"uv": [8, 6, 9, 7], "texture": "#1"},
				"down": {"uv": [8, 9, 9, 10], "texture": "#1"}
			},
			"type": "cube"
		},
		{
			"name": "cube",
			"from": [7, 4, 9],
			"to": [8, 7, 10],
			"faces": {
				"north": {"uv": [8, 9, 9, 12], "texture": "#1"},
				"east": {"uv": [7, 12, 6, 9], "texture": "#1"},
				"south": {"uv": [7, 9, 8, 12], "texture": "#1"},
				"west": {"uv": [9, 9, 10, 12], "texture": "#1"},
				"up": {"uv": [7, 9, 8, 10], "texture": "#1"},
				"down": {"uv": [7, 6, 8, 7], "texture": "#1"}
			},
			"type": "cube"
		},
		{
			"name": "cube",
			"from": [7, 5, 10],
			"to": [8, 7, 11],
			"faces": {
				"north": {"uv": [8, 9, 9, 11], "texture": "#1"},
				"east": {"uv": [6, 11, 5, 9], "texture": "#1"},
				"south": {"uv": [7, 9, 8, 11], "texture": "#1"},
				"west": {"uv": [10, 9, 11, 11], "texture": "#1"},
				"up": {"uv": [7, 10, 8, 11], "texture": "#1"},
				"down": {"uv": [7, 5, 8, 6], "texture": "#1"}
			},
			"type": "cube"
		},
		{
			"name": "cube",
			"from": [8, 6, 11],
			"to": [9, 7, 12],
			"faces": {
				"north": {"uv": [7, 9, 8, 10], "texture": "#1"},
				"east": {"uv": [5, 10, 4, 9], "texture": "#1"},
				"south": {"uv": [8, 9, 9, 10], "texture": "#1"},
				"west": {"uv": [11, 9, 12, 10], "texture": "#1"},
				"up": {"uv": [8, 11, 9, 12], "texture": "#1"},
				"down": {"uv": [8, 4, 9, 5], "texture": "#1"}
			},
			"type": "cube"
		},
		{
			"name": "cube",
			"from": [8, 7, 11],
			"to": [9, 9, 13],
			"faces": {
				"north": {"uv": [7, 7, 8, 9], "texture": "#1"},
				"east": {"uv": [5, 9, 3, 7], "texture": "#1"},
				"south": {"uv": [8, 7, 9, 9], "texture": "#1"},
				"west": {"uv": [11, 7, 13, 9], "texture": "#1"},
				"up": {"uv": [8, 11, 9, 13], "texture": "#1"},
				"down": {"uv": [8, 3, 9, 5], "texture": "#1"}
			},
			"type": "cube"
		},
		{
			"name": "cube",
			"from": [7, 6, 4],
			"to": [8, 7, 6],
			"faces": {
				"north": {"uv": [8, 9, 9, 10], "texture": "#1"},
				"east": {"uv": [12, 10, 10, 9], "texture": "#1"},
				"south": {"uv": [7, 9, 8, 10], "texture": "#1"},
				"west": {"uv": [4, 9, 6, 10], "texture": "#1"},
				"up": {"uv": [7, 4, 8, 6], "texture": "#1"},
				"down": {"uv": [7, 10, 8, 12], "texture": "#1"}
			},
			"type": "cube"
		},
		{
			"name": "cube",
			"from": [7, 7, 2],
			"to": [8, 8, 4],
			"faces": {
				"north": {"uv": [8, 8, 9, 9], "texture": "#1"},
				"east": {"uv": [14, 9, 12, 8], "texture": "#1"},
				"south": {"uv": [7, 8, 8, 9], "texture": "#1"},
				"west": {"uv": [2, 8, 4, 9], "texture": "#1"},
				"up": {"uv": [7, 2, 8, 4], "texture": "#1"},
				"down": {"uv": [7, 12, 8, 14], "texture": "#1"}
			},
			"type": "cube"
		},
		{
			"name": "cube",
			"from": [8, 1, 9],
			"to": [9, 2, 10],
			"faces": {
				"north": {"uv": [7, 14, 8, 15], "texture": "#1"},
				"east": {"uv": [7, 15, 6, 14], "texture": "#1"},
				"south": {"uv": [8, 14, 9, 15], "texture": "#1"},
				"west": {"uv": [9, 14, 10, 15], "texture": "#1"},
				"up": {"uv": [8, 9, 9, 10], "texture": "#1"},
				"down": {"uv": [8, 6, 9, 7], "texture": "#1"}
			},
			"type": "cube"
		},
		{
			"name": "cube",
			"from": [7, 8, 2],
			"to": [9, 10, 4],
			"faces": {
				"north": {"uv": [7, 6, 9, 8], "texture": "#0"},
				"east": {"uv": [14, 8, 12, 6], "texture": "#0"},
				"south": {"uv": [7, 6, 9, 8], "texture": "#0"},
				"west": {"uv": [2, 6, 4, 8], "texture": "#0"},
				"up": {"uv": [7, 2, 9, 4], "texture": "#0"},
				"down": {"uv": [7, 12, 9, 14], "texture": "#0"}
			},
			"type": "cube"
		},
		{
			"name": "cube",
			"from": [6, 7, 4],
			"to": [8, 9, 6],
			"faces": {
				"north": {"uv": [8, 7, 10, 9], "texture": "#0"},
				"east": {"uv": [12, 9, 10, 7], "texture": "#0"},
				"south": {"uv": [6, 7, 8, 9], "texture": "#0"},
				"west": {"uv": [4, 7, 6, 9], "texture": "#0"},
				"up": {"uv": [6, 4, 8, 6], "texture": "#0"},
				"down": {"uv": [6, 10, 8, 12], "texture": "#0"}
			},
			"type": "cube"
		},
		{
			"name": "cube",
			"from": [4, 7, 7],
			"to": [6, 9, 9],
			"faces": {
				"north": {"uv": [10, 7, 12, 9], "texture": "#0"},
				"east": {"uv": [9, 9, 7, 7], "texture": "#0"},
				"south": {"uv": [4, 7, 6, 9], "texture": "#0"},
				"west": {"uv": [7, 7, 9, 9], "texture": "#0"},
				"up": {"uv": [4, 7, 6, 9], "texture": "#0"},
				"down": {"uv": [4, 7, 6, 9], "texture": "#0"}
			},
			"type": "cube"
		},
		{
			"name": "cube",
			"from": [7, 7, 9],
			"to": [9, 9, 11],
			"faces": {
				"north": {"uv": [7, 7, 9, 9], "texture": "#0"},
				"east": {"uv": [7, 9, 5, 7], "texture": "#0"},
				"south": {"uv": [7, 7, 9, 9], "texture": "#0"},
				"west": {"uv": [9, 7, 11, 9], "texture": "#0"},
				"up": {"uv": [7, 9, 9, 11], "texture": "#0"},
				"down": {"uv": [7, 5, 9, 7], "texture": "#0"}
			},
			"type": "cube"
		},
		{
			"name": "cube",
			"from": [7, 9, 11],
			"to": [9, 11, 13],
			"faces": {
				"north": {"uv": [7, 5, 9, 7], "texture": "#0"},
				"east": {"uv": [5, 7, 3, 5], "texture": "#0"},
				"south": {"uv": [7, 5, 9, 7], "texture": "#0"},
				"west": {"uv": [11, 5, 13, 7], "texture": "#0"},
				"up": {"uv": [7, 11, 9, 13], "texture": "#0"},
				"down": {"uv": [7, 3, 9, 5], "texture": "#0"}
			},
			"type": "cube"
		},
		{
			"name": "cube",
			"from": [9, 7, 7],
			"to": [11, 9, 9],
			"faces": {
				"north": {"uv": [5, 7, 7, 9], "texture": "#0"},
				"east": {"uv": [9, 9, 7, 7], "texture": "#0"},
				"south": {"uv": [9, 7, 11, 9], "texture": "#0"},
				"west": {"uv": [7, 7, 9, 9], "texture": "#0"},
				"up": {"uv": [9, 7, 11, 9], "texture": "#0"},
				"down": {"uv": [9, 7, 11, 9], "texture": "#0"}
			},
			"type": "cube"
		},
		{
			"name": "cube",
			"from": [11, 9, 6],
			"to": [13, 11, 8],
			"faces": {
				"north": {"uv": [3, 5, 5, 7], "texture": "#0"},
				"east": {"uv": [10, 7, 8, 5], "texture": "#0"},
				"south": {"uv": [11, 5, 13, 7], "texture": "#0"},
				"west": {"uv": [6, 5, 8, 7], "texture": "#0"},
				"up": {"uv": [11, 6, 13, 8], "texture": "#0"},
				"down": {"uv": [11, 8, 13, 10], "texture": "#0"}
			},
			"type": "cube"
		},
		{
			"name": "cube",
			"from": [7, 13, 7],
			"to": [9, 15, 9],
			"faces": {
				"north": {"uv": [7, 1, 9, 3], "texture": "#0"},
				"east": {"uv": [9, 3, 7, 1], "texture": "#0"},
				"south": {"uv": [7, 1, 9, 3], "texture": "#0"},
				"west": {"uv": [7, 1, 9, 3], "texture": "#0"},
				"up": {"uv": [7, 7, 9, 9], "texture": "#0"},
				"down": {"uv": [7, 7, 9, 9], "texture": "#0"}
			},
			"type": "cube"
		},
		{
			"name": "cube",
			"from": [11, 6, 8],
			"to": [13, 8, 10],
			"faces": {
				"north": {"uv": [3, 8, 5, 10], "texture": "#0"},
				"east": {"uv": [8, 10, 6, 8], "texture": "#0"},
				"south": {"uv": [11, 8, 13, 10], "texture": "#0"},
				"west": {"uv": [8, 8, 10, 10], "texture": "#0"},
				"up": {"uv": [11, 8, 13, 10], "texture": "#0"},
				"down": {"uv": [11, 6, 13, 8], "texture": "#0"}
			},
			"type": "cube"
		},
		{
			"name": "cube",
			"from": [6, 6, 11],
			"to": [8, 8, 13],
			"faces": {
				"north": {"uv": [8, 8, 10, 10], "texture": "#0"},
				"east": {"uv": [5, 10, 3, 8], "texture": "#0"},
				"south": {"uv": [6, 8, 8, 10], "texture": "#0"},
				"west": {"uv": [11, 8, 13, 10], "texture": "#0"},
				"up": {"uv": [6, 11, 8, 13], "texture": "#0"},
				"down": {"uv": [6, 3, 8, 5], "texture": "#0"}
			},
			"type": "cube"
		},
		{
			"name": "cube",
			"from": [2, 6, 6],
			"to": [4, 8, 8],
			"faces": {
				"north": {"uv": [12, 8, 14, 10], "texture": "#0"},
				"east": {"uv": [10, 10, 8, 8], "texture": "#0"},
				"south": {"uv": [2, 8, 4, 10], "texture": "#0"},
				"west": {"uv": [6, 8, 8, 10], "texture": "#0"},
				"up": {"uv": [2, 6, 4, 8], "texture": "#0"},
				"down": {"uv": [2, 8, 4, 10], "texture": "#0"}
			},
			"type": "cube"
		},
		{
			"name": "cube",
			"from": [5, 11, 8],
			"to": [7, 13, 10],
			"faces": {
				"north": {"uv": [9, 3, 11, 5], "texture": "#0"},
				"east": {"uv": [8, 5, 6, 3], "texture": "#0"},
				"south": {"uv": [5, 3, 7, 5], "texture": "#0"},
				"west": {"uv": [8, 3, 10, 5], "texture": "#0"},
				"up": {"uv": [5, 8, 7, 10], "texture": "#0"},
				"down": {"uv": [5, 6, 7, 8], "texture": "#0"}
			},
			"type": "cube"
		},
		{
			"name": "cube",
			"from": [9, 11, 7],
			"to": [11, 13, 9],
			"faces": {
				"north": {"uv": [5, 3, 7, 5], "texture": "#0"},
				"east": {"uv": [9, 5, 7, 3], "texture": "#0"},
				"south": {"uv": [9, 3, 11, 5], "texture": "#0"},
				"west": {"uv": [7, 3, 9, 5], "texture": "#0"},
				"up": {"uv": [9, 7, 11, 9], "texture": "#0"},
				"down": {"uv": [9, 7, 11, 9], "texture": "#0"}
			},
			"type": "cube"
		},
		{
			"name": "cube",
			"from": [7, 10, 5],
			"to": [9, 12, 7],
			"faces": {
				"north": {"uv": [7, 5, 9, 7], "texture": "#0"},
				"east": {"uv": [11, 7, 9, 5], "texture": "#0"},
				"south": {"uv": [7, 5, 9, 7], "texture": "#0"},
				"west": {"uv": [5, 5, 7, 7], "texture": "#0"},
				"up": {"uv": [7, 5, 9, 7], "texture": "#0"},
				"down": {"uv": [7, 9, 9, 11], "texture": "#0"}
			},
			"type": "cube"
		},
		{
			"name": "cube",
			"from": [7, 10, 9],
			"to": [9, 12, 11],
			"faces": {
				"north": {"uv": [7, 4, 9, 6], "texture": "#0"},
				"east": {"uv": [7, 6, 5, 4], "texture": "#0"},
				"south": {"uv": [7, 4, 9, 6], "texture": "#0"},
				"west": {"uv": [9, 4, 11, 6], "texture": "#0"},
				"up": {"uv": [7, 9, 9, 11], "texture": "#0"},
				"down": {"uv": [7, 5, 9, 7], "texture": "#0"}
			},
			"type": "cube"
		},
		{
			"name": "cube",
			"from": [8, 6, 3],
			"to": [10, 8, 5],
			"faces": {
				"north": {"uv": [6, 8, 8, 10], "texture": "#0"},
				"east": {"uv": [13, 10, 11, 8], "texture": "#0"},
				"south": {"uv": [8, 8, 10, 10], "texture": "#0"},
				"west": {"uv": [3, 8, 5, 10], "texture": "#0"},
				"up": {"uv": [8, 3, 10, 5], "texture": "#0"},
				"down": {"uv": [8, 11, 10, 13], "texture": "#0"}
			},
			"type": "cube"
		},
		{
			"name": "cube",
			"from": [9, 7, 11],
			"to": [11, 9, 13],
			"faces": {
				"north": {"uv": [5, 7, 7, 9], "texture": "#0"},
				"east": {"uv": [5, 9, 3, 7], "texture": "#0"},
				"south": {"uv": [9, 7, 11, 9], "texture": "#0"},
				"west": {"uv": [11, 7, 13, 9], "texture": "#0"},
				"up": {"uv": [9, 11, 11, 13], "texture": "#0"},
				"down": {"uv": [9, 3, 11, 5], "texture": "#0"}
			},
			"type": "cube"
		},
		{
			"name": "cube",
			"from": [3, 6, 9],
			"to": [5, 8, 11],
			"faces": {
				"north": {"uv": [11, 8, 13, 10], "texture": "#0"},
				"east": {"uv": [7, 10, 5, 8], "texture": "#0"},
				"south": {"uv": [3, 8, 5, 10], "texture": "#0"},
				"west": {"uv": [9, 8, 11, 10], "texture": "#0"},
				"up": {"uv": [3, 9, 5, 11], "texture": "#0"},
				"down": {"uv": [3, 5, 5, 7], "texture": "#0"}
			},
			"type": "cube"
		},
		{
			"name": "cube",
			"from": [11, 6, 5],
			"to": [13, 8, 7],
			"faces": {
				"north": {"uv": [3, 8, 5, 10], "texture": "#0"},
				"east": {"uv": [11, 10, 9, 8], "texture": "#0"},
				"south": {"uv": [11, 8, 13, 10], "texture": "#0"},
				"west": {"uv": [5, 8, 7, 10], "texture": "#0"},
				"up": {"uv": [11, 5, 13, 7], "texture": "#0"},
				"down": {"uv": [11, 9, 13, 11], "texture": "#0"}
			},
			"type": "cube"
		},
		{
			"name": "cube",
			"from": [4, 9, 6],
			"to": [6, 11, 8],
			"faces": {
				"north": {"uv": [7, 5, 9, 7], "texture": "#0"},
				"east": {"uv": [5, 7, 3, 5], "texture": "#0"},
				"south": {"uv": [7, 5, 9, 7], "texture": "#0"},
				"west": {"uv": [11, 5, 13, 7], "texture": "#0"},
				"up": {"uv": [7, 11, 9, 13], "texture": "#0"},
				"down": {"uv": [7, 3, 9, 5], "texture": "#0"}
			},
			"type": "cube"
		},
		{
			"name": "cube",
			"from": [6, 3, 5],
			"to": [8, 5, 7],
			"faces": {
				"north": {"uv": [12, 8, 14, 10], "texture": "#0"},
				"east": {"uv": [10, 10, 8, 8], "texture": "#0"},
				"south": {"uv": [2, 8, 4, 10], "texture": "#0"},
				"west": {"uv": [6, 8, 8, 10], "texture": "#0"},
				"up": {"uv": [2, 6, 4, 8], "texture": "#0"},
				"down": {"uv": [2, 8, 4, 10], "texture": "#0"}
			},
			"type": "cube"
		},
		{
			"name": "cube",
			"from": [8, 2, 8],
			"to": [10, 4, 10],
			"faces": {
				"north": {"uv": [12, 8, 14, 10], "texture": "#0"},
				"east": {"uv": [10, 10, 8, 8], "texture": "#0"},
				"south": {"uv": [2, 8, 4, 10], "texture": "#0"},
				"west": {"uv": [6, 8, 8, 10], "texture": "#0"},
				"up": {"uv": [2, 6, 4, 8], "texture": "#0"},
				"down": {"uv": [2, 8, 4, 10], "texture": "#0"}
			},
			"type": "cube"
		}
	],
	"groups": [
		0,
		1,
		2,
		3,
		4,
		5,
		6,
		7,
		8,
		9,
		10,
		11,
		12,
		13,
		14,
		15,
		16,
		17,
		{
			"name": "group",
			"isOpen": true,
			"display": {"visibility": true, "autouv": true},
			"children": [
				18,
				19,
				20,
				21,
				22,
				23,
				24,
				25,
				26,
				27,
				28,
				29,
				30,
				31,
				32,
				33,
				34,
				35,
				36,
				37,
				38,
				39
			]
		}
	]
}