{
	"credit": "Made with Blockbench, a free, modern block model editor by JannisX11",
	"ambientocclusion": false,
	"textures": {
		"0": "3d_decoration/3d_torch_lit",
		"1": "3d_transportation/3d_rail_wood",
		"2": "3d_transportation/3d_rail_iron_dark",
		"particle": "3d_transportation/3d_rail_wood"
	},
	"elements": [
		{
			"name": "cube",
			"from": [1, 1.5, 7],
			"to": [3, 2, 9],
			"faces": {
				"north": {"uv": [7, 16, 9, 15.5], "texture": "#2"},
				"east": {"uv": [9, 15.5, 7, 16], "texture": "#2"},
				"south": {"uv": [9, 15.5, 7, 16], "texture": "#2"},
				"west": {"uv": [9, 15.5, 7, 16], "texture": "#2"},
				"up": {
					"uv": [7, 9, 9, 7],
					"texture": "#2",
					"rotation": 270
				},
				"down": {
					"uv": [7, 9, 9, 7],
					"texture": "#2",
					"rotation": 90
				}
			},
			"rotation": {
				"origin": [6, 7.5, 8],
				"axis": "z",
				"angle": -22.5
			},
			"type": "cube"
		},
		{
			"name": "cube",
			"from": [1.125, 2, 7.125],
			"to": [2.875, 8, 8.875],
			"faces": {
				"north": {
					"uv": [7.125, 15.5, 8.875, 9.5],
					"texture": "#1"
				},
				"east": {
					"uv": [8.875, 9.5, 7.125, 15.5],
					"texture": "#1"
				},
				"south": {
					"uv": [8.875, 9.5, 7.125, 15.5],
					"texture": "#1"
				},
				"west": {
					"uv": [8.875, 9.5, 7.125, 15.5],
					"texture": "#1"
				},
				"up": {
					"uv": [0, 1.75, 1.75, 0],
					"texture": "#missing",
					"rotation": 270
				},
				"down": {
					"uv": [0, 1.75, 1.75, 0],
					"texture": "#missing",
					"rotation": 90
				}
			},
			"rotation": {
				"origin": [6, 7.5, 8],
				"axis": "z",
				"angle": -22.5
			},
			"type": "cube"
		},
		{
			"name": "cube",
			"from": [1, 8, 7],
			"to": [3, 9, 9],
			"faces": {
				"north": {"uv": [7, 9.5, 9, 8.5], "texture": "#2"},
				"east": {"uv": [9, 8.5, 7, 9.5], "texture": "#2"},
				"south": {"uv": [9, 8.5, 7, 9.5], "texture": "#2"},
				"west": {"uv": [9, 8.5, 7, 9.5], "texture": "#2"},
				"up": {
					"uv": [7, 9, 9, 7],
					"texture": "#2",
					"rotation": 270
				},
				"down": {
					"uv": [7, 9, 9, 7],
					"texture": "#2",
					"rotation": 90
				}
			},
			"rotation": {
				"origin": [6, 7.5, 8],
				"axis": "z",
				"angle": -22.5
			},
			"type": "cube"
		},
		{
			"name": "cube",
			"from": [0.875, 9, 6.875],
			"to": [3.125, 9.5, 9.125],
			"faces": {
				"north": {
					"uv": [6.875, 8.5, 9.125, 8],
					"texture": "#2"
				},
				"east": {
					"uv": [9.125, 8, 6.875, 8.5],
					"texture": "#2"
				},
				"south": {
					"uv": [9.125, 8, 6.875, 8.5],
					"texture": "#2"
				},
				"west": {
					"uv": [9.125, 8, 6.875, 8.5],
					"texture": "#2"
				},
				"up": {
					"uv": [6.875, 9.125, 9.125, 6.875],
					"texture": "#2",
					"rotation": 270
				},
				"down": {
					"uv": [6.875, 9.125, 9.125, 6.875],
					"texture": "#2",
					"rotation": 90
				}
			},
			"rotation": {
				"origin": [6, 7.5, 8],
				"axis": "z",
				"angle": -22.5
			},
			"type": "cube"
		},
		{
			"name": "cube",
			"from": [1, 9.5, 7],
			"to": [3, 11.5, 9],
			"faces": {
				"north": {"uv": [7, 8, 9, 6], "texture": "#0"},
				"east": {"uv": [9, 6, 7, 8], "texture": "#0"},
				"south": {"uv": [9, 6, 7, 8], "texture": "#0"},
				"west": {"uv": [9, 6, 7, 8], "texture": "#0"},
				"up": {
					"uv": [7, 9, 9, 7],
					"texture": "#0",
					"rotation": 270
				}
			},
			"rotation": {
				"origin": [6, 7.5, 8],
				"axis": "z",
				"angle": -22.5
			},
			"type": "cube"
		},
		{
			"name": "cube",
			"from": [1, 6, 7],
			"to": [3, 7, 9],
			"faces": {
				"north": {
					"uv": [7, 11.5, 9, 10.5],
					"texture": "#2"
				},
				"east": {"uv": [9, 10.5, 7, 11.5], "texture": "#2"},
				"south": {
					"uv": [9, 10.5, 7, 11.5],
					"texture": "#2"
				},
				"west": {"uv": [9, 10.5, 7, 11.5], "texture": "#2"},
				"up": {
					"uv": [7, 9, 9, 7],
					"texture": "#2",
					"rotation": 270
				},
				"down": {
					"uv": [7, 9, 9, 7],
					"texture": "#2",
					"rotation": 90
				}
			},
			"rotation": {
				"origin": [6, 7.5, 8],
				"axis": "z",
				"angle": -22.5
			},
			"type": "cube"
		},
		{
			"name": "cube",
			"from": [-0.75, 8.125, 7.75],
			"to": [1.25, 8.625, 8.25],
			"faces": {
				"north": {"uv": [0, 0, 2, 0.5], "texture": "#2"},
				"east": {"uv": [0, 0, 0.5, 0.5], "texture": "#2"},
				"south": {"uv": [0, 0, 2, 0.5], "texture": "#2"},
				"west": {"uv": [0, 0, 0.5, 0.5], "texture": "#2"},
				"up": {"uv": [0, 0, 2, 0.5], "texture": "#2"},
				"down": {"uv": [0, 0, 2, 0.5], "texture": "#2"}
			},
			"rotation": {
				"origin": [6.5, 8.875, 8],
				"axis": "y",
				"angle": 0
			},
			"type": "cube"
		},
		{
			"name": "cube",
			"from": [-0.75, 10.175, 7.75],
			"to": [2.25, 10.675, 8.25],
			"faces": {
				"north": {"uv": [0, 0, 3, 0.5], "texture": "#2"},
				"east": {"uv": [0, 0, 0.5, 0.5], "texture": "#2"},
				"south": {"uv": [0, 0, 3, 0.5], "texture": "#2"},
				"west": {"uv": [0, 0, 0.5, 0.5], "texture": "#2"},
				"up": {"uv": [0, 0, 3, 0.5], "texture": "#2"},
				"down": {
					"uv": [0, 0, 3, 0.5],
					"texture": "#2",
					"rotation": 180
				}
			},
			"rotation": {
				"origin": [6.5, 10.925, 8],
				"axis": "y",
				"angle": 0
			},
			"type": "cube"
		}
	]
}