{
	"__comment": "Designed by CreatorLabs with Cubik Studio - https://cubik.studio",
	"textures": {
		"0": "3d_decoration/3d_coal_lit",
		"1": "3d_transportation/3d_rail_wood",
		"2": "3d_transportation/3d_rail_iron_dark",
		"particle": "3d_transportation/3d_rail_wood"
	},
	"elements": [ 	 
		{
			"from": [ 7, 0, 7 ],
			"to": [ 9, 0.55, 9 ],
			"faces": {
				"down": { "uv": [ 7, 7, 9, 9 ], "texture": "#2" },
				"up": { "uv": [ 7, 7, 9, 9 ], "texture": "#2" },
				"north": { "uv": [ 7, 15.5, 9, 16 ], "texture": "#2" },
				"south": { "uv": [ 7, 15.5, 9, 16 ], "texture": "#2" },
				"west": { "uv": [ 7, 15.5, 9, 16 ], "texture": "#2" },
				"east": { "uv": [ 9, 16, 7, 15.5 ], "texture": "#2" }
			}
		},
		{
			"from": [ 7.125, 0.5, 7.125 ],
			"to": [ 8.875, 6.5, 8.875 ],
			"faces": {
				"down": { "uv": [ 0, 0, 1.75, 1.75 ], "texture": "#missing" },
				"up": { "uv": [ 0, 0, 1.75, 1.75 ], "texture": "#missing" },
				"north": { "uv": [ 7.125, 9.5, 8.875, 15.5 ], "texture": "#1" },
				"south": { "uv": [ 7.125, 9.5, 8.875, 15.5 ], "texture": "#1" },
				"west": { "uv": [ 7.125, 9.5, 8.875, 15.5 ], "texture": "#1" },
				"east": { "uv": [ 8.875, 15.5, 7.125, 9.5 ], "texture": "#1" }
			}
		},
		{
			"from": [ 7, 6.5, 7 ],
			"to": [ 9, 7.5, 9 ],
			"faces": {
				"down": { "uv": [ 7, 7, 9, 9 ], "texture": "#2" },
				"up": { "uv": [ 7, 7, 9, 9 ], "texture": "#2" },
				"north": { "uv": [ 7, 8.5, 9, 9.5 ], "texture": "#2" },
				"south": { "uv": [ 7, 8.5, 9, 9.5 ], "texture": "#2" },
				"west": { "uv": [ 7, 8.5, 9, 9.5 ], "texture": "#2" },
				"east": { "uv": [ 9, 9.5, 7, 8.5 ], "texture": "#2" }
			}
		},
		{
			"from": [ 6.875, 7.5, 6.875 ],
			"to": [ 9.125, 8, 9.125 ],
			"faces": {
				"down": { "uv": [ 6.875, 6.875, 9.125, 9.125 ], "texture": "#2" },
				"up": { "uv": [ 6.875, 6.875, 9.125, 9.125 ], "texture": "#2" },
				"north": { "uv": [ 6.875, 8, 9.125, 8.5 ], "texture": "#2" },
				"south": { "uv": [ 6.875, 8, 9.125, 8.5 ], "texture": "#2" },
				"west": { "uv": [ 6.875, 8, 9.125, 8.5 ], "texture": "#2" },
				"east": { "uv": [ 9.125, 8.5, 6.875, 8 ], "texture": "#2" }
			}
		},
		{
			"from": [ 7, 8, 7 ],
			"to": [ 9, 10, 9 ],
			"faces": {
				"up": { "uv": [ 7, 7, 9, 9 ], "texture": "#0" },
				"north": { "uv": [ 7, 6, 9, 8 ], "texture": "#0" },
				"south": { "uv": [ 7, 6, 9, 8 ], "texture": "#0" },
				"west": { "uv": [ 7, 6, 9, 8 ], "texture": "#0" },
				"east": { "uv": [ 9, 8, 7, 6 ], "texture": "#0" }
			}
		},
		{
			"from": [ 7, 4.5, 7 ],
			"to": [ 9, 5.5, 9 ],
			"faces": {
				"down": { "uv": [ 7, 7, 9, 9 ], "texture": "#2" },
				"up": { "uv": [ 7, 7, 9, 9 ], "texture": "#2" },
				"north": { "uv": [ 7, 10.5, 9, 11.5 ], "texture": "#2" },
				"south": { "uv": [ 7, 10.5, 9, 11.5 ], "texture": "#2" },
				"west": { "uv": [ 7, 10.5, 9, 11.5 ], "texture": "#2" },
				"east": { "uv": [ 9, 11.5, 7, 10.5 ], "texture": "#2" }
			}
		}
	]
}