{
	"credit": "Made with Blockbench, a free, modern block model editor by JannisX11",
	"parent": "block/thin_block",
	"textures": {
		"particle": "#texture"
	},
	"elements": [
		{
			"name": "cube",
			"from": [15, 0, 1],
			"to": [16, 3, 15],
			"faces": {
				"east": {
					"uv": [1, 0, 15, 3],
					"texture": "#texture",
					"cullface": "east"
				},
				"west": {"uv": [1, 0, 15, 3], "texture": "#texture"},
				"up": {"uv": [15, 1, 16, 15], "texture": "#texture"},
				"down": {
					"uv": [15, 1, 16, 15],
					"texture": "#texture",
					"cullface": "down"
				}
			},
			"type": "cube"
		},
		{
			"name": "cube",
			"from": [0, 0, 15],
			"to": [16, 3, 16],
			"faces": {
				"north": {"uv": [0, 0, 16, 3], "texture": "#texture"},
				"east": {
					"uv": [0, 0, 1, 3],
					"texture": "#texture",
					"cullface": "east"
				},
				"south": {
					"uv": [0, 0, 16, 3],
					"texture": "#texture",
					"cullface": "south"
				},
				"west": {
					"uv": [0, 0, 1, 3],
					"texture": "#texture",
					"cullface": "west"
				},
				"up": {"uv": [0, 15, 16, 16], "texture": "#texture"},
				"down": {
					"uv": [0, 0, 16, 1],
					"texture": "#texture",
					"cullface": "down"
				}
			},
			"type": "cube"
		},
		{
			"name": "cube",
			"from": [0, 0, 0],
			"to": [16, 3, 1],
			"faces": {
				"north": {
					"uv": [0, 0, 16, 3],
					"texture": "#texture",
					"cullface": "north"
				},
				"east": {
					"uv": [0, 0, 1, 3],
					"texture": "#texture",
					"cullface": "east"
				},
				"south": {"uv": [0, 0, 16, 3], "texture": "#texture"},
				"west": {
					"uv": [0, 0, 1, 3],
					"texture": "#texture",
					"cullface": "west"
				},
				"up": {"uv": [0, 0, 16, 1], "texture": "#texture"},
				"down": {
					"uv": [0, 15, 16, 16],
					"texture": "#texture",
					"cullface": "down"
				}
			},
			"type": "cube"
		},
		{
			"name": "cube",
			"from": [0, 0, 1],
			"to": [1, 3, 15],
			"faces": {
				"east": {"uv": [1, 0, 15, 3], "texture": "#texture"},
				"west": {
					"uv": [1, 0, 15, 3],
					"texture": "#texture",
					"cullface": "west"
				},
				"up": {"uv": [0, 1, 1, 15], "texture": "#texture"},
				"down": {
					"uv": [0, 1, 1, 15],
					"texture": "#texture",
					"cullface": "down"
				}
			},
			"type": "cube"
		},
		{
			"name": "cube",
			"from": [1, 0.5, 1],
			"to": [15, 2.5, 3],
			"faces": {
				"south": {"uv": [1, 1, 15, 3], "texture": "#texture"},
				"up": {"uv": [1, 1, 15, 3], "texture": "#texture"},
				"down": {
					"uv": [1, 13, 15, 15],
					"texture": "#texture",
					"cullface": "down"
				}
			},
			"type": "cube"
		},
		{
			"name": "cube",
			"from": [1, 0.5, 13],
			"to": [15, 2.5, 15],
			"faces": {
				"north": {"uv": [1, 1, 15, 3], "texture": "#texture"},
				"up": {"uv": [1, 13, 15, 15], "texture": "#texture"},
				"down": {
					"uv": [1, 1, 15, 3],
					"texture": "#texture",
					"cullface": "down"
				}
			},
			"type": "cube"
		},
		{
			"name": "cube",
			"from": [1, 0.5, 3],
			"to": [3, 2.5, 13],
			"faces": {
				"east": {"uv": [3, 1, 13, 3], "texture": "#texture"},
				"up": {"uv": [1, 3, 3, 13], "texture": "#texture"},
				"down": {
					"uv": [1, 3, 3, 13],
					"texture": "#texture",
					"cullface": "down"
				}
			},
			"type": "cube"
		},
		{
			"name": "cube",
			"from": [13, 0.5, 3],
			"to": [15, 2.5, 13],
			"faces": {
				"west": {"uv": [3, 1, 13, 3], "texture": "#texture"},
				"up": {"uv": [13, 3, 15, 13], "texture": "#texture"},
				"down": {
					"uv": [13, 3, 15, 13],
					"texture": "#texture",
					"cullface": "down"
				}
			},
			"type": "cube"
		},
		{
			"name": "cube",
			"from": [6, 0.5, 3],
			"to": [10, 2.5, 13],
			"faces": {
				"east": {"uv": [3, 8, 13, 10], "texture": "#texture"},
				"west": {"uv": [3, 8, 13, 10], "texture": "#texture"},
				"up": {"uv": [6, 3, 10, 13], "texture": "#texture"},
				"down": {
					"uv": [6, 3, 10, 13],
					"texture": "#texture",
					"cullface": "down"
				}
			},
			"type": "cube"
		},
		{
			"name": "cube",
			"from": [10, 0.5, 6],
			"to": [13, 2.5, 10],
			"faces": {
				"north": {"uv": [7, 13, 10, 15], "texture": "#texture"},
				"south": {"uv": [6, 7, 9, 9], "texture": "#texture"},
				"up": {"uv": [10, 6, 13, 10], "texture": "#texture"},
				"down": {
					"uv": [10, 6, 13, 10],
					"texture": "#texture",
					"cullface": "down"
				}
			},
			"type": "cube"
		},
		{
			"name": "cube",
			"from": [3, 0.5, 6],
			"to": [6, 2.5, 10],
			"faces": {
				"north": {"uv": [10, 13, 13, 15], "texture": "#texture"},
				"south": {"uv": [7, 7, 10, 9], "texture": "#texture"},
				"up": {"uv": [3, 6, 6, 10], "texture": "#texture"},
				"down": {
					"uv": [3, 6, 6, 10],
					"texture": "#texture",
					"cullface": "down"
				}
			},
			"type": "cube"
		}
	],
	"groups": [
		{
			"name": "group",
			"isOpen": true,
			"display": {"visibility": true, "autouv": true},
			"children": [0, 1, 2, 3]
		},
		{
			"name": "group",
			"isOpen": true,
			"display": {"visibility": true, "autouv": true},
			"children": [4, 5, 6, 7, 8, 9, 10]
		}
	],
	"display": {
	"gui": {
			
			"scale": [0.65, 0.65, 0.65],
			"rotation": [30, 45, 0],
			"translation": [0, 2, 0]
		
		}
	}
}