{
	"credit": "Made with Blockbench, a free, modern block model editor by JannisX11",
	"parent": "block/thin_block",
	"textures": {
		"particle": "#texture"
	},
	"elements": [
		{
			"name": "cube",
			"from": [15, 1, 13],
			"to": [16, 15, 16],
			"faces": {
				"north": {
					"uv": [15, 1, 16, 15],
					"texture": "#texture",
					"rotation": 180
				},
				"east": {
					"uv": [1, 0, 15, 3],
					"texture": "#texture",
					"cullface": "east",
					"rotation": 270
				},
				"south": {
					"uv": [15, 1, 16, 15],
					"texture": "#texture",
					"cullface": "south"
				},
				"west": {
					"uv": [1, 0, 15, 3],
					"texture": "#texture",
					"rotation": 90
				}
			},
			"type": "cube"
		},
		{
			"name": "cube",
			"from": [0, 0, 13],
			"to": [16, 1, 16],
			"faces": {
				"north": {
					"uv": [0, 0, 16, 1],
					"texture": "#texture",
					"rotation": 180
				},
				"east": {
					"uv": [0, 0, 1, 3],
					"texture": "#texture",
					"cullface": "east",
					"rotation": 270
				},
				"south": {
					"uv": [0, 15, 16, 16],
					"texture": "#texture",
					"cullface": "south"
				},
				"west": {
					"uv": [0, 0, 1, 3],
					"texture": "#texture",
					"cullface": "west",
					"rotation": 90
				},
				"up": {
					"uv": [0, 0, 16, 3],
					"texture": "#texture",
					"rotation": 180
				},
				"down": {
					"uv": [0, 0, 16, 3],
					"texture": "#texture",
					"cullface": "down"
				}
			},
			"type": "cube"
		},
		{
			"name": "cube",
			"from": [0, 15, 13],
			"to": [16, 16, 16],
			"faces": {
				"north": {
					"uv": [0, 15, 16, 16],
					"texture": "#texture",
					"rotation": 180
				},
				"east": {
					"uv": [0, 0, 1, 3],
					"texture": "#texture",
					"cullface": "east",
					"rotation": 270
				},
				"south": {
					"uv": [0, 0, 16, 1],
					"texture": "#texture",
					"cullface": "south"
				},
				"west": {
					"uv": [0, 0, 1, 3],
					"texture": "#texture",
					"cullface": "west",
					"rotation": 90
				},
				"up": {
					"uv": [0, 0, 16, 3],
					"texture": "#texture",
					"cullface": "up",
					"rotation": 180
				},
				"down": {"uv": [0, 0, 16, 3], "texture": "#texture"}
			},
			"type": "cube"
		},
		{
			"name": "cube",
			"from": [0, 1, 13],
			"to": [1, 15, 16],
			"faces": {
				"north": {
					"uv": [0, 1, 1, 15],
					"texture": "#texture",
					"rotation": 180
				},
				"east": {
					"uv": [1, 0, 15, 3],
					"texture": "#texture",
					"rotation": 270
				},
				"south": {
					"uv": [0, 1, 1, 15],
					"texture": "#texture",
					"cullface": "south"
				},
				"west": {
					"uv": [1, 0, 15, 3],
					"texture": "#texture",
					"cullface": "west",
					"rotation": 90
				}
			},
			"type": "cube"
		},
		{
			"name": "cube",
			"from": [1, 13, 13.5],
			"to": [15, 15, 15.5],
			"faces": {
				"north": {
					"uv": [1, 13, 15, 15],
					"texture": "#texture",
					"rotation": 180
				},
				"south": {
					"uv": [1, 1, 15, 3],
					"texture": "#texture",
					"cullface": "south"
				},
				"down": {"uv": [1, 1, 15, 3], "texture": "#texture"}
			},
			"type": "cube"
		},
		{
			"name": "cube",
			"from": [1, 1, 13.5],
			"to": [15, 3, 15.5],
			"faces": {
				"north": {
					"uv": [1, 1, 15, 3],
					"texture": "#texture",
					"rotation": 180
				},
				"south": {
					"uv": [1, 13, 15, 15],
					"texture": "#texture",
					"cullface": "south"
				},
				"up": {
					"uv": [1, 1, 15, 3],
					"texture": "#texture",
					"rotation": 180
				}
			},
			"type": "cube"
		},
		{
			"name": "cube",
			"from": [1, 3, 13.5],
			"to": [3, 13, 15.5],
			"faces": {
				"north": {
					"uv": [1, 3, 3, 13],
					"texture": "#texture",
					"rotation": 180
				},
				"east": {
					"uv": [3, 1, 13, 3],
					"texture": "#texture",
					"rotation": 270
				},
				"south": {
					"uv": [1, 3, 3, 13],
					"texture": "#texture",
					"cullface": "south"
				}
			},
			"type": "cube"
		},
		{
			"name": "cube",
			"from": [13, 3, 13.5],
			"to": [15, 13, 15.5],
			"faces": {
				"north": {
					"uv": [13, 3, 15, 13],
					"texture": "#texture",
					"rotation": 180
				},
				"south": {
					"uv": [13, 3, 15, 13],
					"texture": "#texture",
					"cullface": "south"
				},
				"west": {
					"uv": [3, 1, 13, 3],
					"texture": "#texture",
					"rotation": 90
				}
			},
			"type": "cube"
		},
		{
			"name": "cube",
			"from": [6, 3, 13.5],
			"to": [10, 13, 15.5],
			"faces": {
				"north": {
					"uv": [6, 3, 10, 13],
					"texture": "#texture",
					"rotation": 180
				},
				"east": {
					"uv": [3, 8, 13, 10],
					"texture": "#texture",
					"rotation": 270
				},
				"south": {
					"uv": [6, 3, 10, 13],
					"texture": "#texture",
					"cullface": "south"
				},
				"west": {
					"uv": [3, 8, 13, 10],
					"texture": "#texture",
					"rotation": 90
				}
			},
			"type": "cube"
		},
		{
			"name": "cube",
			"from": [10, 6, 13.5],
			"to": [13, 10, 15.5],
			"faces": {
				"north": {
					"uv": [10, 6, 13, 10],
					"texture": "#texture",
					"rotation": 180
				},
				"south": {
					"uv": [10, 6, 13, 10],
					"texture": "#texture",
					"cullface": "south"
				},
				"up": {
					"uv": [7, 13, 10, 15],
					"texture": "#texture",
					"rotation": 180
				},
				"down": {"uv": [6, 7, 9, 9], "texture": "#texture"}
			},
			"type": "cube"
		},
		{
			"name": "cube",
			"from": [3, 6, 13.5],
			"to": [6, 10, 15.5],
			"faces": {
				"north": {
					"uv": [3, 6, 6, 10],
					"texture": "#texture",
					"rotation": 180
				},
				"south": {
					"uv": [3, 6, 6, 10],
					"texture": "#texture",
					"cullface": "south"
				},
				"up": {
					"uv": [10, 13, 13, 15],
					"texture": "#texture",
					"rotation": 180
				},
				"down": {"uv": [7, 7, 10, 9], "texture": "#texture"}
			},
			"type": "cube"
		}
	],
	"groups": []
}