{
	"credit": "Made with Blockbench, a free, modern block model editor by JannisX11",
	"textures": {
		"0": "3d_misc/3d_string",
		"particle": "3d_misc/3d_string"
	},
	"elements": [
		{
			"name": "cube",
			"from": [7.75, 1.5, 0],
			"to": [8.25, 2, 16],
			"faces": {
				"north": {
					"uv": [7.75, 14, 8.25, 14.5],
					"texture": "#0"
				},
				"east": {"uv": [16, 14.5, 0, 14], "texture": "#0"},
				"south": {
					"uv": [7.75, 14, 8.25, 14.5],
					"texture": "#0"
				},
				"west": {"uv": [0, 14, 16, 14.5], "texture": "#0"},
				"up": {"uv": [7.75, 0, 8.25, 16], "texture": "#0"},
				"down": {"uv": [7.75, 0, 8.25, 16], "texture": "#0"}
			},
			"type": "cube"
		}
	]
}