{
	"__comment": "Designed by CreatorLabs with Cubik Studio - https://cubik.studio - Download at https://www.planetminecraft.com/texture_pack/3d-creatorcraft/",
	"parent": "block/block",
	"textures": {
		"web": "3d_decoration/web",
		"particle": "3d_decoration/web"
	},
	"elements": [ 	 
		{
			"from": [ -2.2, 15, 7.6 ],
			"to": [ -0.9, 16, 8.8 ],
			"rotation": { "origin": [ 7.6, 8, 8.2 ], "axis": "y", "angle": -45 },
			"faces": {
				"down": { "uv": [ 1.1, 14, 2.4, 15.2 ], "texture": "#web" },
				"up": { "uv": [ 1.1, 0.8, 2.4, 2 ], "texture": "#web" },
				"north": { "uv": [ 13.6, 0, 14.9, 1 ], "texture": "#web" },
				"south": { "uv": [ 1.1, 0, 2.4, 1 ], "texture": "#web" },
				"west": { "uv": [ 0.8, 0, 2, 1 ], "texture": "#web" },
				"east": { "uv": [ 14, 0, 15.2, 1 ], "texture": "#web" }
			}
		},
		{
			"from": [ 7.6, 12, 7.6 ],
			"to": [ 8.8, 16, 8.8 ],
			"rotation": { "origin": [ 7.6, 8, 8.2 ], "axis": "y", "angle": -45 },
			"faces": {
				"down": { "uv": [ 8, 7, 9.2, 8.2 ], "texture": "#web" },
				"up": { "uv": [ 8, 7.8, 9.2, 9 ], "texture": "#web" },
				"north": { "uv": [ 6.8, 0, 8, 4 ], "texture": "#web" },
				"south": { "uv": [ 8, 0, 9.2, 4 ], "texture": "#web" },
				"west": { "uv": [ 7.8, 0, 9, 4 ], "texture": "#web" },
				"east": { "uv": [ 7, 0, 8.2, 4 ], "texture": "#web" }
			}
		},
		{
			"from": [ 16.1, 15, 7.6 ],
			"to": [ 17.4, 16, 8.8 ],
			"rotation": { "origin": [ 7.6, 8, 8.2 ], "axis": "y", "angle": -45 },
			"faces": {
				"down": { "uv": [ 14, 1, 15.3, 2.2 ], "texture": "#web" },
				"up": { "uv": [ 14, 13.8, 15.3, 15 ], "texture": "#web" },
				"north": { "uv": [ 0.7, 0, 2, 1 ], "texture": "#web" },
				"south": { "uv": [ 14, 0, 15.3, 1 ], "texture": "#web" },
				"west": { "uv": [ 13.8, 0, 15, 1 ], "texture": "#web" },
				"east": { "uv": [ 1, 0, 2.2, 1 ], "texture": "#web" }
			}
		},
		{
			"from": [ -0.9, 14, 7.6 ],
			"to": [ 0.3, 15, 8.8 ],
			"rotation": { "origin": [ 7.6, 8, 8.2 ], "axis": "y", "angle": -45 },
			"faces": {
				"down": { "uv": [ 2, 13, 3.2, 14.2 ], "texture": "#web" },
				"up": { "uv": [ 2, 1.8, 3.2, 3 ], "texture": "#web" },
				"north": { "uv": [ 12.8, 1, 14, 2 ], "texture": "#web" },
				"south": { "uv": [ 2, 1, 3.2, 2 ], "texture": "#web" },
				"west": { "uv": [ 1.8, 1, 3, 2 ], "texture": "#web" },
				"east": { "uv": [ 13, 1, 14.2, 2 ], "texture": "#web" }
			}
		},
		{
			"from": [ 5.2, 14, 7.6 ],
			"to": [ 7.6, 15, 8.8 ],
			"rotation": { "origin": [ 7.6, 8, 8.2 ], "axis": "y", "angle": -45 },
			"faces": {
				"down": { "uv": [ 6.3, 8.7, 8.7, 9.9 ], "texture": "#web" },
				"up": { "uv": [ 6.3, 6.1, 8.7, 7.3 ], "texture": "#web" },
				"north": { "uv": [ 7.3, 1, 9.7, 2 ], "texture": "#web" },
				"south": { "uv": [ 6.3, 1, 8.7, 2 ], "texture": "#web" },
				"west": { "uv": [ 6.1, 1, 7.3, 2 ], "texture": "#web" },
				"east": { "uv": [ 8.7, 1, 9.9, 2 ], "texture": "#web" }
			}
		},
		{
			"from": [ 8.8, 14, 7.6 ],
			"to": [ 11.3, 15, 8.8 ],
			"rotation": { "origin": [ 7.6, 8, 8.2 ], "axis": "y", "angle": -45 },
			"faces": {
				"down": { "uv": [ 8.9, 6.2, 11.4, 7.4 ], "texture": "#web" },
				"up": { "uv": [ 8.9, 8.6, 11.4, 9.8 ], "texture": "#web" },
				"north": { "uv": [ 4.6, 1, 7.1, 2 ], "texture": "#web" },
				"south": { "uv": [ 8.9, 1, 11.4, 2 ], "texture": "#web" },
				"west": { "uv": [ 8.6, 1, 9.8, 2 ], "texture": "#web" },
				"east": { "uv": [ 6.2, 1, 7.4, 2 ], "texture": "#web" }
			}
		},
		{
			"from": [ 14.9, 14, 7.6 ],
			"to": [ 16.1, 15, 8.8 ],
			"rotation": { "origin": [ 7.6, 8, 8.2 ], "axis": "y", "angle": -45 },
			"faces": {
				"down": { "uv": [ 13.2, 1.9, 14.4, 3.1 ], "texture": "#web" },
				"up": { "uv": [ 13.2, 12.9, 14.4, 14.1 ], "texture": "#web" },
				"north": { "uv": [ 1.6, 1, 2.8, 2 ], "texture": "#web" },
				"south": { "uv": [ 13.2, 1, 14.4, 2 ], "texture": "#web" },
				"west": { "uv": [ 12.9, 1, 14.1, 2 ], "texture": "#web" },
				"east": { "uv": [ 1.9, 1, 3.1, 2 ], "texture": "#web" }
			}
		},
		{
			"from": [ 0.3, 13, 7.6 ],
			"to": [ 5.2, 14, 8.8 ],
			"rotation": { "origin": [ 7.6, 8, 8.2 ], "axis": "y", "angle": -45 },
			"faces": {
				"down": { "uv": [ 2.9, 12.2, 7.8, 13.4 ], "texture": "#web" },
				"up": { "uv": [ 2.9, 2.6, 7.8, 3.8 ], "texture": "#web" },
				"north": { "uv": [ 8.2, 2, 13.1, 3 ], "texture": "#web" },
				"south": { "uv": [ 2.9, 2, 7.8, 3 ], "texture": "#web" },
				"west": { "uv": [ 2.6, 2, 3.8, 3 ], "texture": "#web" },
				"east": { "uv": [ 12.2, 2, 13.4, 3 ], "texture": "#web" }
			}
		},
		{
			"from": [ 11.3, 13, 7.6 ],
			"to": [ 12.5, 14, 8.8 ],
			"rotation": { "origin": [ 7.6, 8, 8.2 ], "axis": "y", "angle": -45 },
			"faces": {
				"down": { "uv": [ 10.6, 4.4, 11.8, 5.6 ], "texture": "#web" },
				"up": { "uv": [ 10.6, 10.4, 11.8, 11.6 ], "texture": "#web" },
				"north": { "uv": [ 4.2, 2, 5.4, 3 ], "texture": "#web" },
				"south": { "uv": [ 10.6, 2, 11.8, 3 ], "texture": "#web" },
				"west": { "uv": [ 10.4, 2, 11.6, 3 ], "texture": "#web" },
				"east": { "uv": [ 4.4, 2, 5.6, 3 ], "texture": "#web" }
			}
		},
		{
			"from": [ 13.7, 13, 7.6 ],
			"to": [ 14.9, 14, 8.8 ],
			"rotation": { "origin": [ 7.6, 8, 8.2 ], "axis": "y", "angle": -45 },
			"faces": {
				"down": { "uv": [ 12.3, 2.7, 13.5, 3.9 ], "texture": "#web" },
				"up": { "uv": [ 12.3, 12.1, 13.5, 13.3 ], "texture": "#web" },
				"north": { "uv": [ 2.5, 2, 3.7, 3 ], "texture": "#web" },
				"south": { "uv": [ 12.3, 2, 13.5, 3 ], "texture": "#web" },
				"west": { "uv": [ 12.1, 2, 13.3, 3 ], "texture": "#web" },
				"east": { "uv": [ 2.7, 2, 3.9, 3 ], "texture": "#web" }
			}
		},
		{
			"from": [ 1.5, 11, 7.6 ],
			"to": [ 2.7, 13, 8.8 ],
			"rotation": { "origin": [ 7.6, 8, 8.2 ], "axis": "y", "angle": -45 },
			"faces": {
				"down": { "uv": [ 3.7, 11.3, 4.9, 12.5 ], "texture": "#web" },
				"up": { "uv": [ 3.7, 3.5, 4.9, 4.7 ], "texture": "#web" },
				"north": { "uv": [ 11.1, 3, 12.3, 5 ], "texture": "#web" },
				"south": { "uv": [ 3.7, 3, 4.9, 5 ], "texture": "#web" },
				"west": { "uv": [ 3.5, 3, 4.7, 5 ], "texture": "#web" },
				"east": { "uv": [ 11.3, 3, 12.5, 5 ], "texture": "#web" }
			}
		},
		{
			"from": [ 6.4, 3, 7.6 ],
			"to": [ 7.6, 13, 8.8 ],
			"rotation": { "origin": [ 7.6, 8, 8.2 ], "axis": "y", "angle": -45 },
			"faces": {
				"down": { "uv": [ 7.2, 7.9, 8.4, 9.1 ], "texture": "#web" },
				"up": { "uv": [ 7.2, 6.9, 8.4, 8.1 ], "texture": "#web" },
				"north": { "uv": [ 7.6, 3, 8.8, 13 ], "texture": "#web" },
				"south": { "uv": [ 7.2, 3, 8.4, 13 ], "texture": "#web" },
				"west": { "uv": [ 6.9, 3, 8.1, 13 ], "texture": "#web" },
				"east": { "uv": [ 7.9, 3, 9.1, 13 ], "texture": "#web" }
			}
		},
		{
			"from": [ 12.5, 12, 7.6 ],
			"to": [ 13.7, 13, 8.8 ],
			"rotation": { "origin": [ 7.6, 8, 8.2 ], "axis": "y", "angle": -45 },
			"faces": {
				"down": { "uv": [ 11.5, 3.6, 12.7, 4.8 ], "texture": "#web" },
				"up": { "uv": [ 11.5, 11.2, 12.7, 12.4 ], "texture": "#web" },
				"north": { "uv": [ 3.3, 3, 4.5, 4 ], "texture": "#web" },
				"south": { "uv": [ 11.5, 3, 12.7, 4 ], "texture": "#web" },
				"west": { "uv": [ 11.2, 3, 12.4, 4 ], "texture": "#web" },
				"east": { "uv": [ 3.6, 3, 4.8, 4 ], "texture": "#web" }
			}
		},
		{
			"from": [ 2.7, 11, 7.6 ],
			"to": [ 3.9, 12, 8.8 ],
			"rotation": { "origin": [ 7.6, 8, 8.2 ], "axis": "y", "angle": -45 },
			"faces": {
				"down": { "uv": [ 4.6, 10.5, 5.8, 11.7 ], "texture": "#web" },
				"up": { "uv": [ 4.6, 4.3, 5.8, 5.5 ], "texture": "#web" },
				"north": { "uv": [ 10.2, 4, 11.4, 5 ], "texture": "#web" },
				"south": { "uv": [ 4.6, 4, 5.8, 5 ], "texture": "#web" },
				"west": { "uv": [ 4.3, 4, 5.5, 5 ], "texture": "#web" },
				"east": { "uv": [ 10.5, 4, 11.7, 5 ], "texture": "#web" }
			}
		},
		{
			"from": [ 5.2, 11, 7.6 ],
			"to": [ 6.4, 12, 8.8 ],
			"rotation": { "origin": [ 7.6, 8, 8.2 ], "axis": "y", "angle": -45 },
			"faces": {
				"down": { "uv": [ 6.3, 8.7, 7.5, 9.9 ], "texture": "#web" },
				"up": { "uv": [ 6.3, 6.1, 7.5, 7.3 ], "texture": "#web" },
				"north": { "uv": [ 8.5, 4, 9.7, 5 ], "texture": "#web" },
				"south": { "uv": [ 6.3, 4, 7.5, 5 ], "texture": "#web" },
				"west": { "uv": [ 6.1, 4, 7.3, 5 ], "texture": "#web" },
				"east": { "uv": [ 8.7, 4, 9.9, 5 ], "texture": "#web" }
			}
		},
		{
			"from": [ 8.8, 11, 7.6 ],
			"to": [ 10, 12, 8.8 ],
			"rotation": { "origin": [ 7.6, 8, 8.2 ], "axis": "y", "angle": -45 },
			"faces": {
				"down": { "uv": [ 8.9, 6.2, 10.1, 7.4 ], "texture": "#web" },
				"up": { "uv": [ 8.9, 8.6, 10.1, 9.8 ], "texture": "#web" },
				"north": { "uv": [ 5.9, 4, 7.1, 5 ], "texture": "#web" },
				"south": { "uv": [ 8.9, 4, 10.1, 5 ], "texture": "#web" },
				"west": { "uv": [ 8.6, 4, 9.8, 5 ], "texture": "#web" },
				"east": { "uv": [ 6.2, 4, 7.4, 5 ], "texture": "#web" }
			}
		},
		{
			"from": [ 11.3, 11, 7.6 ],
			"to": [ 12.5, 12, 8.8 ],
			"rotation": { "origin": [ 7.6, 8, 8.2 ], "axis": "y", "angle": -45 },
			"faces": {
				"down": { "uv": [ 10.6, 4.4, 11.8, 5.6 ], "texture": "#web" },
				"up": { "uv": [ 10.6, 10.4, 11.8, 11.6 ], "texture": "#web" },
				"north": { "uv": [ 4.2, 4, 5.4, 5 ], "texture": "#web" },
				"south": { "uv": [ 10.6, 4, 11.8, 5 ], "texture": "#web" },
				"west": { "uv": [ 10.4, 4, 11.6, 5 ], "texture": "#web" },
				"east": { "uv": [ 4.4, 4, 5.6, 5 ], "texture": "#web" }
			}
		},
		{
			"from": [ 13.7, 11, 7.6 ],
			"to": [ 14.9, 12, 8.8 ],
			"rotation": { "origin": [ 7.6, 8, 8.2 ], "axis": "y", "angle": -45 },
			"faces": {
				"down": { "uv": [ 12.3, 2.7, 13.5, 3.9 ], "texture": "#web" },
				"up": { "uv": [ 12.3, 12.1, 13.5, 13.3 ], "texture": "#web" },
				"north": { "uv": [ 2.5, 4, 3.7, 5 ], "texture": "#web" },
				"south": { "uv": [ 12.3, 4, 13.5, 5 ], "texture": "#web" },
				"west": { "uv": [ 12.1, 4, 13.3, 5 ], "texture": "#web" },
				"east": { "uv": [ 2.7, 4, 3.9, 5 ], "texture": "#web" }
			}
		},
		{
			"from": [ 0.3, 8, 7.6 ],
			"to": [ 1.5, 11, 8.8 ],
			"rotation": { "origin": [ 7.6, 8, 8.2 ], "axis": "y", "angle": -45 },
			"faces": {
				"down": { "uv": [ 2.9, 12.2, 4.1, 13.4 ], "texture": "#web" },
				"up": { "uv": [ 2.9, 2.6, 4.1, 3.8 ], "texture": "#web" },
				"north": { "uv": [ 11.9, 5, 13.1, 8 ], "texture": "#web" },
				"south": { "uv": [ 2.9, 5, 4.1, 8 ], "texture": "#web" },
				"west": { "uv": [ 2.6, 5, 3.8, 8 ], "texture": "#web" },
				"east": { "uv": [ 12.2, 5, 13.4, 8 ], "texture": "#web" }
			}
		},
		{
			"from": [ 3.9, 10, 7.6 ],
			"to": [ 5.2, 11, 8.8 ],
			"rotation": { "origin": [ 7.6, 8, 8.2 ], "axis": "y", "angle": -45 },
			"faces": {
				"down": { "uv": [ 5.4, 9.6, 6.7, 10.8 ], "texture": "#web" },
				"up": { "uv": [ 5.4, 5.2, 6.7, 6.4 ], "texture": "#web" },
				"north": { "uv": [ 9.3, 5, 10.6, 6 ], "texture": "#web" },
				"south": { "uv": [ 5.4, 5, 6.7, 6 ], "texture": "#web" },
				"west": { "uv": [ 5.2, 5, 6.4, 6 ], "texture": "#web" },
				"east": { "uv": [ 9.6, 5, 10.8, 6 ], "texture": "#web" }
			}
		},
		{
			"from": [ 10, 10, 7.6 ],
			"to": [ 11.3, 11, 8.8 ],
			"rotation": { "origin": [ 7.6, 8, 8.2 ], "axis": "y", "angle": -45 },
			"faces": {
				"down": { "uv": [ 9.7, 5.3, 11, 6.5 ], "texture": "#web" },
				"up": { "uv": [ 9.7, 9.5, 11, 10.7 ], "texture": "#web" },
				"north": { "uv": [ 5, 5, 6.3, 6 ], "texture": "#web" },
				"south": { "uv": [ 9.7, 5, 11, 6 ], "texture": "#web" },
				"west": { "uv": [ 9.5, 5, 10.7, 6 ], "texture": "#web" },
				"east": { "uv": [ 5.3, 5, 6.5, 6 ], "texture": "#web" }
			}
		},
		{
			"from": [ 14.9, 9, 7.6 ],
			"to": [ 16.1, 11, 8.8 ],
			"rotation": { "origin": [ 7.6, 8, 8.2 ], "axis": "y", "angle": -45 },
			"faces": {
				"down": { "uv": [ 13.2, 1.9, 14.4, 3.1 ], "texture": "#web" },
				"up": { "uv": [ 13.2, 12.9, 14.4, 14.1 ], "texture": "#web" },
				"north": { "uv": [ 1.6, 5, 2.8, 7 ], "texture": "#web" },
				"south": { "uv": [ 13.2, 5, 14.4, 7 ], "texture": "#web" },
				"west": { "uv": [ 12.9, 5, 14.1, 7 ], "texture": "#web" },
				"east": { "uv": [ 1.9, 5, 3.1, 7 ], "texture": "#web" }
			}
		},
		{
			"from": [ 2.7, 7, 7.6 ],
			"to": [ 3.9, 10, 8.8 ],
			"rotation": { "origin": [ 7.6, 8, 8.2 ], "axis": "y", "angle": -45 },
			"faces": {
				"down": { "uv": [ 4.6, 10.5, 5.8, 11.7 ], "texture": "#web" },
				"up": { "uv": [ 4.6, 4.3, 5.8, 5.5 ], "texture": "#web" },
				"north": { "uv": [ 10.2, 6, 11.4, 9 ], "texture": "#web" },
				"south": { "uv": [ 4.6, 6, 5.8, 9 ], "texture": "#web" },
				"west": { "uv": [ 4.3, 6, 5.5, 9 ], "texture": "#web" },
				"east": { "uv": [ 10.5, 6, 11.7, 9 ], "texture": "#web" }
			}
		},
		{
			"from": [ 5.2, 8, 7.6 ],
			"to": [ 6.4, 10, 8.8 ],
			"rotation": { "origin": [ 7.6, 8, 8.2 ], "axis": "y", "angle": -45 },
			"faces": {
				"down": { "uv": [ 6.3, 8.7, 7.5, 9.9 ], "texture": "#web" },
				"up": { "uv": [ 6.3, 6.1, 7.5, 7.3 ], "texture": "#web" },
				"north": { "uv": [ 8.5, 6, 9.7, 8 ], "texture": "#web" },
				"south": { "uv": [ 6.3, 6, 7.5, 8 ], "texture": "#web" },
				"west": { "uv": [ 6.1, 6, 7.3, 8 ], "texture": "#web" },
				"east": { "uv": [ 8.7, 6, 9.9, 8 ], "texture": "#web" }
			}
		},
		{
			"from": [ 8.8, 9, 7.6 ],
			"to": [ 10, 10, 8.8 ],
			"rotation": { "origin": [ 7.6, 8, 8.2 ], "axis": "y", "angle": -45 },
			"faces": {
				"down": { "uv": [ 8.9, 6.2, 10.1, 7.4 ], "texture": "#web" },
				"up": { "uv": [ 8.9, 8.6, 10.1, 9.8 ], "texture": "#web" },
				"north": { "uv": [ 5.9, 6, 7.1, 7 ], "texture": "#web" },
				"south": { "uv": [ 8.9, 6, 10.1, 7 ], "texture": "#web" },
				"west": { "uv": [ 8.6, 6, 9.8, 7 ], "texture": "#web" },
				"east": { "uv": [ 6.2, 6, 7.4, 7 ], "texture": "#web" }
			}
		},
		{
			"from": [ 11.3, 9, 7.6 ],
			"to": [ 12.5, 10, 8.8 ],
			"rotation": { "origin": [ 7.6, 8, 8.2 ], "axis": "y", "angle": -45 },
			"faces": {
				"down": { "uv": [ 10.6, 4.4, 11.8, 5.6 ], "texture": "#web" },
				"up": { "uv": [ 10.6, 10.4, 11.8, 11.6 ], "texture": "#web" },
				"north": { "uv": [ 4.2, 6, 5.4, 7 ], "texture": "#web" },
				"south": { "uv": [ 10.6, 6, 11.8, 7 ], "texture": "#web" },
				"west": { "uv": [ 10.4, 6, 11.6, 7 ], "texture": "#web" },
				"east": { "uv": [ 4.4, 6, 5.6, 7 ], "texture": "#web" }
			}
		},
		{
			"from": [ -2.2, 8, 7.6 ],
			"to": [ 0.3, 9, 8.8 ],
			"rotation": { "origin": [ 7.6, 8, 8.2 ], "axis": "y", "angle": -45 },
			"faces": {
				"down": { "uv": [ 1.1, 14, 3.6, 15.2 ], "texture": "#web" },
				"up": { "uv": [ 1.1, 0.8, 3.6, 2 ], "texture": "#web" },
				"north": { "uv": [ 12.4, 7, 14.9, 8 ], "texture": "#web" },
				"south": { "uv": [ 1.1, 7, 3.6, 8 ], "texture": "#web" },
				"west": { "uv": [ 0.8, 7, 2, 8 ], "texture": "#web" },
				"east": { "uv": [ 14, 7, 15.2, 8 ], "texture": "#web" }
			}
		},
		{
			"from": [ 1.5, 8, 7.6 ],
			"to": [ 2.7, 9, 8.8 ],
			"rotation": { "origin": [ 7.6, 8, 8.2 ], "axis": "y", "angle": -45 },
			"faces": {
				"down": { "uv": [ 3.7, 11.3, 4.9, 12.5 ], "texture": "#web" },
				"up": { "uv": [ 3.7, 3.5, 4.9, 4.7 ], "texture": "#web" },
				"north": { "uv": [ 11.1, 7, 12.3, 8 ], "texture": "#web" },
				"south": { "uv": [ 3.7, 7, 4.9, 8 ], "texture": "#web" },
				"west": { "uv": [ 3.5, 7, 4.7, 8 ], "texture": "#web" },
				"east": { "uv": [ 11.3, 7, 12.5, 8 ], "texture": "#web" }
			}
		},
		{
			"from": [ 3.9, 8, 7.6 ],
			"to": [ 5.2, 9, 8.8 ],
			"rotation": { "origin": [ 7.6, 8, 8.2 ], "axis": "y", "angle": -45 },
			"faces": {
				"down": { "uv": [ 5.4, 9.6, 6.7, 10.8 ], "texture": "#web" },
				"up": { "uv": [ 5.4, 5.2, 6.7, 6.4 ], "texture": "#web" },
				"north": { "uv": [ 9.3, 7, 10.6, 8 ], "texture": "#web" },
				"south": { "uv": [ 5.4, 7, 6.7, 8 ], "texture": "#web" },
				"west": { "uv": [ 5.2, 7, 6.4, 8 ], "texture": "#web" },
				"east": { "uv": [ 9.6, 7, 10.8, 8 ], "texture": "#web" }
			}
		},
		{
			"from": [ 7.6, 7, 7.6 ],
			"to": [ 8.8, 9, 8.8 ],
			"rotation": { "origin": [ 7.6, 8, 8.2 ], "axis": "y", "angle": -45 },
			"faces": {
				"down": { "uv": [ 8, 7, 9.2, 8.2 ], "texture": "#web" },
				"up": { "uv": [ 8, 7.8, 9.2, 9 ], "texture": "#web" },
				"north": { "uv": [ 6.8, 7, 8, 9 ], "texture": "#web" },
				"south": { "uv": [ 8, 7, 9.2, 9 ], "texture": "#web" },
				"west": { "uv": [ 7.8, 7, 9, 9 ], "texture": "#web" },
				"east": { "uv": [ 7, 7, 8.2, 9 ], "texture": "#web" }
			}
		},
		{
			"from": [ 12.5, 5, 7.6 ],
			"to": [ 13.7, 9, 8.8 ],
			"rotation": { "origin": [ 7.6, 8, 8.2 ], "axis": "y", "angle": -45 },
			"faces": {
				"down": { "uv": [ 11.5, 3.6, 12.7, 4.8 ], "texture": "#web" },
				"up": { "uv": [ 11.5, 11.2, 12.7, 12.4 ], "texture": "#web" },
				"north": { "uv": [ 3.3, 7, 4.5, 11 ], "texture": "#web" },
				"south": { "uv": [ 11.5, 7, 12.7, 11 ], "texture": "#web" },
				"west": { "uv": [ 11.2, 7, 12.4, 11 ], "texture": "#web" },
				"east": { "uv": [ 3.6, 7, 4.8, 11 ], "texture": "#web" }
			}
		},
		{
			"from": [ 16.1, 6, 7.6 ],
			"to": [ 17.4, 9, 8.8 ],
			"rotation": { "origin": [ 7.6, 8, 8.2 ], "axis": "y", "angle": -45 },
			"faces": {
				"down": { "uv": [ 14, 1, 15.3, 2.2 ], "texture": "#web" },
				"up": { "uv": [ 14, 13.8, 15.3, 15 ], "texture": "#web" },
				"north": { "uv": [ 0.7, 7, 2, 10 ], "texture": "#web" },
				"south": { "uv": [ 14, 7, 15.3, 10 ], "texture": "#web" },
				"west": { "uv": [ 13.8, 7, 15, 10 ], "texture": "#web" },
				"east": { "uv": [ 1, 7, 2.2, 10 ], "texture": "#web" }
			}
		},
		{
			"from": [ -0.9, 7, 7.6 ],
			"to": [ 0.3, 8, 8.8 ],
			"rotation": { "origin": [ 7.6, 8, 8.2 ], "axis": "y", "angle": -45 },
			"faces": {
				"down": { "uv": [ 2, 13, 3.2, 14.2 ], "texture": "#web" },
				"up": { "uv": [ 2, 1.8, 3.2, 3 ], "texture": "#web" },
				"north": { "uv": [ 12.8, 8, 14, 9 ], "texture": "#web" },
				"south": { "uv": [ 2, 8, 3.2, 9 ], "texture": "#web" },
				"west": { "uv": [ 1.8, 8, 3, 9 ], "texture": "#web" },
				"east": { "uv": [ 13, 8, 14.2, 9 ], "texture": "#web" }
			}
		},
		{
			"from": [ 8.8, 7, 7.6 ],
			"to": [ 12.5, 8, 8.8 ],
			"rotation": { "origin": [ 7.6, 8, 8.2 ], "axis": "y", "angle": -45 },
			"faces": {
				"down": { "uv": [ 8.9, 6.2, 12.6, 7.4 ], "texture": "#web" },
				"up": { "uv": [ 8.9, 8.6, 12.6, 9.8 ], "texture": "#web" },
				"north": { "uv": [ 3.4, 8, 7.1, 9 ], "texture": "#web" },
				"south": { "uv": [ 8.9, 8, 12.6, 9 ], "texture": "#web" },
				"west": { "uv": [ 8.6, 8, 9.8, 9 ], "texture": "#web" },
				"east": { "uv": [ 6.2, 8, 7.4, 9 ], "texture": "#web" }
			}
		},
		{
			"from": [ 13.7, 7, 7.6 ],
			"to": [ 16.1, 8, 8.8 ],
			"rotation": { "origin": [ 7.6, 8, 8.2 ], "axis": "y", "angle": -45 },
			"faces": {
				"down": { "uv": [ 12.3, 2.7, 14.7, 3.9 ], "texture": "#web" },
				"up": { "uv": [ 12.3, 12.1, 14.7, 13.3 ], "texture": "#web" },
				"north": { "uv": [ 1.3, 8, 3.7, 9 ], "texture": "#web" },
				"south": { "uv": [ 12.3, 8, 14.7, 9 ], "texture": "#web" },
				"west": { "uv": [ 12.1, 8, 13.3, 9 ], "texture": "#web" },
				"east": { "uv": [ 2.7, 8, 3.9, 9 ], "texture": "#web" }
			}
		},
		{
			"from": [ 0.3, 5, 7.6 ],
			"to": [ 1.5, 7, 8.8 ],
			"rotation": { "origin": [ 7.6, 8, 8.2 ], "axis": "y", "angle": -45 },
			"faces": {
				"down": { "uv": [ 2.9, 12.2, 4.1, 13.4 ], "texture": "#web" },
				"up": { "uv": [ 2.9, 2.6, 4.1, 3.8 ], "texture": "#web" },
				"north": { "uv": [ 11.9, 9, 13.1, 11 ], "texture": "#web" },
				"south": { "uv": [ 2.9, 9, 4.1, 11 ], "texture": "#web" },
				"west": { "uv": [ 2.6, 9, 3.8, 11 ], "texture": "#web" },
				"east": { "uv": [ 12.2, 9, 13.4, 11 ], "texture": "#web" }
			}
		},
		{
			"from": [ 3.9, 6, 7.6 ],
			"to": [ 6.4, 7, 8.8 ],
			"rotation": { "origin": [ 7.6, 8, 8.2 ], "axis": "y", "angle": -45 },
			"faces": {
				"down": { "uv": [ 5.4, 9.6, 7.9, 10.8 ], "texture": "#web" },
				"up": { "uv": [ 5.4, 5.2, 7.9, 6.4 ], "texture": "#web" },
				"north": { "uv": [ 8.1, 9, 10.6, 10 ], "texture": "#web" },
				"south": { "uv": [ 5.4, 9, 7.9, 10 ], "texture": "#web" },
				"west": { "uv": [ 5.2, 9, 6.4, 10 ], "texture": "#web" },
				"east": { "uv": [ 9.6, 9, 10.8, 10 ], "texture": "#web" }
			}
		},
		{
			"from": [ 8.8, 6, 7.6 ],
			"to": [ 10, 7, 8.8 ],
			"rotation": { "origin": [ 7.6, 8, 8.2 ], "axis": "y", "angle": -45 },
			"faces": {
				"down": { "uv": [ 8.9, 6.2, 10.1, 7.4 ], "texture": "#web" },
				"up": { "uv": [ 8.9, 8.6, 10.1, 9.8 ], "texture": "#web" },
				"north": { "uv": [ 5.9, 9, 7.1, 10 ], "texture": "#web" },
				"south": { "uv": [ 8.9, 9, 10.1, 10 ], "texture": "#web" },
				"west": { "uv": [ 8.6, 9, 9.8, 10 ], "texture": "#web" },
				"east": { "uv": [ 6.2, 9, 7.4, 10 ], "texture": "#web" }
			}
		},
		{
			"from": [ 3.9, 4, 7.6 ],
			"to": [ 5.2, 6, 8.8 ],
			"rotation": { "origin": [ 7.6, 8, 8.2 ], "axis": "y", "angle": -45 },
			"faces": {
				"down": { "uv": [ 5.4, 9.6, 6.7, 10.8 ], "texture": "#web" },
				"up": { "uv": [ 5.4, 5.2, 6.7, 6.4 ], "texture": "#web" },
				"north": { "uv": [ 9.3, 10, 10.6, 12 ], "texture": "#web" },
				"south": { "uv": [ 5.4, 10, 6.7, 12 ], "texture": "#web" },
				"west": { "uv": [ 5.2, 10, 6.4, 12 ], "texture": "#web" },
				"east": { "uv": [ 9.6, 10, 10.8, 12 ], "texture": "#web" }
			}
		},
		{
			"from": [ 10, 4, 7.6 ],
			"to": [ 11.3, 6, 8.8 ],
			"rotation": { "origin": [ 7.6, 8, 8.2 ], "axis": "y", "angle": -45 },
			"faces": {
				"down": { "uv": [ 9.7, 5.3, 11, 6.5 ], "texture": "#web" },
				"up": { "uv": [ 9.7, 9.5, 11, 10.7 ], "texture": "#web" },
				"north": { "uv": [ 5, 10, 6.3, 12 ], "texture": "#web" },
				"south": { "uv": [ 9.7, 10, 11, 12 ], "texture": "#web" },
				"west": { "uv": [ 9.5, 10, 10.7, 12 ], "texture": "#web" },
				"east": { "uv": [ 5.3, 10, 6.5, 12 ], "texture": "#web" }
			}
		},
		{
			"from": [ 14.9, 4, 7.6 ],
			"to": [ 16.1, 6, 8.8 ],
			"rotation": { "origin": [ 7.6, 8, 8.2 ], "axis": "y", "angle": -45 },
			"faces": {
				"down": { "uv": [ 13.2, 1.9, 14.4, 3.1 ], "texture": "#web" },
				"up": { "uv": [ 13.2, 12.9, 14.4, 14.1 ], "texture": "#web" },
				"north": { "uv": [ 1.6, 10, 2.8, 12 ], "texture": "#web" },
				"south": { "uv": [ 13.2, 10, 14.4, 12 ], "texture": "#web" },
				"west": { "uv": [ 12.9, 10, 14.1, 12 ], "texture": "#web" },
				"east": { "uv": [ 1.9, 10, 3.1, 12 ], "texture": "#web" }
			}
		},
		{
			"from": [ 1.5, 3, 7.6 ],
			"to": [ 2.7, 5, 8.8 ],
			"rotation": { "origin": [ 7.6, 8, 8.2 ], "axis": "y", "angle": -45 },
			"faces": {
				"down": { "uv": [ 3.7, 11.3, 4.9, 12.5 ], "texture": "#web" },
				"up": { "uv": [ 3.7, 3.5, 4.9, 4.7 ], "texture": "#web" },
				"north": { "uv": [ 11.1, 11, 12.3, 13 ], "texture": "#web" },
				"south": { "uv": [ 3.7, 11, 4.9, 13 ], "texture": "#web" },
				"west": { "uv": [ 3.5, 11, 4.7, 13 ], "texture": "#web" },
				"east": { "uv": [ 11.3, 11, 12.5, 13 ], "texture": "#web" }
			}
		},
		{
			"from": [ 8.8, 4, 7.6 ],
			"to": [ 10, 5, 8.8 ],
			"rotation": { "origin": [ 7.6, 8, 8.2 ], "axis": "y", "angle": -45 },
			"faces": {
				"down": { "uv": [ 8.9, 6.2, 10.1, 7.4 ], "texture": "#web" },
				"up": { "uv": [ 8.9, 8.6, 10.1, 9.8 ], "texture": "#web" },
				"north": { "uv": [ 5.9, 11, 7.1, 12 ], "texture": "#web" },
				"south": { "uv": [ 8.9, 11, 10.1, 12 ], "texture": "#web" },
				"west": { "uv": [ 8.6, 11, 9.8, 12 ], "texture": "#web" },
				"east": { "uv": [ 6.2, 11, 7.4, 12 ], "texture": "#web" }
			}
		},
		{
			"from": [ 11.3, 4, 7.6 ],
			"to": [ 12.5, 5, 8.8 ],
			"rotation": { "origin": [ 7.6, 8, 8.2 ], "axis": "y", "angle": -45 },
			"faces": {
				"down": { "uv": [ 10.6, 4.4, 11.8, 5.6 ], "texture": "#web" },
				"up": { "uv": [ 10.6, 10.4, 11.8, 11.6 ], "texture": "#web" },
				"north": { "uv": [ 4.2, 11, 5.4, 12 ], "texture": "#web" },
				"south": { "uv": [ 10.6, 11, 11.8, 12 ], "texture": "#web" },
				"west": { "uv": [ 10.4, 11, 11.6, 12 ], "texture": "#web" },
				"east": { "uv": [ 4.4, 11, 5.6, 12 ], "texture": "#web" }
			}
		},
		{
			"from": [ 2.7, 3, 7.6 ],
			"to": [ 3.9, 4, 8.8 ],
			"rotation": { "origin": [ 7.6, 8, 8.2 ], "axis": "y", "angle": -45 },
			"faces": {
				"down": { "uv": [ 4.6, 10.5, 5.8, 11.7 ], "texture": "#web" },
				"up": { "uv": [ 4.6, 4.3, 5.8, 5.5 ], "texture": "#web" },
				"north": { "uv": [ 10.2, 12, 11.4, 13 ], "texture": "#web" },
				"south": { "uv": [ 4.6, 12, 5.8, 13 ], "texture": "#web" },
				"west": { "uv": [ 4.3, 12, 5.5, 13 ], "texture": "#web" },
				"east": { "uv": [ 10.5, 12, 11.7, 13 ], "texture": "#web" }
			}
		},
		{
			"from": [ 5.2, 0, 7.6 ],
			"to": [ 6.4, 4, 8.8 ],
			"rotation": { "origin": [ 7.6, 8, 8.2 ], "axis": "y", "angle": -45 },
			"faces": {
				"down": { "uv": [ 6.3, 8.7, 7.5, 9.9 ], "texture": "#web" },
				"up": { "uv": [ 6.3, 6.1, 7.5, 7.3 ], "texture": "#web" },
				"north": { "uv": [ 8.5, 12, 9.7, 16 ], "texture": "#web" },
				"south": { "uv": [ 6.3, 12, 7.5, 16 ], "texture": "#web" },
				"west": { "uv": [ 6.1, 12, 7.3, 16 ], "texture": "#web" },
				"east": { "uv": [ 8.7, 12, 9.9, 16 ], "texture": "#web" }
			}
		},
		{
			"from": [ 7.6, 3, 7.6 ],
			"to": [ 8.8, 4, 8.8 ],
			"rotation": { "origin": [ 7.6, 8, 8.2 ], "axis": "y", "angle": -45 },
			"faces": {
				"down": { "uv": [ 8, 7, 9.2, 8.2 ], "texture": "#web" },
				"up": { "uv": [ 8, 7.8, 9.2, 9 ], "texture": "#web" },
				"north": { "uv": [ 6.8, 12, 8, 13 ], "texture": "#web" },
				"south": { "uv": [ 8, 12, 9.2, 13 ], "texture": "#web" },
				"west": { "uv": [ 7.8, 12, 9, 13 ], "texture": "#web" },
				"east": { "uv": [ 7, 12, 8.2, 13 ], "texture": "#web" }
			}
		},
		{
			"from": [ 12.5, 2, 7.6 ],
			"to": [ 14.9, 4, 8.8 ],
			"rotation": { "origin": [ 7.6, 8, 8.2 ], "axis": "y", "angle": -45 },
			"faces": {
				"down": { "uv": [ 11.5, 3.6, 13.9, 4.8 ], "texture": "#web" },
				"up": { "uv": [ 11.5, 11.2, 13.9, 12.4 ], "texture": "#web" },
				"north": { "uv": [ 2.1, 12, 4.5, 14 ], "texture": "#web" },
				"south": { "uv": [ 11.5, 12, 13.9, 14 ], "texture": "#web" },
				"west": { "uv": [ 11.2, 12, 12.4, 14 ], "texture": "#web" },
				"east": { "uv": [ 3.6, 12, 4.8, 14 ], "texture": "#web" }
			}
		},
		{
			"from": [ 0.3, 2, 7.6 ],
			"to": [ 1.5, 3, 8.8 ],
			"rotation": { "origin": [ 7.6, 8, 8.2 ], "axis": "y", "angle": -45 },
			"faces": {
				"down": { "uv": [ 2.9, 12.2, 4.1, 13.4 ], "texture": "#web" },
				"up": { "uv": [ 2.9, 2.6, 4.1, 3.8 ], "texture": "#web" },
				"north": { "uv": [ 11.9, 13, 13.1, 14 ], "texture": "#web" },
				"south": { "uv": [ 2.9, 13, 4.1, 14 ], "texture": "#web" },
				"west": { "uv": [ 2.6, 13, 3.8, 14 ], "texture": "#web" },
				"east": { "uv": [ 12.2, 13, 13.4, 14 ], "texture": "#web" }
			}
		},
		{
			"from": [ 3.9, 2, 7.6 ],
			"to": [ 5.2, 3, 8.8 ],
			"rotation": { "origin": [ 7.6, 8, 8.2 ], "axis": "y", "angle": -45 },
			"faces": {
				"down": { "uv": [ 5.4, 9.6, 6.7, 10.8 ], "texture": "#web" },
				"up": { "uv": [ 5.4, 5.2, 6.7, 6.4 ], "texture": "#web" },
				"north": { "uv": [ 9.3, 13, 10.6, 14 ], "texture": "#web" },
				"south": { "uv": [ 5.4, 13, 6.7, 14 ], "texture": "#web" },
				"west": { "uv": [ 5.2, 13, 6.4, 14 ], "texture": "#web" },
				"east": { "uv": [ 9.6, 13, 10.8, 14 ], "texture": "#web" }
			}
		},
		{
			"from": [ 10, 2, 7.6 ],
			"to": [ 12.5, 3, 8.8 ],
			"rotation": { "origin": [ 7.6, 8, 8.2 ], "axis": "y", "angle": -45 },
			"faces": {
				"down": { "uv": [ 9.7, 5.3, 12.2, 6.5 ], "texture": "#web" },
				"up": { "uv": [ 9.7, 9.5, 12.2, 10.7 ], "texture": "#web" },
				"north": { "uv": [ 3.8, 13, 6.3, 14 ], "texture": "#web" },
				"south": { "uv": [ 9.7, 13, 12.2, 14 ], "texture": "#web" },
				"west": { "uv": [ 9.5, 13, 10.7, 14 ], "texture": "#web" },
				"east": { "uv": [ 5.3, 13, 6.5, 14 ], "texture": "#web" }
			}
		},
		{
			"from": [ -0.9, 1, 7.6 ],
			"to": [ 0.3, 2, 8.8 ],
			"rotation": { "origin": [ 7.6, 8, 8.2 ], "axis": "y", "angle": -45 },
			"faces": {
				"down": { "uv": [ 2, 13, 3.2, 14.2 ], "texture": "#web" },
				"up": { "uv": [ 2, 1.8, 3.2, 3 ], "texture": "#web" },
				"north": { "uv": [ 12.8, 14, 14, 15 ], "texture": "#web" },
				"south": { "uv": [ 2, 14, 3.2, 15 ], "texture": "#web" },
				"west": { "uv": [ 1.8, 14, 3, 15 ], "texture": "#web" },
				"east": { "uv": [ 13, 14, 14.2, 15 ], "texture": "#web" }
			}
		},
		{
			"from": [ 6.4, 1, 7.6 ],
			"to": [ 10, 2, 8.8 ],
			"rotation": { "origin": [ 7.6, 8, 8.2 ], "axis": "y", "angle": -45 },
			"faces": {
				"down": { "uv": [ 7.2, 7.9, 10.8, 9.1 ], "texture": "#web" },
				"up": { "uv": [ 7.2, 6.9, 10.8, 8.1 ], "texture": "#web" },
				"north": { "uv": [ 5.2, 14, 8.8, 15 ], "texture": "#web" },
				"south": { "uv": [ 7.2, 14, 10.8, 15 ], "texture": "#web" },
				"west": { "uv": [ 6.9, 14, 8.1, 15 ], "texture": "#web" },
				"east": { "uv": [ 7.9, 14, 9.1, 15 ], "texture": "#web" }
			}
		},
		{
			"from": [ 14.9, 1, 7.6 ],
			"to": [ 16.1, 2, 8.8 ],
			"rotation": { "origin": [ 7.6, 8, 8.2 ], "axis": "y", "angle": -45 },
			"faces": {
				"down": { "uv": [ 13.2, 1.9, 14.4, 3.1 ], "texture": "#web" },
				"up": { "uv": [ 13.2, 12.9, 14.4, 14.1 ], "texture": "#web" },
				"north": { "uv": [ 1.6, 14, 2.8, 15 ], "texture": "#web" },
				"south": { "uv": [ 13.2, 14, 14.4, 15 ], "texture": "#web" },
				"west": { "uv": [ 12.9, 14, 14.1, 15 ], "texture": "#web" },
				"east": { "uv": [ 1.9, 14, 3.1, 15 ], "texture": "#web" }
			}
		},
		{
			"from": [ -2.2, 0, 7.6 ],
			"to": [ -0.9, 1, 8.8 ],
			"rotation": { "origin": [ 7.6, 8, 8.2 ], "axis": "y", "angle": -45 },
			"faces": {
				"down": { "uv": [ 1.1, 14, 2.4, 15.2 ], "texture": "#web" },
				"up": { "uv": [ 1.1, 0.8, 2.4, 2 ], "texture": "#web" },
				"north": { "uv": [ 13.6, 15, 14.9, 16 ], "texture": "#web" },
				"south": { "uv": [ 1.1, 15, 2.4, 16 ], "texture": "#web" },
				"west": { "uv": [ 0.8, 15, 2, 16 ], "texture": "#web" },
				"east": { "uv": [ 14, 15, 15.2, 16 ], "texture": "#web" }
			}
		},
		{
			"from": [ 16.1, 0, 7.6 ],
			"to": [ 17.4, 1, 8.8 ],
			"rotation": { "origin": [ 7.6, 8, 8.2 ], "axis": "y", "angle": -45 },
			"faces": {
				"down": { "uv": [ 14, 1, 15.3, 2.2 ], "texture": "#web" },
				"up": { "uv": [ 14, 13.8, 15.3, 15 ], "texture": "#web" },
				"north": { "uv": [ 0.7, 15, 2, 16 ], "texture": "#web" },
				"south": { "uv": [ 14, 15, 15.3, 16 ], "texture": "#web" },
				"west": { "uv": [ 13.8, 15, 15, 16 ], "texture": "#web" },
				"east": { "uv": [ 1, 15, 2.2, 16 ], "texture": "#web" }
			}
		},
		{
			"from": [ 7.6, 0, 16.1 ],
			"to": [ 8.8, 1, 17.4 ],
			"rotation": { "origin": [ 7.6, 8, 8.2 ], "axis": "y", "angle": -45 },
			"faces": {
				"down": { "uv": [ 2, 0.9, 3.2, 2.2 ], "texture": "#web" },
				"up": { "uv": [ 2, 13.8, 3.2, 15.1 ], "texture": "#web" },
				"north": { "uv": [ 12.8, 15, 14, 16 ], "texture": "#web" },
				"south": { "uv": [ 2, 15, 3.2, 16 ], "texture": "#web" },
				"west": { "uv": [ 13.8, 15, 15.1, 16 ], "texture": "#web" },
				"east": { "uv": [ 0.9, 15, 2.2, 16 ], "texture": "#web" }
			}
		},
		{
			"from": [ 7.6, 15, -2.2 ],
			"to": [ 8.8, 16, -0.9 ],
			"rotation": { "origin": [ 7.6, 8, 8.2 ], "axis": "y", "angle": -45 },
			"faces": {
				"down": { "uv": [ 15, 13.9, 16, 15.2 ], "texture": "#web" },
				"up": { "uv": [ 15, 0.8, 16, 2.1 ], "texture": "#web" },
				"north": { "uv": [ 0, 0, 1, 1 ], "texture": "#web" },
				"south": { "uv": [ 15, 0, 16, 1 ], "texture": "#web" },
				"west": { "uv": [ 0.8, 0, 2.1, 1 ], "texture": "#web" },
				"east": { "uv": [ 13.9, 0, 15.2, 1 ], "texture": "#web" }
			}
		},
		{
			"from": [ 7.6, 15, 16.1 ],
			"to": [ 8.8, 16, 17.4 ],
			"rotation": { "origin": [ 7.6, 8, 8.2 ], "axis": "y", "angle": -45 },
			"faces": {
				"down": { "uv": [ 2, 0.9, 3.2, 2.2 ], "texture": "#web" },
				"up": { "uv": [ 2, 13.8, 3.2, 15.1 ], "texture": "#web" },
				"north": { "uv": [ 12.8, 0, 14, 1 ], "texture": "#web" },
				"south": { "uv": [ 2, 0, 3.2, 1 ], "texture": "#web" },
				"west": { "uv": [ 13.8, 0, 15.1, 1 ], "texture": "#web" },
				"east": { "uv": [ 0.9, 0, 2.2, 1 ], "texture": "#web" }
			}
		},
		{
			"from": [ 7.6, 14, -0.9 ],
			"to": [ 8.8, 15, 0.3 ],
			"rotation": { "origin": [ 7.6, 8, 8.2 ], "axis": "y", "angle": -45 },
			"faces": {
				"down": { "uv": [ 14, 13, 15.2, 14.2 ], "texture": "#web" },
				"up": { "uv": [ 14, 1.8, 15.2, 3 ], "texture": "#web" },
				"north": { "uv": [ 0.8, 1, 2, 2 ], "texture": "#web" },
				"south": { "uv": [ 14, 1, 15.2, 2 ], "texture": "#web" },
				"west": { "uv": [ 1.8, 1, 3, 2 ], "texture": "#web" },
				"east": { "uv": [ 13, 1, 14.2, 2 ], "texture": "#web" }
			}
		},
		{
			"from": [ 7.6, 14, 5.2 ],
			"to": [ 8.8, 15, 7.6 ],
			"rotation": { "origin": [ 7.6, 8, 8.2 ], "axis": "y", "angle": -45 },
			"faces": {
				"down": { "uv": [ 9.7, 7.5, 10.9, 9.9 ], "texture": "#web" },
				"up": { "uv": [ 9.7, 6.1, 10.9, 8.5 ], "texture": "#web" },
				"north": { "uv": [ 5.1, 1, 6.3, 2 ], "texture": "#web" },
				"south": { "uv": [ 9.7, 1, 10.9, 2 ], "texture": "#web" },
				"west": { "uv": [ 6.1, 1, 8.5, 2 ], "texture": "#web" },
				"east": { "uv": [ 7.5, 1, 9.9, 2 ], "texture": "#web" }
			}
		},
		{
			"from": [ 7.6, 14, 8.8 ],
			"to": [ 8.8, 15, 11.3 ],
			"rotation": { "origin": [ 7.6, 8, 8.2 ], "axis": "y", "angle": -45 },
			"faces": {
				"down": { "uv": [ 7.2, 4.9, 8.4, 7.4 ], "texture": "#web" },
				"up": { "uv": [ 7.2, 8.6, 8.4, 11.1 ], "texture": "#web" },
				"north": { "uv": [ 7.6, 1, 8.8, 2 ], "texture": "#web" },
				"south": { "uv": [ 7.2, 1, 8.4, 2 ], "texture": "#web" },
				"west": { "uv": [ 8.6, 1, 11.1, 2 ], "texture": "#web" },
				"east": { "uv": [ 4.9, 1, 7.4, 2 ], "texture": "#web" }
			}
		},
		{
			"from": [ 7.6, 14, 14.9 ],
			"to": [ 8.8, 15, 16.1 ],
			"rotation": { "origin": [ 7.6, 8, 8.2 ], "axis": "y", "angle": -45 },
			"faces": {
				"down": { "uv": [ 2.9, 1.9, 4.1, 3.1 ], "texture": "#web" },
				"up": { "uv": [ 2.9, 12.9, 4.1, 14.1 ], "texture": "#web" },
				"north": { "uv": [ 11.9, 1, 13.1, 2 ], "texture": "#web" },
				"south": { "uv": [ 2.9, 1, 4.1, 2 ], "texture": "#web" },
				"west": { "uv": [ 12.9, 1, 14.1, 2 ], "texture": "#web" },
				"east": { "uv": [ 1.9, 1, 3.1, 2 ], "texture": "#web" }
			}
		},
		{
			"from": [ 7.6, 13, 0.3 ],
			"to": [ 8.8, 14, 5.2 ],
			"rotation": { "origin": [ 7.6, 8, 8.2 ], "axis": "y", "angle": -45 },
			"faces": {
				"down": { "uv": [ 13.2, 8.5, 14.4, 13.4 ], "texture": "#web" },
				"up": { "uv": [ 13.2, 2.6, 14.4, 7.5 ], "texture": "#web" },
				"north": { "uv": [ 1.6, 2, 2.8, 3 ], "texture": "#web" },
				"south": { "uv": [ 13.2, 2, 14.4, 3 ], "texture": "#web" },
				"west": { "uv": [ 2.6, 2, 7.5, 3 ], "texture": "#web" },
				"east": { "uv": [ 8.5, 2, 13.4, 3 ], "texture": "#web" }
			}
		},
		{
			"from": [ 7.6, 13, 11.3 ],
			"to": [ 8.8, 14, 12.5 ],
			"rotation": { "origin": [ 7.6, 8, 8.2 ], "axis": "y", "angle": -45 },
			"faces": {
				"down": { "uv": [ 5.4, 4.4, 6.6, 5.6 ], "texture": "#web" },
				"up": { "uv": [ 5.4, 10.4, 6.6, 11.6 ], "texture": "#web" },
				"north": { "uv": [ 9.4, 2, 10.6, 3 ], "texture": "#web" },
				"south": { "uv": [ 5.4, 2, 6.6, 3 ], "texture": "#web" },
				"west": { "uv": [ 10.4, 2, 11.6, 3 ], "texture": "#web" },
				"east": { "uv": [ 4.4, 2, 5.6, 3 ], "texture": "#web" }
			}
		},
		{
			"from": [ 7.6, 13, 13.7 ],
			"to": [ 8.8, 14, 14.9 ],
			"rotation": { "origin": [ 7.6, 8, 8.2 ], "axis": "y", "angle": -45 },
			"faces": {
				"down": { "uv": [ 3.7, 2.7, 4.9, 3.9 ], "texture": "#web" },
				"up": { "uv": [ 3.7, 12.1, 4.9, 13.3 ], "texture": "#web" },
				"north": { "uv": [ 11.1, 2, 12.3, 3 ], "texture": "#web" },
				"south": { "uv": [ 3.7, 2, 4.9, 3 ], "texture": "#web" },
				"west": { "uv": [ 12.1, 2, 13.3, 3 ], "texture": "#web" },
				"east": { "uv": [ 2.7, 2, 3.9, 3 ], "texture": "#web" }
			}
		},
		{
			"from": [ 7.6, 11, 1.5 ],
			"to": [ 8.8, 13, 2.7 ],
			"rotation": { "origin": [ 7.6, 8, 8.2 ], "axis": "y", "angle": -45 },
			"faces": {
				"down": { "uv": [ 12.3, 11.3, 13.5, 12.5 ], "texture": "#web" },
				"up": { "uv": [ 12.3, 3.5, 13.5, 4.7 ], "texture": "#web" },
				"north": { "uv": [ 2.5, 3, 3.7, 5 ], "texture": "#web" },
				"south": { "uv": [ 12.3, 3, 13.5, 5 ], "texture": "#web" },
				"west": { "uv": [ 3.5, 3, 4.7, 5 ], "texture": "#web" },
				"east": { "uv": [ 11.3, 3, 12.5, 5 ], "texture": "#web" }
			}
		},
		{
			"from": [ 7.6, 3, 6.4 ],
			"to": [ 8.8, 13, 7.6 ],
			"rotation": { "origin": [ 7.6, 8, 8.2 ], "axis": "y", "angle": -45 },
			"faces": {
				"down": { "uv": [ 8.9, 7.9, 10.1, 9.1 ], "texture": "#web" },
				"up": { "uv": [ 8.9, 6.9, 10.1, 8.1 ], "texture": "#web" },
				"north": { "uv": [ 5.9, 3, 7.1, 13 ], "texture": "#web" },
				"south": { "uv": [ 8.9, 3, 10.1, 13 ], "texture": "#web" },
				"west": { "uv": [ 6.9, 3, 8.1, 13 ], "texture": "#web" },
				"east": { "uv": [ 7.9, 3, 9.1, 13 ], "texture": "#web" }
			}
		},
		{
			"from": [ 7.6, 12, 12.5 ],
			"to": [ 8.8, 13, 13.7 ],
			"rotation": { "origin": [ 7.6, 8, 8.2 ], "axis": "y", "angle": -45 },
			"faces": {
				"down": { "uv": [ 4.6, 3.6, 5.8, 4.8 ], "texture": "#web" },
				"up": { "uv": [ 4.6, 11.2, 5.8, 12.4 ], "texture": "#web" },
				"north": { "uv": [ 10.2, 3, 11.4, 4 ], "texture": "#web" },
				"south": { "uv": [ 4.6, 3, 5.8, 4 ], "texture": "#web" },
				"west": { "uv": [ 11.2, 3, 12.4, 4 ], "texture": "#web" },
				"east": { "uv": [ 3.6, 3, 4.8, 4 ], "texture": "#web" }
			}
		},
		{
			"from": [ 7.6, 11, 2.7 ],
			"to": [ 8.8, 12, 3.9 ],
			"rotation": { "origin": [ 7.6, 8, 8.2 ], "axis": "y", "angle": -45 },
			"faces": {
				"down": { "uv": [ 11.5, 10.5, 12.7, 11.7 ], "texture": "#web" },
				"up": { "uv": [ 11.5, 4.3, 12.7, 5.5 ], "texture": "#web" },
				"north": { "uv": [ 3.3, 4, 4.5, 5 ], "texture": "#web" },
				"south": { "uv": [ 11.5, 4, 12.7, 5 ], "texture": "#web" },
				"west": { "uv": [ 4.3, 4, 5.5, 5 ], "texture": "#web" },
				"east": { "uv": [ 10.5, 4, 11.7, 5 ], "texture": "#web" }
			}
		},
		{
			"from": [ 7.6, 11, 5.2 ],
			"to": [ 8.8, 12, 6.4 ],
			"rotation": { "origin": [ 7.6, 8, 8.2 ], "axis": "y", "angle": -45 },
			"faces": {
				"down": { "uv": [ 9.7, 8.7, 10.9, 9.9 ], "texture": "#web" },
				"up": { "uv": [ 9.7, 6.1, 10.9, 7.3 ], "texture": "#web" },
				"north": { "uv": [ 5.1, 4, 6.3, 5 ], "texture": "#web" },
				"south": { "uv": [ 9.7, 4, 10.9, 5 ], "texture": "#web" },
				"west": { "uv": [ 6.1, 4, 7.3, 5 ], "texture": "#web" },
				"east": { "uv": [ 8.7, 4, 9.9, 5 ], "texture": "#web" }
			}
		},
		{
			"from": [ 7.6, 11, 8.8 ],
			"to": [ 8.8, 12, 10 ],
			"rotation": { "origin": [ 7.6, 8, 8.2 ], "axis": "y", "angle": -45 },
			"faces": {
				"down": { "uv": [ 7.2, 6.2, 8.4, 7.4 ], "texture": "#web" },
				"up": { "uv": [ 7.2, 8.6, 8.4, 9.8 ], "texture": "#web" },
				"north": { "uv": [ 7.6, 4, 8.8, 5 ], "texture": "#web" },
				"south": { "uv": [ 7.2, 4, 8.4, 5 ], "texture": "#web" },
				"west": { "uv": [ 8.6, 4, 9.8, 5 ], "texture": "#web" },
				"east": { "uv": [ 6.2, 4, 7.4, 5 ], "texture": "#web" }
			}
		},
		{
			"from": [ 7.6, 11, 11.3 ],
			"to": [ 8.8, 12, 12.5 ],
			"rotation": { "origin": [ 7.6, 8, 8.2 ], "axis": "y", "angle": -45 },
			"faces": {
				"down": { "uv": [ 5.4, 4.4, 6.6, 5.6 ], "texture": "#web" },
				"up": { "uv": [ 5.4, 10.4, 6.6, 11.6 ], "texture": "#web" },
				"north": { "uv": [ 9.4, 4, 10.6, 5 ], "texture": "#web" },
				"south": { "uv": [ 5.4, 4, 6.6, 5 ], "texture": "#web" },
				"west": { "uv": [ 10.4, 4, 11.6, 5 ], "texture": "#web" },
				"east": { "uv": [ 4.4, 4, 5.6, 5 ], "texture": "#web" }
			}
		},
		{
			"from": [ 7.6, 11, 13.7 ],
			"to": [ 8.8, 12, 14.9 ],
			"rotation": { "origin": [ 7.6, 8, 8.2 ], "axis": "y", "angle": -45 },
			"faces": {
				"down": { "uv": [ 3.7, 2.7, 4.9, 3.9 ], "texture": "#web" },
				"up": { "uv": [ 3.7, 12.1, 4.9, 13.3 ], "texture": "#web" },
				"north": { "uv": [ 11.1, 4, 12.3, 5 ], "texture": "#web" },
				"south": { "uv": [ 3.7, 4, 4.9, 5 ], "texture": "#web" },
				"west": { "uv": [ 12.1, 4, 13.3, 5 ], "texture": "#web" },
				"east": { "uv": [ 2.7, 4, 3.9, 5 ], "texture": "#web" }
			}
		},
		{
			"from": [ 7.6, 8, 0.3 ],
			"to": [ 8.8, 11, 1.5 ],
			"rotation": { "origin": [ 7.6, 8, 8.2 ], "axis": "y", "angle": -45 },
			"faces": {
				"down": { "uv": [ 13.2, 12.2, 14.4, 13.4 ], "texture": "#web" },
				"up": { "uv": [ 13.2, 2.6, 14.4, 3.8 ], "texture": "#web" },
				"north": { "uv": [ 1.6, 5, 2.8, 8 ], "texture": "#web" },
				"south": { "uv": [ 13.2, 5, 14.4, 8 ], "texture": "#web" },
				"west": { "uv": [ 2.6, 5, 3.8, 8 ], "texture": "#web" },
				"east": { "uv": [ 12.2, 5, 13.4, 8 ], "texture": "#web" }
			}
		},
		{
			"from": [ 7.6, 10, 3.9 ],
			"to": [ 8.8, 11, 5.2 ],
			"rotation": { "origin": [ 7.6, 8, 8.2 ], "axis": "y", "angle": -45 },
			"faces": {
				"down": { "uv": [ 10.6, 9.5, 11.8, 10.8 ], "texture": "#web" },
				"up": { "uv": [ 10.6, 5.2, 11.8, 6.5 ], "texture": "#web" },
				"north": { "uv": [ 4.2, 5, 5.4, 6 ], "texture": "#web" },
				"south": { "uv": [ 10.6, 5, 11.8, 6 ], "texture": "#web" },
				"west": { "uv": [ 5.2, 5, 6.5, 6 ], "texture": "#web" },
				"east": { "uv": [ 9.5, 5, 10.8, 6 ], "texture": "#web" }
			}
		},
		{
			"from": [ 7.6, 10, 10 ],
			"to": [ 8.8, 11, 11.3 ],
			"rotation": { "origin": [ 7.6, 8, 8.2 ], "axis": "y", "angle": -45 },
			"faces": {
				"down": { "uv": [ 6.3, 5.2, 7.5, 6.5 ], "texture": "#web" },
				"up": { "uv": [ 6.3, 9.5, 7.5, 10.8 ], "texture": "#web" },
				"north": { "uv": [ 8.5, 5, 9.7, 6 ], "texture": "#web" },
				"south": { "uv": [ 6.3, 5, 7.5, 6 ], "texture": "#web" },
				"west": { "uv": [ 9.5, 5, 10.8, 6 ], "texture": "#web" },
				"east": { "uv": [ 5.2, 5, 6.5, 6 ], "texture": "#web" }
			}
		},
		{
			"from": [ 7.6, 9, 14.9 ],
			"to": [ 8.8, 11, 16.1 ],
			"rotation": { "origin": [ 7.6, 8, 8.2 ], "axis": "y", "angle": -45 },
			"faces": {
				"down": { "uv": [ 2.9, 1.9, 4.1, 3.1 ], "texture": "#web" },
				"up": { "uv": [ 2.9, 12.9, 4.1, 14.1 ], "texture": "#web" },
				"north": { "uv": [ 11.9, 5, 13.1, 7 ], "texture": "#web" },
				"south": { "uv": [ 2.9, 5, 4.1, 7 ], "texture": "#web" },
				"west": { "uv": [ 12.9, 5, 14.1, 7 ], "texture": "#web" },
				"east": { "uv": [ 1.9, 5, 3.1, 7 ], "texture": "#web" }
			}
		},
		{
			"from": [ 7.6, 7, 2.7 ],
			"to": [ 8.8, 10, 3.9 ],
			"rotation": { "origin": [ 7.6, 8, 8.2 ], "axis": "y", "angle": -45 },
			"faces": {
				"down": { "uv": [ 11.5, 10.5, 12.7, 11.7 ], "texture": "#web" },
				"up": { "uv": [ 11.5, 4.3, 12.7, 5.5 ], "texture": "#web" },
				"north": { "uv": [ 3.3, 6, 4.5, 9 ], "texture": "#web" },
				"south": { "uv": [ 11.5, 6, 12.7, 9 ], "texture": "#web" },
				"west": { "uv": [ 4.3, 6, 5.5, 9 ], "texture": "#web" },
				"east": { "uv": [ 10.5, 6, 11.7, 9 ], "texture": "#web" }
			}
		},
		{
			"from": [ 7.6, 8, 5.2 ],
			"to": [ 8.8, 10, 6.4 ],
			"rotation": { "origin": [ 7.6, 8, 8.2 ], "axis": "y", "angle": -45 },
			"faces": {
				"down": { "uv": [ 9.7, 8.7, 10.9, 9.9 ], "texture": "#web" },
				"up": { "uv": [ 9.7, 6.1, 10.9, 7.3 ], "texture": "#web" },
				"north": { "uv": [ 5.1, 6, 6.3, 8 ], "texture": "#web" },
				"south": { "uv": [ 9.7, 6, 10.9, 8 ], "texture": "#web" },
				"west": { "uv": [ 6.1, 6, 7.3, 8 ], "texture": "#web" },
				"east": { "uv": [ 8.7, 6, 9.9, 8 ], "texture": "#web" }
			}
		},
		{
			"from": [ 7.6, 9, 8.8 ],
			"to": [ 8.8, 10, 10 ],
			"rotation": { "origin": [ 7.6, 8, 8.2 ], "axis": "y", "angle": -45 },
			"faces": {
				"down": { "uv": [ 7.2, 6.2, 8.4, 7.4 ], "texture": "#web" },
				"up": { "uv": [ 7.2, 8.6, 8.4, 9.8 ], "texture": "#web" },
				"north": { "uv": [ 7.6, 6, 8.8, 7 ], "texture": "#web" },
				"south": { "uv": [ 7.2, 6, 8.4, 7 ], "texture": "#web" },
				"west": { "uv": [ 8.6, 6, 9.8, 7 ], "texture": "#web" },
				"east": { "uv": [ 6.2, 6, 7.4, 7 ], "texture": "#web" }
			}
		},
		{
			"from": [ 7.6, 9, 11.3 ],
			"to": [ 8.8, 10, 12.5 ],
			"rotation": { "origin": [ 7.6, 8, 8.2 ], "axis": "y", "angle": -45 },
			"faces": {
				"down": { "uv": [ 5.4, 4.4, 6.6, 5.6 ], "texture": "#web" },
				"up": { "uv": [ 5.4, 10.4, 6.6, 11.6 ], "texture": "#web" },
				"north": { "uv": [ 9.4, 6, 10.6, 7 ], "texture": "#web" },
				"south": { "uv": [ 5.4, 6, 6.6, 7 ], "texture": "#web" },
				"west": { "uv": [ 10.4, 6, 11.6, 7 ], "texture": "#web" },
				"east": { "uv": [ 4.4, 6, 5.6, 7 ], "texture": "#web" }
			}
		},
		{
			"from": [ 7.6, 8, -2.2 ],
			"to": [ 8.8, 9, 0.3 ],
			"rotation": { "origin": [ 7.6, 8, 8.2 ], "axis": "y", "angle": -45 },
			"faces": {
				"down": { "uv": [ 15, 12.7, 16, 15.2 ], "texture": "#web" },
				"up": { "uv": [ 15, 0.8, 16, 3.3 ], "texture": "#web" },
				"north": { "uv": [ 0, 7, 1, 8 ], "texture": "#web" },
				"south": { "uv": [ 15, 7, 16, 8 ], "texture": "#web" },
				"west": { "uv": [ 0.8, 7, 3.3, 8 ], "texture": "#web" },
				"east": { "uv": [ 12.7, 7, 15.2, 8 ], "texture": "#web" }
			}
		},
		{
			"from": [ 7.6, 8, 1.5 ],
			"to": [ 8.8, 9, 2.7 ],
			"rotation": { "origin": [ 7.6, 8, 8.2 ], "axis": "y", "angle": -45 },
			"faces": {
				"down": { "uv": [ 12.3, 11.3, 13.5, 12.5 ], "texture": "#web" },
				"up": { "uv": [ 12.3, 3.5, 13.5, 4.7 ], "texture": "#web" },
				"north": { "uv": [ 2.5, 7, 3.7, 8 ], "texture": "#web" },
				"south": { "uv": [ 12.3, 7, 13.5, 8 ], "texture": "#web" },
				"west": { "uv": [ 3.5, 7, 4.7, 8 ], "texture": "#web" },
				"east": { "uv": [ 11.3, 7, 12.5, 8 ], "texture": "#web" }
			}
		},
		{
			"from": [ 7.6, 8, 3.9 ],
			"to": [ 8.8, 9, 5.2 ],
			"rotation": { "origin": [ 7.6, 8, 8.2 ], "axis": "y", "angle": -45 },
			"faces": {
				"down": { "uv": [ 10.6, 9.5, 11.8, 10.8 ], "texture": "#web" },
				"up": { "uv": [ 10.6, 5.2, 11.8, 6.5 ], "texture": "#web" },
				"north": { "uv": [ 4.2, 7, 5.4, 8 ], "texture": "#web" },
				"south": { "uv": [ 10.6, 7, 11.8, 8 ], "texture": "#web" },
				"west": { "uv": [ 5.2, 7, 6.5, 8 ], "texture": "#web" },
				"east": { "uv": [ 9.5, 7, 10.8, 8 ], "texture": "#web" }
			}
		},
		{
			"from": [ 7.6, 5, 12.5 ],
			"to": [ 8.8, 9, 13.7 ],
			"rotation": { "origin": [ 7.6, 8, 8.2 ], "axis": "y", "angle": -45 },
			"faces": {
				"down": { "uv": [ 4.6, 3.6, 5.8, 4.8 ], "texture": "#web" },
				"up": { "uv": [ 4.6, 11.2, 5.8, 12.4 ], "texture": "#web" },
				"north": { "uv": [ 10.2, 7, 11.4, 11 ], "texture": "#web" },
				"south": { "uv": [ 4.6, 7, 5.8, 11 ], "texture": "#web" },
				"west": { "uv": [ 11.2, 7, 12.4, 11 ], "texture": "#web" },
				"east": { "uv": [ 3.6, 7, 4.8, 11 ], "texture": "#web" }
			}
		},
		{
			"from": [ 7.6, 6, 16.1 ],
			"to": [ 8.8, 9, 17.4 ],
			"rotation": { "origin": [ 7.6, 8, 8.2 ], "axis": "y", "angle": -45 },
			"faces": {
				"down": { "uv": [ 2, 0.9, 3.2, 2.2 ], "texture": "#web" },
				"up": { "uv": [ 2, 13.8, 3.2, 15.1 ], "texture": "#web" },
				"north": { "uv": [ 12.8, 7, 14, 10 ], "texture": "#web" },
				"south": { "uv": [ 2, 7, 3.2, 10 ], "texture": "#web" },
				"west": { "uv": [ 13.8, 7, 15.1, 10 ], "texture": "#web" },
				"east": { "uv": [ 0.9, 7, 2.2, 10 ], "texture": "#web" }
			}
		},
		{
			"from": [ 7.6, 7, -0.9 ],
			"to": [ 8.8, 8, 0.3 ],
			"rotation": { "origin": [ 7.6, 8, 8.2 ], "axis": "y", "angle": -45 },
			"faces": {
				"down": { "uv": [ 14, 13, 15.2, 14.2 ], "texture": "#web" },
				"up": { "uv": [ 14, 1.8, 15.2, 3 ], "texture": "#web" },
				"north": { "uv": [ 0.8, 8, 2, 9 ], "texture": "#web" },
				"south": { "uv": [ 14, 8, 15.2, 9 ], "texture": "#web" },
				"west": { "uv": [ 1.8, 8, 3, 9 ], "texture": "#web" },
				"east": { "uv": [ 13, 8, 14.2, 9 ], "texture": "#web" }
			}
		},
		{
			"from": [ 7.6, 7, 8.8 ],
			"to": [ 8.8, 8, 12.5 ],
			"rotation": { "origin": [ 7.6, 8, 8.2 ], "axis": "y", "angle": -45 },
			"faces": {
				"down": { "uv": [ 7.2, 3.7, 8.4, 7.4 ], "texture": "#web" },
				"up": { "uv": [ 7.2, 8.6, 8.4, 12.3 ], "texture": "#web" },
				"north": { "uv": [ 7.6, 8, 8.8, 9 ], "texture": "#web" },
				"south": { "uv": [ 7.2, 8, 8.4, 9 ], "texture": "#web" },
				"west": { "uv": [ 8.6, 8, 12.3, 9 ], "texture": "#web" },
				"east": { "uv": [ 3.7, 8, 7.4, 9 ], "texture": "#web" }
			}
		},
		{
			"from": [ 7.6, 7, 13.7 ],
			"to": [ 8.8, 8, 16.1 ],
			"rotation": { "origin": [ 7.6, 8, 8.2 ], "axis": "y", "angle": -45 },
			"faces": {
				"down": { "uv": [ 3.7, 1.5, 4.9, 3.9 ], "texture": "#web" },
				"up": { "uv": [ 3.7, 12.1, 4.9, 14.5 ], "texture": "#web" },
				"north": { "uv": [ 11.1, 8, 12.3, 9 ], "texture": "#web" },
				"south": { "uv": [ 3.7, 8, 4.9, 9 ], "texture": "#web" },
				"west": { "uv": [ 12.1, 8, 14.5, 9 ], "texture": "#web" },
				"east": { "uv": [ 1.5, 8, 3.9, 9 ], "texture": "#web" }
			}
		},
		{
			"from": [ 7.6, 5, 0.3 ],
			"to": [ 8.8, 7, 1.5 ],
			"rotation": { "origin": [ 7.6, 8, 8.2 ], "axis": "y", "angle": -45 },
			"faces": {
				"down": { "uv": [ 13.2, 12.2, 14.4, 13.4 ], "texture": "#web" },
				"up": { "uv": [ 13.2, 2.6, 14.4, 3.8 ], "texture": "#web" },
				"north": { "uv": [ 1.6, 9, 2.8, 11 ], "texture": "#web" },
				"south": { "uv": [ 13.2, 9, 14.4, 11 ], "texture": "#web" },
				"west": { "uv": [ 2.6, 9, 3.8, 11 ], "texture": "#web" },
				"east": { "uv": [ 12.2, 9, 13.4, 11 ], "texture": "#web" }
			}
		},
		{
			"from": [ 7.6, 6, 3.9 ],
			"to": [ 8.8, 7, 6.4 ],
			"rotation": { "origin": [ 7.6, 8, 8.2 ], "axis": "y", "angle": -45 },
			"faces": {
				"down": { "uv": [ 10.6, 8.3, 11.8, 10.8 ], "texture": "#web" },
				"up": { "uv": [ 10.6, 5.2, 11.8, 7.7 ], "texture": "#web" },
				"north": { "uv": [ 4.2, 9, 5.4, 10 ], "texture": "#web" },
				"south": { "uv": [ 10.6, 9, 11.8, 10 ], "texture": "#web" },
				"west": { "uv": [ 5.2, 9, 7.7, 10 ], "texture": "#web" },
				"east": { "uv": [ 8.3, 9, 10.8, 10 ], "texture": "#web" }
			}
		},
		{
			"from": [ 7.6, 6, 8.8 ],
			"to": [ 8.8, 7, 10 ],
			"rotation": { "origin": [ 7.6, 8, 8.2 ], "axis": "y", "angle": -45 },
			"faces": {
				"down": { "uv": [ 7.2, 6.2, 8.4, 7.4 ], "texture": "#web" },
				"up": { "uv": [ 7.2, 8.6, 8.4, 9.8 ], "texture": "#web" },
				"north": { "uv": [ 7.6, 9, 8.8, 10 ], "texture": "#web" },
				"south": { "uv": [ 7.2, 9, 8.4, 10 ], "texture": "#web" },
				"west": { "uv": [ 8.6, 9, 9.8, 10 ], "texture": "#web" },
				"east": { "uv": [ 6.2, 9, 7.4, 10 ], "texture": "#web" }
			}
		},
		{
			"from": [ 7.6, 4, 3.9 ],
			"to": [ 8.8, 6, 5.2 ],
			"rotation": { "origin": [ 7.6, 8, 8.2 ], "axis": "y", "angle": -45 },
			"faces": {
				"down": { "uv": [ 10.6, 9.5, 11.8, 10.8 ], "texture": "#web" },
				"up": { "uv": [ 10.6, 5.2, 11.8, 6.5 ], "texture": "#web" },
				"north": { "uv": [ 4.2, 10, 5.4, 12 ], "texture": "#web" },
				"south": { "uv": [ 10.6, 10, 11.8, 12 ], "texture": "#web" },
				"west": { "uv": [ 5.2, 10, 6.5, 12 ], "texture": "#web" },
				"east": { "uv": [ 9.5, 10, 10.8, 12 ], "texture": "#web" }
			}
		},
		{
			"from": [ 7.6, 4, 10 ],
			"to": [ 8.8, 6, 11.3 ],
			"rotation": { "origin": [ 7.6, 8, 8.2 ], "axis": "y", "angle": -45 },
			"faces": {
				"down": { "uv": [ 6.3, 5.2, 7.5, 6.5 ], "texture": "#web" },
				"up": { "uv": [ 6.3, 9.5, 7.5, 10.8 ], "texture": "#web" },
				"north": { "uv": [ 8.5, 10, 9.7, 12 ], "texture": "#web" },
				"south": { "uv": [ 6.3, 10, 7.5, 12 ], "texture": "#web" },
				"west": { "uv": [ 9.5, 10, 10.8, 12 ], "texture": "#web" },
				"east": { "uv": [ 5.2, 10, 6.5, 12 ], "texture": "#web" }
			}
		},
		{
			"from": [ 7.6, 4, 14.9 ],
			"to": [ 8.8, 6, 16.1 ],
			"rotation": { "origin": [ 7.6, 8, 8.2 ], "axis": "y", "angle": -45 },
			"faces": {
				"down": { "uv": [ 2.9, 1.9, 4.1, 3.1 ], "texture": "#web" },
				"up": { "uv": [ 2.9, 12.9, 4.1, 14.1 ], "texture": "#web" },
				"north": { "uv": [ 11.9, 10, 13.1, 12 ], "texture": "#web" },
				"south": { "uv": [ 2.9, 10, 4.1, 12 ], "texture": "#web" },
				"west": { "uv": [ 12.9, 10, 14.1, 12 ], "texture": "#web" },
				"east": { "uv": [ 1.9, 10, 3.1, 12 ], "texture": "#web" }
			}
		},
		{
			"from": [ 7.6, 3, 1.5 ],
			"to": [ 8.8, 5, 2.7 ],
			"rotation": { "origin": [ 7.6, 8, 8.2 ], "axis": "y", "angle": -45 },
			"faces": {
				"down": { "uv": [ 12.3, 11.3, 13.5, 12.5 ], "texture": "#web" },
				"up": { "uv": [ 12.3, 3.5, 13.5, 4.7 ], "texture": "#web" },
				"north": { "uv": [ 2.5, 11, 3.7, 13 ], "texture": "#web" },
				"south": { "uv": [ 12.3, 11, 13.5, 13 ], "texture": "#web" },
				"west": { "uv": [ 3.5, 11, 4.7, 13 ], "texture": "#web" },
				"east": { "uv": [ 11.3, 11, 12.5, 13 ], "texture": "#web" }
			}
		},
		{
			"from": [ 7.6, 4, 8.8 ],
			"to": [ 8.8, 5, 10 ],
			"rotation": { "origin": [ 7.6, 8, 8.2 ], "axis": "y", "angle": -45 },
			"faces": {
				"down": { "uv": [ 7.2, 6.2, 8.4, 7.4 ], "texture": "#web" },
				"up": { "uv": [ 7.2, 8.6, 8.4, 9.8 ], "texture": "#web" },
				"north": { "uv": [ 7.6, 11, 8.8, 12 ], "texture": "#web" },
				"south": { "uv": [ 7.2, 11, 8.4, 12 ], "texture": "#web" },
				"west": { "uv": [ 8.6, 11, 9.8, 12 ], "texture": "#web" },
				"east": { "uv": [ 6.2, 11, 7.4, 12 ], "texture": "#web" }
			}
		},
		{
			"from": [ 7.6, 4, 11.3 ],
			"to": [ 8.8, 5, 12.5 ],
			"rotation": { "origin": [ 7.6, 8, 8.2 ], "axis": "y", "angle": -45 },
			"faces": {
				"down": { "uv": [ 5.4, 4.4, 6.6, 5.6 ], "texture": "#web" },
				"up": { "uv": [ 5.4, 10.4, 6.6, 11.6 ], "texture": "#web" },
				"north": { "uv": [ 9.4, 11, 10.6, 12 ], "texture": "#web" },
				"south": { "uv": [ 5.4, 11, 6.6, 12 ], "texture": "#web" },
				"west": { "uv": [ 10.4, 11, 11.6, 12 ], "texture": "#web" },
				"east": { "uv": [ 4.4, 11, 5.6, 12 ], "texture": "#web" }
			}
		},
		{
			"from": [ 7.6, 3, 2.7 ],
			"to": [ 8.8, 4, 3.9 ],
			"rotation": { "origin": [ 7.6, 8, 8.2 ], "axis": "y", "angle": -45 },
			"faces": {
				"down": { "uv": [ 11.5, 10.5, 12.7, 11.7 ], "texture": "#web" },
				"up": { "uv": [ 11.5, 4.3, 12.7, 5.5 ], "texture": "#web" },
				"north": { "uv": [ 3.3, 12, 4.5, 13 ], "texture": "#web" },
				"south": { "uv": [ 11.5, 12, 12.7, 13 ], "texture": "#web" },
				"west": { "uv": [ 4.3, 12, 5.5, 13 ], "texture": "#web" },
				"east": { "uv": [ 10.5, 12, 11.7, 13 ], "texture": "#web" }
			}
		},
		{
			"from": [ 7.6, 0, 5.2 ],
			"to": [ 8.8, 4, 6.4 ],
			"rotation": { "origin": [ 7.6, 8, 8.2 ], "axis": "y", "angle": -45 },
			"faces": {
				"down": { "uv": [ 9.7, 8.7, 10.9, 9.9 ], "texture": "#web" },
				"up": { "uv": [ 9.7, 6.1, 10.9, 7.3 ], "texture": "#web" },
				"north": { "uv": [ 5.1, 12, 6.3, 16 ], "texture": "#web" },
				"south": { "uv": [ 9.7, 12, 10.9, 16 ], "texture": "#web" },
				"west": { "uv": [ 6.1, 12, 7.3, 16 ], "texture": "#web" },
				"east": { "uv": [ 8.7, 12, 9.9, 16 ], "texture": "#web" }
			}
		},
		{
			"from": [ 7.6, 2, 12.5 ],
			"to": [ 8.8, 4, 14.9 ],
			"rotation": { "origin": [ 7.6, 8, 8.2 ], "axis": "y", "angle": -45 },
			"faces": {
				"down": { "uv": [ 4.6, 2.4, 5.8, 4.8 ], "texture": "#web" },
				"up": { "uv": [ 4.6, 11.2, 5.8, 13.6 ], "texture": "#web" },
				"north": { "uv": [ 10.2, 12, 11.4, 14 ], "texture": "#web" },
				"south": { "uv": [ 4.6, 12, 5.8, 14 ], "texture": "#web" },
				"west": { "uv": [ 11.2, 12, 13.6, 14 ], "texture": "#web" },
				"east": { "uv": [ 2.4, 12, 4.8, 14 ], "texture": "#web" }
			}
		},
		{
			"from": [ 7.6, 2, 0.3 ],
			"to": [ 8.8, 3, 1.5 ],
			"rotation": { "origin": [ 7.6, 8, 8.2 ], "axis": "y", "angle": -45 },
			"faces": {
				"down": { "uv": [ 13.2, 12.2, 14.4, 13.4 ], "texture": "#web" },
				"up": { "uv": [ 13.2, 2.6, 14.4, 3.8 ], "texture": "#web" },
				"north": { "uv": [ 1.6, 13, 2.8, 14 ], "texture": "#web" },
				"south": { "uv": [ 13.2, 13, 14.4, 14 ], "texture": "#web" },
				"west": { "uv": [ 2.6, 13, 3.8, 14 ], "texture": "#web" },
				"east": { "uv": [ 12.2, 13, 13.4, 14 ], "texture": "#web" }
			}
		},
		{
			"from": [ 7.6, 2, 3.9 ],
			"to": [ 8.8, 3, 5.2 ],
			"rotation": { "origin": [ 7.6, 8, 8.2 ], "axis": "y", "angle": -45 },
			"faces": {
				"down": { "uv": [ 10.6, 9.5, 11.8, 10.8 ], "texture": "#web" },
				"up": { "uv": [ 10.6, 5.2, 11.8, 6.5 ], "texture": "#web" },
				"north": { "uv": [ 4.2, 13, 5.4, 14 ], "texture": "#web" },
				"south": { "uv": [ 10.6, 13, 11.8, 14 ], "texture": "#web" },
				"west": { "uv": [ 5.2, 13, 6.5, 14 ], "texture": "#web" },
				"east": { "uv": [ 9.5, 13, 10.8, 14 ], "texture": "#web" }
			}
		},
		{
			"from": [ 7.6, 2, 10 ],
			"to": [ 8.8, 3, 12.5 ],
			"rotation": { "origin": [ 7.6, 8, 8.2 ], "axis": "y", "angle": -45 },
			"faces": {
				"down": { "uv": [ 6.3, 4, 7.5, 6.5 ], "texture": "#web" },
				"up": { "uv": [ 6.3, 9.5, 7.5, 12 ], "texture": "#web" },
				"north": { "uv": [ 8.5, 13, 9.7, 14 ], "texture": "#web" },
				"south": { "uv": [ 6.3, 13, 7.5, 14 ], "texture": "#web" },
				"west": { "uv": [ 9.5, 13, 12, 14 ], "texture": "#web" },
				"east": { "uv": [ 4, 13, 6.5, 14 ], "texture": "#web" }
			}
		},
		{
			"from": [ 7.6, 1, -0.9 ],
			"to": [ 8.8, 2, 0.3 ],
			"rotation": { "origin": [ 7.6, 8, 8.2 ], "axis": "y", "angle": -45 },
			"faces": {
				"down": { "uv": [ 14, 13, 15.2, 14.2 ], "texture": "#web" },
				"up": { "uv": [ 14, 1.8, 15.2, 3 ], "texture": "#web" },
				"north": { "uv": [ 0.8, 14, 2, 15 ], "texture": "#web" },
				"south": { "uv": [ 14, 14, 15.2, 15 ], "texture": "#web" },
				"west": { "uv": [ 1.8, 14, 3, 15 ], "texture": "#web" },
				"east": { "uv": [ 13, 14, 14.2, 15 ], "texture": "#web" }
			}
		},
		{
			"from": [ 7.6, 1, 14.9 ],
			"to": [ 8.8, 2, 16.1 ],
			"rotation": { "origin": [ 7.6, 8, 8.2 ], "axis": "y", "angle": -45 },
			"faces": {
				"down": { "uv": [ 2.9, 1.9, 4.1, 3.1 ], "texture": "#web" },
				"up": { "uv": [ 2.9, 12.9, 4.1, 14.1 ], "texture": "#web" },
				"north": { "uv": [ 11.9, 14, 13.1, 15 ], "texture": "#web" },
				"south": { "uv": [ 2.9, 14, 4.1, 15 ], "texture": "#web" },
				"west": { "uv": [ 12.9, 14, 14.1, 15 ], "texture": "#web" },
				"east": { "uv": [ 1.9, 14, 3.1, 15 ], "texture": "#web" }
			}
		},
		{
			"from": [ 7.6, 0, -2.2 ],
			"to": [ 8.8, 1, -0.9 ],
			"rotation": { "origin": [ 7.6, 8, 8.2 ], "axis": "y", "angle": -45 },
			"faces": {
				"down": { "uv": [ 15, 13.9, 16, 15.2 ], "texture": "#web" },
				"up": { "uv": [ 15, 0.8, 16, 2.1 ], "texture": "#web" },
				"north": { "uv": [ 0, 15, 1, 16 ], "texture": "#web" },
				"south": { "uv": [ 15, 15, 16, 16 ], "texture": "#web" },
				"west": { "uv": [ 0.8, 15, 2.1, 16 ], "texture": "#web" },
				"east": { "uv": [ 13.9, 15, 15.2, 16 ], "texture": "#web" }
			}
		}
	]
}