{
	"__comment": "Designed by CreatorLabs with Cubik Studio - https://cubik.studio",
	"textures": {
		"particle": "3d_blocks/wheat/wheat_green_light_1",
		"texture": "3d_blocks/wheat/wheat_green_light_1"
	},
	"elements": [ 	 
		{
			"__comment": "Voxels",
			"from": [ 0, -1, 4 ],
			"to": [ 1, 0, 5 ],
			"faces": {
				"down": { "uv": [ 0, 11, 1, 12 ], "texture": "#texture" },
				"up": { "uv": [ 0, 4, 1, 5 ], "texture": "#texture" },
				"north": { "uv": [ 15, 0, 16, 1 ], "texture": "#texture" },
				"south": { "uv": [ 0, 0, 1, 1 ], "texture": "#texture" },
				"west": { "uv": [ 4, 0, 5, 1 ], "texture": "#texture" },
				"east": { "uv": [ 11, 0, 12, 1 ], "texture": "#texture" }
			}
		},
		{
			"__comment": "Voxels1",
			"from": [ 0, -1, 11.5 ],
			"to": [ 1, 0, 12.5 ],
			"faces": {
				"down": { "uv": [ 0, 3.5, 1, 4.5 ], "texture": "#texture" },
				"up": { "uv": [ 0, 11.5, 1, 12.5 ], "texture": "#texture" },
				"north": { "uv": [ 15, 0, 16, 1 ], "texture": "#texture" },
				"south": { "uv": [ 0, 0, 1, 1 ], "texture": "#texture" },
				"west": { "uv": [ 11.5, 0, 12.5, 1 ], "texture": "#texture" },
				"east": { "uv": [ 3.5, 0, 4.5, 1 ], "texture": "#texture" }
			}
		},
		{
			"__comment": "Voxels2",
			"from": [ 1.5, 3, 12.5 ],
			"to": [ 3, 4, 13.5 ],
			"faces": {
				"down": { "uv": [ 1.5, 2.5, 3, 3.5 ], "texture": "#texture" },
				"up": { "uv": [ 1.5, 12.5, 3, 13.5 ], "texture": "#texture" },
				"north": { "uv": [ 13, 12, 14.5, 13 ], "texture": "#texture" },
				"south": { "uv": [ 1.5, 12, 3, 13 ], "texture": "#texture" },
				"west": { "uv": [ 12.5, 12, 13.5, 13 ], "texture": "#texture" },
				"east": { "uv": [ 2.5, 12, 3.5, 13 ], "texture": "#texture" }
			}
		},
		{
			"__comment": "Voxels3",
			"from": [ 1.5, 4, 12.5 ],
			"to": [ 2.5, 5, 13.5 ],
			"faces": {
				"down": { "uv": [ 1.5, 2.5, 2.5, 3.5 ], "texture": "#texture" },
				"up": { "uv": [ 1.5, 12.5, 2.5, 13.5 ], "texture": "#texture" },
				"north": { "uv": [ 13.5, 11, 14.5, 12 ], "texture": "#texture" },
				"south": { "uv": [ 1.5, 11, 2.5, 12 ], "texture": "#texture" },
				"west": { "uv": [ 12.5, 11, 13.5, 12 ], "texture": "#texture" },
				"east": { "uv": [ 2.5, 11, 3.5, 12 ], "texture": "#texture" }
			}
		},
		{
			"__comment": "Voxels4",
			"from": [ 2, -1, 3.5 ],
			"to": [ 3, 0, 4.5 ],
			"faces": {
				"down": { "uv": [ 2, 11.5, 3, 12.5 ], "texture": "#texture" },
				"up": { "uv": [ 2, 3.5, 3, 4.5 ], "texture": "#texture" },
				"north": { "uv": [ 13, 0, 14, 1 ], "texture": "#texture" },
				"south": { "uv": [ 2, 0, 3, 1 ], "texture": "#texture" },
				"west": { "uv": [ 3.5, 0, 4.5, 1 ], "texture": "#texture" },
				"east": { "uv": [ 11.5, 0, 12.5, 1 ], "texture": "#texture" }
			}
		},
		{
			"__comment": "Voxels5",
			"from": [ 2, -1, 12 ],
			"to": [ 3, 2, 13 ],
			"faces": {
				"down": { "uv": [ 2, 3, 3, 4 ], "texture": "#texture" },
				"up": { "uv": [ 2, 12, 3, 13 ], "texture": "#texture" },
				"north": { "uv": [ 13, 14, 14, 16 ], "texture": "#texture" },
				"south": { "uv": [ 2, 14, 3, 16 ], "texture": "#texture" },
				"west": { "uv": [ 12, 14, 13, 16 ], "texture": "#texture" },
				"east": { "uv": [ 3, 14, 4, 16 ], "texture": "#texture" }
			}
		},
		{
			"__comment": "Voxels6",
			"from": [ 2, 2, 3.5 ],
			"to": [ 3, 3, 4.5 ],
			"faces": {
				"down": { "uv": [ 2, 11.5, 3, 12.5 ], "texture": "#texture" },
				"up": { "uv": [ 2, 3.5, 3, 4.5 ], "texture": "#texture" },
				"north": { "uv": [ 13, 13, 14, 14 ], "texture": "#texture" },
				"south": { "uv": [ 2, 13, 3, 14 ], "texture": "#texture" },
				"west": { "uv": [ 3.5, 13, 4.5, 14 ], "texture": "#texture" },
				"east": { "uv": [ 11.5, 13, 12.5, 14 ], "texture": "#texture" }
			}
		},
		{
			"__comment": "Voxels7",
			"from": [ 2, 2, 12.5 ],
			"to": [ 3, 3, 13.5 ],
			"faces": {
				"down": { "uv": [ 2, 2.5, 3, 3.5 ], "texture": "#texture" },
				"up": { "uv": [ 2, 12.5, 3, 13.5 ], "texture": "#texture" },
				"north": { "uv": [ 13, 13, 14, 14 ], "texture": "#texture" },
				"south": { "uv": [ 2, 13, 3, 14 ], "texture": "#texture" },
				"west": { "uv": [ 12.5, 13, 13.5, 14 ], "texture": "#texture" },
				"east": { "uv": [ 2.5, 13, 3.5, 14 ], "texture": "#texture" }
			}
		},
		{
			"__comment": "Voxels8",
			"from": [ 7, -1, 8 ],
			"to": [ 8, 2, 9 ],
			"faces": {
				"down": { "uv": [ 7, 7, 8, 8 ], "texture": "#texture" },
				"up": { "uv": [ 7, 8, 8, 9 ], "texture": "#texture" },
				"north": { "uv": [ 8, 14, 9, 16 ], "texture": "#texture" },
				"south": { "uv": [ 7, 14, 8, 16 ], "texture": "#texture" },
				"west": { "uv": [ 8, 14, 9, 16 ], "texture": "#texture" },
				"east": { "uv": [ 7, 14, 8, 16 ], "texture": "#texture" }
			}
		},
		{
			"__comment": "Voxels9",
			"from": [ 2.5, 2, 7 ],
			"to": [ 3.5, 5.5, 8 ],
			"faces": {
				"down": { "uv": [ 2.5, 8, 3.5, 9 ], "texture": "#texture" },
				"up": { "uv": [ 2.5, 7, 3.5, 8 ], "texture": "#texture" },
				"north": { "uv": [ 12.5, 10.5, 13.5, 14 ], "texture": "#texture" },
				"south": { "uv": [ 2.5, 10.5, 3.5, 14 ], "texture": "#texture" },
				"west": { "uv": [ 7, 10.5, 8, 14 ], "texture": "#texture" },
				"east": { "uv": [ 8, 10.5, 9, 14 ], "texture": "#texture" }
			}
		},
		{
			"__comment": "Voxels10",
			"from": [ 3, -1, 0 ],
			"to": [ 4, 0, 1 ],
			"faces": {
				"down": { "uv": [ 3, 15, 4, 16 ], "texture": "#texture" },
				"up": { "uv": [ 3, 0, 4, 1 ], "texture": "#texture" },
				"north": { "uv": [ 12, 0, 13, 1 ], "texture": "#texture" },
				"south": { "uv": [ 3, 0, 4, 1 ], "texture": "#texture" },
				"west": { "uv": [ 0, 0, 1, 1 ], "texture": "#texture" },
				"east": { "uv": [ 15, 0, 16, 1 ], "texture": "#texture" }
			}
		},
		{
			"__comment": "Voxels11",
			"from": [ 3, -1, 4 ],
			"to": [ 4, 2, 5 ],
			"faces": {
				"down": { "uv": [ 3, 11, 4, 12 ], "texture": "#texture" },
				"up": { "uv": [ 3, 4, 4, 5 ], "texture": "#texture" },
				"north": { "uv": [ 12, 14, 13, 16 ], "texture": "#texture" },
				"south": { "uv": [ 3, 14, 4, 16 ], "texture": "#texture" },
				"west": { "uv": [ 4, 14, 5, 16 ], "texture": "#texture" },
				"east": { "uv": [ 11, 14, 12, 16 ], "texture": "#texture" }
			}
		},
		{
			"__comment": "Voxels12",
			"from": [ 3, -1, 7 ],
			"to": [ 4, 2, 8 ],
			"faces": {
				"down": { "uv": [ 3, 8, 4, 9 ], "texture": "#texture" },
				"up": { "uv": [ 3, 7, 4, 8 ], "texture": "#texture" },
				"north": { "uv": [ 12, 14, 13, 16 ], "texture": "#texture" },
				"south": { "uv": [ 3, 14, 4, 16 ], "texture": "#texture" },
				"west": { "uv": [ 7, 14, 8, 16 ], "texture": "#texture" },
				"east": { "uv": [ 8, 14, 9, 16 ], "texture": "#texture" }
			}
		},
		{
			"__comment": "Voxels13",
			"from": [ 7.5, -1, 9 ],
			"to": [ 8.5, 1, 10 ],
			"faces": {
				"down": { "uv": [ 7.5, 6, 8.5, 7 ], "texture": "#texture" },
				"up": { "uv": [ 7.5, 9, 8.5, 10 ], "texture": "#texture" },
				"north": { "uv": [ 7.5, 15, 8.5, 16 ], "texture": "#texture" },
				"south": { "uv": [ 7.5, 15, 8.5, 16 ], "texture": "#texture" },
				"west": { "uv": [ 9, 15, 10, 16 ], "texture": "#texture" },
				"east": { "uv": [ 6, 15, 7, 16 ], "texture": "#texture" }
			}
		},
		{
			"__comment": "Voxels14",
			"from": [ 3, 3, 3.5 ],
			"to": [ 4, 4, 4.5 ],
			"faces": {
				"down": { "uv": [ 3, 11.5, 4, 12.5 ], "texture": "#texture" },
				"up": { "uv": [ 3, 3.5, 4, 4.5 ], "texture": "#texture" },
				"north": { "uv": [ 12, 12, 13, 13 ], "texture": "#texture" },
				"south": { "uv": [ 3, 12, 4, 13 ], "texture": "#texture" },
				"west": { "uv": [ 3.5, 12, 4.5, 13 ], "texture": "#texture" },
				"east": { "uv": [ 11.5, 12, 12.5, 13 ], "texture": "#texture" }
			}
		},
		{
			"__comment": "Voxels15",
			"from": [ 3, 3, 11.5 ],
			"to": [ 4, 4, 12.5 ],
			"faces": {
				"down": { "uv": [ 3, 3.5, 4, 4.5 ], "texture": "#texture" },
				"up": { "uv": [ 3, 11.5, 4, 12.5 ], "texture": "#texture" },
				"north": { "uv": [ 12, 12, 13, 13 ], "texture": "#texture" },
				"south": { "uv": [ 3, 12, 4, 13 ], "texture": "#texture" },
				"west": { "uv": [ 11.5, 12, 12.5, 13 ], "texture": "#texture" },
				"east": { "uv": [ 3.5, 12, 4.5, 13 ], "texture": "#texture" }
			}
		},
		{
			"__comment": "Voxels16",
			"from": [ 3, 5, 6 ],
			"to": [ 4, 7, 7 ],
			"faces": {
				"down": { "uv": [ 3, 9, 4, 10 ], "texture": "#texture" },
				"up": { "uv": [ 3, 6, 4, 7 ], "texture": "#texture" },
				"north": { "uv": [ 12, 9, 13, 11 ], "texture": "#texture" },
				"south": { "uv": [ 3, 9, 4, 11 ], "texture": "#texture" },
				"west": { "uv": [ 6, 9, 7, 11 ], "texture": "#texture" },
				"east": { "uv": [ 9, 9, 10, 11 ], "texture": "#texture" }
			}
		},
		{
			"__comment": "Voxels17",
			"from": [ 3.5, -1, 5 ],
			"to": [ 4.5, 1, 6 ],
			"faces": {
				"down": { "uv": [ 3.5, 10, 4.5, 11 ], "texture": "#texture" },
				"up": { "uv": [ 3.5, 5, 4.5, 6 ], "texture": "#texture" },
				"north": { "uv": [ 11.5, 15, 12.5, 16 ], "texture": "#texture" },
				"south": { "uv": [ 3.5, 15, 4.5, 16 ], "texture": "#texture" },
				"west": { "uv": [ 5, 15, 6, 16 ], "texture": "#texture" },
				"east": { "uv": [ 10, 15, 11, 16 ], "texture": "#texture" }
			}
		},
		{
			"__comment": "Voxels18",
			"from": [ 3.5, -1, 8 ],
			"to": [ 4.5, 3, 9 ],
			"faces": {
				"down": { "uv": [ 3.5, 7, 4.5, 8 ], "texture": "#texture" },
				"up": { "uv": [ 3.5, 8, 4.5, 9 ], "texture": "#texture" },
				"north": { "uv": [ 11.5, 13, 12.5, 16 ], "texture": "#texture" },
				"south": { "uv": [ 3.5, 13, 4.5, 16 ], "texture": "#texture" },
				"west": { "uv": [ 8, 13, 9, 16 ], "texture": "#texture" },
				"east": { "uv": [ 7, 13, 8, 16 ], "texture": "#texture" }
			}
		},
		{
			"__comment": "Voxels19",
			"from": [ 3.5, -1, 13 ],
			"to": [ 4.5, 0, 14 ],
			"faces": {
				"down": { "uv": [ 3.5, 2, 4.5, 3 ], "texture": "#texture" },
				"up": { "uv": [ 3.5, 13, 4.5, 14 ], "texture": "#texture" },
				"north": { "uv": [ 11.5, 0, 12.5, 1 ], "texture": "#texture" },
				"south": { "uv": [ 3.5, 0, 4.5, 1 ], "texture": "#texture" },
				"west": { "uv": [ 13, 0, 14, 1 ], "texture": "#texture" },
				"east": { "uv": [ 2, 0, 3, 1 ], "texture": "#texture" }
			}
		},
		{
			"__comment": "Voxels20",
			"from": [ 3.5, 2, 5 ],
			"to": [ 4.5, 3, 6 ],
			"faces": {
				"down": { "uv": [ 3.5, 10, 4.5, 11 ], "texture": "#texture" },
				"up": { "uv": [ 3.5, 5, 4.5, 6 ], "texture": "#texture" },
				"north": { "uv": [ 11.5, 13, 12.5, 14 ], "texture": "#texture" },
				"south": { "uv": [ 3.5, 13, 4.5, 14 ], "texture": "#texture" },
				"west": { "uv": [ 5, 13, 6, 14 ], "texture": "#texture" },
				"east": { "uv": [ 10, 13, 11, 14 ], "texture": "#texture" }
			}
		},
		{
			"__comment": "Voxels21",
			"from": [ 4, -1, 3 ],
			"to": [ 5, 3, 4 ],
			"faces": {
				"down": { "uv": [ 4, 12, 5, 13 ], "texture": "#texture" },
				"up": { "uv": [ 4, 3, 5, 4 ], "texture": "#texture" },
				"north": { "uv": [ 11, 13, 12, 16 ], "texture": "#texture" },
				"south": { "uv": [ 4, 13, 5, 16 ], "texture": "#texture" },
				"west": { "uv": [ 3, 13, 4, 16 ], "texture": "#texture" },
				"east": { "uv": [ 12, 13, 13, 16 ], "texture": "#texture" }
			}
		},
		{
			"__comment": "Voxels22",
			"from": [ 4, -1, 12 ],
			"to": [ 6, 1, 12.5 ],
			"faces": {
				"down": { "uv": [ 4, 3.5, 6, 4 ], "texture": "#texture" },
				"up": { "uv": [ 4, 12, 6, 12.5 ], "texture": "#texture" },
				"north": { "uv": [ 10, 15, 12, 16 ], "texture": "#texture" },
				"south": { "uv": [ 4, 15, 6, 16 ], "texture": "#texture" },
				"west": { "uv": [ 12, 15, 12.5, 16 ], "texture": "#texture" },
				"east": { "uv": [ 3.5, 15, 4, 16 ], "texture": "#texture" }
			}
		},
		{
			"__comment": "Voxels23",
			"from": [ 4, -1, 15 ],
			"to": [ 5, 0, 16 ],
			"faces": {
				"down": { "uv": [ 4, 0, 5, 1 ], "texture": "#texture" },
				"up": { "uv": [ 4, 15, 5, 16 ], "texture": "#texture" },
				"north": { "uv": [ 11, 0, 12, 1 ], "texture": "#texture" },
				"south": { "uv": [ 4, 0, 5, 1 ], "texture": "#texture" },
				"west": { "uv": [ 15, 0, 16, 1 ], "texture": "#texture" },
				"east": { "uv": [ 0, 0, 1, 1 ], "texture": "#texture" }
			}
		},
		{
			"__comment": "Voxels24",
			"from": [ 4, 1, 6 ],
			"to": [ 5, 2, 7 ],
			"faces": {
				"down": { "uv": [ 4, 9, 5, 10 ], "texture": "#texture" },
				"up": { "uv": [ 4, 6, 5, 7 ], "texture": "#texture" },
				"north": { "uv": [ 11, 14, 12, 15 ], "texture": "#texture" },
				"south": { "uv": [ 4, 14, 5, 15 ], "texture": "#texture" },
				"west": { "uv": [ 6, 14, 7, 15 ], "texture": "#texture" },
				"east": { "uv": [ 9, 14, 10, 15 ], "texture": "#texture" }
			}
		},
		{
			"__comment": "Voxels25",
			"from": [ 4, 1, 12 ],
			"to": [ 5, 2, 12.5 ],
			"faces": {
				"down": { "uv": [ 4, 3.5, 5, 4 ], "texture": "#texture" },
				"up": { "uv": [ 4, 12, 5, 12.5 ], "texture": "#texture" },
				"north": { "uv": [ 11, 14, 12, 15 ], "texture": "#texture" },
				"south": { "uv": [ 4, 14, 5, 15 ], "texture": "#texture" },
				"west": { "uv": [ 12, 14, 12.5, 15 ], "texture": "#texture" },
				"east": { "uv": [ 3.5, 14, 4, 15 ], "texture": "#texture" }
			}
		},
		{
			"__comment": "Voxels26",
			"from": [ 4, 3, 8 ],
			"to": [ 5, 4, 9 ],
			"faces": {
				"down": { "uv": [ 4, 7, 5, 8 ], "texture": "#texture" },
				"up": { "uv": [ 4, 8, 5, 9 ], "texture": "#texture" },
				"north": { "uv": [ 11, 12, 12, 13 ], "texture": "#texture" },
				"south": { "uv": [ 4, 12, 5, 13 ], "texture": "#texture" },
				"west": { "uv": [ 8, 12, 9, 13 ], "texture": "#texture" },
				"east": { "uv": [ 7, 12, 8, 13 ], "texture": "#texture" }
			}
		},
		{
			"__comment": "Voxels27",
			"from": [ 4.5, -1, 11.5 ],
			"to": [ 5, 2, 12 ],
			"faces": {
				"down": { "uv": [ 4.5, 4, 5, 4.5 ], "texture": "#texture" },
				"up": { "uv": [ 4.5, 11.5, 5, 12 ], "texture": "#texture" },
				"north": { "uv": [ 11, 14, 11.5, 16 ], "texture": "#texture" },
				"south": { "uv": [ 4.5, 14, 5, 16 ], "texture": "#texture" },
				"west": { "uv": [ 11.5, 14, 12, 16 ], "texture": "#texture" },
				"east": { "uv": [ 4, 14, 4.5, 16 ], "texture": "#texture" }
			}
		},
		{
			"__comment": "Voxels28",
			"from": [ 5, -1, 8 ],
			"to": [ 7, 1, 8.5 ],
			"faces": {
				"down": { "uv": [ 5, 7.5, 7, 8 ], "texture": "#texture" },
				"up": { "uv": [ 5, 8, 7, 8.5 ], "texture": "#texture" },
				"north": { "uv": [ 9, 15, 11, 16 ], "texture": "#texture" },
				"south": { "uv": [ 5, 15, 7, 16 ], "texture": "#texture" },
				"west": { "uv": [ 8, 15, 8.5, 16 ], "texture": "#texture" },
				"east": { "uv": [ 7.5, 15, 8, 16 ], "texture": "#texture" }
			}
		},
		{
			"__comment": "Voxels29",
			"from": [ 5, -1, 8.5 ],
			"to": [ 6, 1, 9 ],
			"faces": {
				"down": { "uv": [ 5, 7, 6, 7.5 ], "texture": "#texture" },
				"up": { "uv": [ 5, 8.5, 6, 9 ], "texture": "#texture" },
				"north": { "uv": [ 10, 15, 11, 16 ], "texture": "#texture" },
				"south": { "uv": [ 5, 15, 6, 16 ], "texture": "#texture" },
				"west": { "uv": [ 8.5, 15, 9, 16 ], "texture": "#texture" },
				"east": { "uv": [ 7, 15, 7.5, 16 ], "texture": "#texture" }
			}
		},
		{
			"__comment": "Voxels30",
			"from": [ 5, -1, 12.5 ],
			"to": [ 6, 1, 13 ],
			"faces": {
				"down": { "uv": [ 5, 3, 6, 3.5 ], "texture": "#texture" },
				"up": { "uv": [ 5, 12.5, 6, 13 ], "texture": "#texture" },
				"north": { "uv": [ 10, 15, 11, 16 ], "texture": "#texture" },
				"south": { "uv": [ 5, 15, 6, 16 ], "texture": "#texture" },
				"west": { "uv": [ 12.5, 15, 13, 16 ], "texture": "#texture" },
				"east": { "uv": [ 3, 15, 3.5, 16 ], "texture": "#texture" }
			}
		},
		{
			"__comment": "Voxels31",
			"from": [ 5, 2, 12 ],
			"to": [ 6, 3, 13 ],
			"faces": {
				"down": { "uv": [ 5, 3, 6, 4 ], "texture": "#texture" },
				"up": { "uv": [ 5, 12, 6, 13 ], "texture": "#texture" },
				"north": { "uv": [ 10, 13, 11, 14 ], "texture": "#texture" },
				"south": { "uv": [ 5, 13, 6, 14 ], "texture": "#texture" },
				"west": { "uv": [ 12, 13, 13, 14 ], "texture": "#texture" },
				"east": { "uv": [ 3, 13, 4, 14 ], "texture": "#texture" }
			}
		},
		{
			"__comment": "Voxels32",
			"from": [ 6, -1, 7.5 ],
			"to": [ 9, 2, 8 ],
			"faces": {
				"down": { "uv": [ 6, 8, 9, 8.5 ], "texture": "#texture" },
				"up": { "uv": [ 6, 7.5, 9, 8 ], "texture": "#texture" },
				"north": { "uv": [ 7, 14, 10, 16 ], "texture": "#texture" },
				"south": { "uv": [ 6, 14, 9, 16 ], "texture": "#texture" },
				"west": { "uv": [ 7.5, 14, 8, 16 ], "texture": "#texture" },
				"east": { "uv": [ 8, 14, 8.5, 16 ], "texture": "#texture" }
			}
		},
		{
			"__comment": "Voxels33",
			"from": [ 6, 1, 8 ],
			"to": [ 7, 2, 8.5 ],
			"faces": {
				"down": { "uv": [ 6, 7.5, 7, 8 ], "texture": "#texture" },
				"up": { "uv": [ 6, 8, 7, 8.5 ], "texture": "#texture" },
				"north": { "uv": [ 9, 14, 10, 15 ], "texture": "#texture" },
				"south": { "uv": [ 6, 14, 7, 15 ], "texture": "#texture" },
				"west": { "uv": [ 8, 14, 8.5, 15 ], "texture": "#texture" },
				"east": { "uv": [ 7.5, 14, 8, 15 ], "texture": "#texture" }
			}
		},
		{
			"__comment": "Voxels34",
			"from": [ 6, 1, 11.5 ],
			"to": [ 9, 2, 12 ],
			"faces": {
				"down": { "uv": [ 6, 4, 9, 4.5 ], "texture": "#texture" },
				"up": { "uv": [ 6, 11.5, 9, 12 ], "texture": "#texture" },
				"north": { "uv": [ 7, 14, 10, 15 ], "texture": "#texture" },
				"south": { "uv": [ 6, 14, 9, 15 ], "texture": "#texture" },
				"west": { "uv": [ 11.5, 14, 12, 15 ], "texture": "#texture" },
				"east": { "uv": [ 4, 14, 4.5, 15 ], "texture": "#texture" }
			}
		},
		{
			"__comment": "Voxels35",
			"from": [ 6, 1, 12 ],
			"to": [ 8, 2, 12.5 ],
			"faces": {
				"down": { "uv": [ 6, 3.5, 8, 4 ], "texture": "#texture" },
				"up": { "uv": [ 6, 12, 8, 12.5 ], "texture": "#texture" },
				"north": { "uv": [ 8, 14, 10, 15 ], "texture": "#texture" },
				"south": { "uv": [ 6, 14, 8, 15 ], "texture": "#texture" },
				"west": { "uv": [ 12, 14, 12.5, 15 ], "texture": "#texture" },
				"east": { "uv": [ 3.5, 14, 4, 15 ], "texture": "#texture" }
			}
		},
		{
			"__comment": "Voxels36",
			"from": [ 7, -1, 7 ],
			"to": [ 8, 4, 7.5 ],
			"faces": {
				"down": { "uv": [ 7, 8.5, 8, 9 ], "texture": "#texture" },
				"up": { "uv": [ 7, 7, 8, 7.5 ], "texture": "#texture" },
				"north": { "uv": [ 8, 12, 9, 16 ], "texture": "#texture" },
				"south": { "uv": [ 7, 12, 8, 16 ], "texture": "#texture" },
				"west": { "uv": [ 7, 12, 7.5, 16 ], "texture": "#texture" },
				"east": { "uv": [ 8.5, 12, 9, 16 ], "texture": "#texture" }
			}
		},
		{
			"__comment": "Voxels37",
			"from": [ 7, -1, 11.5 ],
			"to": [ 9, 1, 12 ],
			"faces": {
				"down": { "uv": [ 7, 4, 9, 4.5 ], "texture": "#texture" },
				"up": { "uv": [ 7, 11.5, 9, 12 ], "texture": "#texture" },
				"north": { "uv": [ 7, 15, 9, 16 ], "texture": "#texture" },
				"south": { "uv": [ 7, 15, 9, 16 ], "texture": "#texture" },
				"west": { "uv": [ 11.5, 15, 12, 16 ], "texture": "#texture" },
				"east": { "uv": [ 4, 15, 4.5, 16 ], "texture": "#texture" }
			}
		},
		{
			"__comment": "Voxels38",
			"from": [ 7, -1, 12 ],
			"to": [ 8, 1, 12.5 ],
			"faces": {
				"down": { "uv": [ 7, 3.5, 8, 4 ], "texture": "#texture" },
				"up": { "uv": [ 7, 12, 8, 12.5 ], "texture": "#texture" },
				"north": { "uv": [ 8, 15, 9, 16 ], "texture": "#texture" },
				"south": { "uv": [ 7, 15, 8, 16 ], "texture": "#texture" },
				"west": { "uv": [ 12, 15, 12.5, 16 ], "texture": "#texture" },
				"east": { "uv": [ 3.5, 15, 4, 16 ], "texture": "#texture" }
			}
		},
		{
			"__comment": "Voxels39",
			"from": [ 7, 1.5, 11 ],
			"to": [ 9, 4, 11.5 ],
			"faces": {
				"down": { "uv": [ 7, 4.5, 9, 5 ], "texture": "#texture" },
				"up": { "uv": [ 7, 11, 9, 11.5 ], "texture": "#texture" },
				"north": { "uv": [ 7, 12, 9, 14.5 ], "texture": "#texture" },
				"south": { "uv": [ 7, 12, 9, 14.5 ], "texture": "#texture" },
				"west": { "uv": [ 11, 12, 11.5, 14.5 ], "texture": "#texture" },
				"east": { "uv": [ 4.5, 12, 5, 14.5 ], "texture": "#texture" }
			}
		},
		{
			"__comment": "Voxels40",
			"from": [ 7, 2, 7.5 ],
			"to": [ 9, 4, 8 ],
			"faces": {
				"down": { "uv": [ 7, 8, 9, 8.5 ], "texture": "#texture" },
				"up": { "uv": [ 7, 7.5, 9, 8 ], "texture": "#texture" },
				"north": { "uv": [ 7, 12, 9, 14 ], "texture": "#texture" },
				"south": { "uv": [ 7, 12, 9, 14 ], "texture": "#texture" },
				"west": { "uv": [ 7.5, 12, 8, 14 ], "texture": "#texture" },
				"east": { "uv": [ 8, 12, 8.5, 14 ], "texture": "#texture" }
			}
		},
		{
			"__comment": "Voxels41",
			"from": [ 7, 2, 11.5 ],
			"to": [ 9, 3, 12 ],
			"faces": {
				"down": { "uv": [ 7, 4, 9, 4.5 ], "texture": "#texture" },
				"up": { "uv": [ 7, 11.5, 9, 12 ], "texture": "#texture" },
				"north": { "uv": [ 7, 13, 9, 14 ], "texture": "#texture" },
				"south": { "uv": [ 7, 13, 9, 14 ], "texture": "#texture" },
				"west": { "uv": [ 11.5, 13, 12, 14 ], "texture": "#texture" },
				"east": { "uv": [ 4, 13, 4.5, 14 ], "texture": "#texture" }
			}
		},
		{
			"__comment": "Voxels42",
			"from": [ 7, 3, 11.5 ],
			"to": [ 8, 4, 12 ],
			"faces": {
				"down": { "uv": [ 7, 4, 8, 4.5 ], "texture": "#texture" },
				"up": { "uv": [ 7, 11.5, 8, 12 ], "texture": "#texture" },
				"north": { "uv": [ 8, 12, 9, 13 ], "texture": "#texture" },
				"south": { "uv": [ 7, 12, 8, 13 ], "texture": "#texture" },
				"west": { "uv": [ 11.5, 12, 12, 13 ], "texture": "#texture" },
				"east": { "uv": [ 4, 12, 4.5, 13 ], "texture": "#texture" }
			}
		},
		{
			"__comment": "Voxels43",
			"from": [ 8, -1, 8 ],
			"to": [ 9, 4, 8.5 ],
			"faces": {
				"down": { "uv": [ 8, 7.5, 9, 8 ], "texture": "#texture" },
				"up": { "uv": [ 8, 8, 9, 8.5 ], "texture": "#texture" },
				"north": { "uv": [ 7, 12, 8, 16 ], "texture": "#texture" },
				"south": { "uv": [ 8, 12, 9, 16 ], "texture": "#texture" },
				"west": { "uv": [ 8, 12, 8.5, 16 ], "texture": "#texture" },
				"east": { "uv": [ 7.5, 12, 8, 16 ], "texture": "#texture" }
			}
		},
		{
			"__comment": "Voxels44",
			"from": [ 8, -1, 11 ],
			"to": [ 9, 1.5, 11.5 ],
			"faces": {
				"down": { "uv": [ 8, 4.5, 9, 5 ], "texture": "#texture" },
				"up": { "uv": [ 8, 11, 9, 11.5 ], "texture": "#texture" },
				"north": { "uv": [ 7, 14.5, 8, 16 ], "texture": "#texture" },
				"south": { "uv": [ 8, 14.5, 9, 16 ], "texture": "#texture" },
				"west": { "uv": [ 11, 14.5, 11.5, 16 ], "texture": "#texture" },
				"east": { "uv": [ 4.5, 14.5, 5, 16 ], "texture": "#texture" }
			}
		},
		{
			"__comment": "Voxels45",
			"from": [ 8, 2.5, 10.5 ],
			"to": [ 9, 6, 11 ],
			"faces": {
				"down": { "uv": [ 8, 5, 9, 5.5 ], "texture": "#texture" },
				"up": { "uv": [ 8, 10.5, 9, 11 ], "texture": "#texture" },
				"north": { "uv": [ 7, 10, 8, 13.5 ], "texture": "#texture" },
				"south": { "uv": [ 8, 10, 9, 13.5 ], "texture": "#texture" },
				"west": { "uv": [ 10.5, 10, 11, 13.5 ], "texture": "#texture" },
				"east": { "uv": [ 5, 10, 5.5, 13.5 ], "texture": "#texture" }
			}
		},
		{
			"__comment": "Voxels46",
			"from": [ 8, 3.5, 6.5 ],
			"to": [ 9, 6, 7.5 ],
			"faces": {
				"down": { "uv": [ 8, 8.5, 9, 9.5 ], "texture": "#texture" },
				"up": { "uv": [ 8, 6.5, 9, 7.5 ], "texture": "#texture" },
				"north": { "uv": [ 7, 10, 8, 12.5 ], "texture": "#texture" },
				"south": { "uv": [ 8, 10, 9, 12.5 ], "texture": "#texture" },
				"west": { "uv": [ 6.5, 10, 7.5, 12.5 ], "texture": "#texture" },
				"east": { "uv": [ 8.5, 10, 9.5, 12.5 ], "texture": "#texture" }
			}
		},
		{
			"__comment": "Voxels47",
			"from": [ 8, 4, 11 ],
			"to": [ 9, 6, 11.5 ],
			"faces": {
				"down": { "uv": [ 8, 4.5, 9, 5 ], "texture": "#texture" },
				"up": { "uv": [ 8, 11, 9, 11.5 ], "texture": "#texture" },
				"north": { "uv": [ 7, 10, 8, 12 ], "texture": "#texture" },
				"south": { "uv": [ 8, 10, 9, 12 ], "texture": "#texture" },
				"west": { "uv": [ 11, 10, 11.5, 12 ], "texture": "#texture" },
				"east": { "uv": [ 4.5, 10, 5, 12 ], "texture": "#texture" }
			}
		},
		{
			"__comment": "Voxels48",
			"from": [ 9, -1, 12 ],
			"to": [ 11, 1, 12.5 ],
			"faces": {
				"down": { "uv": [ 9, 3.5, 11, 4 ], "texture": "#texture" },
				"up": { "uv": [ 9, 12, 11, 12.5 ], "texture": "#texture" },
				"north": { "uv": [ 5, 15, 7, 16 ], "texture": "#texture" },
				"south": { "uv": [ 9, 15, 11, 16 ], "texture": "#texture" },
				"west": { "uv": [ 12, 15, 12.5, 16 ], "texture": "#texture" },
				"east": { "uv": [ 3.5, 15, 4, 16 ], "texture": "#texture" }
			}
		},
		{
			"__comment": "Voxels49",
			"from": [ 9, -1, 12.5 ],
			"to": [ 10, 2, 13 ],
			"faces": {
				"down": { "uv": [ 9, 3, 10, 3.5 ], "texture": "#texture" },
				"up": { "uv": [ 9, 12.5, 10, 13 ], "texture": "#texture" },
				"north": { "uv": [ 6, 14, 7, 16 ], "texture": "#texture" },
				"south": { "uv": [ 9, 14, 10, 16 ], "texture": "#texture" },
				"west": { "uv": [ 12.5, 14, 13, 16 ], "texture": "#texture" },
				"east": { "uv": [ 3, 14, 3.5, 16 ], "texture": "#texture" }
			}
		},
		{
			"__comment": "Voxels50",
			"from": [ 9, 1, 7 ],
			"to": [ 10, 2, 8 ],
			"faces": {
				"down": { "uv": [ 9, 8, 10, 9 ], "texture": "#texture" },
				"up": { "uv": [ 9, 7, 10, 8 ], "texture": "#texture" },
				"north": { "uv": [ 6, 14, 7, 15 ], "texture": "#texture" },
				"south": { "uv": [ 9, 14, 10, 15 ], "texture": "#texture" },
				"west": { "uv": [ 7, 14, 8, 15 ], "texture": "#texture" },
				"east": { "uv": [ 8, 14, 9, 15 ], "texture": "#texture" }
			}
		},
		{
			"__comment": "Voxels51",
			"from": [ 9, 1, 12 ],
			"to": [ 10, 2, 12.5 ],
			"faces": {
				"down": { "uv": [ 9, 3.5, 10, 4 ], "texture": "#texture" },
				"up": { "uv": [ 9, 12, 10, 12.5 ], "texture": "#texture" },
				"north": { "uv": [ 6, 14, 7, 15 ], "texture": "#texture" },
				"south": { "uv": [ 9, 14, 10, 15 ], "texture": "#texture" },
				"west": { "uv": [ 12, 14, 12.5, 15 ], "texture": "#texture" },
				"east": { "uv": [ 3.5, 14, 4, 15 ], "texture": "#texture" }
			}
		},
		{
			"__comment": "Voxels52",
			"from": [ 7, 5, 6.5 ],
			"to": [ 8, 7, 7.5 ],
			"faces": {
				"down": { "uv": [ 7, 8.5, 8, 9.5 ], "texture": "#texture" },
				"up": { "uv": [ 7, 6.5, 8, 7.5 ], "texture": "#texture" },
				"north": { "uv": [ 8, 9, 9, 11 ], "texture": "#texture" },
				"south": { "uv": [ 7, 9, 8, 11 ], "texture": "#texture" },
				"west": { "uv": [ 6.5, 9, 7.5, 11 ], "texture": "#texture" },
				"east": { "uv": [ 8.5, 9, 9.5, 11 ], "texture": "#texture" }
			}
		},
		{
			"__comment": "Voxels53",
			"from": [ 9, 5, 10.5 ],
			"to": [ 10, 7, 11.5 ],
			"faces": {
				"down": { "uv": [ 9, 4.5, 10, 5.5 ], "texture": "#texture" },
				"up": { "uv": [ 9, 10.5, 10, 11.5 ], "texture": "#texture" },
				"north": { "uv": [ 6, 9, 7, 11 ], "texture": "#texture" },
				"south": { "uv": [ 9, 9, 10, 11 ], "texture": "#texture" },
				"west": { "uv": [ 10.5, 9, 11.5, 11 ], "texture": "#texture" },
				"east": { "uv": [ 4.5, 9, 5.5, 11 ], "texture": "#texture" }
			}
		},
		{
			"__comment": "Voxels54",
			"from": [ 10, -1, 7.5 ],
			"to": [ 12, 1, 8 ],
			"faces": {
				"down": { "uv": [ 10, 8, 12, 8.5 ], "texture": "#texture" },
				"up": { "uv": [ 10, 7.5, 12, 8 ], "texture": "#texture" },
				"north": { "uv": [ 4, 15, 6, 16 ], "texture": "#texture" },
				"south": { "uv": [ 10, 15, 12, 16 ], "texture": "#texture" },
				"west": { "uv": [ 7.5, 15, 8, 16 ], "texture": "#texture" },
				"east": { "uv": [ 8, 15, 8.5, 16 ], "texture": "#texture" }
			}
		},
		{
			"__comment": "Voxels55",
			"from": [ 10, -1, 8 ],
			"to": [ 11, 1, 8.5 ],
			"faces": {
				"down": { "uv": [ 10, 7.5, 11, 8 ], "texture": "#texture" },
				"up": { "uv": [ 10, 8, 11, 8.5 ], "texture": "#texture" },
				"north": { "uv": [ 5, 15, 6, 16 ], "texture": "#texture" },
				"south": { "uv": [ 10, 15, 11, 16 ], "texture": "#texture" },
				"west": { "uv": [ 8, 15, 8.5, 16 ], "texture": "#texture" },
				"east": { "uv": [ 7.5, 15, 8, 16 ], "texture": "#texture" }
			}
		},
		{
			"__comment": "Voxels56",
			"from": [ 10, -1, 11.5 ],
			"to": [ 12, 1, 12 ],
			"faces": {
				"down": { "uv": [ 10, 4, 12, 4.5 ], "texture": "#texture" },
				"up": { "uv": [ 10, 11.5, 12, 12 ], "texture": "#texture" },
				"north": { "uv": [ 4, 15, 6, 16 ], "texture": "#texture" },
				"south": { "uv": [ 10, 15, 12, 16 ], "texture": "#texture" },
				"west": { "uv": [ 11.5, 15, 12, 16 ], "texture": "#texture" },
				"east": { "uv": [ 4, 15, 4.5, 16 ], "texture": "#texture" }
			}
		},
		{
			"__comment": "Voxels57",
			"from": [ 10, 2, 7.5 ],
			"to": [ 11, 3, 8.5 ],
			"faces": {
				"down": { "uv": [ 10, 7.5, 11, 8.5 ], "texture": "#texture" },
				"up": { "uv": [ 10, 7.5, 11, 8.5 ], "texture": "#texture" },
				"north": { "uv": [ 5, 13, 6, 14 ], "texture": "#texture" },
				"south": { "uv": [ 10, 13, 11, 14 ], "texture": "#texture" },
				"west": { "uv": [ 7.5, 13, 8.5, 14 ], "texture": "#texture" },
				"east": { "uv": [ 7.5, 13, 8.5, 14 ], "texture": "#texture" }
			}
		},
		{
			"__comment": "Voxels58",
			"from": [ 11, -1, 7 ],
			"to": [ 12, 2, 7.5 ],
			"faces": {
				"down": { "uv": [ 11, 8.5, 12, 9 ], "texture": "#texture" },
				"up": { "uv": [ 11, 7, 12, 7.5 ], "texture": "#texture" },
				"north": { "uv": [ 4, 14, 5, 16 ], "texture": "#texture" },
				"south": { "uv": [ 11, 14, 12, 16 ], "texture": "#texture" },
				"west": { "uv": [ 7, 14, 7.5, 16 ], "texture": "#texture" },
				"east": { "uv": [ 8.5, 14, 9, 16 ], "texture": "#texture" }
			}
		},
		{
			"__comment": "Voxels59",
			"from": [ 11, -1, 11 ],
			"to": [ 12, 3, 11.5 ],
			"faces": {
				"down": { "uv": [ 11, 4.5, 12, 5 ], "texture": "#texture" },
				"up": { "uv": [ 11, 11, 12, 11.5 ], "texture": "#texture" },
				"north": { "uv": [ 4, 13, 5, 16 ], "texture": "#texture" },
				"south": { "uv": [ 11, 13, 12, 16 ], "texture": "#texture" },
				"west": { "uv": [ 11, 13, 11.5, 16 ], "texture": "#texture" },
				"east": { "uv": [ 4.5, 13, 5, 16 ], "texture": "#texture" }
			}
		},
		{
			"__comment": "Voxels60",
			"from": [ 11, -1, 13 ],
			"to": [ 12, 0, 14 ],
			"faces": {
				"down": { "uv": [ 11, 2, 12, 3 ], "texture": "#texture" },
				"up": { "uv": [ 11, 13, 12, 14 ], "texture": "#texture" },
				"north": { "uv": [ 4, 0, 5, 1 ], "texture": "#texture" },
				"south": { "uv": [ 11, 0, 12, 1 ], "texture": "#texture" },
				"west": { "uv": [ 13, 0, 14, 1 ], "texture": "#texture" },
				"east": { "uv": [ 2, 0, 3, 1 ], "texture": "#texture" }
			}
		},
		{
			"__comment": "Voxels61",
			"from": [ 11, 1, 7.5 ],
			"to": [ 12, 2, 8 ],
			"faces": {
				"down": { "uv": [ 11, 8, 12, 8.5 ], "texture": "#texture" },
				"up": { "uv": [ 11, 7.5, 12, 8 ], "texture": "#texture" },
				"north": { "uv": [ 4, 14, 5, 15 ], "texture": "#texture" },
				"south": { "uv": [ 11, 14, 12, 15 ], "texture": "#texture" },
				"west": { "uv": [ 7.5, 14, 8, 15 ], "texture": "#texture" },
				"east": { "uv": [ 8, 14, 8.5, 15 ], "texture": "#texture" }
			}
		},
		{
			"__comment": "Voxels62",
			"from": [ 11, 1, 11.5 ],
			"to": [ 12, 3, 12 ],
			"faces": {
				"down": { "uv": [ 11, 4, 12, 4.5 ], "texture": "#texture" },
				"up": { "uv": [ 11, 11.5, 12, 12 ], "texture": "#texture" },
				"north": { "uv": [ 4, 13, 5, 15 ], "texture": "#texture" },
				"south": { "uv": [ 11, 13, 12, 15 ], "texture": "#texture" },
				"west": { "uv": [ 11.5, 13, 12, 15 ], "texture": "#texture" },
				"east": { "uv": [ 4, 13, 4.5, 15 ], "texture": "#texture" }
			}
		},
		{
			"__comment": "Voxels63",
			"from": [ 11, 2.5, 8 ],
			"to": [ 12, 6, 9 ],
			"faces": {
				"down": { "uv": [ 11, 7, 12, 8 ], "texture": "#texture" },
				"up": { "uv": [ 11, 8, 12, 9 ], "texture": "#texture" },
				"north": { "uv": [ 4, 10, 5, 13.5 ], "texture": "#texture" },
				"south": { "uv": [ 11, 10, 12, 13.5 ], "texture": "#texture" },
				"west": { "uv": [ 8, 10, 9, 13.5 ], "texture": "#texture" },
				"east": { "uv": [ 7, 10, 8, 13.5 ], "texture": "#texture" }
			}
		},
		{
			"__comment": "Voxels64",
			"from": [ 11, 5, 9 ],
			"to": [ 12, 7, 10 ],
			"faces": {
				"down": { "uv": [ 11, 6, 12, 7 ], "texture": "#texture" },
				"up": { "uv": [ 11, 9, 12, 10 ], "texture": "#texture" },
				"north": { "uv": [ 4, 9, 5, 11 ], "texture": "#texture" },
				"south": { "uv": [ 11, 9, 12, 11 ], "texture": "#texture" },
				"west": { "uv": [ 9, 9, 10, 11 ], "texture": "#texture" },
				"east": { "uv": [ 6, 9, 7, 11 ], "texture": "#texture" }
			}
		},
		{
			"__comment": "Voxels65",
			"from": [ 11.5, -1, 4 ],
			"to": [ 12.5, 3, 5 ],
			"faces": {
				"down": { "uv": [ 11.5, 11, 12.5, 12 ], "texture": "#texture" },
				"up": { "uv": [ 11.5, 4, 12.5, 5 ], "texture": "#texture" },
				"north": { "uv": [ 3.5, 13, 4.5, 16 ], "texture": "#texture" },
				"south": { "uv": [ 11.5, 13, 12.5, 16 ], "texture": "#texture" },
				"west": { "uv": [ 4, 13, 5, 16 ], "texture": "#texture" },
				"east": { "uv": [ 11, 13, 12, 16 ], "texture": "#texture" }
			}
		},
		{
			"__comment": "Voxels66",
			"from": [ 11.5, -1, 6 ],
			"to": [ 12.5, 2, 7 ],
			"faces": {
				"down": { "uv": [ 11.5, 9, 12.5, 10 ], "texture": "#texture" },
				"up": { "uv": [ 11.5, 6, 12.5, 7 ], "texture": "#texture" },
				"north": { "uv": [ 3.5, 14, 4.5, 16 ], "texture": "#texture" },
				"south": { "uv": [ 11.5, 14, 12.5, 16 ], "texture": "#texture" },
				"west": { "uv": [ 6, 14, 7, 16 ], "texture": "#texture" },
				"east": { "uv": [ 9, 14, 10, 16 ], "texture": "#texture" }
			}
		},
		{
			"__comment": "Voxels67",
			"from": [ 11.5, -1, 8 ],
			"to": [ 12.5, 2.5, 9 ],
			"faces": {
				"down": { "uv": [ 11.5, 7, 12.5, 8 ], "texture": "#texture" },
				"up": { "uv": [ 11.5, 8, 12.5, 9 ], "texture": "#texture" },
				"north": { "uv": [ 3.5, 13.5, 4.5, 16 ], "texture": "#texture" },
				"south": { "uv": [ 11.5, 13.5, 12.5, 16 ], "texture": "#texture" },
				"west": { "uv": [ 8, 13.5, 9, 16 ], "texture": "#texture" },
				"east": { "uv": [ 7, 13.5, 8, 16 ], "texture": "#texture" }
			}
		},
		{
			"__comment": "Voxels68",
			"from": [ 11.5, -1, 15 ],
			"to": [ 12.5, 0, 16 ],
			"faces": {
				"down": { "uv": [ 11.5, 0, 12.5, 1 ], "texture": "#texture" },
				"up": { "uv": [ 11.5, 15, 12.5, 16 ], "texture": "#texture" },
				"north": { "uv": [ 3.5, 0, 4.5, 1 ], "texture": "#texture" },
				"south": { "uv": [ 11.5, 0, 12.5, 1 ], "texture": "#texture" },
				"west": { "uv": [ 15, 0, 16, 1 ], "texture": "#texture" },
				"east": { "uv": [ 0, 0, 1, 1 ], "texture": "#texture" }
			}
		},
		{
			"__comment": "Voxels69",
			"from": [ 11.5, 2, 10 ],
			"to": [ 12.5, 3, 11 ],
			"faces": {
				"down": { "uv": [ 11.5, 5, 12.5, 6 ], "texture": "#texture" },
				"up": { "uv": [ 11.5, 10, 12.5, 11 ], "texture": "#texture" },
				"north": { "uv": [ 3.5, 13, 4.5, 14 ], "texture": "#texture" },
				"south": { "uv": [ 11.5, 13, 12.5, 14 ], "texture": "#texture" },
				"west": { "uv": [ 10, 13, 11, 14 ], "texture": "#texture" },
				"east": { "uv": [ 5, 13, 6, 14 ], "texture": "#texture" }
			}
		},
		{
			"__comment": "Voxels70",
			"from": [ 12, -1, 2 ],
			"to": [ 13, 0, 3 ],
			"faces": {
				"down": { "uv": [ 12, 13, 13, 14 ], "texture": "#texture" },
				"up": { "uv": [ 12, 2, 13, 3 ], "texture": "#texture" },
				"north": { "uv": [ 3, 0, 4, 1 ], "texture": "#texture" },
				"south": { "uv": [ 12, 0, 13, 1 ], "texture": "#texture" },
				"west": { "uv": [ 2, 0, 3, 1 ], "texture": "#texture" },
				"east": { "uv": [ 13, 0, 14, 1 ], "texture": "#texture" }
			}
		},
		{
			"__comment": "Voxels71",
			"from": [ 7.5, -1, 5 ],
			"to": [ 8.5, 1, 6 ],
			"faces": {
				"down": { "uv": [ 7.5, 10, 8.5, 11 ], "texture": "#texture" },
				"up": { "uv": [ 7.5, 5, 8.5, 6 ], "texture": "#texture" },
				"north": { "uv": [ 7.5, 15, 8.5, 16 ], "texture": "#texture" },
				"south": { "uv": [ 7.5, 15, 8.5, 16 ], "texture": "#texture" },
				"west": { "uv": [ 5, 15, 6, 16 ], "texture": "#texture" },
				"east": { "uv": [ 10, 15, 11, 16 ], "texture": "#texture" }
			}
		},
		{
			"__comment": "Voxels72",
			"from": [ 12, -1, 7 ],
			"to": [ 13, 1.5, 8 ],
			"faces": {
				"down": { "uv": [ 12, 8, 13, 9 ], "texture": "#texture" },
				"up": { "uv": [ 12, 7, 13, 8 ], "texture": "#texture" },
				"north": { "uv": [ 3, 14.5, 4, 16 ], "texture": "#texture" },
				"south": { "uv": [ 12, 14.5, 13, 16 ], "texture": "#texture" },
				"west": { "uv": [ 7, 14.5, 8, 16 ], "texture": "#texture" },
				"east": { "uv": [ 8, 14.5, 9, 16 ], "texture": "#texture" }
			}
		},
		{
			"__comment": "Voxels73",
			"from": [ 12, -1, 10 ],
			"to": [ 13, 1, 11 ],
			"faces": {
				"down": { "uv": [ 12, 5, 13, 6 ], "texture": "#texture" },
				"up": { "uv": [ 12, 10, 13, 11 ], "texture": "#texture" },
				"north": { "uv": [ 3, 15, 4, 16 ], "texture": "#texture" },
				"south": { "uv": [ 12, 15, 13, 16 ], "texture": "#texture" },
				"west": { "uv": [ 10, 15, 11, 16 ], "texture": "#texture" },
				"east": { "uv": [ 5, 15, 6, 16 ], "texture": "#texture" }
			}
		},
		{
			"__comment": "Voxels74",
			"from": [ 12, 1, 9 ],
			"to": [ 13, 2, 10 ],
			"faces": {
				"down": { "uv": [ 12, 6, 13, 7 ], "texture": "#texture" },
				"up": { "uv": [ 12, 9, 13, 10 ], "texture": "#texture" },
				"north": { "uv": [ 3, 14, 4, 15 ], "texture": "#texture" },
				"south": { "uv": [ 12, 14, 13, 15 ], "texture": "#texture" },
				"west": { "uv": [ 9, 14, 10, 15 ], "texture": "#texture" },
				"east": { "uv": [ 6, 14, 7, 15 ], "texture": "#texture" }
			}
		},
		{
			"__comment": "Voxels75",
			"from": [ 12, 2, 2 ],
			"to": [ 13, 3, 3 ],
			"faces": {
				"down": { "uv": [ 12, 13, 13, 14 ], "texture": "#texture" },
				"up": { "uv": [ 12, 2, 13, 3 ], "texture": "#texture" },
				"north": { "uv": [ 3, 13, 4, 14 ], "texture": "#texture" },
				"south": { "uv": [ 12, 13, 13, 14 ], "texture": "#texture" },
				"west": { "uv": [ 2, 13, 3, 14 ], "texture": "#texture" },
				"east": { "uv": [ 13, 13, 14, 14 ], "texture": "#texture" }
			}
		},
		{
			"__comment": "Voxels76",
			"from": [ 12, 3, 3 ],
			"to": [ 15, 4, 4 ],
			"faces": {
				"down": { "uv": [ 12, 12, 15, 13 ], "texture": "#texture" },
				"up": { "uv": [ 12, 3, 15, 4 ], "texture": "#texture" },
				"north": { "uv": [ 1, 12, 4, 13 ], "texture": "#texture" },
				"south": { "uv": [ 12, 12, 15, 13 ], "texture": "#texture" },
				"west": { "uv": [ 3, 12, 4, 13 ], "texture": "#texture" },
				"east": { "uv": [ 12, 12, 13, 13 ], "texture": "#texture" }
			}
		},
		{
			"__comment": "Voxels77",
			"from": [ 12, 3, 11.5 ],
			"to": [ 13, 4, 12.5 ],
			"faces": {
				"down": { "uv": [ 12, 3.5, 13, 4.5 ], "texture": "#texture" },
				"up": { "uv": [ 12, 11.5, 13, 12.5 ], "texture": "#texture" },
				"north": { "uv": [ 3, 12, 4, 13 ], "texture": "#texture" },
				"south": { "uv": [ 12, 12, 13, 13 ], "texture": "#texture" },
				"west": { "uv": [ 11.5, 12, 12.5, 13 ], "texture": "#texture" },
				"east": { "uv": [ 3.5, 12, 4.5, 13 ], "texture": "#texture" }
			}
		},
		{
			"__comment": "Voxels78",
			"from": [ 12.5, 1.5, 7 ],
			"to": [ 13.5, 4, 8 ],
			"faces": {
				"down": { "uv": [ 12.5, 8, 13.5, 9 ], "texture": "#texture" },
				"up": { "uv": [ 12.5, 7, 13.5, 8 ], "texture": "#texture" },
				"north": { "uv": [ 2.5, 12, 3.5, 14.5 ], "texture": "#texture" },
				"south": { "uv": [ 12.5, 12, 13.5, 14.5 ], "texture": "#texture" },
				"west": { "uv": [ 7, 12, 8, 14.5 ], "texture": "#texture" },
				"east": { "uv": [ 8, 12, 9, 14.5 ], "texture": "#texture" }
			}
		},
		{
			"__comment": "Voxels79",
			"from": [ 13, -1, 3 ],
			"to": [ 14, 3, 4 ],
			"faces": {
				"down": { "uv": [ 13, 12, 14, 13 ], "texture": "#texture" },
				"up": { "uv": [ 13, 3, 14, 4 ], "texture": "#texture" },
				"north": { "uv": [ 2, 13, 3, 16 ], "texture": "#texture" },
				"south": { "uv": [ 13, 13, 14, 16 ], "texture": "#texture" },
				"west": { "uv": [ 3, 13, 4, 16 ], "texture": "#texture" },
				"east": { "uv": [ 12, 13, 13, 16 ], "texture": "#texture" }
			}
		},
		{
			"__comment": "Voxels80",
			"from": [ 13, -1, 4 ],
			"to": [ 14, 0, 5 ],
			"faces": {
				"down": { "uv": [ 13, 11, 14, 12 ], "texture": "#texture" },
				"up": { "uv": [ 13, 4, 14, 5 ], "texture": "#texture" },
				"north": { "uv": [ 2, 0, 3, 1 ], "texture": "#texture" },
				"south": { "uv": [ 13, 0, 14, 1 ], "texture": "#texture" },
				"west": { "uv": [ 4, 0, 5, 1 ], "texture": "#texture" },
				"east": { "uv": [ 11, 0, 12, 1 ], "texture": "#texture" }
			}
		},
		{
			"__comment": "Voxels81",
			"from": [ 13, -1, 12 ],
			"to": [ 14, 0, 13 ],
			"faces": {
				"down": { "uv": [ 13, 3, 14, 4 ], "texture": "#texture" },
				"up": { "uv": [ 13, 12, 14, 13 ], "texture": "#texture" },
				"north": { "uv": [ 2, 0, 3, 1 ], "texture": "#texture" },
				"south": { "uv": [ 13, 0, 14, 1 ], "texture": "#texture" },
				"west": { "uv": [ 12, 0, 13, 1 ], "texture": "#texture" },
				"east": { "uv": [ 3, 0, 4, 1 ], "texture": "#texture" }
			}
		},
		{
			"__comment": "Voxels82",
			"from": [ 13, 2, 11.5 ],
			"to": [ 14, 3, 12.5 ],
			"faces": {
				"down": { "uv": [ 13, 3.5, 14, 4.5 ], "texture": "#texture" },
				"up": { "uv": [ 13, 11.5, 14, 12.5 ], "texture": "#texture" },
				"north": { "uv": [ 2, 13, 3, 14 ], "texture": "#texture" },
				"south": { "uv": [ 13, 13, 14, 14 ], "texture": "#texture" },
				"west": { "uv": [ 11.5, 13, 12.5, 14 ], "texture": "#texture" },
				"east": { "uv": [ 3.5, 13, 4.5, 14 ], "texture": "#texture" }
			}
		},
		{
			"__comment": "Voxels83",
			"from": [ 14, 4, 3 ],
			"to": [ 15, 5, 4 ],
			"faces": {
				"down": { "uv": [ 14, 12, 15, 13 ], "texture": "#texture" },
				"up": { "uv": [ 14, 3, 15, 4 ], "texture": "#texture" },
				"north": { "uv": [ 1, 11, 2, 12 ], "texture": "#texture" },
				"south": { "uv": [ 14, 11, 15, 12 ], "texture": "#texture" },
				"west": { "uv": [ 3, 11, 4, 12 ], "texture": "#texture" },
				"east": { "uv": [ 12, 11, 13, 12 ], "texture": "#texture" }
			}
		},
		{
			"__comment": "Voxels84",
			"from": [ 15, -1, 3 ],
			"to": [ 16, 0, 4 ],
			"faces": {
				"down": { "uv": [ 15, 12, 16, 13 ], "texture": "#texture" },
				"up": { "uv": [ 15, 3, 16, 4 ], "texture": "#texture" },
				"north": { "uv": [ 0, 0, 1, 1 ], "texture": "#texture" },
				"south": { "uv": [ 15, 0, 16, 1 ], "texture": "#texture" },
				"west": { "uv": [ 3, 0, 4, 1 ], "texture": "#texture" },
				"east": { "uv": [ 12, 0, 13, 1 ], "texture": "#texture" }
			}
		},
		{
			"__comment": "Voxels85",
			"from": [ 15, -1, 11 ],
			"to": [ 16, 0, 12 ],
			"faces": {
				"down": { "uv": [ 15, 4, 16, 5 ], "texture": "#texture" },
				"up": { "uv": [ 15, 11, 16, 12 ], "texture": "#texture" },
				"north": { "uv": [ 0, 0, 1, 1 ], "texture": "#texture" },
				"south": { "uv": [ 15, 0, 16, 1 ], "texture": "#texture" },
				"west": { "uv": [ 11, 0, 12, 1 ], "texture": "#texture" },
				"east": { "uv": [ 4, 0, 5, 1 ], "texture": "#texture" }
			}
		},
		{
			"__comment": "Voxels86",
			"from": [ 6, -1, 3.5 ],
			"to": [ 9, 2, 4 ],
			"faces": {
				"down": { "uv": [ 6, 12, 9, 12.5 ], "texture": "#texture" },
				"up": { "uv": [ 6, 3.5, 9, 4 ], "texture": "#texture" },
				"north": { "uv": [ 7, 14, 10, 16 ], "texture": "#texture" },
				"south": { "uv": [ 6, 14, 9, 16 ], "texture": "#texture" },
				"west": { "uv": [ 3.5, 14, 4, 16 ], "texture": "#texture" },
				"east": { "uv": [ 12, 14, 12.5, 16 ], "texture": "#texture" }
			}
		},
		{
			"__comment": "Voxels87",
			"from": [ 5, -1, 4 ],
			"to": [ 7, 1, 4.5 ],
			"faces": {
				"down": { "uv": [ 5, 11.5, 7, 12 ], "texture": "#texture" },
				"up": { "uv": [ 5, 4, 7, 4.5 ], "texture": "#texture" },
				"north": { "uv": [ 9, 15, 11, 16 ], "texture": "#texture" },
				"south": { "uv": [ 5, 15, 7, 16 ], "texture": "#texture" },
				"west": { "uv": [ 4, 15, 4.5, 16 ], "texture": "#texture" },
				"east": { "uv": [ 11.5, 15, 12, 16 ], "texture": "#texture" }
			}
		},
		{
			"__comment": "Voxels88",
			"from": [ 6, 1, 4 ],
			"to": [ 7, 2, 4.5 ],
			"faces": {
				"down": { "uv": [ 6, 11.5, 7, 12 ], "texture": "#texture" },
				"up": { "uv": [ 6, 4, 7, 4.5 ], "texture": "#texture" },
				"north": { "uv": [ 9, 14, 10, 15 ], "texture": "#texture" },
				"south": { "uv": [ 6, 14, 7, 15 ], "texture": "#texture" },
				"west": { "uv": [ 4, 14, 4.5, 15 ], "texture": "#texture" },
				"east": { "uv": [ 11.5, 14, 12, 15 ], "texture": "#texture" }
			}
		},
		{
			"__comment": "Voxels89",
			"from": [ 7, -1, 3 ],
			"to": [ 8, 4, 3.5 ],
			"faces": {
				"down": { "uv": [ 7, 12.5, 8, 13 ], "texture": "#texture" },
				"up": { "uv": [ 7, 3, 8, 3.5 ], "texture": "#texture" },
				"north": { "uv": [ 8, 12, 9, 16 ], "texture": "#texture" },
				"south": { "uv": [ 7, 12, 8, 16 ], "texture": "#texture" },
				"west": { "uv": [ 3, 12, 3.5, 16 ], "texture": "#texture" },
				"east": { "uv": [ 12.5, 12, 13, 16 ], "texture": "#texture" }
			}
		},
		{
			"__comment": "Voxels90",
			"from": [ 7, 2, 3.5 ],
			"to": [ 9, 4, 4 ],
			"faces": {
				"down": { "uv": [ 7, 12, 9, 12.5 ], "texture": "#texture" },
				"up": { "uv": [ 7, 3.5, 9, 4 ], "texture": "#texture" },
				"north": { "uv": [ 7, 12, 9, 14 ], "texture": "#texture" },
				"south": { "uv": [ 7, 12, 9, 14 ], "texture": "#texture" },
				"west": { "uv": [ 3.5, 12, 4, 14 ], "texture": "#texture" },
				"east": { "uv": [ 12, 12, 12.5, 14 ], "texture": "#texture" }
			}
		},
		{
			"__comment": "Voxels91",
			"from": [ 5, -1, 4.5 ],
			"to": [ 6, 1, 5 ],
			"faces": {
				"down": { "uv": [ 5, 11, 6, 11.5 ], "texture": "#texture" },
				"up": { "uv": [ 5, 4.5, 6, 5 ], "texture": "#texture" },
				"north": { "uv": [ 10, 15, 11, 16 ], "texture": "#texture" },
				"south": { "uv": [ 5, 15, 6, 16 ], "texture": "#texture" },
				"west": { "uv": [ 4.5, 15, 5, 16 ], "texture": "#texture" },
				"east": { "uv": [ 11, 15, 11.5, 16 ], "texture": "#texture" }
			}
		},
		{
			"__comment": "Voxels92",
			"from": [ 8, -1, 4 ],
			"to": [ 9, 4, 4.5 ],
			"faces": {
				"down": { "uv": [ 8, 11.5, 9, 12 ], "texture": "#texture" },
				"up": { "uv": [ 8, 4, 9, 4.5 ], "texture": "#texture" },
				"north": { "uv": [ 7, 12, 8, 16 ], "texture": "#texture" },
				"south": { "uv": [ 8, 12, 9, 16 ], "texture": "#texture" },
				"west": { "uv": [ 4, 12, 4.5, 16 ], "texture": "#texture" },
				"east": { "uv": [ 11.5, 12, 12, 16 ], "texture": "#texture" }
			}
		},
		{
			"__comment": "Voxels93",
			"from": [ 8, 3.5, 2.5 ],
			"to": [ 9, 6, 3.5 ],
			"faces": {
				"down": { "uv": [ 8, 12.5, 9, 13.5 ], "texture": "#texture" },
				"up": { "uv": [ 8, 2.5, 9, 3.5 ], "texture": "#texture" },
				"north": { "uv": [ 7, 10, 8, 12.5 ], "texture": "#texture" },
				"south": { "uv": [ 8, 10, 9, 12.5 ], "texture": "#texture" },
				"west": { "uv": [ 2.5, 10, 3.5, 12.5 ], "texture": "#texture" },
				"east": { "uv": [ 12.5, 10, 13.5, 12.5 ], "texture": "#texture" }
			}
		},
		{
			"__comment": "Voxels94",
			"from": [ 9, 1, 3 ],
			"to": [ 10, 2, 4 ],
			"faces": {
				"down": { "uv": [ 9, 12, 10, 13 ], "texture": "#texture" },
				"up": { "uv": [ 9, 3, 10, 4 ], "texture": "#texture" },
				"north": { "uv": [ 6, 14, 7, 15 ], "texture": "#texture" },
				"south": { "uv": [ 9, 14, 10, 15 ], "texture": "#texture" },
				"west": { "uv": [ 3, 14, 4, 15 ], "texture": "#texture" },
				"east": { "uv": [ 12, 14, 13, 15 ], "texture": "#texture" }
			}
		},
		{
			"__comment": "Voxels95",
			"from": [ 9, 5, 2.5 ],
			"to": [ 10, 7, 3.5 ],
			"faces": {
				"down": { "uv": [ 9, 12.5, 10, 13.5 ], "texture": "#texture" },
				"up": { "uv": [ 9, 2.5, 10, 3.5 ], "texture": "#texture" },
				"north": { "uv": [ 6, 9, 7, 11 ], "texture": "#texture" },
				"south": { "uv": [ 9, 9, 10, 11 ], "texture": "#texture" },
				"west": { "uv": [ 2.5, 9, 3.5, 11 ], "texture": "#texture" },
				"east": { "uv": [ 12.5, 9, 13.5, 11 ], "texture": "#texture" }
			}
		},
		{
			"__comment": "Voxels96",
			"from": [ 10, -1, 3.5 ],
			"to": [ 12, 1, 4 ],
			"faces": {
				"down": { "uv": [ 10, 12, 12, 12.5 ], "texture": "#texture" },
				"up": { "uv": [ 10, 3.5, 12, 4 ], "texture": "#texture" },
				"north": { "uv": [ 4, 15, 6, 16 ], "texture": "#texture" },
				"south": { "uv": [ 10, 15, 12, 16 ], "texture": "#texture" },
				"west": { "uv": [ 3.5, 15, 4, 16 ], "texture": "#texture" },
				"east": { "uv": [ 12, 15, 12.5, 16 ], "texture": "#texture" }
			}
		},
		{
			"__comment": "Voxels97",
			"from": [ 10, -1, 4 ],
			"to": [ 11, 1, 4.5 ],
			"faces": {
				"down": { "uv": [ 10, 11.5, 11, 12 ], "texture": "#texture" },
				"up": { "uv": [ 10, 4, 11, 4.5 ], "texture": "#texture" },
				"north": { "uv": [ 5, 15, 6, 16 ], "texture": "#texture" },
				"south": { "uv": [ 10, 15, 11, 16 ], "texture": "#texture" },
				"west": { "uv": [ 4, 15, 4.5, 16 ], "texture": "#texture" },
				"east": { "uv": [ 11.5, 15, 12, 16 ], "texture": "#texture" }
			}
		},
		{
			"__comment": "Voxels98",
			"from": [ 10, 2, 3.5 ],
			"to": [ 11, 3, 4.5 ],
			"faces": {
				"down": { "uv": [ 10, 11.5, 11, 12.5 ], "texture": "#texture" },
				"up": { "uv": [ 10, 3.5, 11, 4.5 ], "texture": "#texture" },
				"north": { "uv": [ 5, 13, 6, 14 ], "texture": "#texture" },
				"south": { "uv": [ 10, 13, 11, 14 ], "texture": "#texture" },
				"west": { "uv": [ 3.5, 13, 4.5, 14 ], "texture": "#texture" },
				"east": { "uv": [ 11.5, 13, 12.5, 14 ], "texture": "#texture" }
			}
		},
		{
			"__comment": "Voxels99",
			"from": [ 11, -1, 3 ],
			"to": [ 12, 2, 3.5 ],
			"faces": {
				"down": { "uv": [ 11, 12.5, 12, 13 ], "texture": "#texture" },
				"up": { "uv": [ 11, 3, 12, 3.5 ], "texture": "#texture" },
				"north": { "uv": [ 4, 14, 5, 16 ], "texture": "#texture" },
				"south": { "uv": [ 11, 14, 12, 16 ], "texture": "#texture" },
				"west": { "uv": [ 3, 14, 3.5, 16 ], "texture": "#texture" },
				"east": { "uv": [ 12.5, 14, 13, 16 ], "texture": "#texture" }
			}
		},
		{
			"__comment": "Voxels100",
			"from": [ 11, 1, 3.5 ],
			"to": [ 12, 2, 4 ],
			"faces": {
				"down": { "uv": [ 11, 12, 12, 12.5 ], "texture": "#texture" },
				"up": { "uv": [ 11, 3.5, 12, 4 ], "texture": "#texture" },
				"north": { "uv": [ 4, 14, 5, 15 ], "texture": "#texture" },
				"south": { "uv": [ 11, 14, 12, 15 ], "texture": "#texture" },
				"west": { "uv": [ 3.5, 14, 4, 15 ], "texture": "#texture" },
				"east": { "uv": [ 12, 14, 12.5, 15 ], "texture": "#texture" }
			}
		},
		{
			"__comment": "Voxels101",
			"from": [ 2.5, -1, 9 ],
			"to": [ 3.5, 2, 10 ],
			"faces": {
				"down": { "uv": [ 2.5, 6, 3.5, 7 ], "texture": "#texture" },
				"up": { "uv": [ 2.5, 9, 3.5, 10 ], "texture": "#texture" },
				"north": { "uv": [ 12.5, 14, 13.5, 16 ], "texture": "#texture" },
				"south": { "uv": [ 2.5, 14, 3.5, 16 ], "texture": "#texture" },
				"west": { "uv": [ 9, 14, 10, 16 ], "texture": "#texture" },
				"east": { "uv": [ 6, 14, 7, 16 ], "texture": "#texture" }
			}
		},
		{
			"__comment": "Voxels102",
			"from": [ 3, -1, 10 ],
			"to": [ 4, 1, 11 ],
			"faces": {
				"down": { "uv": [ 3, 5, 4, 6 ], "texture": "#texture" },
				"up": { "uv": [ 3, 10, 4, 11 ], "texture": "#texture" },
				"north": { "uv": [ 12, 15, 13, 16 ], "texture": "#texture" },
				"south": { "uv": [ 3, 15, 4, 16 ], "texture": "#texture" },
				"west": { "uv": [ 10, 15, 11, 16 ], "texture": "#texture" },
				"east": { "uv": [ 5, 15, 6, 16 ], "texture": "#texture" }
			}
		},
		{
			"__comment": "Voxels103",
			"from": [ 3, 2, 11 ],
			"to": [ 4, 3, 12 ],
			"faces": {
				"down": { "uv": [ 3, 4, 4, 5 ], "texture": "#texture" },
				"up": { "uv": [ 3, 11, 4, 12 ], "texture": "#texture" },
				"north": { "uv": [ 12, 13, 13, 14 ], "texture": "#texture" },
				"south": { "uv": [ 3, 13, 4, 14 ], "texture": "#texture" },
				"west": { "uv": [ 11, 13, 12, 14 ], "texture": "#texture" },
				"east": { "uv": [ 4, 13, 5, 14 ], "texture": "#texture" }
			}
		},
		{
			"__comment": "Voxels104",
			"from": [ 3.5, -1, 11 ],
			"to": [ 4.5, 2, 12 ],
			"faces": {
				"down": { "uv": [ 3.5, 4, 4.5, 5 ], "texture": "#texture" },
				"up": { "uv": [ 3.5, 11, 4.5, 12 ], "texture": "#texture" },
				"north": { "uv": [ 11.5, 14, 12.5, 16 ], "texture": "#texture" },
				"south": { "uv": [ 3.5, 14, 4.5, 16 ], "texture": "#texture" },
				"west": { "uv": [ 11, 14, 12, 16 ], "texture": "#texture" },
				"east": { "uv": [ 4, 14, 5, 16 ], "texture": "#texture" }
			}
		},
		{
			"__comment": "Voxels105",
			"from": [ 12, -1, 5 ],
			"to": [ 13, 1, 6 ],
			"faces": {
				"down": { "uv": [ 12, 10, 13, 11 ], "texture": "#texture" },
				"up": { "uv": [ 12, 5, 13, 6 ], "texture": "#texture" },
				"north": { "uv": [ 3, 15, 4, 16 ], "texture": "#texture" },
				"south": { "uv": [ 12, 15, 13, 16 ], "texture": "#texture" },
				"west": { "uv": [ 5, 15, 6, 16 ], "texture": "#texture" },
				"east": { "uv": [ 10, 15, 11, 16 ], "texture": "#texture" }
			}
		}
	]
}