{
	"__comment": "Designed by CreatorLabs with Cubik Studio - https://cubik.studio",
	"textures": {
		"particle": "3d_blocks/wheat/wheat_green_light_3",
		"texture": "3d_blocks/wheat/wheat_green_light_3"
	},
	"elements": [ 	 
		{
			"__comment": "wheat",
			"from": [ 11.5, 11.5, 6.5 ],
			"to": [ 12.5, 14.5, 7.5 ],
			"faces": {
				"down": { "uv": [ 11.5, 8.5, 12.5, 9.5 ], "texture": "#texture" },
				"up": { "uv": [ 11.5, 6.5, 12.5, 7.5 ], "texture": "#texture" },
				"north": { "uv": [ 3.5, 2, 4.5, 5 ], "texture": "#texture" },
				"south": { "uv": [ 11.5, 2, 12.5, 5 ], "texture": "#texture" },
				"west": { "uv": [ 6.5, 2, 7.5, 5 ], "texture": "#texture" },
				"east": { "uv": [ 8.5, 2, 9.5, 5 ], "texture": "#texture" }
			}
		},
		{
			"__comment": "wheat1",
			"from": [ 12.5, -0.5, 7 ],
			"to": [ 13.5, 13.5, 8 ],
			"faces": {
				"down": { "uv": [ 12.5, 8.0, 13.5, 9.0 ], "texture": "#texture" },
				"up": { "uv": [ 12.5, 7.0, 13.5, 8.0 ], "texture": "#texture" },
				"north": { "uv": [ 2.5, 3.0, 3.5, 16 ], "texture": "#texture" },
				"south": { "uv": [ 12.5, 3.0, 13.5, 16 ], "texture": "#texture" },
				"west": { "uv": [ 7.0, 3.0, 8.0, 16 ], "texture": "#texture" },
				"east": { "uv": [ 8.0, 3.0, 9.0, 16 ], "texture": "#texture" }
			}
		},
		{
			"__comment": "wheat2",
			"from": [ 12.5, 9.5, 1 ],
			"to": [ 13.5, 11.5, 2 ],
			"faces": {
				"down": { "uv": [ 12.5, 14, 13.5, 15 ], "texture": "#texture" },
				"up": { "uv": [ 12.5, 1.0, 13.5, 2.0 ], "texture": "#texture" },
				"north": { "uv": [ 2.5, 5, 3.5, 7 ], "texture": "#texture" },
				"south": { "uv": [ 12.5, 5, 13.5, 7 ], "texture": "#texture" },
				"west": { "uv": [ 1.0, 5, 2.0, 7 ], "texture": "#texture" },
				"east": { "uv": [ 14, 5, 15, 7 ], "texture": "#texture" }
			}
		},
		{
			"__comment": "wheat3",
			"from": [ 12.5, 9.5, 12 ],
			"to": [ 13.5, 11.5, 13 ],
			"faces": {
				"down": { "uv": [ 12.5, 3.0, 13.5, 4.0 ], "texture": "#texture" },
				"up": { "uv": [ 12.5, 12, 13.5, 13 ], "texture": "#texture" },
				"north": { "uv": [ 2.5, 5, 3.5, 7 ], "texture": "#texture" },
				"south": { "uv": [ 12.5, 5, 13.5, 7 ], "texture": "#texture" },
				"west": { "uv": [ 12, 5, 13, 7 ], "texture": "#texture" },
				"east": { "uv": [ 3.0, 5, 4.0, 7 ], "texture": "#texture" }
			}
		},
		{
			"__comment": "wheat4",
			"from": [ 13, -0.5, 2 ],
			"to": [ 14, 10.5, 3 ],
			"faces": {
				"down": { "uv": [ 13.0, 13, 14.0, 14 ], "texture": "#texture" },
				"up": { "uv": [ 13.0, 2.0, 14.0, 3.0 ], "texture": "#texture" },
				"north": { "uv": [ 2.0, 6.0, 3.0, 16 ], "texture": "#texture" },
				"south": { "uv": [ 13.0, 6.0, 14.0, 16 ], "texture": "#texture" },
				"west": { "uv": [ 2.0, 6.0, 3.0, 16 ], "texture": "#texture" },
				"east": { "uv": [ 13, 6.0, 14, 16 ], "texture": "#texture" }
			}
		},
		{
			"__comment": "wheat5",
			"from": [ 11.5, 8.5, 5 ],
			"to": [ 12.5, 10.5, 6 ],
			"faces": {
				"down": { "uv": [ 11.5, 10, 12.5, 11 ], "texture": "#texture" },
				"up": { "uv": [ 11.5, 5, 12.5, 6 ], "texture": "#texture" },
				"north": { "uv": [ 3.5, 6, 4.5, 8 ], "texture": "#texture" },
				"south": { "uv": [ 11.5, 6, 12.5, 8 ], "texture": "#texture" },
				"west": { "uv": [ 5, 6, 6, 8 ], "texture": "#texture" },
				"east": { "uv": [ 10, 6, 11, 8 ], "texture": "#texture" }
			}
		},
		{
			"__comment": "wheat6",
			"from": [ 13, -0.5, 8 ],
			"to": [ 14, 10.5, 9 ],
			"faces": {
				"down": { "uv": [ 13.0, 7, 14.0, 8 ], "texture": "#texture" },
				"up": { "uv": [ 13.0, 8, 14.0, 9 ], "texture": "#texture" },
				"north": { "uv": [ 2.0, 6.0, 3.0, 16 ], "texture": "#texture" },
				"south": { "uv": [ 13.0, 6.0, 14.0, 16 ], "texture": "#texture" },
				"west": { "uv": [ 8, 6.0, 9, 16 ], "texture": "#texture" },
				"east": { "uv": [ 7, 6.0, 8, 16 ], "texture": "#texture" }
			}
		},
		{
			"__comment": "wheat8",
			"from": [ 13, 7.5, 6 ],
			"to": [ 14, 9.5, 7 ],
			"faces": {
				"down": { "uv": [ 13.0, 9.0, 14.0, 10 ], "texture": "#texture" },
				"up": { "uv": [ 13.0, 6.0, 14.0, 7.0 ], "texture": "#texture" },
				"north": { "uv": [ 2.0, 7, 3.0, 9 ], "texture": "#texture" },
				"south": { "uv": [ 13.0, 7, 14.0, 9 ], "texture": "#texture" },
				"west": { "uv": [ 6.0, 7, 7.0, 9 ], "texture": "#texture" },
				"east": { "uv": [ 9.0, 7, 10, 9 ], "texture": "#texture" }
			}
		},
		{
			"__comment": "wheat9",
			"from": [ 13, -0.5, 11 ],
			"to": [ 14, 9.5, 12 ],
			"faces": {
				"down": { "uv": [ 13, 4.0, 14, 5.0 ], "texture": "#texture" },
				"up": { "uv": [ 13, 11, 14, 12 ], "texture": "#texture" },
				"north": { "uv": [ 2.0, 7.0, 3.0, 16 ], "texture": "#texture" },
				"south": { "uv": [ 13, 7.0, 14, 16 ], "texture": "#texture" },
				"west": { "uv": [ 11, 7.0, 12, 16 ], "texture": "#texture" },
				"east": { "uv": [ 4.0, 7.0, 5.0, 16 ], "texture": "#texture" }
			}
		},
		{
			"__comment": "wheat10",
			"from": [ 12, -0.5, 3 ],
			"to": [ 13, 8.5, 5 ],
			"faces": {
				"down": { "uv": [ 12.0, 11, 13.0, 13 ], "texture": "#texture" },
				"up": { "uv": [ 12.0, 3.0, 13.0, 5.0 ], "texture": "#texture" },
				"north": { "uv": [ 3.0, 8.0, 4.0, 16 ], "texture": "#texture" },
				"south": { "uv": [ 12.0, 8.0, 13.0, 16 ], "texture": "#texture" },
				"west": { "uv": [ 3.0, 8.0, 5.0, 16 ], "texture": "#texture" },
				"east": { "uv": [ 11, 8.0, 13, 16 ], "texture": "#texture" }
			}
		},
		{
			"__comment": "wheat11",
			"from": [ 11, -0.5, 8.5 ],
			"to": [ 12, 8.5, 9.5 ],
			"faces": {
				"down": { "uv": [ 11.0, 6.5, 12.0, 7.5 ], "texture": "#texture" },
				"up": { "uv": [ 11.0, 8.5, 12.0, 9.5 ], "texture": "#texture" },
				"north": { "uv": [ 4.0, 8.0, 5.0, 16 ], "texture": "#texture" },
				"south": { "uv": [ 11.0, 8.0, 12.0, 16 ], "texture": "#texture" },
				"west": { "uv": [ 8.5, 8.0, 9.5, 16 ], "texture": "#texture" },
				"east": { "uv": [ 6.5, 8.0, 7.5, 16 ], "texture": "#texture" }
			}
		},
		{
			"__comment": "wheat12",
			"from": [ 13.5, -0.5, 5 ],
			"to": [ 14.5, 7.5, 6 ],
			"faces": {
				"down": { "uv": [ 13.5, 10, 14.5, 11 ], "texture": "#texture" },
				"up": { "uv": [ 13.5, 5.0, 14.5, 6.0 ], "texture": "#texture" },
				"north": { "uv": [ 1.5, 9.0, 2.5, 16 ], "texture": "#texture" },
				"south": { "uv": [ 13.5, 9.0, 14.5, 16 ], "texture": "#texture" },
				"west": { "uv": [ 5.0, 9.0, 6.0, 16 ], "texture": "#texture" },
				"east": { "uv": [ 10, 9.0, 11, 16 ], "texture": "#texture" }
			}
		},
		{
			"__comment": "wheat13",
			"from": [ 12, -0.5, 10 ],
			"to": [ 13, 7.5, 11 ],
			"faces": {
				"down": { "uv": [ 12, 5.0, 13, 6.0 ], "texture": "#texture" },
				"up": { "uv": [ 12, 10.0, 13, 11.0 ], "texture": "#texture" },
				"north": { "uv": [ 3.0, 9.0, 4.0, 16 ], "texture": "#texture" },
				"south": { "uv": [ 12, 9.0, 13, 16 ], "texture": "#texture" },
				"west": { "uv": [ 10.0, 9.0, 11.0, 16 ], "texture": "#texture" },
				"east": { "uv": [ 5.0, 9.0, 6.0, 16 ], "texture": "#texture" }
			}
		},
		{
			"__comment": "wheat14",
			"from": [ 12.5, 6.5, 14 ],
			"to": [ 13.5, 7.5, 15 ],
			"faces": {
				"down": { "uv": [ 12.5, 1.0, 13.5, 2.0 ], "texture": "#texture" },
				"up": { "uv": [ 12.5, 14, 13.5, 15 ], "texture": "#texture" },
				"north": { "uv": [ 2.5, 9.0, 3.5, 10.0 ], "texture": "#texture" },
				"south": { "uv": [ 12.5, 9.0, 13.5, 10.0 ], "texture": "#texture" },
				"west": { "uv": [ 14, 9.0, 15, 10.0 ], "texture": "#texture" },
				"east": { "uv": [ 1.0, 9.0, 2.0, 10.0 ], "texture": "#texture" }
			}
		},
		{
			"__comment": "wheat15",
			"from": [ 12.0, -0.5, 0 ],
			"to": [ 13.0, 6.5, 1 ],
			"faces": {
				"down": { "uv": [ 12.0, 15, 13.0, 16 ], "texture": "#texture" },
				"up": { "uv": [ 12.0, 0, 13.0, 1.0 ], "texture": "#texture" },
				"north": { "uv": [ 3.0, 10.0, 4.0, 16 ], "texture": "#texture" },
				"south": { "uv": [ 12.0, 10.0, 13.0, 16 ], "texture": "#texture" },
				"west": { "uv": [ 0, 10.0, 1.0, 16 ], "texture": "#texture" },
				"east": { "uv": [ 15, 10.0, 16, 16 ], "texture": "#texture" }
			}
		},
		{
			"__comment": "wheat17",
			"from": [ 12.5, 5.5, 15 ],
			"to": [ 13.5, 6.5, 16 ],
			"faces": {
				"down": { "uv": [ 12.5, 0, 13.5, 1.0 ], "texture": "#texture" },
				"up": { "uv": [ 12.5, 15, 13.5, 16 ], "texture": "#texture" },
				"north": { "uv": [ 2.5, 10.0, 3.5, 11 ], "texture": "#texture" },
				"south": { "uv": [ 12.5, 10.0, 13.5, 11 ], "texture": "#texture" },
				"west": { "uv": [ 15, 10.0, 16, 11 ], "texture": "#texture" },
				"east": { "uv": [ 0, 10.0, 1.0, 11 ], "texture": "#texture" }
			}
		},
		{
			"__comment": "wheat18",
			"from": [ 12.5, -0.5, 1 ],
			"to": [ 13.5, 5.5, 2 ],
			"faces": {
				"down": { "uv": [ 12.5, 14, 13.5, 15 ], "texture": "#texture" },
				"up": { "uv": [ 12.5, 1, 13.5, 2 ], "texture": "#texture" },
				"north": { "uv": [ 2.5, 11, 3.5, 16 ], "texture": "#texture" },
				"south": { "uv": [ 12.5, 11, 13.5, 16 ], "texture": "#texture" },
				"west": { "uv": [ 1, 11, 2, 16 ], "texture": "#texture" },
				"east": { "uv": [ 14, 11, 15, 16 ], "texture": "#texture" }
			}
		},
		{
			"__comment": "wheat19",
			"from": [ 12.5, -0.5, 14 ],
			"to": [ 13.5, 5.5, 15 ],
			"faces": {
				"down": { "uv": [ 12.5, 1, 13.5, 2 ], "texture": "#texture" },
				"up": { "uv": [ 12.5, 14, 13.5, 15 ], "texture": "#texture" },
				"north": { "uv": [ 2.5, 11, 3.5, 16 ], "texture": "#texture" },
				"south": { "uv": [ 12.5, 11, 13.5, 16 ], "texture": "#texture" },
				"west": { "uv": [ 14, 11, 15, 16 ], "texture": "#texture" },
				"east": { "uv": [ 1, 11, 2, 16 ], "texture": "#texture" }
			}
		},
		{
			"__comment": "wheat",
			"from": [ 6.5, 11.5, 4.5 ],
			"to": [ 7.5, 14.5, 5.5 ],
			"faces": {
				"down": { "uv": [ 6.5, 10.5, 7.5, 11.5 ], "texture": "#texture" },
				"up": { "uv": [ 6.5, 4.5, 7.5, 5.5 ], "texture": "#texture" },
				"north": { "uv": [ 8.5, 2, 9.5, 5 ], "texture": "#texture" },
				"south": { "uv": [ 6.5, 2, 7.5, 5 ], "texture": "#texture" },
				"west": { "uv": [ 4.5, 2, 5.5, 5 ], "texture": "#texture" },
				"east": { "uv": [ 10.5, 2, 11.5, 5 ], "texture": "#texture" }
			}
		},
		{
			"__comment": "wheat1",
			"from": [ 7, -0.5, 3.5 ],
			"to": [ 8, 13.5, 4.5 ],
			"faces": {
				"down": { "uv": [ 7, 11.5, 8, 12.5 ], "texture": "#texture" },
				"up": { "uv": [ 7, 3.5, 8, 4.5 ], "texture": "#texture" },
				"north": { "uv": [ 8, 3.0, 9, 16 ], "texture": "#texture" },
				"south": { "uv": [ 7, 3.0, 8, 16 ], "texture": "#texture" },
				"west": { "uv": [ 3.5, 3.0, 4.5, 16 ], "texture": "#texture" },
				"east": { "uv": [ 11.5, 3.0, 12.5, 16 ], "texture": "#texture" }
			}
		},
		{
			"__comment": "wheat2",
			"from": [ 1, 9.5, 3.5 ],
			"to": [ 2, 11.5, 4.5 ],
			"faces": {
				"down": { "uv": [ 1, 11.5, 2, 12.5 ], "texture": "#texture" },
				"up": { "uv": [ 1, 3.5, 2, 4.5 ], "texture": "#texture" },
				"north": { "uv": [ 14, 5, 15, 7 ], "texture": "#texture" },
				"south": { "uv": [ 1, 5, 2, 7 ], "texture": "#texture" },
				"west": { "uv": [ 3.5, 5, 4.5, 7 ], "texture": "#texture" },
				"east": { "uv": [ 11.5, 5, 12.5, 7 ], "texture": "#texture" }
			}
		},
		{
			"__comment": "wheat3",
			"from": [ 12, 9.5, 3.5 ],
			"to": [ 13, 11.5, 4.5 ],
			"faces": {
				"down": { "uv": [ 12, 11.5, 13, 12.5 ], "texture": "#texture" },
				"up": { "uv": [ 12, 3.5, 13, 4.5 ], "texture": "#texture" },
				"north": { "uv": [ 3, 5, 4, 7 ], "texture": "#texture" },
				"south": { "uv": [ 12, 5, 13, 7 ], "texture": "#texture" },
				"west": { "uv": [ 3.5, 5, 4.5, 7 ], "texture": "#texture" },
				"east": { "uv": [ 11.5, 5, 12.5, 7 ], "texture": "#texture" }
			}
		},
		{
			"__comment": "wheat4",
			"from": [ 2, -0.5, 3 ],
			"to": [ 3, 10.5, 4 ],
			"faces": {
				"down": { "uv": [ 2, 12.0, 3, 13.0 ], "texture": "#texture" },
				"up": { "uv": [ 2, 3.0, 3, 4.0 ], "texture": "#texture" },
				"north": { "uv": [ 13, 6.0, 14, 16 ], "texture": "#texture" },
				"south": { "uv": [ 2, 6.0, 3, 16 ], "texture": "#texture" },
				"west": { "uv": [ 3.0, 6.0, 4.0, 16 ], "texture": "#texture" },
				"east": { "uv": [ 12.0, 6.0, 13.0, 16 ], "texture": "#texture" }
			}
		},
		{
			"__comment": "wheat5",
			"from": [ 5, 8.5, 4.5 ],
			"to": [ 6, 10.5, 5.5 ],
			"faces": {
				"down": { "uv": [ 5, 10.5, 6, 11.5 ], "texture": "#texture" },
				"up": { "uv": [ 5, 4.5, 6, 5.5 ], "texture": "#texture" },
				"north": { "uv": [ 10, 6, 11, 8 ], "texture": "#texture" },
				"south": { "uv": [ 5, 6, 6, 8 ], "texture": "#texture" },
				"west": { "uv": [ 4.5, 6, 5.5, 8 ], "texture": "#texture" },
				"east": { "uv": [ 10.5, 6, 11.5, 8 ], "texture": "#texture" }
			}
		},
		{
			"__comment": "wheat6",
			"from": [ 8, -0.5, 5.5 ],
			"to": [ 9, 10.5, 6.5 ],
			"faces": {
				"down": { "uv": [ 8, 9.5, 9, 10.5 ], "texture": "#texture" },
				"up": { "uv": [ 8, 5.5, 9, 6.5 ], "texture": "#texture" },
				"north": { "uv": [ 7, 6.0, 8, 16 ], "texture": "#texture" },
				"south": { "uv": [ 8, 6.0, 9, 16 ], "texture": "#texture" },
				"west": { "uv": [ 5.5, 6.0, 6.5, 16 ], "texture": "#texture" },
				"east": { "uv": [ 9.5, 6.0, 10.5, 16 ], "texture": "#texture" }
			}
		},
		{
			"__comment": "wheat7",
			"from": [ 13, 9.5, 3.5 ],
			"to": [ 14, 10.5, 4.5 ],
			"faces": {
				"down": { "uv": [ 13, 11.5, 14, 12.5 ], "texture": "#texture" },
				"up": { "uv": [ 13, 3.5, 14, 4.5 ], "texture": "#texture" },
				"north": { "uv": [ 2, 6, 3, 7 ], "texture": "#texture" },
				"south": { "uv": [ 13, 6, 14, 7 ], "texture": "#texture" },
				"west": { "uv": [ 3.5, 6, 4.5, 7 ], "texture": "#texture" },
				"east": { "uv": [ 11.5, 6, 12.5, 7 ], "texture": "#texture" }
			}
		},
		{
			"__comment": "wheat8",
			"from": [ 6, 7.5, 3 ],
			"to": [ 7, 9.5, 4 ],
			"faces": {
				"down": { "uv": [ 6, 12.0, 7, 13.0 ], "texture": "#texture" },
				"up": { "uv": [ 6, 3.0, 7, 4.0 ], "texture": "#texture" },
				"north": { "uv": [ 9, 7, 10, 9 ], "texture": "#texture" },
				"south": { "uv": [ 6, 7, 7, 9 ], "texture": "#texture" },
				"west": { "uv": [ 3.0, 7, 4.0, 9 ], "texture": "#texture" },
				"east": { "uv": [ 12.0, 7, 13.0, 9 ], "texture": "#texture" }
			}
		},
		{
			"__comment": "wheat9",
			"from": [ 11, -0.5, 3 ],
			"to": [ 12, 9.5, 4 ],
			"faces": {
				"down": { "uv": [ 11, 12.0, 12, 13.0 ], "texture": "#texture" },
				"up": { "uv": [ 11, 3.0, 12, 4.0 ], "texture": "#texture" },
				"north": { "uv": [ 4, 7.0, 5, 16 ], "texture": "#texture" },
				"south": { "uv": [ 11, 7.0, 12, 16 ], "texture": "#texture" },
				"west": { "uv": [ 3.0, 7.0, 4.0, 16 ], "texture": "#texture" },
				"east": { "uv": [ 12.0, 7.0, 13.0, 16 ], "texture": "#texture" }
			}
		},
		{
			"__comment": "wheat10",
			"from": [ 3, -0.5, 4 ],
			"to": [ 5, 8.5, 5 ],
			"faces": {
				"down": { "uv": [ 3, 11.0, 5, 12.0 ], "texture": "#texture" },
				"up": { "uv": [ 3, 4.0, 5, 5.0 ], "texture": "#texture" },
				"north": { "uv": [ 11, 8.0, 13, 16 ], "texture": "#texture" },
				"south": { "uv": [ 3, 8.0, 5, 16 ], "texture": "#texture" },
				"west": { "uv": [ 4.0, 8.0, 5.0, 16 ], "texture": "#texture" },
				"east": { "uv": [ 11.0, 8.0, 12.0, 16 ], "texture": "#texture" }
			}
		},
		{
			"__comment": "wheat11",
			"from": [ 9, -0.5, 8 ],
			"to": [ 10, 8.5, 9 ],
			"faces": {
				"down": { "uv": [ 9, 7.0, 10, 8.0 ], "texture": "#texture" },
				"up": { "uv": [ 9, 8.0, 10, 9.0 ], "texture": "#texture" },
				"north": { "uv": [ 6, 8.0, 7, 16 ], "texture": "#texture" },
				"south": { "uv": [ 9, 8.0, 10, 16 ], "texture": "#texture" },
				"west": { "uv": [ 8.0, 8.0, 9.0, 16 ], "texture": "#texture" },
				"east": { "uv": [ 7.0, 8.0, 8.0, 16 ], "texture": "#texture" }
			}
		},
		{
			"__comment": "wheat12",
			"from": [ 5, -0.5, 2.5 ],
			"to": [ 6, 7.5, 3.5 ],
			"faces": {
				"down": { "uv": [ 5, 12.5, 6, 13.5 ], "texture": "#texture" },
				"up": { "uv": [ 5, 2.5, 6, 3.5 ], "texture": "#texture" },
				"north": { "uv": [ 10, 9.0, 11, 16 ], "texture": "#texture" },
				"south": { "uv": [ 5, 9.0, 6, 16 ], "texture": "#texture" },
				"west": { "uv": [ 2.5, 9.0, 3.5, 16 ], "texture": "#texture" },
				"east": { "uv": [ 12.5, 9.0, 13.5, 16 ], "texture": "#texture" }
			}
		},
		{
			"__comment": "wheat13",
			"from": [ 10, -0.5, 4 ],
			"to": [ 11, 7.5, 5 ],
			"faces": {
				"down": { "uv": [ 10, 11.0, 11, 12.0 ], "texture": "#texture" },
				"up": { "uv": [ 10, 4.0, 11, 5.0 ], "texture": "#texture" },
				"north": { "uv": [ 5, 9.0, 6, 16 ], "texture": "#texture" },
				"south": { "uv": [ 10, 9.0, 11, 16 ], "texture": "#texture" },
				"west": { "uv": [ 4.0, 9.0, 5.0, 16 ], "texture": "#texture" },
				"east": { "uv": [ 11.0, 9.0, 12.0, 16 ], "texture": "#texture" }
			}
		},
		{
			"__comment": "wheat14",
			"from": [ 14, 6.5, 3.5 ],
			"to": [ 15, 7.5, 4.5 ],
			"faces": {
				"down": { "uv": [ 14, 11.5, 15, 12.5 ], "texture": "#texture" },
				"up": { "uv": [ 14, 3.5, 15, 4.5 ], "texture": "#texture" },
				"north": { "uv": [ 1, 9.0, 2, 10.0 ], "texture": "#texture" },
				"south": { "uv": [ 14, 9.0, 15, 10.0 ], "texture": "#texture" },
				"west": { "uv": [ 3.5, 9.0, 4.5, 10.0 ], "texture": "#texture" },
				"east": { "uv": [ 11.5, 9.0, 12.5, 10.0 ], "texture": "#texture" }
			}
		},
		{
			"__comment": "wheat15",
			"from": [ 0, -0.5, 4 ],
			"to": [ 1, 6.5, 5 ],
			"faces": {
				"down": { "uv": [ 0, 11.0, 1, 12.0 ], "texture": "#texture" },
				"up": { "uv": [ 0, 4.0, 1, 5.0 ], "texture": "#texture" },
				"north": { "uv": [ 15, 10.0, 16, 16 ], "texture": "#texture" },
				"south": { "uv": [ 0, 10.0, 1, 16 ], "texture": "#texture" },
				"west": { "uv": [ 4.0, 10.0, 5.0, 16 ], "texture": "#texture" },
				"east": { "uv": [ 11.0, 10.0, 12.0, 16 ], "texture": "#texture" }
			}
		},
		{
			"__comment": "wheat16",
			"from": [ 13, -0.5, 3 ],
			"to": [ 14, 6.5, 4 ],
			"faces": {
				"down": { "uv": [ 13, 12.0, 14, 13.0 ], "texture": "#texture" },
				"up": { "uv": [ 13, 3.0, 14, 4.0 ], "texture": "#texture" },
				"north": { "uv": [ 2, 10.0, 3, 16 ], "texture": "#texture" },
				"south": { "uv": [ 13, 10.0, 14, 16 ], "texture": "#texture" },
				"west": { "uv": [ 3.0, 10.0, 4.0, 16 ], "texture": "#texture" },
				"east": { "uv": [ 12.0, 10.0, 13.0, 16 ], "texture": "#texture" }
			}
		},
		{
			"__comment": "wheat17",
			"from": [ 15, 5.5, 3.5 ],
			"to": [ 16, 6.5, 4.5 ],
			"faces": {
				"down": { "uv": [ 15, 11.5, 16, 12.5 ], "texture": "#texture" },
				"up": { "uv": [ 15, 3.5, 16, 4.5 ], "texture": "#texture" },
				"north": { "uv": [ 0, 10.0, 1, 11 ], "texture": "#texture" },
				"south": { "uv": [ 15, 10.0, 16, 11 ], "texture": "#texture" },
				"west": { "uv": [ 3.5, 10.0, 4.5, 11 ], "texture": "#texture" },
				"east": { "uv": [ 11.5, 10.0, 12.5, 11 ], "texture": "#texture" }
			}
		},
		{
			"__comment": "wheat18",
			"from": [ 1, -0.5, 3.5 ],
			"to": [ 2, 5.5, 4.5 ],
			"faces": {
				"down": { "uv": [ 1, 11.5, 2, 12.5 ], "texture": "#texture" },
				"up": { "uv": [ 1, 3.5, 2, 4.5 ], "texture": "#texture" },
				"north": { "uv": [ 14, 11, 15, 16 ], "texture": "#texture" },
				"south": { "uv": [ 1, 11, 2, 16 ], "texture": "#texture" },
				"west": { "uv": [ 3.5, 11, 4.5, 16 ], "texture": "#texture" },
				"east": { "uv": [ 11.5, 11, 12.5, 16 ], "texture": "#texture" }
			}
		},
		{
			"__comment": "wheat19",
			"from": [ 14, -0.5, 3.5 ],
			"to": [ 15, 5.5, 4.5 ],
			"faces": {
				"down": { "uv": [ 14, 11.5, 15, 12.5 ], "texture": "#texture" },
				"up": { "uv": [ 14, 3.5, 15, 4.5 ], "texture": "#texture" },
				"north": { "uv": [ 1, 11, 2, 16 ], "texture": "#texture" },
				"south": { "uv": [ 14, 11, 15, 16 ], "texture": "#texture" },
				"west": { "uv": [ 3.5, 11, 4.5, 16 ], "texture": "#texture" },
				"east": { "uv": [ 11.5, 11, 12.5, 16 ], "texture": "#texture" }
			}
		},
		{
			"__comment": "wheat",
			"from": [ 8.5, 11.5, 6.5 ],
			"to": [ 9.5, 14.5, 7.5 ],
			"faces": {
				"down": { "uv": [ 8.5, 8.5, 9.5, 9.5 ], "texture": "#texture" },
				"up": { "uv": [ 8.5, 6.5, 9.5, 7.5 ], "texture": "#texture" },
				"north": { "uv": [ 6.5, 2, 7.5, 5 ], "texture": "#texture" },
				"south": { "uv": [ 8.5, 2, 9.5, 5 ], "texture": "#texture" },
				"west": { "uv": [ 6.5, 2, 7.5, 5 ], "texture": "#texture" },
				"east": { "uv": [ 8.5, 2, 9.5, 5 ], "texture": "#texture" }
			}
		},
		{
			"__comment": "wheat1",
			"from": [ 8, -0.5, 7.5 ],
			"to": [ 9, 13.5, 8.5 ],
			"faces": {
				"down": { "uv": [ 8.0, 7.5, 9.0, 8.5 ], "texture": "#texture" },
				"up": { "uv": [ 8.0, 7.5, 9.0, 8.5 ], "texture": "#texture" },
				"north": { "uv": [ 7.0, 3.0, 8.0, 16 ], "texture": "#texture" },
				"south": { "uv": [ 8.0, 3.0, 9.0, 16 ], "texture": "#texture" },
				"west": { "uv": [ 7.5, 3.0, 8.5, 16 ], "texture": "#texture" },
				"east": { "uv": [ 7.5, 3.0, 8.5, 16 ], "texture": "#texture" }
			}
		},
		{
			"__comment": "wheat2",
			"from": [ 14, 9.5, 12 ],
			"to": [ 15, 11.5, 13 ],
			"faces": {
				"down": { "uv": [ 14, 3.0, 15, 4.0 ], "texture": "#texture" },
				"up": { "uv": [ 14, 12.0, 15, 13.0 ], "texture": "#texture" },
				"north": { "uv": [ 1, 5, 2, 7 ], "texture": "#texture" },
				"south": { "uv": [ 14, 5, 15, 7 ], "texture": "#texture" },
				"west": { "uv": [ 12.0, 5, 13.0, 7 ], "texture": "#texture" },
				"east": { "uv": [ 3.0, 5, 4.0, 7 ], "texture": "#texture" }
			}
		},
		{
			"__comment": "wheat3",
			"from": [ 3, 9.5, 12 ],
			"to": [ 4, 11.5, 13 ],
			"faces": {
				"down": { "uv": [ 3.0, 3.0, 4.0, 4.0 ], "texture": "#texture" },
				"up": { "uv": [ 3.0, 12, 4.0, 13 ], "texture": "#texture" },
				"north": { "uv": [ 12, 5, 13, 7 ], "texture": "#texture" },
				"south": { "uv": [ 3.0, 5, 4.0, 7 ], "texture": "#texture" },
				"west": { "uv": [ 12, 5, 13, 7 ], "texture": "#texture" },
				"east": { "uv": [ 3.0, 5, 4.0, 7 ], "texture": "#texture" }
			}
		},
		{
			"__comment": "wheat4",
			"from": [ 13, -0.5, 12.5 ],
			"to": [ 14, 10.5, 13.5 ],
			"faces": {
				"down": { "uv": [ 13, 2.5, 14, 3.5 ], "texture": "#texture" },
				"up": { "uv": [ 13, 12.5, 14, 13.5 ], "texture": "#texture" },
				"north": { "uv": [ 2.0, 6.0, 3.0, 16 ], "texture": "#texture" },
				"south": { "uv": [ 13, 6.0, 14, 16 ], "texture": "#texture" },
				"west": { "uv": [ 12.5, 6.0, 13.5, 16 ], "texture": "#texture" },
				"east": { "uv": [ 2.5, 6.0, 3.5, 16 ], "texture": "#texture" }
			}
		},
		{
			"__comment": "wheat5",
			"from": [ 10, 8.5, 11 ],
			"to": [ 11, 10.5, 12 ],
			"faces": {
				"down": { "uv": [ 10, 4.0, 11, 5.0 ], "texture": "#texture" },
				"up": { "uv": [ 10, 11.0, 11, 12.0 ], "texture": "#texture" },
				"north": { "uv": [ 5, 6, 6, 8 ], "texture": "#texture" },
				"south": { "uv": [ 10, 6, 11, 8 ], "texture": "#texture" },
				"west": { "uv": [ 11.0, 6, 12.0, 8 ], "texture": "#texture" },
				"east": { "uv": [ 4.0, 6, 5.0, 8 ], "texture": "#texture" }
			}
		},
		{
			"__comment": "wheat6",
			"from": [ 7, -0.5, 8 ],
			"to": [ 8, 10.5, 9 ],
			"faces": {
				"down": { "uv": [ 7.0, 7.0, 8.0, 8.0 ], "texture": "#texture" },
				"up": { "uv": [ 7.0, 8.0, 8.0, 9.0 ], "texture": "#texture" },
				"north": { "uv": [ 8.0, 6.0, 9.0, 16 ], "texture": "#texture" },
				"south": { "uv": [ 7.0, 6.0, 8.0, 16 ], "texture": "#texture" },
				"west": { "uv": [ 8.0, 6.0, 9.0, 16 ], "texture": "#texture" },
				"east": { "uv": [ 7.0, 6.0, 8.0, 16 ], "texture": "#texture" }
			}
		},
		{
			"__comment": "wheat7",
			"from": [ 2, 9.5, 12 ],
			"to": [ 3, 10.5, 13 ],
			"faces": {
				"down": { "uv": [ 2, 3.0, 3, 4.0 ], "texture": "#texture" },
				"up": { "uv": [ 2, 12.0, 3, 13.0 ], "texture": "#texture" },
				"north": { "uv": [ 13, 6, 14, 7 ], "texture": "#texture" },
				"south": { "uv": [ 2, 6, 3, 7 ], "texture": "#texture" },
				"west": { "uv": [ 12.0, 6, 13.0, 7 ], "texture": "#texture" },
				"east": { "uv": [ 3.0, 6, 4.0, 7 ], "texture": "#texture" }
			}
		},
		{
			"__comment": "wheat8",
			"from": [ 9, 7.5, 12.5 ],
			"to": [ 10, 9.5, 13.5 ],
			"faces": {
				"down": { "uv": [ 9.0, 2.5, 10, 3.5 ], "texture": "#texture" },
				"up": { "uv": [ 9.0, 12.5, 10, 13.5 ], "texture": "#texture" },
				"north": { "uv": [ 6.0, 7, 7.0, 9 ], "texture": "#texture" },
				"south": { "uv": [ 9.0, 7, 10, 9 ], "texture": "#texture" },
				"west": { "uv": [ 12.5, 7, 13.5, 9 ], "texture": "#texture" },
				"east": { "uv": [ 2.5, 7, 3.5, 9 ], "texture": "#texture" }
			}
		},
		{
			"__comment": "wheat10",
			"from": [ 11, -0.5, 11.5 ],
			"to": [ 13, 8.5, 12.5 ],
			"faces": {
				"down": { "uv": [ 11, 3.5, 13, 4.5 ], "texture": "#texture" },
				"up": { "uv": [ 11, 11.5, 13, 12.5 ], "texture": "#texture" },
				"north": { "uv": [ 3.0, 8.0, 5.0, 16 ], "texture": "#texture" },
				"south": { "uv": [ 11, 8.0, 13, 16 ], "texture": "#texture" },
				"west": { "uv": [ 11.5, 8.0, 12.5, 16 ], "texture": "#texture" },
				"east": { "uv": [ 3.5, 8.0, 4.5, 16 ], "texture": "#texture" }
			}
		},
		{
			"__comment": "wheat11",
			"from": [ 6, -0.5, 7.5 ],
			"to": [ 7, 8.5, 8.5 ],
			"faces": {
				"down": { "uv": [ 6.0, 7.5, 7.0, 8.5 ], "texture": "#texture" },
				"up": { "uv": [ 6.0, 7.5, 7.0, 8.5 ], "texture": "#texture" },
				"north": { "uv": [ 9.0, 8.0, 10.0, 16 ], "texture": "#texture" },
				"south": { "uv": [ 6.0, 8.0, 7.0, 16 ], "texture": "#texture" },
				"west": { "uv": [ 7.5, 8.0, 8.5, 16 ], "texture": "#texture" },
				"east": { "uv": [ 7.5, 8.0, 8.5, 16 ], "texture": "#texture" }
			}
		},
		{
			"__comment": "wheat12",
			"from": [ 10, -0.5, 8.5 ],
			"to": [ 11, 7.5, 9.5 ],
			"faces": {
				"down": { "uv": [ 10, 6.5, 11, 7.5 ], "texture": "#texture" },
				"up": { "uv": [ 10, 8.5, 11, 9.5 ], "texture": "#texture" },
				"north": { "uv": [ 5.0, 9.0, 6.0, 16 ], "texture": "#texture" },
				"south": { "uv": [ 10, 9.0, 11, 16 ], "texture": "#texture" },
				"west": { "uv": [ 8.5, 9.0, 9.5, 16 ], "texture": "#texture" },
				"east": { "uv": [ 6.5, 9.0, 7.5, 16 ], "texture": "#texture" }
			}
		},
		{
			"__comment": "wheat13",
			"from": [ 5, -0.5, 7 ],
			"to": [ 6, 7.5, 8 ],
			"faces": {
				"down": { "uv": [ 5.0, 8.0, 6.0, 9.0 ], "texture": "#texture" },
				"up": { "uv": [ 5.0, 7.0, 6.0, 8.0 ], "texture": "#texture" },
				"north": { "uv": [ 10.0, 9.0, 11, 16 ], "texture": "#texture" },
				"south": { "uv": [ 5.0, 9.0, 6.0, 16 ], "texture": "#texture" },
				"west": { "uv": [ 7.0, 9.0, 8.0, 16 ], "texture": "#texture" },
				"east": { "uv": [ 8.0, 9.0, 9.0, 16 ], "texture": "#texture" }
			}
		},
		{
			"__comment": "wheat14",
			"from": [ 1, 6.5, 12 ],
			"to": [ 2, 7.5, 13 ],
			"faces": {
				"down": { "uv": [ 1.0, 3.0, 2.0, 4.0 ], "texture": "#texture" },
				"up": { "uv": [ 1.0, 12.0, 2.0, 13.0 ], "texture": "#texture" },
				"north": { "uv": [ 14, 9.0, 15, 10.0 ], "texture": "#texture" },
				"south": { "uv": [ 1.0, 9.0, 2.0, 10.0 ], "texture": "#texture" },
				"west": { "uv": [ 12.0, 9.0, 13.0, 10.0 ], "texture": "#texture" },
				"east": { "uv": [ 3.0, 9.0, 4.0, 10.0 ], "texture": "#texture" }
			}
		},
		{
			"__comment": "wheat15",
			"from": [ 15, -0.5, 11.5 ],
			"to": [ 16, 6.5, 12.5 ],
			"faces": {
				"down": { "uv": [ 15, 3.5, 16, 4.5 ], "texture": "#texture" },
				"up": { "uv": [ 15, 11.5, 16, 12.5 ], "texture": "#texture" },
				"north": { "uv": [ 9.5E-07, 10.0, 1.0, 16 ], "texture": "#texture" },
				"south": { "uv": [ 15, 10.0, 16, 16 ], "texture": "#texture" },
				"west": { "uv": [ 11.5, 10.0, 12.5, 16 ], "texture": "#texture" },
				"east": { "uv": [ 3.5, 10.0, 4.5, 16 ], "texture": "#texture" }
			}
		},
		{
			"__comment": "wheat16",
			"from": [ 2, -0.5, 12.5 ],
			"to": [ 3, 6.5, 13.5 ],
			"faces": {
				"down": { "uv": [ 2.0, 2.5, 3.0, 3.5 ], "texture": "#texture" },
				"up": { "uv": [ 2.0, 12.5, 3.0, 13.5 ], "texture": "#texture" },
				"north": { "uv": [ 13, 10.0, 14, 16 ], "texture": "#texture" },
				"south": { "uv": [ 2.0, 10.0, 3.0, 16 ], "texture": "#texture" },
				"west": { "uv": [ 12.5, 10.0, 13.5, 16 ], "texture": "#texture" },
				"east": { "uv": [ 2.5, 10.0, 3.5, 16 ], "texture": "#texture" }
			}
		},
		{
			"__comment": "wheat17",
			"from": [ 0, 5.5, 12 ],
			"to": [ 1, 6.5, 13 ],
			"faces": {
				"down": { "uv": [ 0, 3.0, 1.0, 4.0 ], "texture": "#texture" },
				"up": { "uv": [ 0, 12.0, 1.0, 13.0 ], "texture": "#texture" },
				"north": { "uv": [ 15, 10.0, 16, 11 ], "texture": "#texture" },
				"south": { "uv": [ 0, 10.0, 1.0, 11 ], "texture": "#texture" },
				"west": { "uv": [ 12.0, 10.0, 13.0, 11 ], "texture": "#texture" },
				"east": { "uv": [ 3.0, 10.0, 4.0, 11 ], "texture": "#texture" }
			}
		},
		{
			"__comment": "wheat18",
			"from": [ 14, -0.5, 12 ],
			"to": [ 15, 5.5, 13 ],
			"faces": {
				"down": { "uv": [ 14, 3.0, 15, 4.0 ], "texture": "#texture" },
				"up": { "uv": [ 14, 12.0, 15, 13.0 ], "texture": "#texture" },
				"north": { "uv": [ 1.0, 11, 2.0, 16 ], "texture": "#texture" },
				"south": { "uv": [ 14, 11, 15, 16 ], "texture": "#texture" },
				"west": { "uv": [ 12.0, 11, 13.0, 16 ], "texture": "#texture" },
				"east": { "uv": [ 3.0, 11, 4.0, 16 ], "texture": "#texture" }
			}
		},
		{
			"__comment": "wheat19",
			"from": [ 1, -0.5, 12 ],
			"to": [ 2, 5.5, 13 ],
			"faces": {
				"down": { "uv": [ 1.0, 3.0, 2.0, 4.0 ], "texture": "#texture" },
				"up": { "uv": [ 1.0, 12.0, 2.0, 13.0 ], "texture": "#texture" },
				"north": { "uv": [ 14, 11, 15, 16 ], "texture": "#texture" },
				"south": { "uv": [ 1.0, 11, 2.0, 16 ], "texture": "#texture" },
				"west": { "uv": [ 12.0, 11, 13.0, 16 ], "texture": "#texture" },
				"east": { "uv": [ 3.0, 11, 4.0, 16 ], "texture": "#texture" }
			}
		},
		{
			"__comment": "wheat",
			"from": [ 4.5, 11.5, 8.5 ],
			"to": [ 5.5, 14.5, 9.5 ],
			"faces": {
				"down": { "uv": [ 4.5, 6.5, 5.5, 7.5 ], "texture": "#texture" },
				"up": { "uv": [ 4.5, 8.5, 5.5, 9.5 ], "texture": "#texture" },
				"north": { "uv": [ 10.5, 2, 11.5, 5 ], "texture": "#texture" },
				"south": { "uv": [ 4.5, 2, 5.5, 5 ], "texture": "#texture" },
				"west": { "uv": [ 8.5, 2, 9.5, 5 ], "texture": "#texture" },
				"east": { "uv": [ 6.5, 2, 7.5, 5 ], "texture": "#texture" }
			}
		},
		{
			"__comment": "wheat1",
			"from": [ 3.5, -0.5, 8 ],
			"to": [ 4.5, 13.5, 9 ],
			"faces": {
				"down": { "uv": [ 3.5, 7.0, 4.5, 8.0 ], "texture": "#texture" },
				"up": { "uv": [ 3.5, 8.0, 4.5, 9.0 ], "texture": "#texture" },
				"north": { "uv": [ 11.5, 3.0, 12.5, 16 ], "texture": "#texture" },
				"south": { "uv": [ 3.5, 3.0, 4.5, 16 ], "texture": "#texture" },
				"west": { "uv": [ 8.0, 3.0, 9.0, 16 ], "texture": "#texture" },
				"east": { "uv": [ 7.0, 3.0, 8.0, 16 ], "texture": "#texture" }
			}
		},
		{
			"__comment": "wheat2",
			"from": [ 3.5, 9.5, 14 ],
			"to": [ 4.5, 11.5, 15 ],
			"faces": {
				"down": { "uv": [ 3.5, 1.0, 4.5, 2.0 ], "texture": "#texture" },
				"up": { "uv": [ 3.5, 14, 4.5, 15 ], "texture": "#texture" },
				"north": { "uv": [ 11.5, 5, 12.5, 7 ], "texture": "#texture" },
				"south": { "uv": [ 3.5, 5, 4.5, 7 ], "texture": "#texture" },
				"west": { "uv": [ 14, 5, 15, 7 ], "texture": "#texture" },
				"east": { "uv": [ 1.0, 5, 2.0, 7 ], "texture": "#texture" }
			}
		},
		{
			"__comment": "wheat3",
			"from": [ 3.5, 9.5, 3 ],
			"to": [ 4.5, 11.5, 4 ],
			"faces": {
				"down": { "uv": [ 3.5, 12, 4.5, 13 ], "texture": "#texture" },
				"up": { "uv": [ 3.5, 3, 4.5, 4 ], "texture": "#texture" },
				"north": { "uv": [ 11.5, 5, 12.5, 7 ], "texture": "#texture" },
				"south": { "uv": [ 3.5, 5, 4.5, 7 ], "texture": "#texture" },
				"west": { "uv": [ 3, 5, 4, 7 ], "texture": "#texture" },
				"east": { "uv": [ 12, 5, 13, 7 ], "texture": "#texture" }
			}
		},
		{
			"__comment": "wheat4",
			"from": [ 3, -0.5, 13 ],
			"to": [ 4, 10.5, 14 ],
			"faces": {
				"down": { "uv": [ 3.0, 2.0, 4.0, 3.0 ], "texture": "#texture" },
				"up": { "uv": [ 3.0, 13, 4.0, 14 ], "texture": "#texture" },
				"north": { "uv": [ 12.0, 6.0, 13.0, 16 ], "texture": "#texture" },
				"south": { "uv": [ 3.0, 6.0, 4.0, 16 ], "texture": "#texture" },
				"west": { "uv": [ 13, 6.0, 14, 16 ], "texture": "#texture" },
				"east": { "uv": [ 2.0, 6.0, 3.0, 16 ], "texture": "#texture" }
			}
		},
		{
			"__comment": "wheat5",
			"from": [ 4.5, 8.5, 10 ],
			"to": [ 5.5, 10.5, 11 ],
			"faces": {
				"down": { "uv": [ 4.5, 5, 5.5, 6 ], "texture": "#texture" },
				"up": { "uv": [ 4.5, 10, 5.5, 11 ], "texture": "#texture" },
				"north": { "uv": [ 10.5, 6, 11.5, 8 ], "texture": "#texture" },
				"south": { "uv": [ 4.5, 6, 5.5, 8 ], "texture": "#texture" },
				"west": { "uv": [ 10, 6, 11, 8 ], "texture": "#texture" },
				"east": { "uv": [ 5, 6, 6, 8 ], "texture": "#texture" }
			}
		},
		{
			"__comment": "wheat6",
			"from": [ 3, -0.5, 7 ],
			"to": [ 4, 10.5, 8 ],
			"faces": {
				"down": { "uv": [ 3.0, 8.0, 4.0, 9.0 ], "texture": "#texture" },
				"up": { "uv": [ 3.0, 7.0, 4.0, 8.0 ], "texture": "#texture" },
				"north": { "uv": [ 12.0, 6.0, 13.0, 16 ], "texture": "#texture" },
				"south": { "uv": [ 3.0, 6.0, 4.0, 16 ], "texture": "#texture" },
				"west": { "uv": [ 7.0, 6.0, 8.0, 16 ], "texture": "#texture" },
				"east": { "uv": [ 8.0, 6.0, 9.0, 16 ], "texture": "#texture" }
			}
		},
		{
			"__comment": "wheat7",
			"from": [ 3.5, 9.5, 2 ],
			"to": [ 4.5, 10.5, 3 ],
			"faces": {
				"down": { "uv": [ 3.5, 13, 4.5, 14 ], "texture": "#texture" },
				"up": { "uv": [ 3.5, 2.0, 4.5, 3.0 ], "texture": "#texture" },
				"north": { "uv": [ 11.5, 6, 12.5, 7 ], "texture": "#texture" },
				"south": { "uv": [ 3.5, 6, 4.5, 7 ], "texture": "#texture" },
				"west": { "uv": [ 2.0, 6, 3.0, 7 ], "texture": "#texture" },
				"east": { "uv": [ 13, 6, 14, 7 ], "texture": "#texture" }
			}
		},
		{
			"__comment": "wheat8",
			"from": [ 3, 7.5, 9 ],
			"to": [ 4, 9.5, 10 ],
			"faces": {
				"down": { "uv": [ 3.0, 6.0, 4.0, 7.0 ], "texture": "#texture" },
				"up": { "uv": [ 3.0, 9.0, 4.0, 10 ], "texture": "#texture" },
				"north": { "uv": [ 12.0, 7, 13.0, 9 ], "texture": "#texture" },
				"south": { "uv": [ 3.0, 7, 4.0, 9 ], "texture": "#texture" },
				"west": { "uv": [ 9.0, 7, 10, 9 ], "texture": "#texture" },
				"east": { "uv": [ 6.0, 7, 7.0, 9 ], "texture": "#texture" }
			}
		},
		{
			"__comment": "wheat10",
			"from": [ 4, -0.5, 11 ],
			"to": [ 5, 8.5, 13 ],
			"faces": {
				"down": { "uv": [ 4.0, 3.0, 5.0, 5.0 ], "texture": "#texture" },
				"up": { "uv": [ 4.0, 11, 5.0, 13 ], "texture": "#texture" },
				"north": { "uv": [ 11.0, 8.0, 12.0, 16 ], "texture": "#texture" },
				"south": { "uv": [ 4.0, 8.0, 5.0, 16 ], "texture": "#texture" },
				"west": { "uv": [ 11, 8.0, 13, 16 ], "texture": "#texture" },
				"east": { "uv": [ 3.0, 8.0, 5.0, 16 ], "texture": "#texture" }
			}
		},
		{
			"__comment": "wheat11",
			"from": [ 3.5, -0.5, 6 ],
			"to": [ 4.5, 8.5, 7 ],
			"faces": {
				"down": { "uv": [ 3.5, 9.0, 4.5, 10.0 ], "texture": "#texture" },
				"up": { "uv": [ 3.5, 6.0, 4.5, 7.0 ], "texture": "#texture" },
				"north": { "uv": [ 11.5, 8.0, 12.5, 16 ], "texture": "#texture" },
				"south": { "uv": [ 3.5, 8.0, 4.5, 16 ], "texture": "#texture" },
				"west": { "uv": [ 6.0, 8.0, 7.0, 16 ], "texture": "#texture" },
				"east": { "uv": [ 9.0, 8.0, 10.0, 16 ], "texture": "#texture" }
			}
		},
		{
			"__comment": "wheat12",
			"from": [ 2.5, -0.5, 10 ],
			"to": [ 3.5, 7.5, 11 ],
			"faces": {
				"down": { "uv": [ 2.5, 5.0, 3.5, 6.0 ], "texture": "#texture" },
				"up": { "uv": [ 2.5, 10, 3.5, 11 ], "texture": "#texture" },
				"north": { "uv": [ 12.5, 9.0, 13.5, 16 ], "texture": "#texture" },
				"south": { "uv": [ 2.5, 9.0, 3.5, 16 ], "texture": "#texture" },
				"west": { "uv": [ 10, 9.0, 11, 16 ], "texture": "#texture" },
				"east": { "uv": [ 5.0, 9.0, 6.0, 16 ], "texture": "#texture" }
			}
		},
		{
			"__comment": "wheat13",
			"from": [ 4, -0.5, 5 ],
			"to": [ 5, 7.5, 6 ],
			"faces": {
				"down": { "uv": [ 4.0, 10.0, 5.0, 11.0 ], "texture": "#texture" },
				"up": { "uv": [ 4.0, 5.0, 5.0, 6.0 ], "texture": "#texture" },
				"north": { "uv": [ 11, 9.0, 12, 16 ], "texture": "#texture" },
				"south": { "uv": [ 4.0, 9.0, 5.0, 16 ], "texture": "#texture" },
				"west": { "uv": [ 5.0, 9.0, 6.0, 16 ], "texture": "#texture" },
				"east": { "uv": [ 10.0, 9.0, 11.0, 16 ], "texture": "#texture" }
			}
		},
		{
			"__comment": "wheat14",
			"from": [ 3.5, 6.5, 1 ],
			"to": [ 4.5, 7.5, 2 ],
			"faces": {
				"down": { "uv": [ 3.5, 14.0, 4.5, 15.0 ], "texture": "#texture" },
				"up": { "uv": [ 3.5, 1.0, 4.5, 2.0 ], "texture": "#texture" },
				"north": { "uv": [ 11.5, 9.0, 12.5, 10.0 ], "texture": "#texture" },
				"south": { "uv": [ 3.5, 9.0, 4.5, 10.0 ], "texture": "#texture" },
				"west": { "uv": [ 1.0, 9.0, 2.0, 10.0 ], "texture": "#texture" },
				"east": { "uv": [ 14.0, 9.0, 15.0, 10.0 ], "texture": "#texture" }
			}
		},
		{
			"__comment": "wheat15",
			"from": [ 4.0, -0.5, 15 ],
			"to": [ 5.0, 6.5, 16 ],
			"faces": {
				"down": { "uv": [ 4.0, 0, 5.0, 1 ], "texture": "#texture" },
				"up": { "uv": [ 4.0, 15, 5.0, 16 ], "texture": "#texture" },
				"north": { "uv": [ 11.0, 10.0, 12.0, 16 ], "texture": "#texture" },
				"south": { "uv": [ 4.0, 10.0, 5.0, 16 ], "texture": "#texture" },
				"west": { "uv": [ 15, 10.0, 16, 16 ], "texture": "#texture" },
				"east": { "uv": [ 0, 10.0, 1, 16 ], "texture": "#texture" }
			}
		},
		{
			"__comment": "wheat16",
			"from": [ 3, -0.5, 2 ],
			"to": [ 4, 6.5, 3 ],
			"faces": {
				"down": { "uv": [ 3.0, 13, 4.0, 14 ], "texture": "#texture" },
				"up": { "uv": [ 3.0, 2, 4.0, 3 ], "texture": "#texture" },
				"north": { "uv": [ 12.0, 10.0, 13.0, 16 ], "texture": "#texture" },
				"south": { "uv": [ 3.0, 10.0, 4.0, 16 ], "texture": "#texture" },
				"west": { "uv": [ 2, 10.0, 3, 16 ], "texture": "#texture" },
				"east": { "uv": [ 13, 10.0, 14, 16 ], "texture": "#texture" }
			}
		},
		{
			"__comment": "wheat17",
			"from": [ 3.5, 5.5, 0 ],
			"to": [ 4.5, 6.5, 1 ],
			"faces": {
				"down": { "uv": [ 3.5, 15, 4.5, 16 ], "texture": "#texture" },
				"up": { "uv": [ 3.5, 0, 4.5, 1 ], "texture": "#texture" },
				"north": { "uv": [ 11.5, 10.0, 12.5, 11 ], "texture": "#texture" },
				"south": { "uv": [ 3.5, 10.0, 4.5, 11 ], "texture": "#texture" },
				"west": { "uv": [ 0, 10.0, 1, 11 ], "texture": "#texture" },
				"east": { "uv": [ 15, 10.0, 16, 11 ], "texture": "#texture" }
			}
		},
		{
			"__comment": "wheat18",
			"from": [ 3.5, -0.5, 14 ],
			"to": [ 4.5, 5.5, 15 ],
			"faces": {
				"down": { "uv": [ 3.5, 1.0, 4.5, 2.0 ], "texture": "#texture" },
				"up": { "uv": [ 3.5, 14, 4.5, 15 ], "texture": "#texture" },
				"north": { "uv": [ 11.5, 11, 12.5, 16 ], "texture": "#texture" },
				"south": { "uv": [ 3.5, 11, 4.5, 16 ], "texture": "#texture" },
				"west": { "uv": [ 14, 11, 15, 16 ], "texture": "#texture" },
				"east": { "uv": [ 1.0, 11, 2.0, 16 ], "texture": "#texture" }
			}
		},
		{
			"__comment": "wheat19",
			"from": [ 3.5, -0.5, 1 ],
			"to": [ 4.5, 5.5, 2 ],
			"faces": {
				"down": { "uv": [ 3.5, 14.0, 4.5, 15.0 ], "texture": "#texture" },
				"up": { "uv": [ 3.5, 1.0, 4.5, 2.0 ], "texture": "#texture" },
				"north": { "uv": [ 11.5, 11, 12.5, 16 ], "texture": "#texture" },
				"south": { "uv": [ 3.5, 11, 4.5, 16 ], "texture": "#texture" },
				"west": { "uv": [ 1.0, 11, 2.0, 16 ], "texture": "#texture" },
				"east": { "uv": [ 14.0, 11, 15.0, 16 ], "texture": "#texture" }
			}
		},
		{
			"__comment": "wheat",
			"from": [ 8.5, 11.5, 11 ],
			"to": [ 9.5, 14.5, 12 ],
			"faces": {
				"down": { "uv": [ 8.5, 4, 9.5, 5 ], "texture": "#texture" },
				"up": { "uv": [ 8.5, 11, 9.5, 12 ], "texture": "#texture" },
				"north": { "uv": [ 6.5, 2, 7.5, 5 ], "texture": "#texture" },
				"south": { "uv": [ 8.5, 2, 9.5, 5 ], "texture": "#texture" },
				"west": { "uv": [ 11, 2, 12, 5 ], "texture": "#texture" },
				"east": { "uv": [ 4, 2, 5, 5 ], "texture": "#texture" }
			}
		},
		{
			"__comment": "wheat1",
			"from": [ 8, -0.5, 9.5 ],
			"to": [ 9, 13.5, 10.5 ],
			"faces": {
				"down": { "uv": [ 8.0, 5.5, 9.0, 6.5 ], "texture": "#texture" },
				"up": { "uv": [ 8.0, 9.5, 9.0, 10.5 ], "texture": "#texture" },
				"north": { "uv": [ 7.0, 3.0, 8.0, 16 ], "texture": "#texture" },
				"south": { "uv": [ 8.0, 3.0, 9.0, 16 ], "texture": "#texture" },
				"west": { "uv": [ 9.5, 3.0, 10.5, 16 ], "texture": "#texture" },
				"east": { "uv": [ 5.5, 3.0, 6.5, 16 ], "texture": "#texture" }
			}
		},
		{
			"__comment": "wheat6",
			"from": [ 7, -0.5, 12.5 ],
			"to": [ 8, 10.5, 13.5 ],
			"faces": {
				"down": { "uv": [ 7.0, 2.5, 8.0, 3.5 ], "texture": "#texture" },
				"up": { "uv": [ 7.0, 12.5, 8.0, 13.5 ], "texture": "#texture" },
				"north": { "uv": [ 8.0, 6.0, 9.0, 16 ], "texture": "#texture" },
				"south": { "uv": [ 7.0, 6.0, 8.0, 16 ], "texture": "#texture" },
				"west": { "uv": [ 12.5, 6.0, 13.5, 16 ], "texture": "#texture" },
				"east": { "uv": [ 2.5, 6.0, 3.5, 16 ], "texture": "#texture" }
			}
		},
		{
			"__comment": "wheat11",
			"from": [ 6, -0.5, 12 ],
			"to": [ 7, 8.5, 13 ],
			"faces": {
				"down": { "uv": [ 6.0, 3.0, 7.0, 4.0 ], "texture": "#texture" },
				"up": { "uv": [ 6.0, 12.0, 7.0, 13.0 ], "texture": "#texture" },
				"north": { "uv": [ 9.0, 8.0, 10.0, 16 ], "texture": "#texture" },
				"south": { "uv": [ 6.0, 8.0, 7.0, 16 ], "texture": "#texture" },
				"west": { "uv": [ 12.0, 8.0, 13.0, 16 ], "texture": "#texture" },
				"east": { "uv": [ 3.0, 8.0, 4.0, 16 ], "texture": "#texture" }
			}
		},
		{
			"__comment": "wheat13",
			"from": [ 5, -0.5, 11.5 ],
			"to": [ 6, 7.5, 12.5 ],
			"faces": {
				"down": { "uv": [ 5.0, 3.5, 6.0, 4.5 ], "texture": "#texture" },
				"up": { "uv": [ 5.0, 11.5, 6.0, 12.5 ], "texture": "#texture" },
				"north": { "uv": [ 10.0, 9.0, 11, 16 ], "texture": "#texture" },
				"south": { "uv": [ 5.0, 9.0, 6.0, 16 ], "texture": "#texture" },
				"west": { "uv": [ 11.5, 9.0, 12.5, 16 ], "texture": "#texture" },
				"east": { "uv": [ 3.5, 9.0, 4.5, 16 ], "texture": "#texture" }
			}
		},
		{
			"__comment": "wheat12",
			"from": [ 10, -0.5, 13 ],
			"to": [ 11, 7.5, 14 ],
			"faces": {
				"down": { "uv": [ 10, 2.0, 11, 3.0 ], "texture": "#texture" },
				"up": { "uv": [ 10, 13.0, 11, 14.0 ], "texture": "#texture" },
				"north": { "uv": [ 5.0, 9.0, 6.0, 16 ], "texture": "#texture" },
				"south": { "uv": [ 10, 9.0, 11, 16 ], "texture": "#texture" },
				"west": { "uv": [ 13.0, 9.0, 14.0, 16 ], "texture": "#texture" },
				"east": { "uv": [ 2.0, 9.0, 3.0, 16 ], "texture": "#texture" }
			}
		},
		{
			"__comment": "wheat11",
			"from": [ 8, -0.5, 4.5 ],
			"to": [ 9, 8.5, 5.5 ],
			"faces": {
				"down": { "uv": [ 8, 10.5, 9, 11.5 ], "texture": "#texture" },
				"up": { "uv": [ 8, 4.5, 9, 5.5 ], "texture": "#texture" },
				"north": { "uv": [ 7, 8.0, 8, 16 ], "texture": "#texture" },
				"south": { "uv": [ 8, 8.0, 9, 16 ], "texture": "#texture" },
				"west": { "uv": [ 4.5, 8.0, 5.5, 16 ], "texture": "#texture" },
				"east": { "uv": [ 10.5, 8.0, 11.5, 16 ], "texture": "#texture" }
			}
		},
		{
			"__comment": "wheat11",
			"from": [ 12.5, -0.5, 9 ],
			"to": [ 13.5, 8.5, 10 ],
			"faces": {
				"down": { "uv": [ 12.5, 6, 13.5, 7 ], "texture": "#texture" },
				"up": { "uv": [ 12.5, 9, 13.5, 10 ], "texture": "#texture" },
				"north": { "uv": [ 2.5, 8.0, 3.5, 16 ], "texture": "#texture" },
				"south": { "uv": [ 12.5, 8.0, 13.5, 16 ], "texture": "#texture" },
				"west": { "uv": [ 9, 8.0, 10, 16 ], "texture": "#texture" },
				"east": { "uv": [ 6, 8.0, 7, 16 ], "texture": "#texture" }
			}
		},
		{
			"__comment": "wheat6",
			"from": [ 8, -0.5, 3 ],
			"to": [ 9, 10.5, 4 ],
			"faces": {
				"down": { "uv": [ 8, 12.0, 9, 13.0 ], "texture": "#texture" },
				"up": { "uv": [ 8, 3.0, 9, 4.0 ], "texture": "#texture" },
				"north": { "uv": [ 7, 6.0, 8, 16 ], "texture": "#texture" },
				"south": { "uv": [ 8, 6.0, 9, 16 ], "texture": "#texture" },
				"west": { "uv": [ 3.0, 6.0, 4.0, 16 ], "texture": "#texture" },
				"east": { "uv": [ 12.0, 6.0, 13.0, 16 ], "texture": "#texture" }
			}
		},
		{
			"__comment": "wheat11",
			"from": [ 9, -0.5, 3.5 ],
			"to": [ 10, 8.5, 4.5 ],
			"faces": {
				"down": { "uv": [ 9, 11.5, 10, 12.5 ], "texture": "#texture" },
				"up": { "uv": [ 9, 3.5, 10, 4.5 ], "texture": "#texture" },
				"north": { "uv": [ 6, 8.0, 7, 16 ], "texture": "#texture" },
				"south": { "uv": [ 9, 8.0, 10, 16 ], "texture": "#texture" },
				"west": { "uv": [ 3.5, 8.0, 4.5, 16 ], "texture": "#texture" },
				"east": { "uv": [ 11.5, 8.0, 12.5, 16 ], "texture": "#texture" }
			}
		},
		{
			"__comment": "wheat1",
			"from": [ 8, -0.5, 12 ],
			"to": [ 9, 13.5, 13 ],
			"faces": {
				"down": { "uv": [ 8.0, 3.0, 9.0, 4.0 ], "texture": "#texture" },
				"up": { "uv": [ 8.0, 12.0, 9.0, 13.0 ], "texture": "#texture" },
				"north": { "uv": [ 7.0, 3.0, 8.0, 16 ], "texture": "#texture" },
				"south": { "uv": [ 8.0, 3.0, 9.0, 16 ], "texture": "#texture" },
				"west": { "uv": [ 12.0, 3.0, 13.0, 16 ], "texture": "#texture" },
				"east": { "uv": [ 3.0, 3.0, 4.0, 16 ], "texture": "#texture" }
			}
		}
	]
}