{
	"__comment": "Designed by CreatorLabs with Cubik Studio - https://cubik.studio",
	"textures": {
		"particle": "3d_blocks/wheat/wheat_green_light_1",
		"texture": "3d_blocks/wheat/wheat_green_light_1"
	},
	"elements": [ 	 
		{
			"__comment": "wheat20",
			"from": [ 11, 7, 6.5 ],
			"to": [ 12, 10, 7.5 ],
			"faces": {
				"down": { "uv": [ 11.0, 8.5, 12.0, 9.5 ], "texture": "#texture" },
				"up": { "uv": [ 11.0, 6.5, 12.0, 7.5 ], "texture": "#texture" },
				"north": { "uv": [ 4.0, 7.0, 5.0, 10 ], "texture": "#texture" },
				"south": { "uv": [ 11.0, 7.0, 12.0, 10 ], "texture": "#texture" },
				"west": { "uv": [ 6.5, 7.0, 7.5, 10 ], "texture": "#texture" },
				"east": { "uv": [ 8.5, 7.0, 9.5, 10 ], "texture": "#texture" }
			}
		},
		{
			"__comment": "wheat1",
			"from": [ 12, -1, 7 ],
			"to": [ 13, 9, 8 ],
			"faces": {
				"down": { "uv": [ 12.0, 8.0, 13.0, 9.0 ], "texture": "#texture" },
				"up": { "uv": [ 12.0, 7.0, 13.0, 8.0 ], "texture": "#texture" },
				"north": { "uv": [ 3.0, 8, 4.0, 16 ], "texture": "#texture" },
				"south": { "uv": [ 12.0, 8, 13.0, 16 ], "texture": "#texture" },
				"west": { "uv": [ 7.0, 8, 8.0, 16 ], "texture": "#texture" },
				"east": { "uv": [ 8.0, 8, 9.0, 16 ], "texture": "#texture" }
			}
		},
		{
			"__comment": "wheat3",
			"from": [ 12.5, 5, 12 ],
			"to": [ 13.5, 7, 13 ],
			"faces": {
				"down": { "uv": [ 12.5, 3.0, 13.5, 4.0 ], "texture": "#texture" },
				"up": { "uv": [ 12.5, 12, 13.5, 13 ], "texture": "#texture" },
				"north": { "uv": [ 2.5, 10, 3.5, 12 ], "texture": "#texture" },
				"south": { "uv": [ 12.5, 10, 13.5, 12 ], "texture": "#texture" },
				"west": { "uv": [ 12, 10, 13, 12 ], "texture": "#texture" },
				"east": { "uv": [ 3.0, 10, 4.0, 12 ], "texture": "#texture" }
			}
		},
		{
			"__comment": "wheat5",
			"from": [ 12, 4, 5 ],
			"to": [ 13, 6, 6 ],
			"faces": {
				"down": { "uv": [ 12.0, 10.0, 13.0, 11 ], "texture": "#texture" },
				"up": { "uv": [ 12.0, 5.0, 13.0, 6.0 ], "texture": "#texture" },
				"north": { "uv": [ 3.0, 11, 4.0, 13 ], "texture": "#texture" },
				"south": { "uv": [ 12.0, 11, 13.0, 13 ], "texture": "#texture" },
				"west": { "uv": [ 5.0, 11, 6.0, 13 ], "texture": "#texture" },
				"east": { "uv": [ 10.0, 11, 11, 13 ], "texture": "#texture" }
			}
		},
		{
			"__comment": "wheat6",
			"from": [ 12.5, -1, 8 ],
			"to": [ 13.5, 6, 9 ],
			"faces": {
				"down": { "uv": [ 12.5, 7.0, 13.5, 8.0 ], "texture": "#texture" },
				"up": { "uv": [ 12.5, 8.0, 13.5, 9.0 ], "texture": "#texture" },
				"north": { "uv": [ 2.5, 11, 3.5, 16 ], "texture": "#texture" },
				"south": { "uv": [ 12.5, 11, 13.5, 16 ], "texture": "#texture" },
				"west": { "uv": [ 8.0, 11, 9.0, 16 ], "texture": "#texture" },
				"east": { "uv": [ 7.0, 11, 8.0, 16 ], "texture": "#texture" }
			}
		},
		{
			"__comment": "wheat7",
			"from": [ 12, 4, 13 ],
			"to": [ 13, 6, 14 ],
			"faces": {
				"down": { "uv": [ 12.0, 2, 13.0, 3 ], "texture": "#texture" },
				"up": { "uv": [ 12.0, 13, 13.0, 14 ], "texture": "#texture" },
				"north": { "uv": [ 3.0, 11, 4.0, 13 ], "texture": "#texture" },
				"south": { "uv": [ 12.0, 11, 13.0, 13 ], "texture": "#texture" },
				"west": { "uv": [ 13, 11, 14, 13 ], "texture": "#texture" },
				"east": { "uv": [ 2, 11, 3, 13 ], "texture": "#texture" }
			}
		},
		{
			"__comment": "wheat8",
			"from": [ 12.5, 3, 6 ],
			"to": [ 13.5, 5, 7 ],
			"faces": {
				"down": { "uv": [ 12.5, 9.0, 13.5, 10.0 ], "texture": "#texture" },
				"up": { "uv": [ 12.5, 6.0, 13.5, 7.0 ], "texture": "#texture" },
				"north": { "uv": [ 2.5, 12, 3.5, 14 ], "texture": "#texture" },
				"south": { "uv": [ 12.5, 12, 13.5, 14 ], "texture": "#texture" },
				"west": { "uv": [ 6.0, 12, 7.0, 14 ], "texture": "#texture" },
				"east": { "uv": [ 9.0, 12, 10.0, 14 ], "texture": "#texture" }
			}
		},
		{
			"__comment": "wheat9",
			"from": [ 13, -1, 11 ],
			"to": [ 14, 5, 12 ],
			"faces": {
				"down": { "uv": [ 13.0, 4.0, 14.0, 5.0 ], "texture": "#texture" },
				"up": { "uv": [ 13.0, 11.0, 14.0, 12.0 ], "texture": "#texture" },
				"north": { "uv": [ 2.0, 12, 3.0, 16 ], "texture": "#texture" },
				"south": { "uv": [ 13.0, 12, 14.0, 16 ], "texture": "#texture" },
				"west": { "uv": [ 11.0, 12, 12.0, 16 ], "texture": "#texture" },
				"east": { "uv": [ 4.0, 12, 5.0, 16 ], "texture": "#texture" }
			}
		},
		{
			"__comment": "wheat11",
			"from": [ 13, -1, 4 ],
			"to": [ 14, 4, 5 ],
			"faces": {
				"down": { "uv": [ 13.0, 11, 14.0, 12 ], "texture": "#texture" },
				"up": { "uv": [ 13.0, 4.0, 14.0, 5.0 ], "texture": "#texture" },
				"north": { "uv": [ 2.0, 13, 3.0, 16 ], "texture": "#texture" },
				"south": { "uv": [ 13.0, 13, 14.0, 16 ], "texture": "#texture" },
				"west": { "uv": [ 4.0, 13, 5.0, 16 ], "texture": "#texture" },
				"east": { "uv": [ 11, 13, 12, 16 ], "texture": "#texture" }
			}
		},
		{
			"__comment": "wheat12",
			"from": [ 13, -1, 9 ],
			"to": [ 14, 4, 10 ],
			"faces": {
				"down": { "uv": [ 13.0, 6.0, 14.0, 7.0 ], "texture": "#texture" },
				"up": { "uv": [ 13.0, 9.0, 14.0, 10.0 ], "texture": "#texture" },
				"north": { "uv": [ 2.0, 13, 3.0, 16 ], "texture": "#texture" },
				"south": { "uv": [ 13.0, 13, 14.0, 16 ], "texture": "#texture" },
				"west": { "uv": [ 9.0, 13, 10.0, 16 ], "texture": "#texture" },
				"east": { "uv": [ 6.0, 13, 7.0, 16 ], "texture": "#texture" }
			}
		},
		{
			"__comment": "wheat13",
			"from": [ 12.5, -1, 5 ],
			"to": [ 13.5, 3, 6 ],
			"faces": {
				"down": { "uv": [ 12.5, 10, 13.5, 11 ], "texture": "#texture" },
				"up": { "uv": [ 12.5, 5.0, 13.5, 6.0 ], "texture": "#texture" },
				"north": { "uv": [ 2.5, 14, 3.5, 16 ], "texture": "#texture" },
				"south": { "uv": [ 12.5, 14, 13.5, 16 ], "texture": "#texture" },
				"west": { "uv": [ 5.0, 14, 6.0, 16 ], "texture": "#texture" },
				"east": { "uv": [ 10, 14, 11, 16 ], "texture": "#texture" }
			}
		},
		{
			"__comment": "wheat14",
			"from": [ 12.0, -1, 10 ],
			"to": [ 13.0, 3, 11 ],
			"faces": {
				"down": { "uv": [ 12, 5, 13, 6 ], "texture": "#texture" },
				"up": { "uv": [ 12, 10, 13, 11 ], "texture": "#texture" },
				"north": { "uv": [ 3.0, 14, 4.0, 16 ], "texture": "#texture" },
				"south": { "uv": [ 12, 14, 13, 16 ], "texture": "#texture" },
				"west": { "uv": [ 10, 14, 11, 16 ], "texture": "#texture" },
				"east": { "uv": [ 5, 14, 6, 16 ], "texture": "#texture" }
			}
		},
		{
			"__comment": "wheat15",
			"from": [ 13.0, 2, 14 ],
			"to": [ 14.0, 3, 15 ],
			"faces": {
				"down": { "uv": [ 13, 1, 14, 2 ], "texture": "#texture" },
				"up": { "uv": [ 13, 14, 14, 15 ], "texture": "#texture" },
				"north": { "uv": [ 2, 14, 3, 15 ], "texture": "#texture" },
				"south": { "uv": [ 13, 14, 14, 15 ], "texture": "#texture" },
				"west": { "uv": [ 14, 14, 15, 15 ], "texture": "#texture" },
				"east": { "uv": [ 1, 14, 2, 15 ], "texture": "#texture" }
			}
		},
		{
			"__comment": "wheat16",
			"from": [ 11.5, -1, 0 ],
			"to": [ 12.5, 2, 1 ],
			"faces": {
				"down": { "uv": [ 11.5, 15.0, 12.5, 16 ], "texture": "#texture" },
				"up": { "uv": [ 11.5, 0, 12.5, 1.0 ], "texture": "#texture" },
				"north": { "uv": [ 3.5, 15, 4.5, 16 ], "texture": "#texture" },
				"south": { "uv": [ 11.5, 15, 12.5, 16 ], "texture": "#texture" },
				"west": { "uv": [ 0, 15, 1.0, 16 ], "texture": "#texture" },
				"east": { "uv": [ 15.0, 15, 16, 16 ], "texture": "#texture" }
			}
		},
		{
			"__comment": "wheat17",
			"from": [ 12.0, -1, 12.5 ],
			"to": [ 13.0, 2, 13.5 ],
			"faces": {
				"down": { "uv": [ 12, 2.5, 13, 3.5 ], "texture": "#texture" },
				"up": { "uv": [ 12, 12.5, 13, 13.5 ], "texture": "#texture" },
				"north": { "uv": [ 3, 15, 4, 16 ], "texture": "#texture" },
				"south": { "uv": [ 12, 15, 13, 16 ], "texture": "#texture" },
				"west": { "uv": [ 12.5, 15, 13.5, 16 ], "texture": "#texture" },
				"east": { "uv": [ 2.5, 15, 3.5, 16 ], "texture": "#texture" }
			}
		},
		{
			"__comment": "wheat18",
			"from": [ 12.5, 1, 14.5 ],
			"to": [ 13.5, 2, 15.5 ],
			"faces": {
				"down": { "uv": [ 12.5, 0.5, 13.5, 1.5 ], "texture": "#texture" },
				"up": { "uv": [ 12.5, 14.5, 13.5, 15.5 ], "texture": "#texture" },
				"north": { "uv": [ 2.5, 15, 3.5, 16 ], "texture": "#texture" },
				"south": { "uv": [ 12.5, 15, 13.5, 16 ], "texture": "#texture" },
				"west": { "uv": [ 14.5, 15, 15.5, 16 ], "texture": "#texture" },
				"east": { "uv": [ 0.5, 15, 1.5, 16 ], "texture": "#texture" }
			}
		},
		{
			"__comment": "wheat19",
			"from": [ 12.5, -1, 1 ],
			"to": [ 13.5, 1, 2 ],
			"faces": {
				"down": { "uv": [ 12.5, 14.0, 13.5, 15.0 ], "texture": "#texture" },
				"up": { "uv": [ 12.5, 1.0, 13.5, 2.0 ], "texture": "#texture" },
				"north": { "uv": [ 2.5, 0, 3.5, 2 ], "texture": "#texture" },
				"south": { "uv": [ 12.5, 0, 13.5, 2 ], "texture": "#texture" },
				"west": { "uv": [ 1.0, 0, 2.0, 2 ], "texture": "#texture" },
				"east": { "uv": [ 14.0, 0, 15.0, 2 ], "texture": "#texture" }
			}
		},
		{
			"__comment": "wheat",
			"from": [ 12.5, -1, 13.5 ],
			"to": [ 13.5, 1, 14.5 ],
			"faces": {
				"down": { "uv": [ 12.5, 1.5, 13.5, 2.5 ], "texture": "#texture" },
				"up": { "uv": [ 12.5, 13.5, 13.5, 14.5 ], "texture": "#texture" },
				"north": { "uv": [ 2.5, 0, 3.5, 2 ], "texture": "#texture" },
				"south": { "uv": [ 12.5, 0, 13.5, 2 ], "texture": "#texture" },
				"west": { "uv": [ 13.5, 0, 14.5, 2 ], "texture": "#texture" },
				"east": { "uv": [ 1.5, 0, 2.5, 2 ], "texture": "#texture" }
			}
		},
		{
			"__comment": "wheat20",
			"from": [ 6.5, 7, 13.0 ],
			"to": [ 7.5, 10, 14.0 ],
			"faces": {
				"down": { "uv": [ 6.5, 2.0, 7.5, 3.0 ], "texture": "#texture" },
				"up": { "uv": [ 6.5, 13.0, 7.5, 14.0 ], "texture": "#texture" },
				"north": { "uv": [ 8.5, 7.0, 9.5, 10 ], "texture": "#texture" },
				"south": { "uv": [ 6.5, 7.0, 7.5, 10 ], "texture": "#texture" },
				"west": { "uv": [ 13.0, 7.0, 14.0, 10 ], "texture": "#texture" },
				"east": { "uv": [ 2.0, 7.0, 3.0, 10 ], "texture": "#texture" }
			}
		},
		{
			"__comment": "wheat1",
			"from": [ 7.0, -1, 12.0 ],
			"to": [ 8.0, 9, 13.0 ],
			"faces": {
				"down": { "uv": [ 7, 3.0, 8, 4.0 ], "texture": "#texture" },
				"up": { "uv": [ 7, 12.0, 8, 13.0 ], "texture": "#texture" },
				"north": { "uv": [ 8, 8, 9, 16 ], "texture": "#texture" },
				"south": { "uv": [ 7, 8, 8, 16 ], "texture": "#texture" },
				"west": { "uv": [ 12.0, 8, 13.0, 16 ], "texture": "#texture" },
				"east": { "uv": [ 3.0, 8, 4.0, 16 ], "texture": "#texture" }
			}
		},
		{
			"__comment": "wheat2",
			"from": [ 1.0, 5, 11.5 ],
			"to": [ 2.0, 7, 12.5 ],
			"faces": {
				"down": { "uv": [ 1, 3.5, 2, 4.5 ], "texture": "#texture" },
				"up": { "uv": [ 1, 11.5, 2, 12.5 ], "texture": "#texture" },
				"north": { "uv": [ 14, 10, 15, 12 ], "texture": "#texture" },
				"south": { "uv": [ 1, 10, 2, 12 ], "texture": "#texture" },
				"west": { "uv": [ 11.5, 10, 12.5, 12 ], "texture": "#texture" },
				"east": { "uv": [ 3.5, 10, 4.5, 12 ], "texture": "#texture" }
			}
		},
		{
			"__comment": "wheat3",
			"from": [ 12.0, 5, 11.5 ],
			"to": [ 13.0, 7, 12.5 ],
			"faces": {
				"down": { "uv": [ 12, 3.5, 13, 4.5 ], "texture": "#texture" },
				"up": { "uv": [ 12, 11.5, 13, 12.5 ], "texture": "#texture" },
				"north": { "uv": [ 3, 10, 4, 12 ], "texture": "#texture" },
				"south": { "uv": [ 12, 10, 13, 12 ], "texture": "#texture" },
				"west": { "uv": [ 11.5, 10, 12.5, 12 ], "texture": "#texture" },
				"east": { "uv": [ 3.5, 10, 4.5, 12 ], "texture": "#texture" }
			}
		},
		{
			"__comment": "wheat4",
			"from": [ 2.0, -1, 12.0 ],
			"to": [ 3.0, 6, 13.0 ],
			"faces": {
				"down": { "uv": [ 2, 3.0, 3, 4.0 ], "texture": "#texture" },
				"up": { "uv": [ 2, 12.0, 3, 13.0 ], "texture": "#texture" },
				"north": { "uv": [ 13, 11, 14, 16 ], "texture": "#texture" },
				"south": { "uv": [ 2, 11, 3, 16 ], "texture": "#texture" },
				"west": { "uv": [ 12.0, 11, 13.0, 16 ], "texture": "#texture" },
				"east": { "uv": [ 3.0, 11, 4.0, 16 ], "texture": "#texture" }
			}
		},
		{
			"__comment": "wheat5",
			"from": [ 5.0, 4, 12.0 ],
			"to": [ 6.0, 6, 13.0 ],
			"faces": {
				"down": { "uv": [ 5, 3.0, 6, 4.0 ], "texture": "#texture" },
				"up": { "uv": [ 5, 12.0, 6, 13.0 ], "texture": "#texture" },
				"north": { "uv": [ 10, 11, 11, 13 ], "texture": "#texture" },
				"south": { "uv": [ 5, 11, 6, 13 ], "texture": "#texture" },
				"west": { "uv": [ 12.0, 11, 13.0, 13 ], "texture": "#texture" },
				"east": { "uv": [ 3.0, 11, 4.0, 13 ], "texture": "#texture" }
			}
		},
		{
			"__comment": "wheat6",
			"from": [ 8.0, -1, 11.5 ],
			"to": [ 9.0, 6, 12.5 ],
			"faces": {
				"down": { "uv": [ 8, 3.5, 9, 4.5 ], "texture": "#texture" },
				"up": { "uv": [ 8, 11.5, 9, 12.5 ], "texture": "#texture" },
				"north": { "uv": [ 7, 11, 8, 16 ], "texture": "#texture" },
				"south": { "uv": [ 8, 11, 9, 16 ], "texture": "#texture" },
				"west": { "uv": [ 11.5, 11, 12.5, 16 ], "texture": "#texture" },
				"east": { "uv": [ 3.5, 11, 4.5, 16 ], "texture": "#texture" }
			}
		},
		{
			"__comment": "wheat8",
			"from": [ 6.0, 3, 11.5 ],
			"to": [ 7.0, 5, 12.5 ],
			"faces": {
				"down": { "uv": [ 6, 3.5, 7, 4.5 ], "texture": "#texture" },
				"up": { "uv": [ 6, 11.5, 7, 12.5 ], "texture": "#texture" },
				"north": { "uv": [ 9, 12, 10, 14 ], "texture": "#texture" },
				"south": { "uv": [ 6, 12, 7, 14 ], "texture": "#texture" },
				"west": { "uv": [ 11.5, 12, 12.5, 14 ], "texture": "#texture" },
				"east": { "uv": [ 3.5, 12, 4.5, 14 ], "texture": "#texture" }
			}
		},
		{
			"__comment": "wheat9",
			"from": [ 11.0, -1, 11.0 ],
			"to": [ 12.0, 5, 12.0 ],
			"faces": {
				"down": { "uv": [ 11, 4.0, 12, 5.0 ], "texture": "#texture" },
				"up": { "uv": [ 11, 11.0, 12, 12.0 ], "texture": "#texture" },
				"north": { "uv": [ 4, 12, 5, 16 ], "texture": "#texture" },
				"south": { "uv": [ 11, 12, 12, 16 ], "texture": "#texture" },
				"west": { "uv": [ 11.0, 12, 12.0, 16 ], "texture": "#texture" },
				"east": { "uv": [ 4.0, 12, 5.0, 16 ], "texture": "#texture" }
			}
		},
		{
			"__comment": "wheat10",
			"from": [ 3.0, -1, 11.5 ],
			"to": [ 4.0, 4, 12.5 ],
			"faces": {
				"down": { "uv": [ 3, 3.5, 4, 4.5 ], "texture": "#texture" },
				"up": { "uv": [ 3, 11.5, 4, 12.5 ], "texture": "#texture" },
				"north": { "uv": [ 12, 13, 13, 16 ], "texture": "#texture" },
				"south": { "uv": [ 3, 13, 4, 16 ], "texture": "#texture" },
				"west": { "uv": [ 11.5, 13, 12.5, 16 ], "texture": "#texture" },
				"east": { "uv": [ 3.5, 13, 4.5, 16 ], "texture": "#texture" }
			}
		},
		{
			"__comment": "wheat12",
			"from": [ 9.0, -1, 11.0 ],
			"to": [ 10.0, 4, 12.0 ],
			"faces": {
				"down": { "uv": [ 9, 4.0, 10, 5.0 ], "texture": "#texture" },
				"up": { "uv": [ 9, 11.0, 10, 12.0 ], "texture": "#texture" },
				"north": { "uv": [ 6, 13, 7, 16 ], "texture": "#texture" },
				"south": { "uv": [ 9, 13, 10, 16 ], "texture": "#texture" },
				"west": { "uv": [ 11.0, 13, 12.0, 16 ], "texture": "#texture" },
				"east": { "uv": [ 4.0, 13, 5.0, 16 ], "texture": "#texture" }
			}
		},
		{
			"__comment": "wheat13",
			"from": [ 5.0, -1, 11.5 ],
			"to": [ 6.0, 3, 12.5 ],
			"faces": {
				"down": { "uv": [ 5, 3.5, 6, 4.5 ], "texture": "#texture" },
				"up": { "uv": [ 5, 11.5, 6, 12.5 ], "texture": "#texture" },
				"north": { "uv": [ 10, 14, 11, 16 ], "texture": "#texture" },
				"south": { "uv": [ 5, 14, 6, 16 ], "texture": "#texture" },
				"west": { "uv": [ 11.5, 14, 12.5, 16 ], "texture": "#texture" },
				"east": { "uv": [ 3.5, 14, 4.5, 16 ], "texture": "#texture" }
			}
		},
		{
			"__comment": "wheat14",
			"from": [ 10.0, -1, 12 ],
			"to": [ 11.0, 3, 13 ],
			"faces": {
				"down": { "uv": [ 10, 3, 11, 4 ], "texture": "#texture" },
				"up": { "uv": [ 10, 12, 11, 13 ], "texture": "#texture" },
				"north": { "uv": [ 5, 14, 6, 16 ], "texture": "#texture" },
				"south": { "uv": [ 10, 14, 11, 16 ], "texture": "#texture" },
				"west": { "uv": [ 12, 14, 13, 16 ], "texture": "#texture" },
				"east": { "uv": [ 3, 14, 4, 16 ], "texture": "#texture" }
			}
		},
		{
			"__comment": "wheat15",
			"from": [ 14.0, 2, 11 ],
			"to": [ 15.0, 3, 12 ],
			"faces": {
				"down": { "uv": [ 14, 4, 15, 5 ], "texture": "#texture" },
				"up": { "uv": [ 14, 11, 15, 12 ], "texture": "#texture" },
				"north": { "uv": [ 1, 14, 2, 15 ], "texture": "#texture" },
				"south": { "uv": [ 14, 14, 15, 15 ], "texture": "#texture" },
				"west": { "uv": [ 11, 14, 12, 15 ], "texture": "#texture" },
				"east": { "uv": [ 4, 14, 5, 15 ], "texture": "#texture" }
			}
		},
		{
			"__comment": "wheat16",
			"from": [ -0.0, -1, 12.5 ],
			"to": [ 1.0, 2, 13.5 ],
			"faces": {
				"down": { "uv": [ 0, 2.5, 1, 3.5 ], "texture": "#texture" },
				"up": { "uv": [ 0, 12.5, 1, 13.5 ], "texture": "#texture" },
				"north": { "uv": [ 15, 15, 16, 16 ], "texture": "#texture" },
				"south": { "uv": [ 0, 15, 1, 16 ], "texture": "#texture" },
				"west": { "uv": [ 12.5, 15, 13.5, 16 ], "texture": "#texture" },
				"east": { "uv": [ 2.5, 15, 3.5, 16 ], "texture": "#texture" }
			}
		},
		{
			"__comment": "wheat18",
			"from": [ 14.5, 1, 11.5 ],
			"to": [ 15.5, 2, 12.5 ],
			"faces": {
				"down": { "uv": [ 14.5, 3.5, 15.5, 4.5 ], "texture": "#texture" },
				"up": { "uv": [ 14.5, 11.5, 15.5, 12.5 ], "texture": "#texture" },
				"north": { "uv": [ 0.5, 15, 1.5, 16 ], "texture": "#texture" },
				"south": { "uv": [ 14.5, 15, 15.5, 16 ], "texture": "#texture" },
				"west": { "uv": [ 11.5, 15, 12.5, 16 ], "texture": "#texture" },
				"east": { "uv": [ 3.5, 15, 4.5, 16 ], "texture": "#texture" }
			}
		},
		{
			"__comment": "wheat19",
			"from": [ 1.0, -1, 11.5 ],
			"to": [ 2.0, 1, 12.5 ],
			"faces": {
				"down": { "uv": [ 1, 3.5, 2, 4.5 ], "texture": "#texture" },
				"up": { "uv": [ 1, 11.5, 2, 12.5 ], "texture": "#texture" },
				"north": { "uv": [ 14, 0, 15, 2 ], "texture": "#texture" },
				"south": { "uv": [ 1, 0, 2, 2 ], "texture": "#texture" },
				"west": { "uv": [ 11.5, 0, 12.5, 2 ], "texture": "#texture" },
				"east": { "uv": [ 3.5, 0, 4.5, 2 ], "texture": "#texture" }
			}
		},
		{
			"__comment": "wheat",
			"from": [ 13.5, -1, 11.5 ],
			"to": [ 14.5, 1, 12.5 ],
			"faces": {
				"down": { "uv": [ 13.5, 3.5, 14.5, 4.5 ], "texture": "#texture" },
				"up": { "uv": [ 13.5, 11.5, 14.5, 12.5 ], "texture": "#texture" },
				"north": { "uv": [ 1.5, 0, 2.5, 2 ], "texture": "#texture" },
				"south": { "uv": [ 13.5, 0, 14.5, 2 ], "texture": "#texture" },
				"west": { "uv": [ 11.5, 0, 12.5, 2 ], "texture": "#texture" },
				"east": { "uv": [ 3.5, 0, 4.5, 2 ], "texture": "#texture" }
			}
		},
		{
			"__comment": "wheat20",
			"from": [ 8.0, 7, 1.5 ],
			"to": [ 9.0, 10, 2.5 ],
			"faces": {
				"down": { "uv": [ 8.0, 13.5, 9.0, 14.5 ], "texture": "#texture" },
				"up": { "uv": [ 8.0, 1.5, 9.0, 2.5 ], "texture": "#texture" },
				"north": { "uv": [ 7.0, 7.0, 8.0, 10 ], "texture": "#texture" },
				"south": { "uv": [ 8.0, 7.0, 9.0, 10 ], "texture": "#texture" },
				"west": { "uv": [ 1.5, 7.0, 2.5, 10 ], "texture": "#texture" },
				"east": { "uv": [ 13.5, 7.0, 14.5, 10 ], "texture": "#texture" }
			}
		},
		{
			"__comment": "wheat1",
			"from": [ 7.5, -1, 2.5 ],
			"to": [ 8.5, 9, 3.5 ],
			"faces": {
				"down": { "uv": [ 7.5, 12.5, 8.5, 13.5 ], "texture": "#texture" },
				"up": { "uv": [ 7.5, 2.5, 8.5, 3.5 ], "texture": "#texture" },
				"north": { "uv": [ 7.5, 8, 8.5, 16 ], "texture": "#texture" },
				"south": { "uv": [ 7.5, 8, 8.5, 16 ], "texture": "#texture" },
				"west": { "uv": [ 2.5, 8, 3.5, 16 ], "texture": "#texture" },
				"east": { "uv": [ 12.5, 8, 13.5, 16 ], "texture": "#texture" }
			}
		},
		{
			"__comment": "wheat2",
			"from": [ 13.5, 5, 3 ],
			"to": [ 14.5, 7, 4 ],
			"faces": {
				"down": { "uv": [ 13.5, 12.0, 14.5, 13.0 ], "texture": "#texture" },
				"up": { "uv": [ 13.5, 3.0, 14.5, 4.0 ], "texture": "#texture" },
				"north": { "uv": [ 1.5, 10, 2.5, 12 ], "texture": "#texture" },
				"south": { "uv": [ 13.5, 10, 14.5, 12 ], "texture": "#texture" },
				"west": { "uv": [ 3.0, 10, 4.0, 12 ], "texture": "#texture" },
				"east": { "uv": [ 12.0, 10, 13.0, 12 ], "texture": "#texture" }
			}
		},
		{
			"__comment": "wheat3",
			"from": [ 2.5, 5, 3.0 ],
			"to": [ 3.5, 7, 4.0 ],
			"faces": {
				"down": { "uv": [ 2.5, 12.0, 3.5, 13.0 ], "texture": "#texture" },
				"up": { "uv": [ 2.5, 3.0, 3.5, 4.0 ], "texture": "#texture" },
				"north": { "uv": [ 12.5, 10, 13.5, 12 ], "texture": "#texture" },
				"south": { "uv": [ 2.5, 10, 3.5, 12 ], "texture": "#texture" },
				"west": { "uv": [ 3.0, 10, 4.0, 12 ], "texture": "#texture" },
				"east": { "uv": [ 12.0, 10, 13.0, 12 ], "texture": "#texture" }
			}
		},
		{
			"__comment": "wheat4",
			"from": [ 12.5, -1, 2.5 ],
			"to": [ 13.5, 6, 3.5 ],
			"faces": {
				"down": { "uv": [ 12.5, 12.5, 13.5, 13.5 ], "texture": "#texture" },
				"up": { "uv": [ 12.5, 2.5, 13.5, 3.5 ], "texture": "#texture" },
				"north": { "uv": [ 2.5, 11, 3.5, 16 ], "texture": "#texture" },
				"south": { "uv": [ 12.5, 11, 13.5, 16 ], "texture": "#texture" },
				"west": { "uv": [ 2.5, 11, 3.5, 16 ], "texture": "#texture" },
				"east": { "uv": [ 12.5, 11, 13.5, 16 ], "texture": "#texture" }
			}
		},
		{
			"__comment": "wheat5",
			"from": [ 9.5, 4, 2.5 ],
			"to": [ 10.5, 6, 3.5 ],
			"faces": {
				"down": { "uv": [ 9.5, 12.5, 10.5, 13.5 ], "texture": "#texture" },
				"up": { "uv": [ 9.5, 2.5, 10.5, 3.5 ], "texture": "#texture" },
				"north": { "uv": [ 5.5, 11, 6.5, 13 ], "texture": "#texture" },
				"south": { "uv": [ 9.5, 11, 10.5, 13 ], "texture": "#texture" },
				"west": { "uv": [ 2.5, 11, 3.5, 13 ], "texture": "#texture" },
				"east": { "uv": [ 12.5, 11, 13.5, 13 ], "texture": "#texture" }
			}
		},
		{
			"__comment": "wheat6",
			"from": [ 6.5, -1, 3 ],
			"to": [ 7.5, 6, 4 ],
			"faces": {
				"down": { "uv": [ 6.5, 12.0, 7.5, 13.0 ], "texture": "#texture" },
				"up": { "uv": [ 6.5, 3.0, 7.5, 4.0 ], "texture": "#texture" },
				"north": { "uv": [ 8.5, 11, 9.5, 16 ], "texture": "#texture" },
				"south": { "uv": [ 6.5, 11, 7.5, 16 ], "texture": "#texture" },
				"west": { "uv": [ 3.0, 11, 4.0, 16 ], "texture": "#texture" },
				"east": { "uv": [ 12.0, 11, 13.0, 16 ], "texture": "#texture" }
			}
		},
		{
			"__comment": "wheat7",
			"from": [ 1.5, 4, 2.5 ],
			"to": [ 2.5, 6, 3.5 ],
			"faces": {
				"down": { "uv": [ 1.5, 12.5, 2.5, 13.5 ], "texture": "#texture" },
				"up": { "uv": [ 1.5, 2.5, 2.5, 3.5 ], "texture": "#texture" },
				"north": { "uv": [ 13.5, 11, 14.5, 13 ], "texture": "#texture" },
				"south": { "uv": [ 1.5, 11, 2.5, 13 ], "texture": "#texture" },
				"west": { "uv": [ 2.5, 11, 3.5, 13 ], "texture": "#texture" },
				"east": { "uv": [ 12.5, 11, 13.5, 13 ], "texture": "#texture" }
			}
		},
		{
			"__comment": "wheat8",
			"from": [ 8.5, 3, 3 ],
			"to": [ 9.5, 5, 4 ],
			"faces": {
				"down": { "uv": [ 8.5, 12.0, 9.5, 13.0 ], "texture": "#texture" },
				"up": { "uv": [ 8.5, 3.0, 9.5, 4.0 ], "texture": "#texture" },
				"north": { "uv": [ 6.5, 12, 7.5, 14 ], "texture": "#texture" },
				"south": { "uv": [ 8.5, 12, 9.5, 14 ], "texture": "#texture" },
				"west": { "uv": [ 3.0, 12, 4.0, 14 ], "texture": "#texture" },
				"east": { "uv": [ 12.0, 12, 13.0, 14 ], "texture": "#texture" }
			}
		},
		{
			"__comment": "wheat9",
			"from": [ 3.5, -1, 3.5 ],
			"to": [ 4.5, 5, 4.5 ],
			"faces": {
				"down": { "uv": [ 3.5, 11.5, 4.5, 12.5 ], "texture": "#texture" },
				"up": { "uv": [ 3.5, 3.5, 4.5, 4.5 ], "texture": "#texture" },
				"north": { "uv": [ 11.5, 12, 12.5, 16 ], "texture": "#texture" },
				"south": { "uv": [ 3.5, 12, 4.5, 16 ], "texture": "#texture" },
				"west": { "uv": [ 3.5, 12, 4.5, 16 ], "texture": "#texture" },
				"east": { "uv": [ 11.5, 12, 12.5, 16 ], "texture": "#texture" }
			}
		},
		{
			"__comment": "wheat10",
			"from": [ 11.5, -1, 3 ],
			"to": [ 12.5, 4, 4 ],
			"faces": {
				"down": { "uv": [ 11.5, 12.0, 12.5, 13.0 ], "texture": "#texture" },
				"up": { "uv": [ 11.5, 3.0, 12.5, 4.0 ], "texture": "#texture" },
				"north": { "uv": [ 3.5, 13, 4.5, 16 ], "texture": "#texture" },
				"south": { "uv": [ 11.5, 13, 12.5, 16 ], "texture": "#texture" },
				"west": { "uv": [ 3.0, 13, 4.0, 16 ], "texture": "#texture" },
				"east": { "uv": [ 12.0, 13, 13.0, 16 ], "texture": "#texture" }
			}
		},
		{
			"__comment": "wheat11",
			"from": [ 10.5, -1, 3.5 ],
			"to": [ 11.5, 4, 4.5 ],
			"faces": {
				"down": { "uv": [ 10.5, 11.5, 11.5, 12.5 ], "texture": "#texture" },
				"up": { "uv": [ 10.5, 3.5, 11.5, 4.5 ], "texture": "#texture" },
				"north": { "uv": [ 4.5, 13, 5.5, 16 ], "texture": "#texture" },
				"south": { "uv": [ 10.5, 13, 11.5, 16 ], "texture": "#texture" },
				"west": { "uv": [ 3.5, 13, 4.5, 16 ], "texture": "#texture" },
				"east": { "uv": [ 11.5, 13, 12.5, 16 ], "texture": "#texture" }
			}
		},
		{
			"__comment": "wheat12",
			"from": [ 5.5, -1, 3.5 ],
			"to": [ 6.5, 4, 4.5 ],
			"faces": {
				"down": { "uv": [ 5.5, 11.5, 6.5, 12.5 ], "texture": "#texture" },
				"up": { "uv": [ 5.5, 3.5, 6.5, 4.5 ], "texture": "#texture" },
				"north": { "uv": [ 9.5, 13, 10.5, 16 ], "texture": "#texture" },
				"south": { "uv": [ 5.5, 13, 6.5, 16 ], "texture": "#texture" },
				"west": { "uv": [ 3.5, 13, 4.5, 16 ], "texture": "#texture" },
				"east": { "uv": [ 11.5, 13, 12.5, 16 ], "texture": "#texture" }
			}
		},
		{
			"__comment": "wheat13",
			"from": [ 9.5, -1, 3 ],
			"to": [ 10.5, 3, 4 ],
			"faces": {
				"down": { "uv": [ 9.5, 12.0, 10.5, 13.0 ], "texture": "#texture" },
				"up": { "uv": [ 9.5, 3.0, 10.5, 4.0 ], "texture": "#texture" },
				"north": { "uv": [ 5.5, 14, 6.5, 16 ], "texture": "#texture" },
				"south": { "uv": [ 9.5, 14, 10.5, 16 ], "texture": "#texture" },
				"west": { "uv": [ 3.0, 14, 4.0, 16 ], "texture": "#texture" },
				"east": { "uv": [ 12.0, 14, 13.0, 16 ], "texture": "#texture" }
			}
		},
		{
			"__comment": "wheat14",
			"from": [ 4.5, -1, 2.5 ],
			"to": [ 5.5, 3, 3.5 ],
			"faces": {
				"down": { "uv": [ 4.5, 12.5, 5.5, 13.5 ], "texture": "#texture" },
				"up": { "uv": [ 4.5, 2.5, 5.5, 3.5 ], "texture": "#texture" },
				"north": { "uv": [ 10.5, 14, 11.5, 16 ], "texture": "#texture" },
				"south": { "uv": [ 4.5, 14, 5.5, 16 ], "texture": "#texture" },
				"west": { "uv": [ 2.5, 14, 3.5, 16 ], "texture": "#texture" },
				"east": { "uv": [ 12.5, 14, 13.5, 16 ], "texture": "#texture" }
			}
		},
		{
			"__comment": "wheat15",
			"from": [ 0.5, 2, 3.5 ],
			"to": [ 1.5, 3, 4.5 ],
			"faces": {
				"down": { "uv": [ 0.5, 11.5, 1.5, 12.5 ], "texture": "#texture" },
				"up": { "uv": [ 0.5, 3.5, 1.5, 4.5 ], "texture": "#texture" },
				"north": { "uv": [ 14.5, 14, 15.5, 15 ], "texture": "#texture" },
				"south": { "uv": [ 0.5, 14, 1.5, 15 ], "texture": "#texture" },
				"west": { "uv": [ 3.5, 14, 4.5, 15 ], "texture": "#texture" },
				"east": { "uv": [ 11.5, 14, 12.5, 15 ], "texture": "#texture" }
			}
		},
		{
			"__comment": "wheat16",
			"from": [ 14.5, -1, 2 ],
			"to": [ 15.5, 2, 3 ],
			"faces": {
				"down": { "uv": [ 14.5, 13.0, 15.5, 14.0 ], "texture": "#texture" },
				"up": { "uv": [ 14.5, 2.0, 15.5, 3.0 ], "texture": "#texture" },
				"north": { "uv": [ 0.5, 15, 1.5, 16 ], "texture": "#texture" },
				"south": { "uv": [ 14.5, 15, 15.5, 16 ], "texture": "#texture" },
				"west": { "uv": [ 2.0, 15, 3.0, 16 ], "texture": "#texture" },
				"east": { "uv": [ 13.0, 15, 14.0, 16 ], "texture": "#texture" }
			}
		},
		{
			"__comment": "wheat17",
			"from": [ 2.0, -1, 2.5 ],
			"to": [ 3.0, 2, 3.5 ],
			"faces": {
				"down": { "uv": [ 2, 12.5, 3, 13.5 ], "texture": "#texture" },
				"up": { "uv": [ 2, 2.5, 3, 3.5 ], "texture": "#texture" },
				"north": { "uv": [ 13, 15, 14, 16 ], "texture": "#texture" },
				"south": { "uv": [ 2, 15, 3, 16 ], "texture": "#texture" },
				"west": { "uv": [ 2.5, 15, 3.5, 16 ], "texture": "#texture" },
				"east": { "uv": [ 12.5, 15, 13.5, 16 ], "texture": "#texture" }
			}
		},
		{
			"__comment": "wheat18",
			"from": [ -0.0, 1, 3 ],
			"to": [ 1.0, 2, 4 ],
			"faces": {
				"down": { "uv": [ 9.5E-07, 12, 1.0, 13 ], "texture": "#texture" },
				"up": { "uv": [ 9.5E-07, 3, 1.0, 4 ], "texture": "#texture" },
				"north": { "uv": [ 15, 15, 16, 16 ], "texture": "#texture" },
				"south": { "uv": [ 9.5E-07, 15, 1.0, 16 ], "texture": "#texture" },
				"west": { "uv": [ 3, 15, 4, 16 ], "texture": "#texture" },
				"east": { "uv": [ 12, 15, 13, 16 ], "texture": "#texture" }
			}
		},
		{
			"__comment": "wheat19",
			"from": [ 13.5, -1, 3 ],
			"to": [ 14.5, 1, 4 ],
			"faces": {
				"down": { "uv": [ 13.5, 12.0, 14.5, 13.0 ], "texture": "#texture" },
				"up": { "uv": [ 13.5, 3.0, 14.5, 4.0 ], "texture": "#texture" },
				"north": { "uv": [ 1.5, 0, 2.5, 2 ], "texture": "#texture" },
				"south": { "uv": [ 13.5, 0, 14.5, 2 ], "texture": "#texture" },
				"west": { "uv": [ 3.0, 0, 4.0, 2 ], "texture": "#texture" },
				"east": { "uv": [ 12.0, 0, 13.0, 2 ], "texture": "#texture" }
			}
		},
		{
			"__comment": "wheat",
			"from": [ 1.0, -1, 3 ],
			"to": [ 2.0, 1, 4 ],
			"faces": {
				"down": { "uv": [ 1, 12, 2, 13 ], "texture": "#texture" },
				"up": { "uv": [ 1, 3.0, 2, 4.0 ], "texture": "#texture" },
				"north": { "uv": [ 14, 0, 15, 2 ], "texture": "#texture" },
				"south": { "uv": [ 1, 0, 2, 2 ], "texture": "#texture" },
				"west": { "uv": [ 3.0, 0, 4.0, 2 ], "texture": "#texture" },
				"east": { "uv": [ 12, 0, 13, 2 ], "texture": "#texture" }
			}
		},
		{
			"__comment": "wheat1",
			"from": [ 8, -1, 7 ],
			"to": [ 9, 9, 8 ],
			"faces": {
				"down": { "uv": [ 8.0, 8.0, 9.0, 9.0 ], "texture": "#texture" },
				"up": { "uv": [ 8.0, 7.0, 9.0, 8.0 ], "texture": "#texture" },
				"north": { "uv": [ 7.0, 8, 8.0, 16 ], "texture": "#texture" },
				"south": { "uv": [ 8.0, 8, 9.0, 16 ], "texture": "#texture" },
				"west": { "uv": [ 7.0, 8, 8.0, 16 ], "texture": "#texture" },
				"east": { "uv": [ 8.0, 8, 9.0, 16 ], "texture": "#texture" }
			}
		},
		{
			"__comment": "wheat2",
			"from": [ 3.5, 5, 1 ],
			"to": [ 4.5, 7, 2 ],
			"faces": {
				"down": { "uv": [ 3.5, 14, 4.5, 15 ], "texture": "#texture" },
				"up": { "uv": [ 3.5, 1.0, 4.5, 2.0 ], "texture": "#texture" },
				"north": { "uv": [ 11.5, 10, 12.5, 12 ], "texture": "#texture" },
				"south": { "uv": [ 3.5, 10, 4.5, 12 ], "texture": "#texture" },
				"west": { "uv": [ 1.0, 10, 2.0, 12 ], "texture": "#texture" },
				"east": { "uv": [ 14, 10, 15, 12 ], "texture": "#texture" }
			}
		},
		{
			"__comment": "wheat3",
			"from": [ 3.5, 5, 12 ],
			"to": [ 4.5, 7, 13 ],
			"faces": {
				"down": { "uv": [ 3.5, 3.0, 4.5, 4.0 ], "texture": "#texture" },
				"up": { "uv": [ 3.5, 12, 4.5, 13 ], "texture": "#texture" },
				"north": { "uv": [ 11.5, 10, 12.5, 12 ], "texture": "#texture" },
				"south": { "uv": [ 3.5, 10, 4.5, 12 ], "texture": "#texture" },
				"west": { "uv": [ 12, 10, 13, 12 ], "texture": "#texture" },
				"east": { "uv": [ 3.0, 10, 4.0, 12 ], "texture": "#texture" }
			}
		},
		{
			"__comment": "wheat4",
			"from": [ 3, -1, 2 ],
			"to": [ 4, 6, 3 ],
			"faces": {
				"down": { "uv": [ 3.0, 13.0, 4.0, 14.0 ], "texture": "#texture" },
				"up": { "uv": [ 3.0, 2.0, 4.0, 3.0 ], "texture": "#texture" },
				"north": { "uv": [ 12.0, 11, 13.0, 16 ], "texture": "#texture" },
				"south": { "uv": [ 3.0, 11, 4.0, 16 ], "texture": "#texture" },
				"west": { "uv": [ 2.0, 11, 3.0, 16 ], "texture": "#texture" },
				"east": { "uv": [ 13.0, 11, 14.0, 16 ], "texture": "#texture" }
			}
		},
		{
			"__comment": "wheat5",
			"from": [ 3, 4, 5 ],
			"to": [ 4, 6, 6 ],
			"faces": {
				"down": { "uv": [ 3.0, 10.0, 4.0, 11 ], "texture": "#texture" },
				"up": { "uv": [ 3.0, 5.0, 4.0, 6.0 ], "texture": "#texture" },
				"north": { "uv": [ 12.0, 11, 13.0, 13 ], "texture": "#texture" },
				"south": { "uv": [ 3.0, 11, 4.0, 13 ], "texture": "#texture" },
				"west": { "uv": [ 5.0, 11, 6.0, 13 ], "texture": "#texture" },
				"east": { "uv": [ 10.0, 11, 11, 13 ], "texture": "#texture" }
			}
		},
		{
			"__comment": "wheat6",
			"from": [ 8.5, -1, 8 ],
			"to": [ 9.5, 6, 9 ],
			"faces": {
				"down": { "uv": [ 8.5, 7.0, 9.5, 8.0 ], "texture": "#texture" },
				"up": { "uv": [ 8.5, 8.0, 9.5, 9.0 ], "texture": "#texture" },
				"north": { "uv": [ 6.5, 11, 7.5, 16 ], "texture": "#texture" },
				"south": { "uv": [ 8.5, 11, 9.5, 16 ], "texture": "#texture" },
				"west": { "uv": [ 8.0, 11, 9.0, 16 ], "texture": "#texture" },
				"east": { "uv": [ 7.0, 11, 8.0, 16 ], "texture": "#texture" }
			}
		},
		{
			"__comment": "wheat7",
			"from": [ 3, 4, 13 ],
			"to": [ 4, 6, 14 ],
			"faces": {
				"down": { "uv": [ 3.0, 2, 4.0, 3 ], "texture": "#texture" },
				"up": { "uv": [ 3.0, 13, 4.0, 14 ], "texture": "#texture" },
				"north": { "uv": [ 12.0, 11, 13.0, 13 ], "texture": "#texture" },
				"south": { "uv": [ 3.0, 11, 4.0, 13 ], "texture": "#texture" },
				"west": { "uv": [ 13, 11, 14, 13 ], "texture": "#texture" },
				"east": { "uv": [ 2, 11, 3, 13 ], "texture": "#texture" }
			}
		},
		{
			"__comment": "wheat8",
			"from": [ 8.5, 3, 6 ],
			"to": [ 9.5, 5, 7 ],
			"faces": {
				"down": { "uv": [ 8.5, 9.0, 9.5, 10.0 ], "texture": "#texture" },
				"up": { "uv": [ 8.5, 6.0, 9.5, 7.0 ], "texture": "#texture" },
				"north": { "uv": [ 6.5, 12, 7.5, 14 ], "texture": "#texture" },
				"south": { "uv": [ 8.5, 12, 9.5, 14 ], "texture": "#texture" },
				"west": { "uv": [ 6.0, 12, 7.0, 14 ], "texture": "#texture" },
				"east": { "uv": [ 9.0, 12, 10.0, 14 ], "texture": "#texture" }
			}
		},
		{
			"__comment": "wheat9",
			"from": [ 4, -1, 11 ],
			"to": [ 5, 5, 12 ],
			"faces": {
				"down": { "uv": [ 4.0, 4.0, 5.0, 5.0 ], "texture": "#texture" },
				"up": { "uv": [ 4.0, 11.0, 5.0, 12.0 ], "texture": "#texture" },
				"north": { "uv": [ 11.0, 12, 12.0, 16 ], "texture": "#texture" },
				"south": { "uv": [ 4.0, 12, 5.0, 16 ], "texture": "#texture" },
				"west": { "uv": [ 11.0, 12, 12.0, 16 ], "texture": "#texture" },
				"east": { "uv": [ 4.0, 12, 5.0, 16 ], "texture": "#texture" }
			}
		},
		{
			"__comment": "wheat11",
			"from": [ 4, -1, 4 ],
			"to": [ 5, 4, 5 ],
			"faces": {
				"down": { "uv": [ 4.0, 11, 5.0, 12 ], "texture": "#texture" },
				"up": { "uv": [ 4.0, 4.0, 5.0, 5.0 ], "texture": "#texture" },
				"north": { "uv": [ 11.0, 13, 12.0, 16 ], "texture": "#texture" },
				"south": { "uv": [ 4.0, 13, 5.0, 16 ], "texture": "#texture" },
				"west": { "uv": [ 4.0, 13, 5.0, 16 ], "texture": "#texture" },
				"east": { "uv": [ 11, 13, 12, 16 ], "texture": "#texture" }
			}
		},
		{
			"__comment": "wheat12",
			"from": [ 9, -1, 9 ],
			"to": [ 10, 4, 10 ],
			"faces": {
				"down": { "uv": [ 9.0, 6.0, 10.0, 7.0 ], "texture": "#texture" },
				"up": { "uv": [ 9.0, 9.0, 10.0, 10.0 ], "texture": "#texture" },
				"north": { "uv": [ 6.0, 13, 7.0, 16 ], "texture": "#texture" },
				"south": { "uv": [ 9.0, 13, 10.0, 16 ], "texture": "#texture" },
				"west": { "uv": [ 9.0, 13, 10.0, 16 ], "texture": "#texture" },
				"east": { "uv": [ 6.0, 13, 7.0, 16 ], "texture": "#texture" }
			}
		},
		{
			"__comment": "wheat13",
			"from": [ 8.5, -1, 4.5 ],
			"to": [ 9.5, 3, 5.5 ],
			"faces": {
				"down": { "uv": [ 8.5, 10.5, 9.5, 11.5 ], "texture": "#texture" },
				"up": { "uv": [ 8.5, 4.5, 9.5, 5.5 ], "texture": "#texture" },
				"north": { "uv": [ 6.5, 14, 7.5, 16 ], "texture": "#texture" },
				"south": { "uv": [ 8.5, 14, 9.5, 16 ], "texture": "#texture" },
				"west": { "uv": [ 4.5, 14, 5.5, 16 ], "texture": "#texture" },
				"east": { "uv": [ 10.5, 14, 11.5, 16 ], "texture": "#texture" }
			}
		},
		{
			"__comment": "wheat14",
			"from": [ 8.0, -1, 10 ],
			"to": [ 9.0, 3, 11 ],
			"faces": {
				"down": { "uv": [ 8.0, 5, 9.0, 6 ], "texture": "#texture" },
				"up": { "uv": [ 8.0, 10, 9.0, 11 ], "texture": "#texture" },
				"north": { "uv": [ 7.0, 14, 8.0, 16 ], "texture": "#texture" },
				"south": { "uv": [ 8.0, 14, 9.0, 16 ], "texture": "#texture" },
				"west": { "uv": [ 10, 14, 11, 16 ], "texture": "#texture" },
				"east": { "uv": [ 5, 14, 6, 16 ], "texture": "#texture" }
			}
		},
		{
			"__comment": "wheat15",
			"from": [ 4.0, 2, 14 ],
			"to": [ 5.0, 3, 15 ],
			"faces": {
				"down": { "uv": [ 4, 1, 5, 2 ], "texture": "#texture" },
				"up": { "uv": [ 4, 14, 5, 15 ], "texture": "#texture" },
				"north": { "uv": [ 11, 14, 12, 15 ], "texture": "#texture" },
				"south": { "uv": [ 4, 14, 5, 15 ], "texture": "#texture" },
				"west": { "uv": [ 14, 14, 15, 15 ], "texture": "#texture" },
				"east": { "uv": [ 1, 14, 2, 15 ], "texture": "#texture" }
			}
		},
		{
			"__comment": "wheat16",
			"from": [ 2.5, -1, 0 ],
			"to": [ 3.5, 2, 1 ],
			"faces": {
				"down": { "uv": [ 2.5, 15.0, 3.5, 16 ], "texture": "#texture" },
				"up": { "uv": [ 2.5, 0, 3.5, 1.0 ], "texture": "#texture" },
				"north": { "uv": [ 12.5, 15, 13.5, 16 ], "texture": "#texture" },
				"south": { "uv": [ 2.5, 15, 3.5, 16 ], "texture": "#texture" },
				"west": { "uv": [ 0, 15, 1.0, 16 ], "texture": "#texture" },
				"east": { "uv": [ 15.0, 15, 16, 16 ], "texture": "#texture" }
			}
		},
		{
			"__comment": "wheat17",
			"from": [ 3.0, -1, 12.5 ],
			"to": [ 4.0, 2, 13.5 ],
			"faces": {
				"down": { "uv": [ 3, 2.5, 4, 3.5 ], "texture": "#texture" },
				"up": { "uv": [ 3, 12.5, 4, 13.5 ], "texture": "#texture" },
				"north": { "uv": [ 12, 15, 13, 16 ], "texture": "#texture" },
				"south": { "uv": [ 3, 15, 4, 16 ], "texture": "#texture" },
				"west": { "uv": [ 12.5, 15, 13.5, 16 ], "texture": "#texture" },
				"east": { "uv": [ 2.5, 15, 3.5, 16 ], "texture": "#texture" }
			}
		},
		{
			"__comment": "wheat18",
			"from": [ 3.5, 1, 14.5 ],
			"to": [ 4.5, 2, 15.5 ],
			"faces": {
				"down": { "uv": [ 3.5, 0.5, 4.5, 1.5 ], "texture": "#texture" },
				"up": { "uv": [ 3.5, 14.5, 4.5, 15.5 ], "texture": "#texture" },
				"north": { "uv": [ 11.5, 15, 12.5, 16 ], "texture": "#texture" },
				"south": { "uv": [ 3.5, 15, 4.5, 16 ], "texture": "#texture" },
				"west": { "uv": [ 14.5, 15, 15.5, 16 ], "texture": "#texture" },
				"east": { "uv": [ 0.5, 15, 1.5, 16 ], "texture": "#texture" }
			}
		},
		{
			"__comment": "wheat19",
			"from": [ 3.5, -1, 1 ],
			"to": [ 4.5, 1, 2 ],
			"faces": {
				"down": { "uv": [ 3.5, 14.0, 4.5, 15.0 ], "texture": "#texture" },
				"up": { "uv": [ 3.5, 1.0, 4.5, 2.0 ], "texture": "#texture" },
				"north": { "uv": [ 11.5, 0, 12.5, 2 ], "texture": "#texture" },
				"south": { "uv": [ 3.5, 0, 4.5, 2 ], "texture": "#texture" },
				"west": { "uv": [ 1.0, 0, 2.0, 2 ], "texture": "#texture" },
				"east": { "uv": [ 14.0, 0, 15.0, 2 ], "texture": "#texture" }
			}
		},
		{
			"__comment": "wheat",
			"from": [ 3.5, -1, 13.5 ],
			"to": [ 4.5, 1, 14.5 ],
			"faces": {
				"down": { "uv": [ 3.5, 1.5, 4.5, 2.5 ], "texture": "#texture" },
				"up": { "uv": [ 3.5, 13.5, 4.5, 14.5 ], "texture": "#texture" },
				"north": { "uv": [ 11.5, 0, 12.5, 2 ], "texture": "#texture" },
				"south": { "uv": [ 3.5, 0, 4.5, 2 ], "texture": "#texture" },
				"west": { "uv": [ 13.5, 0, 14.5, 2 ], "texture": "#texture" },
				"east": { "uv": [ 1.5, 0, 2.5, 2 ], "texture": "#texture" }
			}
		},
		{
			"__comment": "wheat6",
			"from": [ 3.5, -1, 8 ],
			"to": [ 4.5, 6, 9 ],
			"faces": {
				"down": { "uv": [ 3.5, 7.0, 4.5, 8.0 ], "texture": "#texture" },
				"up": { "uv": [ 3.5, 8.0, 4.5, 9.0 ], "texture": "#texture" },
				"north": { "uv": [ 11.5, 11, 12.5, 16 ], "texture": "#texture" },
				"south": { "uv": [ 3.5, 11, 4.5, 16 ], "texture": "#texture" },
				"west": { "uv": [ 8.0, 11, 9.0, 16 ], "texture": "#texture" },
				"east": { "uv": [ 7.0, 11, 8.0, 16 ], "texture": "#texture" }
			}
		},
		{
			"__comment": "wheat1",
			"from": [ 3, -1, 7 ],
			"to": [ 4, 9, 8 ],
			"faces": {
				"down": { "uv": [ 3.0, 8.0, 4.0, 9.0 ], "texture": "#texture" },
				"up": { "uv": [ 3.0, 7.0, 4.0, 8.0 ], "texture": "#texture" },
				"north": { "uv": [ 12.0, 8, 13.0, 16 ], "texture": "#texture" },
				"south": { "uv": [ 3.0, 8, 4.0, 16 ], "texture": "#texture" },
				"west": { "uv": [ 7.0, 8, 8.0, 16 ], "texture": "#texture" },
				"east": { "uv": [ 8.0, 8, 9.0, 16 ], "texture": "#texture" }
			}
		},
		{
			"__comment": "wheat20",
			"from": [ 2, 7, 6.5 ],
			"to": [ 3, 10, 7.5 ],
			"faces": {
				"down": { "uv": [ 2.0, 8.5, 3.0, 9.5 ], "texture": "#texture" },
				"up": { "uv": [ 2.0, 6.5, 3.0, 7.5 ], "texture": "#texture" },
				"north": { "uv": [ 13.0, 7.0, 14.0, 10 ], "texture": "#texture" },
				"south": { "uv": [ 2.0, 7.0, 3.0, 10 ], "texture": "#texture" },
				"west": { "uv": [ 6.5, 7.0, 7.5, 10 ], "texture": "#texture" },
				"east": { "uv": [ 8.5, 7.0, 9.5, 10 ], "texture": "#texture" }
			}
		},
		{
			"__comment": "wheat8",
			"from": [ 3.5, 3, 6 ],
			"to": [ 4.5, 5, 7 ],
			"faces": {
				"down": { "uv": [ 3.5, 9.0, 4.5, 10.0 ], "texture": "#texture" },
				"up": { "uv": [ 3.5, 6.0, 4.5, 7.0 ], "texture": "#texture" },
				"north": { "uv": [ 11.5, 12, 12.5, 14 ], "texture": "#texture" },
				"south": { "uv": [ 3.5, 12, 4.5, 14 ], "texture": "#texture" },
				"west": { "uv": [ 6.0, 12, 7.0, 14 ], "texture": "#texture" },
				"east": { "uv": [ 9.0, 12, 10.0, 14 ], "texture": "#texture" }
			}
		},
		{
			"__comment": "wheat13",
			"from": [ 3.5, -1, 5 ],
			"to": [ 4.5, 3, 6 ],
			"faces": {
				"down": { "uv": [ 3.5, 10, 4.5, 11 ], "texture": "#texture" },
				"up": { "uv": [ 3.5, 5.0, 4.5, 6.0 ], "texture": "#texture" },
				"north": { "uv": [ 11.5, 14, 12.5, 16 ], "texture": "#texture" },
				"south": { "uv": [ 3.5, 14, 4.5, 16 ], "texture": "#texture" },
				"west": { "uv": [ 5.0, 14, 6.0, 16 ], "texture": "#texture" },
				"east": { "uv": [ 10, 14, 11, 16 ], "texture": "#texture" }
			}
		},
		{
			"__comment": "wheat14",
			"from": [ 10.5, -1, 7 ],
			"to": [ 11.5, 3, 8 ],
			"faces": {
				"down": { "uv": [ 10.5, 8, 11.5, 9 ], "texture": "#texture" },
				"up": { "uv": [ 10.5, 7, 11.5, 8 ], "texture": "#texture" },
				"north": { "uv": [ 4.5, 14, 5.5, 16 ], "texture": "#texture" },
				"south": { "uv": [ 10.5, 14, 11.5, 16 ], "texture": "#texture" },
				"west": { "uv": [ 7, 14, 8, 16 ], "texture": "#texture" },
				"east": { "uv": [ 8, 14, 9, 16 ], "texture": "#texture" }
			}
		},
		{
			"__comment": "wheat12",
			"from": [ 4, -1, 9 ],
			"to": [ 5, 4, 10 ],
			"faces": {
				"down": { "uv": [ 4.0, 6.0, 5.0, 7.0 ], "texture": "#texture" },
				"up": { "uv": [ 4.0, 9.0, 5.0, 10.0 ], "texture": "#texture" },
				"north": { "uv": [ 11.0, 13, 12.0, 16 ], "texture": "#texture" },
				"south": { "uv": [ 4.0, 13, 5.0, 16 ], "texture": "#texture" },
				"west": { "uv": [ 9.0, 13, 10.0, 16 ], "texture": "#texture" },
				"east": { "uv": [ 6.0, 13, 7.0, 16 ], "texture": "#texture" }
			}
		},
		{
			"__comment": "wheat14",
			"from": [ 3.0, -1, 10 ],
			"to": [ 4.0, 3, 11 ],
			"faces": {
				"down": { "uv": [ 3.0, 5, 4.0, 6 ], "texture": "#texture" },
				"up": { "uv": [ 3.0, 10, 4.0, 11 ], "texture": "#texture" },
				"north": { "uv": [ 12, 14, 13, 16 ], "texture": "#texture" },
				"south": { "uv": [ 3.0, 14, 4.0, 16 ], "texture": "#texture" },
				"west": { "uv": [ 10, 14, 11, 16 ], "texture": "#texture" },
				"east": { "uv": [ 5, 14, 6, 16 ], "texture": "#texture" }
			}
		},
		{
			"__comment": "wheat14",
			"from": [ 6.5, -1, 8.5 ],
			"to": [ 7.5, 3, 9.5 ],
			"faces": {
				"down": { "uv": [ 6.5, 6.5, 7.5, 7.5 ], "texture": "#texture" },
				"up": { "uv": [ 6.5, 8.5, 7.5, 9.5 ], "texture": "#texture" },
				"north": { "uv": [ 8.5, 14, 9.5, 16 ], "texture": "#texture" },
				"south": { "uv": [ 6.5, 14, 7.5, 16 ], "texture": "#texture" },
				"west": { "uv": [ 8.5, 14, 9.5, 16 ], "texture": "#texture" },
				"east": { "uv": [ 6.5, 14, 7.5, 16 ], "texture": "#texture" }
			}
		},
		{
			"__comment": "wheat12",
			"from": [ 5, -1, 8 ],
			"to": [ 6, 4, 9 ],
			"faces": {
				"down": { "uv": [ 5.0, 7.0, 6.0, 8.0 ], "texture": "#texture" },
				"up": { "uv": [ 5.0, 8.0, 6.0, 9.0 ], "texture": "#texture" },
				"north": { "uv": [ 10.0, 13, 11.0, 16 ], "texture": "#texture" },
				"south": { "uv": [ 5.0, 13, 6.0, 16 ], "texture": "#texture" },
				"west": { "uv": [ 8.0, 13, 9.0, 16 ], "texture": "#texture" },
				"east": { "uv": [ 7.0, 13, 8.0, 16 ], "texture": "#texture" }
			}
		}
	]
}