{
	"__comment": "Designed by CreatorLabs with Cubik Studio - https://cubik.studio",
	"textures": {
		"particle": "3d_blocks/wheat/wheat_green_light_4",
		"texture": "3d_blocks/wheat/wheat_green_light_4",
		"dark": "3d_blocks/wheat/wheat_dark"
	},
	"elements": [ 	 
		{
			"__comment": "light1",
			"from": [ 7.5, -1, 6.5 ],
			"to": [ 8.5, 12, 7.5 ],
			"faces": {
				"down": { "uv": [ 7.5, 8.5, 8.5, 9.5 ], "texture": "#texture" },
				"up": { "uv": [ 7.5, 6.5, 8.5, 7.5 ], "texture": "#texture" },
				"north": { "uv": [ 7.5, 4.0, 8.5, 16 ], "texture": "#texture" },
				"south": { "uv": [ 7.5, 4.0, 8.5, 16 ], "texture": "#texture" },
				"west": { "uv": [ 6.5, 4.0, 7.5, 16 ], "texture": "#texture" },
				"east": { "uv": [ 8.5, 4.0, 9.5, 16 ], "texture": "#texture" }
			}
		},
		{
			"__comment": "light2",
			"from": [ 2.5, -1, 2 ],
			"to": [ 3.5, 11, 3 ],
			"faces": {
				"down": { "uv": [ 2.5, 13, 3.5, 14 ], "texture": "#texture" },
				"up": { "uv": [ 2.5, 2, 3.5, 3 ], "texture": "#texture" },
				"north": { "uv": [ 12.5, 5.0, 13.5, 16 ], "texture": "#texture" },
				"south": { "uv": [ 2.5, 5.0, 3.5, 16 ], "texture": "#texture" },
				"west": { "uv": [ 2, 5.0, 3, 16 ], "texture": "#texture" },
				"east": { "uv": [ 13, 5.0, 14, 16 ], "texture": "#texture" }
			}
		},
		{
			"__comment": "light3",
			"from": [ 8, -1, 7.5 ],
			"to": [ 9, 11, 8.5 ],
			"faces": {
				"down": { "uv": [ 8.0, 7.5, 9.0, 8.5 ], "texture": "#texture" },
				"up": { "uv": [ 8.0, 7.5, 9.0, 8.5 ], "texture": "#texture" },
				"north": { "uv": [ 7.0, 5.0, 8.0, 16 ], "texture": "#texture" },
				"south": { "uv": [ 8.0, 5.0, 9.0, 16 ], "texture": "#texture" },
				"west": { "uv": [ 7.5, 5.0, 8.5, 16 ], "texture": "#texture" },
				"east": { "uv": [ 7.5, 5.0, 8.5, 16 ], "texture": "#texture" }
			}
		},
		{
			"__comment": "light6",
			"from": [ 3, -1, 4 ],
			"to": [ 4, 9, 5 ],
			"faces": {
				"down": { "uv": [ 3.0, 11, 4.0, 12 ], "texture": "#texture" },
				"up": { "uv": [ 3.0, 4, 4.0, 5 ], "texture": "#texture" },
				"north": { "uv": [ 12.0, 7.0, 13.0, 16 ], "texture": "#texture" },
				"south": { "uv": [ 3.0, 7.0, 4.0, 16 ], "texture": "#texture" },
				"west": { "uv": [ 4, 7.0, 5, 16 ], "texture": "#texture" },
				"east": { "uv": [ 11, 7.0, 12, 16 ], "texture": "#texture" }
			}
		},
		{
			"__comment": "light7",
			"from": [ 7, -1, 8.5 ],
			"to": [ 8, 9, 9.5 ],
			"faces": {
				"down": { "uv": [ 7.0, 6.5, 8.0, 7.5 ], "texture": "#texture" },
				"up": { "uv": [ 7.0, 8.5, 8.0, 9.5 ], "texture": "#texture" },
				"north": { "uv": [ 8.0, 7.0, 9.0, 16 ], "texture": "#texture" },
				"south": { "uv": [ 7.0, 7.0, 8.0, 16 ], "texture": "#texture" },
				"west": { "uv": [ 8.5, 7.0, 9.5, 16 ], "texture": "#texture" },
				"east": { "uv": [ 6.5, 7.0, 7.5, 16 ], "texture": "#texture" }
			}
		},
		{
			"__comment": "light8",
			"from": [ 2.5, -1, 0 ],
			"to": [ 3.5, 8, 1 ],
			"faces": {
				"down": { "uv": [ 2.5, 15, 3.5, 16 ], "texture": "#texture" },
				"up": { "uv": [ 2.5, 0, 3.5, 1.0 ], "texture": "#texture" },
				"north": { "uv": [ 12.5, 8.0, 13.5, 16 ], "texture": "#texture" },
				"south": { "uv": [ 2.5, 8.0, 3.5, 16 ], "texture": "#texture" },
				"west": { "uv": [ 0, 8.0, 1.0, 16 ], "texture": "#texture" },
				"east": { "uv": [ 15, 8.0, 16, 16 ], "texture": "#texture" }
			}
		},
		{
			"__comment": "light9",
			"from": [ 7, -1, 4.5 ],
			"to": [ 8, 8, 5.5 ],
			"faces": {
				"down": { "uv": [ 7.0, 10.5, 8.0, 11.5 ], "texture": "#texture" },
				"up": { "uv": [ 7.0, 4.5, 8.0, 5.5 ], "texture": "#texture" },
				"north": { "uv": [ 8.0, 8.0, 9.0, 16 ], "texture": "#texture" },
				"south": { "uv": [ 7.0, 8.0, 8.0, 16 ], "texture": "#texture" },
				"west": { "uv": [ 4.5, 8.0, 5.5, 16 ], "texture": "#texture" },
				"east": { "uv": [ 10.5, 8.0, 11.5, 16 ], "texture": "#texture" }
			}
		},
		{
			"__comment": "light10",
			"from": [ 7.5, -1, 9.5 ],
			"to": [ 8.5, 8, 10.5 ],
			"faces": {
				"down": { "uv": [ 7.5, 5.5, 8.5, 6.5 ], "texture": "#texture" },
				"up": { "uv": [ 7.5, 9.5, 8.5, 10.5 ], "texture": "#texture" },
				"north": { "uv": [ 7.5, 8.0, 8.5, 16 ], "texture": "#texture" },
				"south": { "uv": [ 7.5, 8.0, 8.5, 16 ], "texture": "#texture" },
				"west": { "uv": [ 9.5, 8.0, 10.5, 16 ], "texture": "#texture" },
				"east": { "uv": [ 5.5, 8.0, 6.5, 16 ], "texture": "#texture" }
			}
		},
		{
			"__comment": "light11",
			"from": [ 3, -1, 13 ],
			"to": [ 4, 8, 14 ],
			"faces": {
				"down": { "uv": [ 3.0, 2, 4.0, 3 ], "texture": "#texture" },
				"up": { "uv": [ 3.0, 13, 4.0, 14 ], "texture": "#texture" },
				"north": { "uv": [ 12, 8.0, 13, 16 ], "texture": "#texture" },
				"south": { "uv": [ 3.0, 8.0, 4.0, 16 ], "texture": "#texture" },
				"west": { "uv": [ 13, 8.0, 14, 16 ], "texture": "#texture" },
				"east": { "uv": [ 2, 8.0, 3, 16 ], "texture": "#texture" }
			}
		},
		{
			"__comment": "light12",
			"from": [ 3.0, -1, 1 ],
			"to": [ 4.0, 7, 2 ],
			"faces": {
				"down": { "uv": [ 3.0, 14.0, 4.0, 15.0 ], "texture": "#texture" },
				"up": { "uv": [ 3.0, 1.0, 4.0, 2.0 ], "texture": "#texture" },
				"north": { "uv": [ 12.0, 9.0, 13.0, 16 ], "texture": "#texture" },
				"south": { "uv": [ 3.0, 9.0, 4.0, 16 ], "texture": "#texture" },
				"west": { "uv": [ 1.0, 9.0, 2.0, 16 ], "texture": "#texture" },
				"east": { "uv": [ 14.0, 9.0, 15.0, 16 ], "texture": "#texture" }
			}
		},
		{
			"__comment": "light",
			"from": [ 2.5, -1, 14 ],
			"to": [ 3.5, 7, 15 ],
			"faces": {
				"down": { "uv": [ 2.5, 1, 3.5, 2 ], "texture": "#texture" },
				"up": { "uv": [ 2.5, 14, 3.5, 15 ], "texture": "#texture" },
				"north": { "uv": [ 12.5, 9.0, 13.5, 16 ], "texture": "#texture" },
				"south": { "uv": [ 2.5, 9.0, 3.5, 16 ], "texture": "#texture" },
				"west": { "uv": [ 14, 9.0, 15, 16 ], "texture": "#texture" },
				"east": { "uv": [ 1, 9.0, 2, 16 ], "texture": "#texture" }
			}
		},
		{
			"__comment": "dark9",
			"from": [ 6.5, 13, 6 ],
			"to": [ 7.5, 15, 7 ],
			"faces": {
				"down": { "uv": [ 6.5, 9, 7.5, 10 ], "texture": "#dark" },
				"up": { "uv": [ 6.5, 6, 7.5, 7 ], "texture": "#dark" },
				"north": { "uv": [ 8.5, 1, 9.5, 3 ], "texture": "#dark" },
				"south": { "uv": [ 6.5, 1, 7.5, 3 ], "texture": "#dark" },
				"west": { "uv": [ 6, 1, 7, 3 ], "texture": "#dark" },
				"east": { "uv": [ 9, 1, 10, 3 ], "texture": "#dark" }
			}
		},
		{
			"__comment": "dark2",
			"from": [ 3, 12, 0.5 ],
			"to": [ 4, 14, 1.5 ],
			"faces": {
				"down": { "uv": [ 3.0, 14.5, 4.0, 15.5 ], "texture": "#dark" },
				"up": { "uv": [ 3.0, 0.5, 4.0, 1.5 ], "texture": "#dark" },
				"north": { "uv": [ 12.0, 2, 13.0, 4 ], "texture": "#dark" },
				"south": { "uv": [ 3.0, 2, 4.0, 4 ], "texture": "#dark" },
				"west": { "uv": [ 0.5, 2, 1.5, 4 ], "texture": "#dark" },
				"east": { "uv": [ 14.5, 2, 15.5, 4 ], "texture": "#dark" }
			}
		},
		{
			"__comment": "dark10",
			"from": [ 7, 12, 7 ],
			"to": [ 8, 14, 8 ],
			"faces": {
				"down": { "uv": [ 7.0, 8, 8.0, 9 ], "texture": "#dark" },
				"up": { "uv": [ 7.0, 7, 8.0, 8 ], "texture": "#dark" },
				"north": { "uv": [ 8.0, 2, 9.0, 4 ], "texture": "#dark" },
				"south": { "uv": [ 7.0, 2, 8.0, 4 ], "texture": "#dark" },
				"west": { "uv": [ 7, 2, 8, 4 ], "texture": "#dark" },
				"east": { "uv": [ 8, 2, 9, 4 ], "texture": "#dark" }
			}
		},
		{
			"__comment": "dark3",
			"from": [ 2.5, 11, 1.5 ],
			"to": [ 3.5, 13, 2.5 ],
			"faces": {
				"down": { "uv": [ 2.5, 13.5, 3.5, 14.5 ], "texture": "#dark" },
				"up": { "uv": [ 2.5, 1.5, 3.5, 2.5 ], "texture": "#dark" },
				"north": { "uv": [ 12.5, 3, 13.5, 5 ], "texture": "#dark" },
				"south": { "uv": [ 2.5, 3, 3.5, 5 ], "texture": "#dark" },
				"west": { "uv": [ 1.5, 3, 2.5, 5 ], "texture": "#dark" },
				"east": { "uv": [ 13.5, 3, 14.5, 5 ], "texture": "#dark" }
			}
		},
		{
			"__comment": "dark16",
			"from": [ 3, 11, 13 ],
			"to": [ 4, 13, 14 ],
			"faces": {
				"down": { "uv": [ 3.0, 2, 4.0, 3 ], "texture": "#dark" },
				"up": { "uv": [ 3.0, 13, 4.0, 14 ], "texture": "#dark" },
				"north": { "uv": [ 12.0, 3, 13.0, 5 ], "texture": "#dark" },
				"south": { "uv": [ 3.0, 3, 4.0, 5 ], "texture": "#dark" },
				"west": { "uv": [ 13, 3, 14, 5 ], "texture": "#dark" },
				"east": { "uv": [ 2, 3, 3, 5 ], "texture": "#dark" }
			}
		},
		{
			"__comment": "dark6",
			"from": [ 4, 10, 5 ],
			"to": [ 5, 12, 6 ],
			"faces": {
				"down": { "uv": [ 4, 10.0, 5, 11.0 ], "texture": "#dark" },
				"up": { "uv": [ 4, 5.0, 5, 6.0 ], "texture": "#dark" },
				"north": { "uv": [ 11, 4, 12, 6 ], "texture": "#dark" },
				"south": { "uv": [ 4, 4, 5, 6 ], "texture": "#dark" },
				"west": { "uv": [ 5.0, 4, 6.0, 6 ], "texture": "#dark" },
				"east": { "uv": [ 10.0, 4, 11.0, 6 ], "texture": "#dark" }
			}
		},
		{
			"__comment": "dark11",
			"from": [ 4, 11, 8 ],
			"to": [ 5, 12, 9 ],
			"faces": {
				"down": { "uv": [ 4, 7, 5, 8 ], "texture": "#dark" },
				"up": { "uv": [ 4, 8, 5, 9 ], "texture": "#dark" },
				"north": { "uv": [ 11, 4, 12, 5 ], "texture": "#dark" },
				"south": { "uv": [ 4, 4, 5, 5 ], "texture": "#dark" },
				"west": { "uv": [ 8, 4, 9, 5 ], "texture": "#dark" },
				"east": { "uv": [ 7, 4, 8, 5 ], "texture": "#dark" }
			}
		},
		{
			"__comment": "dark4",
			"from": [ 4, 10, 7 ],
			"to": [ 5, 11, 8 ],
			"faces": {
				"down": { "uv": [ 4.0, 8.0, 5.0, 9.0 ], "texture": "#dark" },
				"up": { "uv": [ 4.0, 7.0, 5.0, 8.0 ], "texture": "#dark" },
				"north": { "uv": [ 11.0, 5, 12.0, 6 ], "texture": "#dark" },
				"south": { "uv": [ 4.0, 5, 5.0, 6 ], "texture": "#dark" },
				"west": { "uv": [ 7.0, 5, 8.0, 6 ], "texture": "#dark" },
				"east": { "uv": [ 8.0, 5, 9.0, 6 ], "texture": "#dark" }
			}
		},
		{
			"__comment": "dark8",
			"from": [ 7.5, 9, 5.5 ],
			"to": [ 8.5, 11, 6.5 ],
			"faces": {
				"down": { "uv": [ 7.5, 9.5, 8.5, 10.5 ], "texture": "#dark" },
				"up": { "uv": [ 7.5, 5.5, 8.5, 6.5 ], "texture": "#dark" },
				"north": { "uv": [ 7.5, 5, 8.5, 7 ], "texture": "#dark" },
				"south": { "uv": [ 7.5, 5, 8.5, 7 ], "texture": "#dark" },
				"west": { "uv": [ 5.5, 5, 6.5, 7 ], "texture": "#dark" },
				"east": { "uv": [ 9.5, 5, 10.5, 7 ], "texture": "#dark" }
			}
		},
		{
			"__comment": "dark12",
			"from": [ 6.5, 9, 8 ],
			"to": [ 7.5, 11, 9 ],
			"faces": {
				"down": { "uv": [ 6.5, 7, 7.5, 8 ], "texture": "#dark" },
				"up": { "uv": [ 6.5, 8, 7.5, 9 ], "texture": "#dark" },
				"north": { "uv": [ 8.5, 5, 9.5, 7 ], "texture": "#dark" },
				"south": { "uv": [ 6.5, 5, 7.5, 7 ], "texture": "#dark" },
				"west": { "uv": [ 8, 5, 9, 7 ], "texture": "#dark" },
				"east": { "uv": [ 7, 5, 8, 7 ], "texture": "#dark" }
			}
		},
		{
			"__comment": "dark17",
			"from": [ 3, 9, 14 ],
			"to": [ 4, 11, 15 ],
			"faces": {
				"down": { "uv": [ 3.0, 1, 4.0, 2 ], "texture": "#dark" },
				"up": { "uv": [ 3.0, 14, 4.0, 15 ], "texture": "#dark" },
				"north": { "uv": [ 12.0, 5, 13.0, 7 ], "texture": "#dark" },
				"south": { "uv": [ 3.0, 5, 4.0, 7 ], "texture": "#dark" },
				"west": { "uv": [ 14, 5, 15, 7 ], "texture": "#dark" },
				"east": { "uv": [ 1, 5, 2, 7 ], "texture": "#dark" }
			}
		},
		{
			"__comment": "dark1",
			"from": [ 3, 8, 0 ],
			"to": [ 4, 10, 1 ],
			"faces": {
				"down": { "uv": [ 3.0, 15, 4.0, 16 ], "texture": "#dark" },
				"up": { "uv": [ 3.0, 0, 4.0, 1.0 ], "texture": "#dark" },
				"north": { "uv": [ 12.0, 6, 13.0, 8 ], "texture": "#dark" },
				"south": { "uv": [ 3.0, 6, 4.0, 8 ], "texture": "#dark" },
				"west": { "uv": [ 0, 6, 1.0, 8 ], "texture": "#dark" },
				"east": { "uv": [ 15, 6, 16, 8 ], "texture": "#dark" }
			}
		},
		{
			"__comment": "dark5",
			"from": [ 3.5, 9, 4 ],
			"to": [ 4.5, 10, 5 ],
			"faces": {
				"down": { "uv": [ 3.5, 11, 4.5, 12 ], "texture": "#dark" },
				"up": { "uv": [ 3.5, 4.0, 4.5, 5.0 ], "texture": "#dark" },
				"north": { "uv": [ 11.5, 6, 12.5, 7 ], "texture": "#dark" },
				"south": { "uv": [ 3.5, 6, 4.5, 7 ], "texture": "#dark" },
				"west": { "uv": [ 4.0, 6, 5.0, 7 ], "texture": "#dark" },
				"east": { "uv": [ 11, 6, 12, 7 ], "texture": "#dark" }
			}
		},
		{
			"__comment": "dark13",
			"from": [ 7.5, 8, 9.5 ],
			"to": [ 8.5, 10, 10.5 ],
			"faces": {
				"down": { "uv": [ 7.5, 5.5, 8.5, 6.5 ], "texture": "#dark" },
				"up": { "uv": [ 7.5, 9.5, 8.5, 10.5 ], "texture": "#dark" },
				"north": { "uv": [ 7.5, 6, 8.5, 8 ], "texture": "#dark" },
				"south": { "uv": [ 7.5, 6, 8.5, 8 ], "texture": "#dark" },
				"west": { "uv": [ 9.5, 6, 10.5, 8 ], "texture": "#dark" },
				"east": { "uv": [ 5.5, 6, 6.5, 8 ], "texture": "#dark" }
			}
		},
		{
			"__comment": "dark20",
			"from": [ 2, 8, 15 ],
			"to": [ 3, 10, 16 ],
			"faces": {
				"down": { "uv": [ 2.0, 1.9E-06, 3.0, 1.0 ], "texture": "#dark" },
				"up": { "uv": [ 2.0, 15, 3.0, 16 ], "texture": "#dark" },
				"north": { "uv": [ 13.0, 6, 14.0, 8 ], "texture": "#dark" },
				"south": { "uv": [ 2.0, 6, 3.0, 8 ], "texture": "#dark" },
				"west": { "uv": [ 15, 6, 16, 8 ], "texture": "#dark" },
				"east": { "uv": [ 1.9E-06, 6, 1.0, 8 ], "texture": "#dark" }
			}
		},
		{
			"__comment": "dark",
			"from": [ 3, 7, 1 ],
			"to": [ 4, 9, 2 ],
			"faces": {
				"down": { "uv": [ 3.0, 14.0, 4.0, 15.0 ], "texture": "#dark" },
				"up": { "uv": [ 3.0, 1.0, 4.0, 2.0 ], "texture": "#dark" },
				"north": { "uv": [ 12.0, 7, 13.0, 9 ], "texture": "#dark" },
				"south": { "uv": [ 3.0, 7, 4.0, 9 ], "texture": "#dark" },
				"west": { "uv": [ 1.0, 7, 2.0, 9 ], "texture": "#dark" },
				"east": { "uv": [ 14.0, 7, 15.0, 9 ], "texture": "#dark" }
			}
		},
		{
			"__comment": "dark7",
			"from": [ 3, 8, 5 ],
			"to": [ 4, 9, 6 ],
			"faces": {
				"down": { "uv": [ 3.0, 10, 4.0, 11 ], "texture": "#dark" },
				"up": { "uv": [ 3.0, 5, 4.0, 6 ], "texture": "#dark" },
				"north": { "uv": [ 12.0, 7, 13.0, 8 ], "texture": "#dark" },
				"south": { "uv": [ 3.0, 7, 4.0, 8 ], "texture": "#dark" },
				"west": { "uv": [ 5, 7, 6, 8 ], "texture": "#dark" },
				"east": { "uv": [ 10, 7, 11, 8 ], "texture": "#dark" }
			}
		},
		{
			"__comment": "dark18",
			"from": [ 3, 8, 13 ],
			"to": [ 4, 9, 14 ],
			"faces": {
				"down": { "uv": [ 3.0, 2, 4.0, 3 ], "texture": "#dark" },
				"up": { "uv": [ 3.0, 13, 4.0, 14 ], "texture": "#dark" },
				"north": { "uv": [ 12.0, 7, 13.0, 8 ], "texture": "#dark" },
				"south": { "uv": [ 3.0, 7, 4.0, 8 ], "texture": "#dark" },
				"west": { "uv": [ 13, 7, 14, 8 ], "texture": "#dark" },
				"east": { "uv": [ 2, 7, 3, 8 ], "texture": "#dark" }
			}
		},
		{
			"__comment": "dark19",
			"from": [ 2.5, 7, 14 ],
			"to": [ 3.5, 8, 15 ],
			"faces": {
				"down": { "uv": [ 2.5, 1, 3.5, 2 ], "texture": "#dark" },
				"up": { "uv": [ 2.5, 14, 3.5, 15 ], "texture": "#dark" },
				"north": { "uv": [ 12.5, 8, 13.5, 9 ], "texture": "#dark" },
				"south": { "uv": [ 2.5, 8, 3.5, 9 ], "texture": "#dark" },
				"west": { "uv": [ 14, 8, 15, 9 ], "texture": "#dark" },
				"east": { "uv": [ 1, 8, 2, 9 ], "texture": "#dark" }
			}
		},
		{
			"__comment": "light1",
			"from": [ 7, -1, 11.5 ],
			"to": [ 8, 12, 12.5 ],
			"faces": {
				"down": { "uv": [ 7, 3.5, 8, 4.5 ], "texture": "#texture" },
				"up": { "uv": [ 7, 11.5, 8, 12.5 ], "texture": "#texture" },
				"north": { "uv": [ 8, 4.0, 9, 16 ], "texture": "#texture" },
				"south": { "uv": [ 7, 4.0, 8, 16 ], "texture": "#texture" },
				"west": { "uv": [ 11.5, 4.0, 12.5, 16 ], "texture": "#texture" },
				"east": { "uv": [ 3.5, 4.0, 4.5, 16 ], "texture": "#texture" }
			}
		},
		{
			"__comment": "light2",
			"from": [ 2, -1, 12 ],
			"to": [ 3, 11, 13 ],
			"faces": {
				"down": { "uv": [ 2, 3.0, 3, 4.0 ], "texture": "#texture" },
				"up": { "uv": [ 2, 12.0, 3, 13.0 ], "texture": "#texture" },
				"north": { "uv": [ 13, 5.0, 14, 16 ], "texture": "#texture" },
				"south": { "uv": [ 2, 5.0, 3, 16 ], "texture": "#texture" },
				"west": { "uv": [ 12.0, 5.0, 13.0, 16 ], "texture": "#texture" },
				"east": { "uv": [ 3.0, 5.0, 4.0, 16 ], "texture": "#texture" }
			}
		},
		{
			"__comment": "light3",
			"from": [ 8, -1, 11 ],
			"to": [ 9, 11, 12 ],
			"faces": {
				"down": { "uv": [ 8, 4.0, 9, 5.0 ], "texture": "#texture" },
				"up": { "uv": [ 8, 11.0, 9, 12.0 ], "texture": "#texture" },
				"north": { "uv": [ 7, 5.0, 8, 16 ], "texture": "#texture" },
				"south": { "uv": [ 8, 5.0, 9, 16 ], "texture": "#texture" },
				"west": { "uv": [ 11.0, 5.0, 12.0, 16 ], "texture": "#texture" },
				"east": { "uv": [ 4.0, 5.0, 5.0, 16 ], "texture": "#texture" }
			}
		},
		{
			"__comment": "light4",
			"from": [ 11, -1, 11 ],
			"to": [ 12, 11, 12 ],
			"faces": {
				"down": { "uv": [ 11, 4.0, 12, 5.0 ], "texture": "#texture" },
				"up": { "uv": [ 11, 11.0, 12, 12.0 ], "texture": "#texture" },
				"north": { "uv": [ 4, 5.0, 5, 16 ], "texture": "#texture" },
				"south": { "uv": [ 11, 5.0, 12, 16 ], "texture": "#texture" },
				"west": { "uv": [ 11.0, 5.0, 12.0, 16 ], "texture": "#texture" },
				"east": { "uv": [ 4.0, 5.0, 5.0, 16 ], "texture": "#texture" }
			}
		},
		{
			"__comment": "light5",
			"from": [ 3, -1, 11 ],
			"to": [ 4, 10, 12 ],
			"faces": {
				"down": { "uv": [ 3, 4.0, 4, 5.0 ], "texture": "#texture" },
				"up": { "uv": [ 3, 11.0, 4, 12.0 ], "texture": "#texture" },
				"north": { "uv": [ 12, 6.0, 13, 16 ], "texture": "#texture" },
				"south": { "uv": [ 3, 6.0, 4, 16 ], "texture": "#texture" },
				"west": { "uv": [ 11.0, 6.0, 12.0, 16 ], "texture": "#texture" },
				"east": { "uv": [ 4.0, 6.0, 5.0, 16 ], "texture": "#texture" }
			}
		},
		{
			"__comment": "light6",
			"from": [ 4, -1, 11.5 ],
			"to": [ 5, 9, 12.5 ],
			"faces": {
				"down": { "uv": [ 4, 3.5, 5, 4.5 ], "texture": "#texture" },
				"up": { "uv": [ 4, 11.5, 5, 12.5 ], "texture": "#texture" },
				"north": { "uv": [ 11, 7.0, 12, 16 ], "texture": "#texture" },
				"south": { "uv": [ 4, 7.0, 5, 16 ], "texture": "#texture" },
				"west": { "uv": [ 11.5, 7.0, 12.5, 16 ], "texture": "#texture" },
				"east": { "uv": [ 3.5, 7.0, 4.5, 16 ], "texture": "#texture" }
			}
		},
		{
			"__comment": "light7",
			"from": [ 9, -1, 7.5 ],
			"to": [ 10, 9, 8.5 ],
			"faces": {
				"down": { "uv": [ 9, 7.5, 10, 8.5 ], "texture": "#texture" },
				"up": { "uv": [ 9, 7.5, 10, 8.5 ], "texture": "#texture" },
				"north": { "uv": [ 6, 7.0, 7, 16 ], "texture": "#texture" },
				"south": { "uv": [ 9, 7.0, 10, 16 ], "texture": "#texture" },
				"west": { "uv": [ 7.5, 7.0, 8.5, 16 ], "texture": "#texture" },
				"east": { "uv": [ 7.5, 7.0, 8.5, 16 ], "texture": "#texture" }
			}
		},
		{
			"__comment": "light8",
			"from": [ 0, -1, 12 ],
			"to": [ 1, 8, 13 ],
			"faces": {
				"down": { "uv": [ 0, 3.0, 1, 4.0 ], "texture": "#texture" },
				"up": { "uv": [ 0, 12.0, 1, 13.0 ], "texture": "#texture" },
				"north": { "uv": [ 15, 8.0, 16, 16 ], "texture": "#texture" },
				"south": { "uv": [ 0, 8.0, 1, 16 ], "texture": "#texture" },
				"west": { "uv": [ 12.0, 8.0, 13.0, 16 ], "texture": "#texture" },
				"east": { "uv": [ 3.0, 8.0, 4.0, 16 ], "texture": "#texture" }
			}
		},
		{
			"__comment": "light9",
			"from": [ 5, -1, 12 ],
			"to": [ 6, 8, 13 ],
			"faces": {
				"down": { "uv": [ 5, 3.0, 6, 4.0 ], "texture": "#texture" },
				"up": { "uv": [ 5, 12.0, 6, 13.0 ], "texture": "#texture" },
				"north": { "uv": [ 10, 8.0, 11, 16 ], "texture": "#texture" },
				"south": { "uv": [ 5, 8.0, 6, 16 ], "texture": "#texture" },
				"west": { "uv": [ 12.0, 8.0, 13.0, 16 ], "texture": "#texture" },
				"east": { "uv": [ 3.0, 8.0, 4.0, 16 ], "texture": "#texture" }
			}
		},
		{
			"__comment": "light10",
			"from": [ 10, -1, 7 ],
			"to": [ 11, 8, 8 ],
			"faces": {
				"down": { "uv": [ 10, 8.0, 11, 9.0 ], "texture": "#texture" },
				"up": { "uv": [ 10, 7.0, 11, 8.0 ], "texture": "#texture" },
				"north": { "uv": [ 5, 8.0, 6, 16 ], "texture": "#texture" },
				"south": { "uv": [ 10, 8.0, 11, 16 ], "texture": "#texture" },
				"west": { "uv": [ 7.0, 8.0, 8.0, 16 ], "texture": "#texture" },
				"east": { "uv": [ 8.0, 8.0, 9.0, 16 ], "texture": "#texture" }
			}
		},
		{
			"__comment": "light11",
			"from": [ 13, -1, 11.5 ],
			"to": [ 14, 8, 12.5 ],
			"faces": {
				"down": { "uv": [ 13, 3.5, 14, 4.5 ], "texture": "#texture" },
				"up": { "uv": [ 13, 11.5, 14, 12.5 ], "texture": "#texture" },
				"north": { "uv": [ 2, 8.0, 3, 16 ], "texture": "#texture" },
				"south": { "uv": [ 13, 8.0, 14, 16 ], "texture": "#texture" },
				"west": { "uv": [ 11.5, 8.0, 12.5, 16 ], "texture": "#texture" },
				"east": { "uv": [ 3.5, 8.0, 4.5, 16 ], "texture": "#texture" }
			}
		},
		{
			"__comment": "light12",
			"from": [ 1, -1, 11.5 ],
			"to": [ 2, 7, 12.5 ],
			"faces": {
				"down": { "uv": [ 1, 3.5, 2, 4.5 ], "texture": "#texture" },
				"up": { "uv": [ 1, 11.5, 2, 12.5 ], "texture": "#texture" },
				"north": { "uv": [ 14, 9.0, 15, 16 ], "texture": "#texture" },
				"south": { "uv": [ 1, 9.0, 2, 16 ], "texture": "#texture" },
				"west": { "uv": [ 11.5, 9.0, 12.5, 16 ], "texture": "#texture" },
				"east": { "uv": [ 3.5, 9.0, 4.5, 16 ], "texture": "#texture" }
			}
		},
		{
			"__comment": "light",
			"from": [ 14, -1, 12 ],
			"to": [ 15, 7, 13 ],
			"faces": {
				"down": { "uv": [ 14, 3.0, 15, 4.0 ], "texture": "#texture" },
				"up": { "uv": [ 14, 12.0, 15, 13.0 ], "texture": "#texture" },
				"north": { "uv": [ 1, 9.0, 2, 16 ], "texture": "#texture" },
				"south": { "uv": [ 14, 9.0, 15, 16 ], "texture": "#texture" },
				"west": { "uv": [ 12.0, 9.0, 13.0, 16 ], "texture": "#texture" },
				"east": { "uv": [ 3.0, 9.0, 4.0, 16 ], "texture": "#texture" }
			}
		},
		{
			"__comment": "dark9",
			"from": [ 6.5, 13, 12.5 ],
			"to": [ 7.5, 15, 13.5 ],
			"faces": {
				"down": { "uv": [ 6.5, 2.5, 7.5, 3.5 ], "texture": "#dark" },
				"up": { "uv": [ 6.5, 12.5, 7.5, 13.5 ], "texture": "#dark" },
				"north": { "uv": [ 8.5, 1, 9.5, 3 ], "texture": "#dark" },
				"south": { "uv": [ 6.5, 1, 7.5, 3 ], "texture": "#dark" },
				"west": { "uv": [ 12.5, 1, 13.5, 3 ], "texture": "#dark" },
				"east": { "uv": [ 2.5, 1, 3.5, 3 ], "texture": "#dark" }
			}
		},
		{
			"__comment": "dark2",
			"from": [ 0.5, 12, 11.5 ],
			"to": [ 1.5, 14, 12.5 ],
			"faces": {
				"down": { "uv": [ 0.5, 3.5, 1.5, 4.5 ], "texture": "#dark" },
				"up": { "uv": [ 0.5, 11.5, 1.5, 12.5 ], "texture": "#dark" },
				"north": { "uv": [ 14.5, 2, 15.5, 4 ], "texture": "#dark" },
				"south": { "uv": [ 0.5, 2, 1.5, 4 ], "texture": "#dark" },
				"west": { "uv": [ 11.5, 2, 12.5, 4 ], "texture": "#dark" },
				"east": { "uv": [ 3.5, 2, 4.5, 4 ], "texture": "#dark" }
			}
		},
		{
			"__comment": "dark10",
			"from": [ 7.5, 12, 12 ],
			"to": [ 8.5, 14, 13 ],
			"faces": {
				"down": { "uv": [ 7.5, 3.0, 8.5, 4.0 ], "texture": "#dark" },
				"up": { "uv": [ 7.5, 12.0, 8.5, 13.0 ], "texture": "#dark" },
				"north": { "uv": [ 7.5, 2, 8.5, 4 ], "texture": "#dark" },
				"south": { "uv": [ 7.5, 2, 8.5, 4 ], "texture": "#dark" },
				"west": { "uv": [ 12.0, 2, 13.0, 4 ], "texture": "#dark" },
				"east": { "uv": [ 3.0, 2, 4.0, 4 ], "texture": "#dark" }
			}
		},
		{
			"__comment": "dark15",
			"from": [ 12, 12, 11.5 ],
			"to": [ 13, 14, 12.5 ],
			"faces": {
				"down": { "uv": [ 12, 3.5, 13, 4.5 ], "texture": "#dark" },
				"up": { "uv": [ 12, 11.5, 13, 12.5 ], "texture": "#dark" },
				"north": { "uv": [ 3, 2, 4, 4 ], "texture": "#dark" },
				"south": { "uv": [ 12, 2, 13, 4 ], "texture": "#dark" },
				"west": { "uv": [ 11.5, 2, 12.5, 4 ], "texture": "#dark" },
				"east": { "uv": [ 3.5, 2, 4.5, 4 ], "texture": "#dark" }
			}
		},
		{
			"__comment": "dark3",
			"from": [ 1.5, 11, 12 ],
			"to": [ 2.5, 13, 13 ],
			"faces": {
				"down": { "uv": [ 1.5, 3.0, 2.5, 4.0 ], "texture": "#dark" },
				"up": { "uv": [ 1.5, 12.0, 2.5, 13.0 ], "texture": "#dark" },
				"north": { "uv": [ 13.5, 3, 14.5, 5 ], "texture": "#dark" },
				"south": { "uv": [ 1.5, 3, 2.5, 5 ], "texture": "#dark" },
				"west": { "uv": [ 12.0, 3, 13.0, 5 ], "texture": "#dark" },
				"east": { "uv": [ 3.0, 3, 4.0, 5 ], "texture": "#dark" }
			}
		},
		{
			"__comment": "dark16",
			"from": [ 13, 11, 11.5 ],
			"to": [ 14, 13, 12.5 ],
			"faces": {
				"down": { "uv": [ 13, 3.5, 14, 4.5 ], "texture": "#dark" },
				"up": { "uv": [ 13, 11.5, 14, 12.5 ], "texture": "#dark" },
				"north": { "uv": [ 2, 3, 3, 5 ], "texture": "#dark" },
				"south": { "uv": [ 13, 3, 14, 5 ], "texture": "#dark" },
				"west": { "uv": [ 11.5, 3, 12.5, 5 ], "texture": "#dark" },
				"east": { "uv": [ 3.5, 3, 4.5, 5 ], "texture": "#dark" }
			}
		},
		{
			"__comment": "dark6",
			"from": [ 5, 10, 10.5 ],
			"to": [ 6, 12, 11.5 ],
			"faces": {
				"down": { "uv": [ 5, 4.5, 6, 5.5 ], "texture": "#dark" },
				"up": { "uv": [ 5, 10.5, 6, 11.5 ], "texture": "#dark" },
				"north": { "uv": [ 10, 4, 11, 6 ], "texture": "#dark" },
				"south": { "uv": [ 5, 4, 6, 6 ], "texture": "#dark" },
				"west": { "uv": [ 10.5, 4, 11.5, 6 ], "texture": "#dark" },
				"east": { "uv": [ 4.5, 4, 5.5, 6 ], "texture": "#dark" }
			}
		},
		{
			"__comment": "dark11",
			"from": [ 8, 11, 10.5 ],
			"to": [ 9, 12, 11.5 ],
			"faces": {
				"down": { "uv": [ 8, 4.5, 9, 5.5 ], "texture": "#dark" },
				"up": { "uv": [ 8, 10.5, 9, 11.5 ], "texture": "#dark" },
				"north": { "uv": [ 7, 4, 8, 5 ], "texture": "#dark" },
				"south": { "uv": [ 8, 4, 9, 5 ], "texture": "#dark" },
				"west": { "uv": [ 10.5, 4, 11.5, 5 ], "texture": "#dark" },
				"east": { "uv": [ 4.5, 4, 5.5, 5 ], "texture": "#dark" }
			}
		},
		{
			"__comment": "dark14",
			"from": [ 11, 11, 10.5 ],
			"to": [ 12, 12, 11.5 ],
			"faces": {
				"down": { "uv": [ 11, 4.5, 12, 5.5 ], "texture": "#dark" },
				"up": { "uv": [ 11, 10.5, 12, 11.5 ], "texture": "#dark" },
				"north": { "uv": [ 4, 4, 5, 5 ], "texture": "#dark" },
				"south": { "uv": [ 11, 4, 12, 5 ], "texture": "#dark" },
				"west": { "uv": [ 10.5, 4, 11.5, 5 ], "texture": "#dark" },
				"east": { "uv": [ 4.5, 4, 5.5, 5 ], "texture": "#dark" }
			}
		},
		{
			"__comment": "dark8",
			"from": [ 6, 9, 11.5 ],
			"to": [ 7, 11, 12.5 ],
			"faces": {
				"down": { "uv": [ 6, 3.5, 7, 4.5 ], "texture": "#dark" },
				"up": { "uv": [ 6, 11.5, 7, 12.5 ], "texture": "#dark" },
				"north": { "uv": [ 9, 5, 10, 7 ], "texture": "#dark" },
				"south": { "uv": [ 6, 5, 7, 7 ], "texture": "#dark" },
				"west": { "uv": [ 11.5, 5, 12.5, 7 ], "texture": "#dark" },
				"east": { "uv": [ 3.5, 5, 4.5, 7 ], "texture": "#dark" }
			}
		},
		{
			"__comment": "dark17",
			"from": [ 14, 9, 11.5 ],
			"to": [ 15, 11, 12.5 ],
			"faces": {
				"down": { "uv": [ 14, 3.5, 15, 4.5 ], "texture": "#dark" },
				"up": { "uv": [ 14, 11.5, 15, 12.5 ], "texture": "#dark" },
				"north": { "uv": [ 1, 5, 2, 7 ], "texture": "#dark" },
				"south": { "uv": [ 14, 5, 15, 7 ], "texture": "#dark" },
				"west": { "uv": [ 11.5, 5, 12.5, 7 ], "texture": "#dark" },
				"east": { "uv": [ 3.5, 5, 4.5, 7 ], "texture": "#dark" }
			}
		},
		{
			"__comment": "dark1",
			"from": [ 0, 8, 11.5 ],
			"to": [ 1, 10, 12.5 ],
			"faces": {
				"down": { "uv": [ 0, 3.5, 1, 4.5 ], "texture": "#dark" },
				"up": { "uv": [ 0, 11.5, 1, 12.5 ], "texture": "#dark" },
				"north": { "uv": [ 15, 6, 16, 8 ], "texture": "#dark" },
				"south": { "uv": [ 0, 6, 1, 8 ], "texture": "#dark" },
				"west": { "uv": [ 11.5, 6, 12.5, 8 ], "texture": "#dark" },
				"east": { "uv": [ 3.5, 6, 4.5, 8 ], "texture": "#dark" }
			}
		},
		{
			"__comment": "dark5",
			"from": [ 4, 9, 11 ],
			"to": [ 5, 10, 12 ],
			"faces": {
				"down": { "uv": [ 4, 4.0, 5, 5.0 ], "texture": "#dark" },
				"up": { "uv": [ 4, 11.0, 5, 12.0 ], "texture": "#dark" },
				"north": { "uv": [ 11, 6, 12, 7 ], "texture": "#dark" },
				"south": { "uv": [ 4, 6, 5, 7 ], "texture": "#dark" },
				"west": { "uv": [ 11.0, 6, 12.0, 7 ], "texture": "#dark" },
				"east": { "uv": [ 4.0, 6, 5.0, 7 ], "texture": "#dark" }
			}
		},
		{
			"__comment": "dark13",
			"from": [ 10, 8, 7 ],
			"to": [ 11, 10, 8 ],
			"faces": {
				"down": { "uv": [ 10, 8.0, 11, 9.0 ], "texture": "#dark" },
				"up": { "uv": [ 10, 7.0, 11, 8.0 ], "texture": "#dark" },
				"north": { "uv": [ 5, 6, 6, 8 ], "texture": "#dark" },
				"south": { "uv": [ 10, 6, 11, 8 ], "texture": "#dark" },
				"west": { "uv": [ 7.0, 6, 8.0, 8 ], "texture": "#dark" },
				"east": { "uv": [ 8.0, 6, 9.0, 8 ], "texture": "#dark" }
			}
		},
		{
			"__comment": "dark20",
			"from": [ 15, 8, 12.5 ],
			"to": [ 16, 10, 13.5 ],
			"faces": {
				"down": { "uv": [ 15, 2.5, 16, 3.5 ], "texture": "#dark" },
				"up": { "uv": [ 15, 12.5, 16, 13.5 ], "texture": "#dark" },
				"north": { "uv": [ 0, 6, 1, 8 ], "texture": "#dark" },
				"south": { "uv": [ 15, 6, 16, 8 ], "texture": "#dark" },
				"west": { "uv": [ 12.5, 6, 13.5, 8 ], "texture": "#dark" },
				"east": { "uv": [ 2.5, 6, 3.5, 8 ], "texture": "#dark" }
			}
		},
		{
			"__comment": "dark",
			"from": [ 1, 7, 11.5 ],
			"to": [ 2, 9, 12.5 ],
			"faces": {
				"down": { "uv": [ 1, 3.5, 2, 4.5 ], "texture": "#dark" },
				"up": { "uv": [ 1, 11.5, 2, 12.5 ], "texture": "#dark" },
				"north": { "uv": [ 14, 7, 15, 9 ], "texture": "#dark" },
				"south": { "uv": [ 1, 7, 2, 9 ], "texture": "#dark" },
				"west": { "uv": [ 11.5, 7, 12.5, 9 ], "texture": "#dark" },
				"east": { "uv": [ 3.5, 7, 4.5, 9 ], "texture": "#dark" }
			}
		},
		{
			"__comment": "dark7",
			"from": [ 5, 8, 11.5 ],
			"to": [ 6, 9, 12.5 ],
			"faces": {
				"down": { "uv": [ 5, 3.5, 6, 4.5 ], "texture": "#dark" },
				"up": { "uv": [ 5, 11.5, 6, 12.5 ], "texture": "#dark" },
				"north": { "uv": [ 10, 7, 11, 8 ], "texture": "#dark" },
				"south": { "uv": [ 5, 7, 6, 8 ], "texture": "#dark" },
				"west": { "uv": [ 11.5, 7, 12.5, 8 ], "texture": "#dark" },
				"east": { "uv": [ 3.5, 7, 4.5, 8 ], "texture": "#dark" }
			}
		},
		{
			"__comment": "dark18",
			"from": [ 13, 8, 11.5 ],
			"to": [ 14, 9, 12.5 ],
			"faces": {
				"down": { "uv": [ 13, 3.5, 14, 4.5 ], "texture": "#dark" },
				"up": { "uv": [ 13, 11.5, 14, 12.5 ], "texture": "#dark" },
				"north": { "uv": [ 2, 7, 3, 8 ], "texture": "#dark" },
				"south": { "uv": [ 13, 7, 14, 8 ], "texture": "#dark" },
				"west": { "uv": [ 11.5, 7, 12.5, 8 ], "texture": "#dark" },
				"east": { "uv": [ 3.5, 7, 4.5, 8 ], "texture": "#dark" }
			}
		},
		{
			"__comment": "dark19",
			"from": [ 14, 7, 12 ],
			"to": [ 15, 8, 13 ],
			"faces": {
				"down": { "uv": [ 14, 3.0, 15, 4.0 ], "texture": "#dark" },
				"up": { "uv": [ 14, 12.0, 15, 13.0 ], "texture": "#dark" },
				"north": { "uv": [ 1, 8, 2, 9 ], "texture": "#dark" },
				"south": { "uv": [ 14, 8, 15, 9 ], "texture": "#dark" },
				"west": { "uv": [ 12.0, 8, 13.0, 9 ], "texture": "#dark" },
				"east": { "uv": [ 3.0, 8, 4.0, 9 ], "texture": "#dark" }
			}
		},
		{
			"__comment": "light1",
			"from": [ 7, -1, 3 ],
			"to": [ 8, 12, 4 ],
			"faces": {
				"down": { "uv": [ 7, 12, 8, 13 ], "texture": "#texture" },
				"up": { "uv": [ 7, 3.0, 8, 4.0 ], "texture": "#texture" },
				"north": { "uv": [ 8, 4.0, 9, 16 ], "texture": "#texture" },
				"south": { "uv": [ 7, 4.0, 8, 16 ], "texture": "#texture" },
				"west": { "uv": [ 3.0, 4.0, 4.0, 16 ], "texture": "#texture" },
				"east": { "uv": [ 12, 4.0, 13, 16 ], "texture": "#texture" }
			}
		},
		{
			"__comment": "light2",
			"from": [ 2, -1, 3.5 ],
			"to": [ 3, 11, 4.5 ],
			"faces": {
				"down": { "uv": [ 2, 11.5, 3, 12.5 ], "texture": "#texture" },
				"up": { "uv": [ 2, 3.5, 3, 4.5 ], "texture": "#texture" },
				"north": { "uv": [ 13, 5.0, 14, 16 ], "texture": "#texture" },
				"south": { "uv": [ 2, 5.0, 3, 16 ], "texture": "#texture" },
				"west": { "uv": [ 3.5, 5.0, 4.5, 16 ], "texture": "#texture" },
				"east": { "uv": [ 11.5, 5.0, 12.5, 16 ], "texture": "#texture" }
			}
		},
		{
			"__comment": "light3",
			"from": [ 8, -1, 2.5 ],
			"to": [ 9, 11, 3.5 ],
			"faces": {
				"down": { "uv": [ 8, 12.5, 9, 13.5 ], "texture": "#texture" },
				"up": { "uv": [ 8, 2.5, 9, 3.5 ], "texture": "#texture" },
				"north": { "uv": [ 7, 5.0, 8, 16 ], "texture": "#texture" },
				"south": { "uv": [ 8, 5.0, 9, 16 ], "texture": "#texture" },
				"west": { "uv": [ 2.5, 5.0, 3.5, 16 ], "texture": "#texture" },
				"east": { "uv": [ 12.5, 5.0, 13.5, 16 ], "texture": "#texture" }
			}
		},
		{
			"__comment": "light5",
			"from": [ 3, -1, 2.5 ],
			"to": [ 4, 10, 3.5 ],
			"faces": {
				"down": { "uv": [ 3, 12.5, 4, 13.5 ], "texture": "#texture" },
				"up": { "uv": [ 3, 2.5, 4, 3.5 ], "texture": "#texture" },
				"north": { "uv": [ 12, 6.0, 13, 16 ], "texture": "#texture" },
				"south": { "uv": [ 3, 6.0, 4, 16 ], "texture": "#texture" },
				"west": { "uv": [ 2.5, 6.0, 3.5, 16 ], "texture": "#texture" },
				"east": { "uv": [ 12.5, 6.0, 13.5, 16 ], "texture": "#texture" }
			}
		},
		{
			"__comment": "light6",
			"from": [ 4, -1, 7 ],
			"to": [ 5, 9, 8 ],
			"faces": {
				"down": { "uv": [ 4, 8.0, 5, 9.0 ], "texture": "#texture" },
				"up": { "uv": [ 4, 7.0, 5, 8.0 ], "texture": "#texture" },
				"north": { "uv": [ 11, 7.0, 12, 16 ], "texture": "#texture" },
				"south": { "uv": [ 4, 7.0, 5, 16 ], "texture": "#texture" },
				"west": { "uv": [ 7.0, 7.0, 8.0, 16 ], "texture": "#texture" },
				"east": { "uv": [ 8.0, 7.0, 9.0, 16 ], "texture": "#texture" }
			}
		},
		{
			"__comment": "light7",
			"from": [ 9, -1, 3.5 ],
			"to": [ 10, 9, 4.5 ],
			"faces": {
				"down": { "uv": [ 9, 11.5, 10, 12.5 ], "texture": "#texture" },
				"up": { "uv": [ 9, 3.5, 10, 4.5 ], "texture": "#texture" },
				"north": { "uv": [ 6, 7.0, 7, 16 ], "texture": "#texture" },
				"south": { "uv": [ 9, 7.0, 10, 16 ], "texture": "#texture" },
				"west": { "uv": [ 3.5, 7.0, 4.5, 16 ], "texture": "#texture" },
				"east": { "uv": [ 11.5, 7.0, 12.5, 16 ], "texture": "#texture" }
			}
		},
		{
			"__comment": "light8",
			"from": [ 0, -1, 3.5 ],
			"to": [ 1, 8, 4.5 ],
			"faces": {
				"down": { "uv": [ 0, 11.5, 1, 12.5 ], "texture": "#texture" },
				"up": { "uv": [ 0, 3.5, 1, 4.5 ], "texture": "#texture" },
				"north": { "uv": [ 15, 8.0, 16, 16 ], "texture": "#texture" },
				"south": { "uv": [ 0, 8.0, 1, 16 ], "texture": "#texture" },
				"west": { "uv": [ 3.5, 8.0, 4.5, 16 ], "texture": "#texture" },
				"east": { "uv": [ 11.5, 8.0, 12.5, 16 ], "texture": "#texture" }
			}
		},
		{
			"__comment": "light9",
			"from": [ 5, -1, 7.5 ],
			"to": [ 6, 8, 8.5 ],
			"faces": {
				"down": { "uv": [ 5, 7.5, 6, 8.5 ], "texture": "#texture" },
				"up": { "uv": [ 5, 7.5, 6, 8.5 ], "texture": "#texture" },
				"north": { "uv": [ 10, 8.0, 11, 16 ], "texture": "#texture" },
				"south": { "uv": [ 5, 8.0, 6, 16 ], "texture": "#texture" },
				"west": { "uv": [ 7.5, 8.0, 8.5, 16 ], "texture": "#texture" },
				"east": { "uv": [ 7.5, 8.0, 8.5, 16 ], "texture": "#texture" }
			}
		},
		{
			"__comment": "light10",
			"from": [ 10, -1, 3 ],
			"to": [ 11, 8, 4 ],
			"faces": {
				"down": { "uv": [ 10, 12.0, 11, 13.0 ], "texture": "#texture" },
				"up": { "uv": [ 10, 3.0, 11, 4.0 ], "texture": "#texture" },
				"north": { "uv": [ 5, 8.0, 6, 16 ], "texture": "#texture" },
				"south": { "uv": [ 10, 8.0, 11, 16 ], "texture": "#texture" },
				"west": { "uv": [ 3.0, 8.0, 4.0, 16 ], "texture": "#texture" },
				"east": { "uv": [ 12.0, 8.0, 13.0, 16 ], "texture": "#texture" }
			}
		},
		{
			"__comment": "light11",
			"from": [ 13, -1, 3 ],
			"to": [ 14, 8, 4 ],
			"faces": {
				"down": { "uv": [ 13, 12.0, 14, 13.0 ], "texture": "#texture" },
				"up": { "uv": [ 13, 3.0, 14, 4.0 ], "texture": "#texture" },
				"north": { "uv": [ 2, 8.0, 3, 16 ], "texture": "#texture" },
				"south": { "uv": [ 13, 8.0, 14, 16 ], "texture": "#texture" },
				"west": { "uv": [ 3.0, 8.0, 4.0, 16 ], "texture": "#texture" },
				"east": { "uv": [ 12.0, 8.0, 13.0, 16 ], "texture": "#texture" }
			}
		},
		{
			"__comment": "light12",
			"from": [ 1, -1, 3 ],
			"to": [ 2, 7, 4 ],
			"faces": {
				"down": { "uv": [ 1, 12.0, 2, 13.0 ], "texture": "#texture" },
				"up": { "uv": [ 1, 3.0, 2, 4.0 ], "texture": "#texture" },
				"north": { "uv": [ 14, 9.0, 15, 16 ], "texture": "#texture" },
				"south": { "uv": [ 1, 9.0, 2, 16 ], "texture": "#texture" },
				"west": { "uv": [ 3.0, 9.0, 4.0, 16 ], "texture": "#texture" },
				"east": { "uv": [ 12.0, 9.0, 13.0, 16 ], "texture": "#texture" }
			}
		},
		{
			"__comment": "light",
			"from": [ 14, -1, 3.5 ],
			"to": [ 15, 7, 4.5 ],
			"faces": {
				"down": { "uv": [ 14, 11.5, 15, 12.5 ], "texture": "#texture" },
				"up": { "uv": [ 14, 3.5, 15, 4.5 ], "texture": "#texture" },
				"north": { "uv": [ 1, 9.0, 2, 16 ], "texture": "#texture" },
				"south": { "uv": [ 14, 9.0, 15, 16 ], "texture": "#texture" },
				"west": { "uv": [ 3.5, 9.0, 4.5, 16 ], "texture": "#texture" },
				"east": { "uv": [ 11.5, 9.0, 12.5, 16 ], "texture": "#texture" }
			}
		},
		{
			"__comment": "dark9",
			"from": [ 6.5, 13, 4 ],
			"to": [ 7.5, 15, 5 ],
			"faces": {
				"down": { "uv": [ 6.5, 11.0, 7.5, 12.0 ], "texture": "#dark" },
				"up": { "uv": [ 6.5, 4.0, 7.5, 5.0 ], "texture": "#dark" },
				"north": { "uv": [ 8.5, 1, 9.5, 3 ], "texture": "#dark" },
				"south": { "uv": [ 6.5, 1, 7.5, 3 ], "texture": "#dark" },
				"west": { "uv": [ 4.0, 1, 5.0, 3 ], "texture": "#dark" },
				"east": { "uv": [ 11.0, 1, 12.0, 3 ], "texture": "#dark" }
			}
		},
		{
			"__comment": "dark2",
			"from": [ 0.5, 12, 3 ],
			"to": [ 1.5, 14, 4 ],
			"faces": {
				"down": { "uv": [ 0.5, 12.0, 1.5, 13.0 ], "texture": "#dark" },
				"up": { "uv": [ 0.5, 3.0, 1.5, 4.0 ], "texture": "#dark" },
				"north": { "uv": [ 14.5, 2, 15.5, 4 ], "texture": "#dark" },
				"south": { "uv": [ 0.5, 2, 1.5, 4 ], "texture": "#dark" },
				"west": { "uv": [ 3.0, 2, 4.0, 4 ], "texture": "#dark" },
				"east": { "uv": [ 12.0, 2, 13.0, 4 ], "texture": "#dark" }
			}
		},
		{
			"__comment": "dark10",
			"from": [ 7.5, 12, 3.5 ],
			"to": [ 8.5, 14, 4.5 ],
			"faces": {
				"down": { "uv": [ 7.5, 11.5, 8.5, 12.5 ], "texture": "#dark" },
				"up": { "uv": [ 7.5, 3.5, 8.5, 4.5 ], "texture": "#dark" },
				"north": { "uv": [ 7.5, 2, 8.5, 4 ], "texture": "#dark" },
				"south": { "uv": [ 7.5, 2, 8.5, 4 ], "texture": "#dark" },
				"west": { "uv": [ 3.5, 2, 4.5, 4 ], "texture": "#dark" },
				"east": { "uv": [ 11.5, 2, 12.5, 4 ], "texture": "#dark" }
			}
		},
		{
			"__comment": "dark3",
			"from": [ 1.5, 11, 3.5 ],
			"to": [ 2.5, 13, 4.5 ],
			"faces": {
				"down": { "uv": [ 1.5, 11.5, 2.5, 12.5 ], "texture": "#dark" },
				"up": { "uv": [ 1.5, 3.5, 2.5, 4.5 ], "texture": "#dark" },
				"north": { "uv": [ 13.5, 3, 14.5, 5 ], "texture": "#dark" },
				"south": { "uv": [ 1.5, 3, 2.5, 5 ], "texture": "#dark" },
				"west": { "uv": [ 3.5, 3, 4.5, 5 ], "texture": "#dark" },
				"east": { "uv": [ 11.5, 3, 12.5, 5 ], "texture": "#dark" }
			}
		},
		{
			"__comment": "dark16",
			"from": [ 13, 11, 3 ],
			"to": [ 14, 13, 4 ],
			"faces": {
				"down": { "uv": [ 13, 12.0, 14, 13.0 ], "texture": "#dark" },
				"up": { "uv": [ 13, 3.0, 14, 4.0 ], "texture": "#dark" },
				"north": { "uv": [ 2, 3, 3, 5 ], "texture": "#dark" },
				"south": { "uv": [ 13, 3, 14, 5 ], "texture": "#dark" },
				"west": { "uv": [ 3.0, 3, 4.0, 5 ], "texture": "#dark" },
				"east": { "uv": [ 12.0, 3, 13.0, 5 ], "texture": "#dark" }
			}
		},
		{
			"__comment": "dark6",
			"from": [ 5, 10, 6 ],
			"to": [ 6, 12, 7 ],
			"faces": {
				"down": { "uv": [ 5, 9.0, 6, 10 ], "texture": "#dark" },
				"up": { "uv": [ 5, 6.0, 6, 7.0 ], "texture": "#dark" },
				"north": { "uv": [ 10, 4, 11, 6 ], "texture": "#dark" },
				"south": { "uv": [ 5, 4, 6, 6 ], "texture": "#dark" },
				"west": { "uv": [ 6.0, 4, 7.0, 6 ], "texture": "#dark" },
				"east": { "uv": [ 9.0, 4, 10, 6 ], "texture": "#dark" }
			}
		},
		{
			"__comment": "dark11",
			"from": [ 8, 11, 2 ],
			"to": [ 9, 12, 3 ],
			"faces": {
				"down": { "uv": [ 8, 13, 9, 14 ], "texture": "#dark" },
				"up": { "uv": [ 8, 2.0, 9, 3.0 ], "texture": "#dark" },
				"north": { "uv": [ 7, 4, 8, 5 ], "texture": "#dark" },
				"south": { "uv": [ 8, 4, 9, 5 ], "texture": "#dark" },
				"west": { "uv": [ 2.0, 4, 3.0, 5 ], "texture": "#dark" },
				"east": { "uv": [ 13, 4, 14, 5 ], "texture": "#dark" }
			}
		},
		{
			"__comment": "dark14",
			"from": [ 11, 11, 2 ],
			"to": [ 12, 12, 3 ],
			"faces": {
				"down": { "uv": [ 11, 13, 12, 14 ], "texture": "#dark" },
				"up": { "uv": [ 11, 2.0, 12, 3.0 ], "texture": "#dark" },
				"north": { "uv": [ 4, 4, 5, 5 ], "texture": "#dark" },
				"south": { "uv": [ 11, 4, 12, 5 ], "texture": "#dark" },
				"west": { "uv": [ 2.0, 4, 3.0, 5 ], "texture": "#dark" },
				"east": { "uv": [ 13, 4, 14, 5 ], "texture": "#dark" }
			}
		},
		{
			"__comment": "dark8",
			"from": [ 6, 9, 7 ],
			"to": [ 7, 11, 8 ],
			"faces": {
				"down": { "uv": [ 6, 8.0, 7, 9.0 ], "texture": "#dark" },
				"up": { "uv": [ 6, 7.0, 7, 8.0 ], "texture": "#dark" },
				"north": { "uv": [ 9, 5, 10, 7 ], "texture": "#dark" },
				"south": { "uv": [ 6, 5, 7, 7 ], "texture": "#dark" },
				"west": { "uv": [ 7.0, 5, 8.0, 7 ], "texture": "#dark" },
				"east": { "uv": [ 8.0, 5, 9.0, 7 ], "texture": "#dark" }
			}
		},
		{
			"__comment": "dark12",
			"from": [ 8.5, 9, 4 ],
			"to": [ 9.5, 11, 5 ],
			"faces": {
				"down": { "uv": [ 8.5, 11, 9.5, 12 ], "texture": "#dark" },
				"up": { "uv": [ 8.5, 4.0, 9.5, 5.0 ], "texture": "#dark" },
				"north": { "uv": [ 6.5, 5, 7.5, 7 ], "texture": "#dark" },
				"south": { "uv": [ 8.5, 5, 9.5, 7 ], "texture": "#dark" },
				"west": { "uv": [ 4.0, 5, 5.0, 7 ], "texture": "#dark" },
				"east": { "uv": [ 11, 5, 12, 7 ], "texture": "#dark" }
			}
		},
		{
			"__comment": "dark17",
			"from": [ 14, 9, 3 ],
			"to": [ 15, 11, 4 ],
			"faces": {
				"down": { "uv": [ 14, 12, 15, 13 ], "texture": "#dark" },
				"up": { "uv": [ 14, 3.0, 15, 4.0 ], "texture": "#dark" },
				"north": { "uv": [ 1, 5, 2, 7 ], "texture": "#dark" },
				"south": { "uv": [ 14, 5, 15, 7 ], "texture": "#dark" },
				"west": { "uv": [ 3.0, 5, 4.0, 7 ], "texture": "#dark" },
				"east": { "uv": [ 12, 5, 13, 7 ], "texture": "#dark" }
			}
		},
		{
			"__comment": "dark1",
			"from": [ 0, 8, 3 ],
			"to": [ 1, 10, 4 ],
			"faces": {
				"down": { "uv": [ 0, 12.0, 1, 13.0 ], "texture": "#dark" },
				"up": { "uv": [ 0, 3.0, 1, 4.0 ], "texture": "#dark" },
				"north": { "uv": [ 15, 6, 16, 8 ], "texture": "#dark" },
				"south": { "uv": [ 0, 6, 1, 8 ], "texture": "#dark" },
				"west": { "uv": [ 3.0, 6, 4.0, 8 ], "texture": "#dark" },
				"east": { "uv": [ 12.0, 6, 13.0, 8 ], "texture": "#dark" }
			}
		},
		{
			"__comment": "dark5",
			"from": [ 4, 9, 6.5 ],
			"to": [ 5, 10, 7.5 ],
			"faces": {
				"down": { "uv": [ 4, 8.5, 5, 9.5 ], "texture": "#dark" },
				"up": { "uv": [ 4, 6.5, 5, 7.5 ], "texture": "#dark" },
				"north": { "uv": [ 11, 6, 12, 7 ], "texture": "#dark" },
				"south": { "uv": [ 4, 6, 5, 7 ], "texture": "#dark" },
				"west": { "uv": [ 6.5, 6, 7.5, 7 ], "texture": "#dark" },
				"east": { "uv": [ 8.5, 6, 9.5, 7 ], "texture": "#dark" }
			}
		},
		{
			"__comment": "dark13",
			"from": [ 10, 8, 3 ],
			"to": [ 11, 10, 4 ],
			"faces": {
				"down": { "uv": [ 10, 12.0, 11, 13.0 ], "texture": "#dark" },
				"up": { "uv": [ 10, 3.0, 11, 4.0 ], "texture": "#dark" },
				"north": { "uv": [ 5, 6, 6, 8 ], "texture": "#dark" },
				"south": { "uv": [ 10, 6, 11, 8 ], "texture": "#dark" },
				"west": { "uv": [ 3.0, 6, 4.0, 8 ], "texture": "#dark" },
				"east": { "uv": [ 12.0, 6, 13.0, 8 ], "texture": "#dark" }
			}
		},
		{
			"__comment": "dark20",
			"from": [ 15, 8, 4 ],
			"to": [ 16, 10, 5 ],
			"faces": {
				"down": { "uv": [ 15, 11.0, 16, 12.0 ], "texture": "#dark" },
				"up": { "uv": [ 15, 4.0, 16, 5.0 ], "texture": "#dark" },
				"north": { "uv": [ 0, 6, 1, 8 ], "texture": "#dark" },
				"south": { "uv": [ 15, 6, 16, 8 ], "texture": "#dark" },
				"west": { "uv": [ 4.0, 6, 5.0, 8 ], "texture": "#dark" },
				"east": { "uv": [ 11.0, 6, 12.0, 8 ], "texture": "#dark" }
			}
		},
		{
			"__comment": "dark",
			"from": [ 1, 7, 3 ],
			"to": [ 2, 9, 4 ],
			"faces": {
				"down": { "uv": [ 1, 12.0, 2, 13.0 ], "texture": "#dark" },
				"up": { "uv": [ 1, 3.0, 2, 4.0 ], "texture": "#dark" },
				"north": { "uv": [ 14, 7, 15, 9 ], "texture": "#dark" },
				"south": { "uv": [ 1, 7, 2, 9 ], "texture": "#dark" },
				"west": { "uv": [ 3.0, 7, 4.0, 9 ], "texture": "#dark" },
				"east": { "uv": [ 12.0, 7, 13.0, 9 ], "texture": "#dark" }
			}
		},
		{
			"__comment": "dark7",
			"from": [ 5, 8, 7 ],
			"to": [ 6, 9, 8 ],
			"faces": {
				"down": { "uv": [ 5, 8.0, 6, 9.0 ], "texture": "#dark" },
				"up": { "uv": [ 5, 7.0, 6, 8.0 ], "texture": "#dark" },
				"north": { "uv": [ 10, 7, 11, 8 ], "texture": "#dark" },
				"south": { "uv": [ 5, 7, 6, 8 ], "texture": "#dark" },
				"west": { "uv": [ 7.0, 7, 8.0, 8 ], "texture": "#dark" },
				"east": { "uv": [ 8.0, 7, 9.0, 8 ], "texture": "#dark" }
			}
		},
		{
			"__comment": "dark18",
			"from": [ 13, 8, 3 ],
			"to": [ 14, 9, 4 ],
			"faces": {
				"down": { "uv": [ 13, 12.0, 14, 13.0 ], "texture": "#dark" },
				"up": { "uv": [ 13, 3.0, 14, 4.0 ], "texture": "#dark" },
				"north": { "uv": [ 2, 7, 3, 8 ], "texture": "#dark" },
				"south": { "uv": [ 13, 7, 14, 8 ], "texture": "#dark" },
				"west": { "uv": [ 3.0, 7, 4.0, 8 ], "texture": "#dark" },
				"east": { "uv": [ 12.0, 7, 13.0, 8 ], "texture": "#dark" }
			}
		},
		{
			"__comment": "dark19",
			"from": [ 14, 7, 3.5 ],
			"to": [ 15, 8, 4.5 ],
			"faces": {
				"down": { "uv": [ 14, 11.5, 15, 12.5 ], "texture": "#dark" },
				"up": { "uv": [ 14, 3.5, 15, 4.5 ], "texture": "#dark" },
				"north": { "uv": [ 1, 8, 2, 9 ], "texture": "#dark" },
				"south": { "uv": [ 14, 8, 15, 9 ], "texture": "#dark" },
				"west": { "uv": [ 3.5, 8, 4.5, 9 ], "texture": "#dark" },
				"east": { "uv": [ 11.5, 8, 12.5, 9 ], "texture": "#dark" }
			}
		},
		{
			"__comment": "light1",
			"from": [ 11.5, -1, 7 ],
			"to": [ 12.5, 12, 8 ],
			"faces": {
				"down": { "uv": [ 11.5, 8, 12.5, 9 ], "texture": "#texture" },
				"up": { "uv": [ 11.5, 7, 12.5, 8 ], "texture": "#texture" },
				"north": { "uv": [ 3.5, 4.0, 4.5, 16 ], "texture": "#texture" },
				"south": { "uv": [ 11.5, 4.0, 12.5, 16 ], "texture": "#texture" },
				"west": { "uv": [ 7, 4.0, 8, 16 ], "texture": "#texture" },
				"east": { "uv": [ 8, 4.0, 9, 16 ], "texture": "#texture" }
			}
		},
		{
			"__comment": "light2",
			"from": [ 11, -1, 2 ],
			"to": [ 12, 11, 3 ],
			"faces": {
				"down": { "uv": [ 11.0, 13, 12.0, 14 ], "texture": "#texture" },
				"up": { "uv": [ 11.0, 2, 12.0, 3 ], "texture": "#texture" },
				"north": { "uv": [ 4.0, 5.0, 5.0, 16 ], "texture": "#texture" },
				"south": { "uv": [ 11.0, 5.0, 12.0, 16 ], "texture": "#texture" },
				"west": { "uv": [ 2, 5.0, 3, 16 ], "texture": "#texture" },
				"east": { "uv": [ 13, 5.0, 14, 16 ], "texture": "#texture" }
			}
		},
		{
			"__comment": "light3",
			"from": [ 12, -1, 8 ],
			"to": [ 13, 11, 9 ],
			"faces": {
				"down": { "uv": [ 12.0, 7, 13.0, 8 ], "texture": "#texture" },
				"up": { "uv": [ 12.0, 8, 13.0, 9 ], "texture": "#texture" },
				"north": { "uv": [ 3.0, 5.0, 4.0, 16 ], "texture": "#texture" },
				"south": { "uv": [ 12.0, 5.0, 13.0, 16 ], "texture": "#texture" },
				"west": { "uv": [ 8, 5.0, 9, 16 ], "texture": "#texture" },
				"east": { "uv": [ 7, 5.0, 8, 16 ], "texture": "#texture" }
			}
		},
		{
			"__comment": "light4",
			"from": [ 12, -1, 11 ],
			"to": [ 13, 11, 12 ],
			"faces": {
				"down": { "uv": [ 12, 4.0, 13, 5.0 ], "texture": "#texture" },
				"up": { "uv": [ 12, 11, 13, 12 ], "texture": "#texture" },
				"north": { "uv": [ 3.0, 5.0, 4.0, 16 ], "texture": "#texture" },
				"south": { "uv": [ 12, 5.0, 13, 16 ], "texture": "#texture" },
				"west": { "uv": [ 11, 5.0, 12, 16 ], "texture": "#texture" },
				"east": { "uv": [ 4.0, 5.0, 5.0, 16 ], "texture": "#texture" }
			}
		},
		{
			"__comment": "light5",
			"from": [ 12, -1, 3 ],
			"to": [ 13, 10, 4 ],
			"faces": {
				"down": { "uv": [ 12.0, 12, 13.0, 13 ], "texture": "#texture" },
				"up": { "uv": [ 12.0, 3.0, 13.0, 4.0 ], "texture": "#texture" },
				"north": { "uv": [ 3.0, 6.0, 4.0, 16 ], "texture": "#texture" },
				"south": { "uv": [ 12.0, 6.0, 13.0, 16 ], "texture": "#texture" },
				"west": { "uv": [ 3.0, 6.0, 4.0, 16 ], "texture": "#texture" },
				"east": { "uv": [ 12, 6.0, 13, 16 ], "texture": "#texture" }
			}
		},
		{
			"__comment": "light6",
			"from": [ 11.5, -1, 4 ],
			"to": [ 12.5, 9, 5 ],
			"faces": {
				"down": { "uv": [ 11.5, 11, 12.5, 12 ], "texture": "#texture" },
				"up": { "uv": [ 11.5, 4, 12.5, 5 ], "texture": "#texture" },
				"north": { "uv": [ 3.5, 7.0, 4.5, 16 ], "texture": "#texture" },
				"south": { "uv": [ 11.5, 7.0, 12.5, 16 ], "texture": "#texture" },
				"west": { "uv": [ 4, 7.0, 5, 16 ], "texture": "#texture" },
				"east": { "uv": [ 11, 7.0, 12, 16 ], "texture": "#texture" }
			}
		},
		{
			"__comment": "light7",
			"from": [ 11, -1, 9 ],
			"to": [ 12, 9, 10 ],
			"faces": {
				"down": { "uv": [ 11.0, 6, 12.0, 7 ], "texture": "#texture" },
				"up": { "uv": [ 11.0, 9, 12.0, 10 ], "texture": "#texture" },
				"north": { "uv": [ 4.0, 7.0, 5.0, 16 ], "texture": "#texture" },
				"south": { "uv": [ 11.0, 7.0, 12.0, 16 ], "texture": "#texture" },
				"west": { "uv": [ 9, 7.0, 10, 16 ], "texture": "#texture" },
				"east": { "uv": [ 6, 7.0, 7, 16 ], "texture": "#texture" }
			}
		},
		{
			"__comment": "light8",
			"from": [ 11.0, -1, 0 ],
			"to": [ 12.0, 8, 1 ],
			"faces": {
				"down": { "uv": [ 11.0, 15, 12.0, 16 ], "texture": "#texture" },
				"up": { "uv": [ 11.0, 0, 12.0, 1.0 ], "texture": "#texture" },
				"north": { "uv": [ 4.0, 8.0, 5.0, 16 ], "texture": "#texture" },
				"south": { "uv": [ 11.0, 8.0, 12.0, 16 ], "texture": "#texture" },
				"west": { "uv": [ 0, 8.0, 1.0, 16 ], "texture": "#texture" },
				"east": { "uv": [ 15, 8.0, 16, 16 ], "texture": "#texture" }
			}
		},
		{
			"__comment": "light9",
			"from": [ 11, -1, 5 ],
			"to": [ 12, 8, 6 ],
			"faces": {
				"down": { "uv": [ 11.0, 10, 12.0, 11 ], "texture": "#texture" },
				"up": { "uv": [ 11.0, 5, 12.0, 6 ], "texture": "#texture" },
				"north": { "uv": [ 4.0, 8.0, 5.0, 16 ], "texture": "#texture" },
				"south": { "uv": [ 11.0, 8.0, 12.0, 16 ], "texture": "#texture" },
				"west": { "uv": [ 5, 8.0, 6, 16 ], "texture": "#texture" },
				"east": { "uv": [ 10, 8.0, 11, 16 ], "texture": "#texture" }
			}
		},
		{
			"__comment": "light10",
			"from": [ 11.5, -1, 10 ],
			"to": [ 12.5, 8, 11 ],
			"faces": {
				"down": { "uv": [ 11.5, 5, 12.5, 6 ], "texture": "#texture" },
				"up": { "uv": [ 11.5, 10, 12.5, 11 ], "texture": "#texture" },
				"north": { "uv": [ 3.5, 8.0, 4.5, 16 ], "texture": "#texture" },
				"south": { "uv": [ 11.5, 8.0, 12.5, 16 ], "texture": "#texture" },
				"west": { "uv": [ 10, 8.0, 11, 16 ], "texture": "#texture" },
				"east": { "uv": [ 5, 8.0, 6, 16 ], "texture": "#texture" }
			}
		},
		{
			"__comment": "light11",
			"from": [ 11.5, -1, 13 ],
			"to": [ 12.5, 8, 14 ],
			"faces": {
				"down": { "uv": [ 11.5, 2, 12.5, 3 ], "texture": "#texture" },
				"up": { "uv": [ 11.5, 13, 12.5, 14 ], "texture": "#texture" },
				"north": { "uv": [ 3.5, 8.0, 4.5, 16 ], "texture": "#texture" },
				"south": { "uv": [ 11.5, 8.0, 12.5, 16 ], "texture": "#texture" },
				"west": { "uv": [ 13, 8.0, 14, 16 ], "texture": "#texture" },
				"east": { "uv": [ 2, 8.0, 3, 16 ], "texture": "#texture" }
			}
		},
		{
			"__comment": "light12",
			"from": [ 11.5, -1, 1 ],
			"to": [ 12.5, 7, 2 ],
			"faces": {
				"down": { "uv": [ 11.5, 14.0, 12.5, 15.0 ], "texture": "#texture" },
				"up": { "uv": [ 11.5, 1.0, 12.5, 2.0 ], "texture": "#texture" },
				"north": { "uv": [ 3.5, 9.0, 4.5, 16 ], "texture": "#texture" },
				"south": { "uv": [ 11.5, 9.0, 12.5, 16 ], "texture": "#texture" },
				"west": { "uv": [ 1.0, 9.0, 2.0, 16 ], "texture": "#texture" },
				"east": { "uv": [ 14.0, 9.0, 15.0, 16 ], "texture": "#texture" }
			}
		},
		{
			"__comment": "light",
			"from": [ 11, -1, 14 ],
			"to": [ 12, 7, 15 ],
			"faces": {
				"down": { "uv": [ 11, 1, 12, 2 ], "texture": "#texture" },
				"up": { "uv": [ 11, 14, 12, 15 ], "texture": "#texture" },
				"north": { "uv": [ 4.0, 9.0, 5.0, 16 ], "texture": "#texture" },
				"south": { "uv": [ 11, 9.0, 12, 16 ], "texture": "#texture" },
				"west": { "uv": [ 14, 9.0, 15, 16 ], "texture": "#texture" },
				"east": { "uv": [ 1, 9.0, 2, 16 ], "texture": "#texture" }
			}
		},
		{
			"__comment": "dark9",
			"from": [ 10.5, 13, 6.5 ],
			"to": [ 11.5, 15, 7.5 ],
			"faces": {
				"down": { "uv": [ 10.5, 8.5, 11.5, 9.5 ], "texture": "#dark" },
				"up": { "uv": [ 10.5, 6.5, 11.5, 7.5 ], "texture": "#dark" },
				"north": { "uv": [ 4.5, 1, 5.5, 3 ], "texture": "#dark" },
				"south": { "uv": [ 10.5, 1, 11.5, 3 ], "texture": "#dark" },
				"west": { "uv": [ 6.5, 1, 7.5, 3 ], "texture": "#dark" },
				"east": { "uv": [ 8.5, 1, 9.5, 3 ], "texture": "#dark" }
			}
		},
		{
			"__comment": "dark2",
			"from": [ 11.5, 12, 0.5 ],
			"to": [ 12.5, 14, 1.5 ],
			"faces": {
				"down": { "uv": [ 11.5, 14.5, 12.5, 15.5 ], "texture": "#dark" },
				"up": { "uv": [ 11.5, 0.5, 12.5, 1.5 ], "texture": "#dark" },
				"north": { "uv": [ 3.5, 2, 4.5, 4 ], "texture": "#dark" },
				"south": { "uv": [ 11.5, 2, 12.5, 4 ], "texture": "#dark" },
				"west": { "uv": [ 0.5, 2, 1.5, 4 ], "texture": "#dark" },
				"east": { "uv": [ 14.5, 2, 15.5, 4 ], "texture": "#dark" }
			}
		},
		{
			"__comment": "dark10",
			"from": [ 11, 12, 7.5 ],
			"to": [ 12, 14, 8.5 ],
			"faces": {
				"down": { "uv": [ 11.0, 7.5, 12.0, 8.5 ], "texture": "#dark" },
				"up": { "uv": [ 11.0, 7.5, 12.0, 8.5 ], "texture": "#dark" },
				"north": { "uv": [ 4.0, 2, 5.0, 4 ], "texture": "#dark" },
				"south": { "uv": [ 11.0, 2, 12.0, 4 ], "texture": "#dark" },
				"west": { "uv": [ 7.5, 2, 8.5, 4 ], "texture": "#dark" },
				"east": { "uv": [ 7.5, 2, 8.5, 4 ], "texture": "#dark" }
			}
		},
		{
			"__comment": "dark3",
			"from": [ 11, 11, 1.5 ],
			"to": [ 12, 13, 2.5 ],
			"faces": {
				"down": { "uv": [ 11.0, 13.5, 12.0, 14.5 ], "texture": "#dark" },
				"up": { "uv": [ 11.0, 1.5, 12.0, 2.5 ], "texture": "#dark" },
				"north": { "uv": [ 4.0, 3, 5.0, 5 ], "texture": "#dark" },
				"south": { "uv": [ 11.0, 3, 12.0, 5 ], "texture": "#dark" },
				"west": { "uv": [ 1.5, 3, 2.5, 5 ], "texture": "#dark" },
				"east": { "uv": [ 13.5, 3, 14.5, 5 ], "texture": "#dark" }
			}
		},
		{
			"__comment": "dark16",
			"from": [ 11.5, 11, 13 ],
			"to": [ 12.5, 13, 14 ],
			"faces": {
				"down": { "uv": [ 11.5, 2, 12.5, 3 ], "texture": "#dark" },
				"up": { "uv": [ 11.5, 13, 12.5, 14 ], "texture": "#dark" },
				"north": { "uv": [ 3.5, 3, 4.5, 5 ], "texture": "#dark" },
				"south": { "uv": [ 11.5, 3, 12.5, 5 ], "texture": "#dark" },
				"west": { "uv": [ 13, 3, 14, 5 ], "texture": "#dark" },
				"east": { "uv": [ 2, 3, 3, 5 ], "texture": "#dark" }
			}
		},
		{
			"__comment": "dark6",
			"from": [ 12.5, 10, 5 ],
			"to": [ 13.5, 12, 6 ],
			"faces": {
				"down": { "uv": [ 12.5, 10.0, 13.5, 11.0 ], "texture": "#dark" },
				"up": { "uv": [ 12.5, 5.0, 13.5, 6.0 ], "texture": "#dark" },
				"north": { "uv": [ 2.5, 4, 3.5, 6 ], "texture": "#dark" },
				"south": { "uv": [ 12.5, 4, 13.5, 6 ], "texture": "#dark" },
				"west": { "uv": [ 5.0, 4, 6.0, 6 ], "texture": "#dark" },
				"east": { "uv": [ 10.0, 4, 11.0, 6 ], "texture": "#dark" }
			}
		},
		{
			"__comment": "dark11",
			"from": [ 12.5, 11, 8 ],
			"to": [ 13.5, 12, 9 ],
			"faces": {
				"down": { "uv": [ 12.5, 7, 13.5, 8 ], "texture": "#dark" },
				"up": { "uv": [ 12.5, 8, 13.5, 9 ], "texture": "#dark" },
				"north": { "uv": [ 2.5, 4, 3.5, 5 ], "texture": "#dark" },
				"south": { "uv": [ 12.5, 4, 13.5, 5 ], "texture": "#dark" },
				"west": { "uv": [ 8, 4, 9, 5 ], "texture": "#dark" },
				"east": { "uv": [ 7, 4, 8, 5 ], "texture": "#dark" }
			}
		},
		{
			"__comment": "dark14",
			"from": [ 12.5, 11, 11 ],
			"to": [ 13.5, 12, 12 ],
			"faces": {
				"down": { "uv": [ 12.5, 4.0, 13.5, 5.0 ], "texture": "#dark" },
				"up": { "uv": [ 12.5, 11, 13.5, 12 ], "texture": "#dark" },
				"north": { "uv": [ 2.5, 4, 3.5, 5 ], "texture": "#dark" },
				"south": { "uv": [ 12.5, 4, 13.5, 5 ], "texture": "#dark" },
				"west": { "uv": [ 11, 4, 12, 5 ], "texture": "#dark" },
				"east": { "uv": [ 4.0, 4, 5.0, 5 ], "texture": "#dark" }
			}
		},
		{
			"__comment": "dark4",
			"from": [ 12.5, 10, 3 ],
			"to": [ 13.5, 11, 4 ],
			"faces": {
				"down": { "uv": [ 12.5, 12.0, 13.5, 13.0 ], "texture": "#dark" },
				"up": { "uv": [ 12.5, 3.0, 13.5, 4.0 ], "texture": "#dark" },
				"north": { "uv": [ 2.5, 5, 3.5, 6 ], "texture": "#dark" },
				"south": { "uv": [ 12.5, 5, 13.5, 6 ], "texture": "#dark" },
				"west": { "uv": [ 3.0, 5, 4.0, 6 ], "texture": "#dark" },
				"east": { "uv": [ 12.0, 5, 13.0, 6 ], "texture": "#dark" }
			}
		},
		{
			"__comment": "dark8",
			"from": [ 11.5, 9, 6 ],
			"to": [ 12.5, 11, 7 ],
			"faces": {
				"down": { "uv": [ 11.5, 9, 12.5, 10 ], "texture": "#dark" },
				"up": { "uv": [ 11.5, 6, 12.5, 7 ], "texture": "#dark" },
				"north": { "uv": [ 3.5, 5, 4.5, 7 ], "texture": "#dark" },
				"south": { "uv": [ 11.5, 5, 12.5, 7 ], "texture": "#dark" },
				"west": { "uv": [ 6, 5, 7, 7 ], "texture": "#dark" },
				"east": { "uv": [ 9, 5, 10, 7 ], "texture": "#dark" }
			}
		},
		{
			"__comment": "dark12",
			"from": [ 10.5, 9, 8.5 ],
			"to": [ 11.5, 11, 9.5 ],
			"faces": {
				"down": { "uv": [ 10.5, 6.5, 11.5, 7.5 ], "texture": "#dark" },
				"up": { "uv": [ 10.5, 8.5, 11.5, 9.5 ], "texture": "#dark" },
				"north": { "uv": [ 4.5, 5, 5.5, 7 ], "texture": "#dark" },
				"south": { "uv": [ 10.5, 5, 11.5, 7 ], "texture": "#dark" },
				"west": { "uv": [ 8.5, 5, 9.5, 7 ], "texture": "#dark" },
				"east": { "uv": [ 6.5, 5, 7.5, 7 ], "texture": "#dark" }
			}
		},
		{
			"__comment": "dark17",
			"from": [ 11.5, 9, 14 ],
			"to": [ 12.5, 11, 15 ],
			"faces": {
				"down": { "uv": [ 11.5, 1, 12.5, 2 ], "texture": "#dark" },
				"up": { "uv": [ 11.5, 14, 12.5, 15 ], "texture": "#dark" },
				"north": { "uv": [ 3.5, 5, 4.5, 7 ], "texture": "#dark" },
				"south": { "uv": [ 11.5, 5, 12.5, 7 ], "texture": "#dark" },
				"west": { "uv": [ 14, 5, 15, 7 ], "texture": "#dark" },
				"east": { "uv": [ 1, 5, 2, 7 ], "texture": "#dark" }
			}
		},
		{
			"__comment": "dark1",
			"from": [ 11.5, 8, 0 ],
			"to": [ 12.5, 10, 1 ],
			"faces": {
				"down": { "uv": [ 11.5, 15, 12.5, 16 ], "texture": "#dark" },
				"up": { "uv": [ 11.5, 0, 12.5, 1.0 ], "texture": "#dark" },
				"north": { "uv": [ 3.5, 6, 4.5, 8 ], "texture": "#dark" },
				"south": { "uv": [ 11.5, 6, 12.5, 8 ], "texture": "#dark" },
				"west": { "uv": [ 0, 6, 1.0, 8 ], "texture": "#dark" },
				"east": { "uv": [ 15, 6, 16, 8 ], "texture": "#dark" }
			}
		},
		{
			"__comment": "dark5",
			"from": [ 12, 9, 4 ],
			"to": [ 13, 10, 5 ],
			"faces": {
				"down": { "uv": [ 12.0, 11, 13.0, 12 ], "texture": "#dark" },
				"up": { "uv": [ 12.0, 4.0, 13.0, 5.0 ], "texture": "#dark" },
				"north": { "uv": [ 3.0, 6, 4.0, 7 ], "texture": "#dark" },
				"south": { "uv": [ 12.0, 6, 13.0, 7 ], "texture": "#dark" },
				"west": { "uv": [ 4.0, 6, 5.0, 7 ], "texture": "#dark" },
				"east": { "uv": [ 11, 6, 12, 7 ], "texture": "#dark" }
			}
		},
		{
			"__comment": "dark13",
			"from": [ 11.5, 8, 10 ],
			"to": [ 12.5, 10, 11 ],
			"faces": {
				"down": { "uv": [ 11.5, 5, 12.5, 6 ], "texture": "#dark" },
				"up": { "uv": [ 11.5, 10, 12.5, 11 ], "texture": "#dark" },
				"north": { "uv": [ 3.5, 6, 4.5, 8 ], "texture": "#dark" },
				"south": { "uv": [ 11.5, 6, 12.5, 8 ], "texture": "#dark" },
				"west": { "uv": [ 10, 6, 11, 8 ], "texture": "#dark" },
				"east": { "uv": [ 5, 6, 6, 8 ], "texture": "#dark" }
			}
		},
		{
			"__comment": "dark20",
			"from": [ 10.5, 8, 15 ],
			"to": [ 11.5, 10, 16 ],
			"faces": {
				"down": { "uv": [ 10.5, 1.9E-06, 11.5, 1.0 ], "texture": "#dark" },
				"up": { "uv": [ 10.5, 15, 11.5, 16 ], "texture": "#dark" },
				"north": { "uv": [ 4.5, 6, 5.5, 8 ], "texture": "#dark" },
				"south": { "uv": [ 10.5, 6, 11.5, 8 ], "texture": "#dark" },
				"west": { "uv": [ 15, 6, 16, 8 ], "texture": "#dark" },
				"east": { "uv": [ 1.9E-06, 6, 1.0, 8 ], "texture": "#dark" }
			}
		},
		{
			"__comment": "dark",
			"from": [ 11.5, 7, 1 ],
			"to": [ 12.5, 9, 2 ],
			"faces": {
				"down": { "uv": [ 11.5, 14.0, 12.5, 15.0 ], "texture": "#dark" },
				"up": { "uv": [ 11.5, 1.0, 12.5, 2.0 ], "texture": "#dark" },
				"north": { "uv": [ 3.5, 7, 4.5, 9 ], "texture": "#dark" },
				"south": { "uv": [ 11.5, 7, 12.5, 9 ], "texture": "#dark" },
				"west": { "uv": [ 1.0, 7, 2.0, 9 ], "texture": "#dark" },
				"east": { "uv": [ 14.0, 7, 15.0, 9 ], "texture": "#dark" }
			}
		},
		{
			"__comment": "dark7",
			"from": [ 11.5, 8, 5 ],
			"to": [ 12.5, 9, 6 ],
			"faces": {
				"down": { "uv": [ 11.5, 10, 12.5, 11 ], "texture": "#dark" },
				"up": { "uv": [ 11.5, 5, 12.5, 6 ], "texture": "#dark" },
				"north": { "uv": [ 3.5, 7, 4.5, 8 ], "texture": "#dark" },
				"south": { "uv": [ 11.5, 7, 12.5, 8 ], "texture": "#dark" },
				"west": { "uv": [ 5, 7, 6, 8 ], "texture": "#dark" },
				"east": { "uv": [ 10, 7, 11, 8 ], "texture": "#dark" }
			}
		},
		{
			"__comment": "dark18",
			"from": [ 11.5, 8, 13 ],
			"to": [ 12.5, 9, 14 ],
			"faces": {
				"down": { "uv": [ 11.5, 2, 12.5, 3 ], "texture": "#dark" },
				"up": { "uv": [ 11.5, 13, 12.5, 14 ], "texture": "#dark" },
				"north": { "uv": [ 3.5, 7, 4.5, 8 ], "texture": "#dark" },
				"south": { "uv": [ 11.5, 7, 12.5, 8 ], "texture": "#dark" },
				"west": { "uv": [ 13, 7, 14, 8 ], "texture": "#dark" },
				"east": { "uv": [ 2, 7, 3, 8 ], "texture": "#dark" }
			}
		},
		{
			"__comment": "dark19",
			"from": [ 11, 7, 14 ],
			"to": [ 12, 8, 15 ],
			"faces": {
				"down": { "uv": [ 11.0, 1, 12.0, 2 ], "texture": "#dark" },
				"up": { "uv": [ 11.0, 14, 12.0, 15 ], "texture": "#dark" },
				"north": { "uv": [ 4.0, 8, 5.0, 9 ], "texture": "#dark" },
				"south": { "uv": [ 11.0, 8, 12.0, 9 ], "texture": "#dark" },
				"west": { "uv": [ 14, 8, 15, 9 ], "texture": "#dark" },
				"east": { "uv": [ 1, 8, 2, 9 ], "texture": "#dark" }
			}
		},
		{
			"__comment": "light3",
			"from": [ 3.5, -1, 8 ],
			"to": [ 4.5, 11, 9 ],
			"faces": {
				"down": { "uv": [ 3.5, 7, 4.5, 8 ], "texture": "#texture" },
				"up": { "uv": [ 3.5, 8, 4.5, 9 ], "texture": "#texture" },
				"north": { "uv": [ 11.5, 5.0, 12.5, 16 ], "texture": "#texture" },
				"south": { "uv": [ 3.5, 5.0, 4.5, 16 ], "texture": "#texture" },
				"west": { "uv": [ 8, 5.0, 9, 16 ], "texture": "#texture" },
				"east": { "uv": [ 7, 5.0, 8, 16 ], "texture": "#texture" }
			}
		},
		{
			"__comment": "light10",
			"from": [ 3, -1, 10 ],
			"to": [ 4, 8, 11 ],
			"faces": {
				"down": { "uv": [ 3.0, 5, 4.0, 6 ], "texture": "#texture" },
				"up": { "uv": [ 3.0, 10, 4.0, 11 ], "texture": "#texture" },
				"north": { "uv": [ 12.0, 8.0, 13.0, 16 ], "texture": "#texture" },
				"south": { "uv": [ 3.0, 8.0, 4.0, 16 ], "texture": "#texture" },
				"west": { "uv": [ 10, 8.0, 11, 16 ], "texture": "#texture" },
				"east": { "uv": [ 5, 8.0, 6, 16 ], "texture": "#texture" }
			}
		},
		{
			"__comment": "dark13",
			"from": [ 3, 8, 10 ],
			"to": [ 4, 10, 11 ],
			"faces": {
				"down": { "uv": [ 3.0, 5, 4.0, 6 ], "texture": "#dark" },
				"up": { "uv": [ 3.0, 10, 4.0, 11 ], "texture": "#dark" },
				"north": { "uv": [ 12, 6, 13, 8 ], "texture": "#dark" },
				"south": { "uv": [ 3.0, 6, 4.0, 8 ], "texture": "#dark" },
				"west": { "uv": [ 10, 6, 11, 8 ], "texture": "#dark" },
				"east": { "uv": [ 5, 6, 6, 8 ], "texture": "#dark" }
			}
		},
		{
			"__comment": "light7",
			"from": [ 2.5, -1, 9 ],
			"to": [ 3.5, 9, 10 ],
			"faces": {
				"down": { "uv": [ 2.5, 6, 3.5, 7 ], "texture": "#texture" },
				"up": { "uv": [ 2.5, 9, 3.5, 10 ], "texture": "#texture" },
				"north": { "uv": [ 12.5, 7.0, 13.5, 16 ], "texture": "#texture" },
				"south": { "uv": [ 2.5, 7.0, 3.5, 16 ], "texture": "#texture" },
				"west": { "uv": [ 9, 7.0, 10, 16 ], "texture": "#texture" },
				"east": { "uv": [ 6, 7.0, 7, 16 ], "texture": "#texture" }
			}
		},
		{
			"__comment": "dark12",
			"from": [ 2, 9, 8.5 ],
			"to": [ 3, 11, 9.5 ],
			"faces": {
				"down": { "uv": [ 2.0, 6.5, 3.0, 7.5 ], "texture": "#dark" },
				"up": { "uv": [ 2.0, 8.5, 3.0, 9.5 ], "texture": "#dark" },
				"north": { "uv": [ 13, 5, 14, 7 ], "texture": "#dark" },
				"south": { "uv": [ 2.0, 5, 3.0, 7 ], "texture": "#dark" },
				"west": { "uv": [ 8.5, 5, 9.5, 7 ], "texture": "#dark" },
				"east": { "uv": [ 6.5, 5, 7.5, 7 ], "texture": "#dark" }
			}
		},
		{
			"__comment": "dark10",
			"from": [ 2.5, 12, 7.5 ],
			"to": [ 3.5, 14, 8.5 ],
			"faces": {
				"down": { "uv": [ 2.5, 7.5, 3.5, 8.5 ], "texture": "#dark" },
				"up": { "uv": [ 2.5, 7.5, 3.5, 8.5 ], "texture": "#dark" },
				"north": { "uv": [ 12.5, 2, 13.5, 4 ], "texture": "#dark" },
				"south": { "uv": [ 2.5, 2, 3.5, 4 ], "texture": "#dark" },
				"west": { "uv": [ 7.5, 2, 8.5, 4 ], "texture": "#dark" },
				"east": { "uv": [ 7.5, 2, 8.5, 4 ], "texture": "#dark" }
			}
		},
		{
			"__comment": "dark9",
			"from": [ 2, 13, 6.5 ],
			"to": [ 3, 15, 7.5 ],
			"faces": {
				"down": { "uv": [ 2.0, 8.5, 3.0, 9.5 ], "texture": "#dark" },
				"up": { "uv": [ 2.0, 6.5, 3.0, 7.5 ], "texture": "#dark" },
				"north": { "uv": [ 13.0, 1, 14.0, 3 ], "texture": "#dark" },
				"south": { "uv": [ 2.0, 1, 3.0, 3 ], "texture": "#dark" },
				"west": { "uv": [ 6.5, 1, 7.5, 3 ], "texture": "#dark" },
				"east": { "uv": [ 8.5, 1, 9.5, 3 ], "texture": "#dark" }
			}
		},
		{
			"__comment": "light1",
			"from": [ 3, -1, 7 ],
			"to": [ 4, 12, 8 ],
			"faces": {
				"down": { "uv": [ 3.0, 8, 4.0, 9 ], "texture": "#texture" },
				"up": { "uv": [ 3.0, 7, 4.0, 8 ], "texture": "#texture" },
				"north": { "uv": [ 12, 4.0, 13, 16 ], "texture": "#texture" },
				"south": { "uv": [ 3.0, 4.0, 4.0, 16 ], "texture": "#texture" },
				"west": { "uv": [ 7, 4.0, 8, 16 ], "texture": "#texture" },
				"east": { "uv": [ 8, 4.0, 9, 16 ], "texture": "#texture" }
			}
		},
		{
			"__comment": "dark8",
			"from": [ 3, 9, 6 ],
			"to": [ 4, 11, 7 ],
			"faces": {
				"down": { "uv": [ 3.0, 9, 4.0, 10 ], "texture": "#dark" },
				"up": { "uv": [ 3.0, 6, 4.0, 7 ], "texture": "#dark" },
				"north": { "uv": [ 12, 5, 13, 7 ], "texture": "#dark" },
				"south": { "uv": [ 3.0, 5, 4.0, 7 ], "texture": "#dark" },
				"west": { "uv": [ 6, 5, 7, 7 ], "texture": "#dark" },
				"east": { "uv": [ 9, 5, 10, 7 ], "texture": "#dark" }
			}
		},
		{
			"__comment": "light9",
			"from": [ 2.5, -1, 5 ],
			"to": [ 3.5, 8, 6 ],
			"faces": {
				"down": { "uv": [ 2.5, 10, 3.5, 11 ], "texture": "#texture" },
				"up": { "uv": [ 2.5, 5, 3.5, 6 ], "texture": "#texture" },
				"north": { "uv": [ 12.5, 8.0, 13.5, 16 ], "texture": "#texture" },
				"south": { "uv": [ 2.5, 8.0, 3.5, 16 ], "texture": "#texture" },
				"west": { "uv": [ 5, 8.0, 6, 16 ], "texture": "#texture" },
				"east": { "uv": [ 10, 8.0, 11, 16 ], "texture": "#texture" }
			}
		},
		{
			"__comment": "light6",
			"from": [ 4, -1, 3 ],
			"to": [ 5, 9, 4 ],
			"faces": {
				"down": { "uv": [ 4, 12.0, 5, 13.0 ], "texture": "#texture" },
				"up": { "uv": [ 4, 3.0, 5, 4.0 ], "texture": "#texture" },
				"north": { "uv": [ 11, 7.0, 12, 16 ], "texture": "#texture" },
				"south": { "uv": [ 4, 7.0, 5, 16 ], "texture": "#texture" },
				"west": { "uv": [ 3.0, 7.0, 4.0, 16 ], "texture": "#texture" },
				"east": { "uv": [ 12.0, 7.0, 13.0, 16 ], "texture": "#texture" }
			}
		},
		{
			"__comment": "light9",
			"from": [ 5, -1, 3.5 ],
			"to": [ 6, 8, 4.5 ],
			"faces": {
				"down": { "uv": [ 5, 11.5, 6, 12.5 ], "texture": "#texture" },
				"up": { "uv": [ 5, 3.5, 6, 4.5 ], "texture": "#texture" },
				"north": { "uv": [ 10, 8.0, 11, 16 ], "texture": "#texture" },
				"south": { "uv": [ 5, 8.0, 6, 16 ], "texture": "#texture" },
				"west": { "uv": [ 3.5, 8.0, 4.5, 16 ], "texture": "#texture" },
				"east": { "uv": [ 11.5, 8.0, 12.5, 16 ], "texture": "#texture" }
			}
		},
		{
			"__comment": "dark6",
			"from": [ 5, 10, 2 ],
			"to": [ 6, 12, 3 ],
			"faces": {
				"down": { "uv": [ 5, 13, 6, 14 ], "texture": "#dark" },
				"up": { "uv": [ 5, 2.0, 6, 3.0 ], "texture": "#dark" },
				"north": { "uv": [ 10, 4, 11, 6 ], "texture": "#dark" },
				"south": { "uv": [ 5, 4, 6, 6 ], "texture": "#dark" },
				"west": { "uv": [ 2.0, 4, 3.0, 6 ], "texture": "#dark" },
				"east": { "uv": [ 13, 4, 14, 6 ], "texture": "#dark" }
			}
		},
		{
			"__comment": "dark5",
			"from": [ 4, 9, 2.5 ],
			"to": [ 5, 10, 3.5 ],
			"faces": {
				"down": { "uv": [ 4, 12.5, 5, 13.5 ], "texture": "#dark" },
				"up": { "uv": [ 4, 2.5, 5, 3.5 ], "texture": "#dark" },
				"north": { "uv": [ 11, 6, 12, 7 ], "texture": "#dark" },
				"south": { "uv": [ 4, 6, 5, 7 ], "texture": "#dark" },
				"west": { "uv": [ 2.5, 6, 3.5, 7 ], "texture": "#dark" },
				"east": { "uv": [ 12.5, 6, 13.5, 7 ], "texture": "#dark" }
			}
		},
		{
			"__comment": "dark8",
			"from": [ 6, 9, 3 ],
			"to": [ 7, 11, 4 ],
			"faces": {
				"down": { "uv": [ 6, 12, 7, 13 ], "texture": "#dark" },
				"up": { "uv": [ 6, 3.0, 7, 4.0 ], "texture": "#dark" },
				"north": { "uv": [ 9, 5, 10, 7 ], "texture": "#dark" },
				"south": { "uv": [ 6, 5, 7, 7 ], "texture": "#dark" },
				"west": { "uv": [ 3.0, 5, 4.0, 7 ], "texture": "#dark" },
				"east": { "uv": [ 12, 5, 13, 7 ], "texture": "#dark" }
			}
		},
		{
			"__comment": "dark7",
			"from": [ 5, 8, 3 ],
			"to": [ 6, 9, 4 ],
			"faces": {
				"down": { "uv": [ 5, 12.0, 6, 13.0 ], "texture": "#dark" },
				"up": { "uv": [ 5, 3.0, 6, 4.0 ], "texture": "#dark" },
				"north": { "uv": [ 10, 7, 11, 8 ], "texture": "#dark" },
				"south": { "uv": [ 5, 7, 6, 8 ], "texture": "#dark" },
				"west": { "uv": [ 3.0, 7, 4.0, 8 ], "texture": "#dark" },
				"east": { "uv": [ 12.0, 7, 13.0, 8 ], "texture": "#dark" }
			}
		},
		{
			"__comment": "dark4",
			"from": [ 4, 10, 3 ],
			"to": [ 5, 11, 4 ],
			"faces": {
				"down": { "uv": [ 4.0, 12.0, 5.0, 13.0 ], "texture": "#dark" },
				"up": { "uv": [ 4.0, 3.0, 5.0, 4.0 ], "texture": "#dark" },
				"north": { "uv": [ 11.0, 5, 12.0, 6 ], "texture": "#dark" },
				"south": { "uv": [ 4.0, 5, 5.0, 6 ], "texture": "#dark" },
				"west": { "uv": [ 3.0, 5, 4.0, 6 ], "texture": "#dark" },
				"east": { "uv": [ 12.0, 5, 13.0, 6 ], "texture": "#dark" }
			}
		},
		{
			"__comment": "dark13",
			"from": [ 10, 8, 11.5 ],
			"to": [ 11, 10, 12.5 ],
			"faces": {
				"down": { "uv": [ 10, 3.5, 11, 4.5 ], "texture": "#dark" },
				"up": { "uv": [ 10, 11.5, 11, 12.5 ], "texture": "#dark" },
				"north": { "uv": [ 5, 6, 6, 8 ], "texture": "#dark" },
				"south": { "uv": [ 10, 6, 11, 8 ], "texture": "#dark" },
				"west": { "uv": [ 11.5, 6, 12.5, 8 ], "texture": "#dark" },
				"east": { "uv": [ 3.5, 6, 4.5, 8 ], "texture": "#dark" }
			}
		},
		{
			"__comment": "light10",
			"from": [ 10, -1, 11.5 ],
			"to": [ 11, 8, 12.5 ],
			"faces": {
				"down": { "uv": [ 10, 3.5, 11, 4.5 ], "texture": "#texture" },
				"up": { "uv": [ 10, 11.5, 11, 12.5 ], "texture": "#texture" },
				"north": { "uv": [ 5, 8.0, 6, 16 ], "texture": "#texture" },
				"south": { "uv": [ 10, 8.0, 11, 16 ], "texture": "#texture" },
				"west": { "uv": [ 11.5, 8.0, 12.5, 16 ], "texture": "#texture" },
				"east": { "uv": [ 3.5, 8.0, 4.5, 16 ], "texture": "#texture" }
			}
		},
		{
			"__comment": "light7",
			"from": [ 9, -1, 12 ],
			"to": [ 10, 9, 13 ],
			"faces": {
				"down": { "uv": [ 9, 3.0, 10, 4.0 ], "texture": "#texture" },
				"up": { "uv": [ 9, 12.0, 10, 13.0 ], "texture": "#texture" },
				"north": { "uv": [ 6, 7.0, 7, 16 ], "texture": "#texture" },
				"south": { "uv": [ 9, 7.0, 10, 16 ], "texture": "#texture" },
				"west": { "uv": [ 12.0, 7.0, 13.0, 16 ], "texture": "#texture" },
				"east": { "uv": [ 3.0, 7.0, 4.0, 16 ], "texture": "#texture" }
			}
		},
		{
			"__comment": "dark12",
			"from": [ 8.5, 9, 12.5 ],
			"to": [ 9.5, 11, 13.5 ],
			"faces": {
				"down": { "uv": [ 8.5, 2.5, 9.5, 3.5 ], "texture": "#dark" },
				"up": { "uv": [ 8.5, 12.5, 9.5, 13.5 ], "texture": "#dark" },
				"north": { "uv": [ 6.5, 5, 7.5, 7 ], "texture": "#dark" },
				"south": { "uv": [ 8.5, 5, 9.5, 7 ], "texture": "#dark" },
				"west": { "uv": [ 12.5, 5, 13.5, 7 ], "texture": "#dark" },
				"east": { "uv": [ 2.5, 5, 3.5, 7 ], "texture": "#dark" }
			}
		}
	]
}