{
	"credit": "Made with Blockbench",
	"textures": {
		"0": "3d_transportation/3d_rail_wood",
		"1_1": "3d_transportation/3d_rail_iron_light",
		"particle": "3d_transportation/3d_rail_iron_light",
		"1_2": "3d_transportation/3d_rail_iron_dark"
	},
	"elements": [
		{
			"from": [13, 1, 4],
			"to": [13.999, 2, 12],
			"rotation": {"angle": 0, "axis": "x", "origin": [13.5, 8, 11]},
			"faces": {
				"north": {"uv": [2, 14, 2.999, 15], "texture": "#1_1"},
				"east": {"uv": [1, 15, 9, 16], "texture": "#1_1"},
				"south": {"uv": [13, 14, 13.999, 15], "texture": "#1_1"},
				"west": {"uv": [0, 14, 8, 15], "texture": "#1_1"},
				"up": {"uv": [13, 0, 13.99844, 8], "texture": "#1_1"},
				"down": {"uv": [13, 0, 13.999, 8], "texture": "#1_1"}
			}
		},
		{
			"from": [3, 1, 0],
			"to": [3.999, 1.5, 16],
			"rotation": {"angle": 0, "axis": "x", "origin": [3.5, 8, 8]},
			"faces": {
				"north": {"uv": [12, 14.5, 13, 15], "texture": "#1_2"},
				"east": {"uv": [16, 15, 0, 14.5], "texture": "#1_2"},
				"south": {"uv": [3, 14.5, 4, 15], "texture": "#1_2"},
				"west": {"uv": [0, 14.5, 16, 15], "texture": "#1_2"},
				"up": {"uv": [3, 0, 4, 16], "texture": "#1_2"},
				"down": {"uv": [3, 0, 4, 16], "texture": "#1_2"}
			}
		},
		{
			"from": [12.001, 1, 0],
			"to": [13, 1.5, 16],
			"rotation": {"angle": 0, "axis": "x", "origin": [12.501, 8, 8]},
			"faces": {
				"north": {"uv": [3, 14.5, 4, 15], "texture": "#1_2"},
				"east": {"uv": [16, 15, 0, 14.5], "texture": "#1_2"},
				"south": {"uv": [12, 14.5, 13, 15], "texture": "#1_2"},
				"west": {"uv": [0, 14.5, 16, 15], "texture": "#1_2"},
				"up": {"uv": [12, 0, 13, 16], "texture": "#1_2"},
				"down": {"uv": [12, 0, 13, 16], "texture": "#1_2"}
			}
		},
		{
			"from": [2.001, 1, 4],
			"to": [3, 2, 12],
			"rotation": {"angle": 0, "axis": "x", "origin": [2.501, 8, 11]},
			"faces": {
				"north": {"uv": [13, 14, 13.999, 15], "texture": "#1_1"},
				"east": {"uv": [1, 15, 9, 16], "texture": "#1_1"},
				"south": {"uv": [2, 14, 2.999, 15], "texture": "#1_1"},
				"west": {"uv": [0, 14, 8, 15], "texture": "#1_1"},
				"up": {"uv": [13, 0, 13.99844, 8], "texture": "#1_1"},
				"down": {"uv": [2, 0, 2.999, 8], "texture": "#1_1"}
			}
		},
		{
			"from": [2.001, 1, 13],
			"to": [3, 2, 16],
			"rotation": {"angle": 0, "axis": "x", "origin": [2.501, 8, 22]},
			"faces": {
				"north": {"uv": [13, 14, 13.999, 15], "texture": "#1_1"},
				"east": {"uv": [1, 15, 4, 16], "texture": "#1_1"},
				"south": {"uv": [2, 14, 2.999, 15], "texture": "#1_1"},
				"west": {"uv": [0, 14, 3, 15], "texture": "#1_1"},
				"up": {"uv": [2, 0, 2.999, 3], "texture": "#1_1"},
				"down": {"uv": [2, 0, 2.999, 3], "texture": "#1_1"}
			}
		},
		{
			"from": [2.001, 1, 0],
			"to": [3, 2, 3],
			"rotation": {"angle": 0, "axis": "x", "origin": [2.501, 8, 8]},
			"faces": {
				"north": {"uv": [13, 14, 13.999, 15], "texture": "#1_1"},
				"east": {"uv": [1, 15, 4, 16], "texture": "#1_1"},
				"south": {"uv": [2, 14, 2.999, 15], "texture": "#1_1"},
				"west": {"uv": [0, 14, 3, 15], "texture": "#1_1"},
				"up": {"uv": [2, 0, 2.999, 3], "texture": "#1_1"},
				"down": {"uv": [2, 0, 2.999, 3], "texture": "#1_1"}
			}
		},
		{
			"from": [4, 1, 2.001],
			"to": [12, 2, 3],
			"rotation": {"angle": 0, "axis": "z", "origin": [8, 8, 2.501]},
			"faces": {
				"north": {"uv": [0, 14, 8, 15], "texture": "#1_1"},
				"east": {"uv": [13, 14, 13.999, 15], "texture": "#1_1"},
				"south": {"uv": [0, 15, 8, 16], "texture": "#1_1"},
				"west": {"uv": [2, 14, 2.999, 15], "texture": "#1_1"},
				"up": {"uv": [2, 0, 2.999, 8], "texture": "#1_1", "rotation": 90},
				"down": {"uv": [2, 0, 2.999, 8], "texture": "#1_1", "rotation": 270}
			}
		},
		{
			"from": [4, 1, 3],
			"to": [12, 1.5, 3.999],
			"rotation": {"angle": 0, "axis": "z", "origin": [12, 8, 3.5]},
			"faces": {
				"north": {"uv": [0, 14.5, 8, 15], "texture": "#1_2"},
				"east": {"uv": [12, 14.5, 12.999, 15], "texture": "#1_2"},
				"south": {"uv": [0, 15, 8, 15.5], "texture": "#1_2"},
				"west": {"uv": [3, 14.5, 3.999, 15], "texture": "#1_2"},
				"up": {"uv": [3, 0, 3.999, 8], "texture": "#1_2", "rotation": 90},
				"down": {"uv": [3, 0, 3.999, 8], "texture": "#1_2", "rotation": 270}
			}
		},
		{
			"from": [0, 1, 12],
			"to": [3, 1.5, 12.999],
			"rotation": {"angle": 0, "axis": "z", "origin": [8, 8, 12.5]},
			"faces": {
				"north": {"uv": [0, 14.5, 3, 15], "texture": "#1_2"},
				"east": {"uv": [12, 14.5, 12.999, 15], "texture": "#1_2"},
				"south": {"uv": [0, 15, 3, 15.5], "texture": "#1_2"},
				"west": {"uv": [3, 14.5, 3.999, 15], "texture": "#1_2"},
				"up": {"uv": [3, 0, 3.999, 3], "texture": "#1_2", "rotation": 90},
				"down": {"uv": [3, 0, 3.999, 3], "texture": "#1_2", "rotation": 270}
			}
		},
		{
			"from": [0, 1, 3],
			"to": [3, 1.5, 3.999],
			"rotation": {"angle": 0, "axis": "z", "origin": [8, 8, 3.5]},
			"faces": {
				"north": {"uv": [0, 14.5, 3, 15], "texture": "#1_2"},
				"east": {"uv": [12, 14.5, 12.999, 15], "texture": "#1_2"},
				"south": {"uv": [0, 15, 3, 15.5], "texture": "#1_2"},
				"west": {"uv": [3, 14.5, 3.999, 15], "texture": "#1_2"},
				"up": {"uv": [3, 0, 3.999, 3], "texture": "#1_2", "rotation": 90},
				"down": {"uv": [3, 0, 3.999, 3], "texture": "#1_2", "rotation": 270}
			}
		},
		{
			"from": [4, 1, 12.001],
			"to": [12, 1.5, 13],
			"rotation": {"angle": 0, "axis": "z", "origin": [12, 8, 12.501]},
			"faces": {
				"north": {"uv": [0, 14.5, 8, 15], "texture": "#1_2"},
				"east": {"uv": [3, 14.5, 3.999, 15], "texture": "#1_2"},
				"south": {"uv": [0, 15, 8, 15.5], "texture": "#1_2"},
				"west": {"uv": [12, 14.5, 12.999, 15], "texture": "#1_2"},
				"up": {"uv": [12, 0, 12.999, 8], "texture": "#1_2", "rotation": 90},
				"down": {"uv": [12, 0, 12.999, 8], "texture": "#1_2", "rotation": 270}
			}
		},
		{
			"from": [4, 1, 13],
			"to": [12, 2, 13.999],
			"rotation": {"angle": 0, "axis": "z", "origin": [8, 8, 13.5]},
			"faces": {
				"north": {"uv": [0, 14, 8, 15], "texture": "#1_1"},
				"east": {"uv": [2, 14, 2.999, 15], "texture": "#1_1"},
				"south": {"uv": [0, 15, 8, 16], "texture": "#1_1"},
				"west": {"uv": [13, 14, 13.999, 15], "texture": "#1_1"},
				"up": {"uv": [13, 0, 13.999, 8], "texture": "#1_1", "rotation": 90},
				"down": {"uv": [13, 0, 13.999, 8], "texture": "#1_1", "rotation": 270}
			}
		},
		{
			"from": [13.001, 1, 13],
			"to": [14, 2, 16],
			"rotation": {"angle": 0, "axis": "x", "origin": [13.501, 8, 22]},
			"faces": {
				"north": {"uv": [13, 14, 13.999, 15], "texture": "#1_1"},
				"east": {"uv": [1, 15, 4, 16], "texture": "#1_1"},
				"south": {"uv": [2, 14, 2.999, 15], "texture": "#1_1"},
				"west": {"uv": [0, 14, 3, 15], "texture": "#1_1"},
				"up": {"uv": [2, 0, 2.999, 3], "texture": "#1_1"},
				"down": {"uv": [2, 0, 2.999, 3], "texture": "#1_1"}
			}
		},
		{
			"from": [13.001, 1, 0],
			"to": [14, 2, 3],
			"rotation": {"angle": 0, "axis": "x", "origin": [13.501, 8, 8]},
			"faces": {
				"north": {"uv": [13, 14, 13.999, 15], "texture": "#1_1"},
				"east": {"uv": [1, 15, 4, 16], "texture": "#1_1"},
				"south": {"uv": [2, 14, 2.999, 15], "texture": "#1_1"},
				"west": {"uv": [0, 14, 3, 15], "texture": "#1_1"},
				"up": {"uv": [2, 0, 2.999, 3], "texture": "#1_1"},
				"down": {"uv": [2, 0, 2.999, 3], "texture": "#1_1"}
			}
		},
		{
			"from": [13, 1, 12],
			"to": [16, 1.5, 12.999],
			"rotation": {"angle": 0, "axis": "z", "origin": [22, 8, 12.5]},
			"faces": {
				"north": {"uv": [0, 14.5, 3, 15], "texture": "#1_2"},
				"east": {"uv": [12, 14.5, 12.999, 15], "texture": "#1_2"},
				"south": {"uv": [0, 15, 3, 15.5], "texture": "#1_2"},
				"west": {"uv": [3, 14.5, 3.999, 15], "texture": "#1_2"},
				"up": {"uv": [3, 0, 3.999, 3], "texture": "#1_2", "rotation": 90},
				"down": {"uv": [3, 0, 3.999, 3], "texture": "#1_2", "rotation": 270}
			}
		},
		{
			"from": [13, 1, 3],
			"to": [16, 1.5, 3.999],
			"rotation": {"angle": 0, "axis": "z", "origin": [22, 8, 3.5]},
			"faces": {
				"north": {"uv": [0, 14.5, 3, 15], "texture": "#1_2"},
				"east": {"uv": [12, 14.5, 12.999, 15], "texture": "#1_2"},
				"south": {"uv": [0, 15, 3, 15.5], "texture": "#1_2"},
				"west": {"uv": [3, 14.5, 3.999, 15], "texture": "#1_2"},
				"up": {"uv": [3, 0, 3.999, 3], "texture": "#1_2", "rotation": 90},
				"down": {"uv": [3, 0, 3.999, 3], "texture": "#1_2", "rotation": 270}
			}
		},
		{
			"from": [2.001, 1, 0],
			"to": [3, 2, 3],
			"rotation": {"angle": 0, "axis": "x", "origin": [2.501, 8, 8]},
			"faces": {
				"north": {"uv": [13, 14, 13.999, 15], "texture": "#1_1"},
				"east": {"uv": [1, 15, 4, 16], "texture": "#1_1"},
				"south": {"uv": [2, 14, 2.999, 15], "texture": "#1_1"},
				"west": {"uv": [0, 14, 3, 15], "texture": "#1_1"},
				"up": {"uv": [2, 0, 2.999, 3], "texture": "#1_1"},
				"down": {"uv": [2, 0, 2.999, 3], "texture": "#1_1"}
			}
		},
		{
			"from": [13.001, 1, 0],
			"to": [14, 2, 3],
			"rotation": {"angle": 0, "axis": "x", "origin": [13.501, 8, 8]},
			"faces": {
				"north": {"uv": [13, 14, 13.999, 15], "texture": "#1_1"},
				"east": {"uv": [1, 15, 4, 16], "texture": "#1_1"},
				"south": {"uv": [2, 14, 2.999, 15], "texture": "#1_1"},
				"west": {"uv": [0, 14, 3, 15], "texture": "#1_1"},
				"up": {"uv": [2, 0, 2.999, 3], "texture": "#1_1"},
				"down": {"uv": [2, 0, 2.999, 3], "texture": "#1_1"}
			}
		},
		{
			"from": [13.001, 1, 13],
			"to": [14, 2, 16],
			"rotation": {"angle": 0, "axis": "x", "origin": [13.501, 8, 22]},
			"faces": {
				"north": {"uv": [13, 14, 13.999, 15], "texture": "#1_1"},
				"east": {"uv": [1, 15, 4, 16], "texture": "#1_1"},
				"south": {"uv": [2, 14, 2.999, 15], "texture": "#1_1"},
				"west": {"uv": [0, 14, 3, 15], "texture": "#1_1"},
				"up": {"uv": [2, 0, 2.999, 3], "texture": "#1_1"},
				"down": {"uv": [2, 0, 2.999, 3], "texture": "#1_1"}
			}
		},
		{
			"from": [2.001, 1, 13],
			"to": [3, 2, 16],
			"rotation": {"angle": 0, "axis": "x", "origin": [2.501, 8, 22]},
			"faces": {
				"north": {"uv": [13, 14, 13.999, 15], "texture": "#1_1"},
				"east": {"uv": [1, 15, 4, 16], "texture": "#1_1"},
				"south": {"uv": [2, 14, 2.999, 15], "texture": "#1_1"},
				"west": {"uv": [0, 14, 3, 15], "texture": "#1_1"},
				"up": {"uv": [2, 0, 2.999, 3], "texture": "#1_1"},
				"down": {"uv": [2, 0, 2.999, 3], "texture": "#1_1"}
			}
		},
		{
			"from": [14.001, 1, 13],
			"to": [16, 2, 14],
			"rotation": {"angle": 0, "axis": "x", "origin": [15.501, 8, 22]},
			"faces": {
				"north": {"uv": [13, 14, 14.999, 15], "texture": "#1_1"},
				"east": {"uv": [1, 15, 2, 16], "texture": "#1_1"},
				"south": {"uv": [2, 14, 3.999, 15], "texture": "#1_1"},
				"west": {"uv": [0, 14, 1, 15], "texture": "#1_1"},
				"up": {"uv": [2, 0, 3.999, 1], "texture": "#1_1"},
				"down": {"uv": [2, 0, 3.999, 1], "texture": "#1_1"}
			}
		},
		{
			"from": [14.001, 1, 2],
			"to": [16, 2, 3],
			"rotation": {"angle": 0, "axis": "x", "origin": [15.501, 8, 8]},
			"faces": {
				"north": {"uv": [13, 14, 14.999, 15], "texture": "#1_1"},
				"east": {"uv": [1, 15, 2, 16], "texture": "#1_1"},
				"south": {"uv": [2, 14, 3.999, 15], "texture": "#1_1"},
				"west": {"uv": [0, 14, 1, 15], "texture": "#1_1"},
				"up": {"uv": [2, 0, 3.999, 1], "texture": "#1_1"},
				"down": {"uv": [2, 0, 3.999, 1], "texture": "#1_1"}
			}
		},
		{
			"from": [0.001, 1, 2],
			"to": [2, 2, 3],
			"rotation": {"angle": 0, "axis": "x", "origin": [1.501, 8, 8]},
			"faces": {
				"north": {"uv": [13, 14, 14.999, 15], "texture": "#1_1"},
				"east": {"uv": [1, 15, 2, 16], "texture": "#1_1"},
				"south": {"uv": [2, 14, 3.999, 15], "texture": "#1_1"},
				"west": {"uv": [0, 14, 1, 15], "texture": "#1_1"},
				"up": {"uv": [2, 0, 3.999, 1], "texture": "#1_1"},
				"down": {"uv": [2, 0, 3.999, 1], "texture": "#1_1"}
			}
		},
		{
			"from": [0.001, 1, 13],
			"to": [2, 2, 14],
			"rotation": {"angle": 0, "axis": "x", "origin": [1.501, 8, 22]},
			"faces": {
				"north": {"uv": [13, 14, 14.999, 15], "texture": "#1_1"},
				"east": {"uv": [1, 15, 2, 16], "texture": "#1_1"},
				"south": {"uv": [2, 14, 3.999, 15], "texture": "#1_1"},
				"west": {"uv": [0, 14, 1, 15], "texture": "#1_1"},
				"up": {"uv": [2, 0, 3.999, 1], "texture": "#1_1"},
				"down": {"uv": [2, 0, 3.999, 1], "texture": "#1_1"}
			}
		},
		{
			"from": [3, 0, 5],
			"to": [5, 1, 7],
			"faces": {
				"north": {"uv": [0, 0, 2, 1], "texture": "#0"},
				"east": {"uv": [0, 0, 2, 1], "texture": "#0"},
				"south": {"uv": [0, 0, 2, 1], "texture": "#0"},
				"west": {"uv": [0, 0, 2, 1], "texture": "#0"},
				"up": {"uv": [0, 0, 2, 2], "texture": "#0"},
				"down": {"uv": [0, 0, 2, 2], "texture": "#0"}
			}
		},
		{
			"from": [3, 0, 9],
			"to": [5, 1, 11],
			"faces": {
				"north": {"uv": [0, 0, 2, 1], "texture": "#0"},
				"east": {"uv": [0, 0, 2, 1], "texture": "#0"},
				"south": {"uv": [0, 0, 2, 1], "texture": "#0"},
				"west": {"uv": [0, 0, 2, 1], "texture": "#0"},
				"up": {"uv": [0, 0, 2, 2], "texture": "#0"},
				"down": {"uv": [0, 0, 2, 2], "texture": "#0"}
			}
		},
		{
			"from": [1, 0, 13],
			"to": [15, 1, 15],
			"faces": {
				"north": {"uv": [0, 0, 14, 1], "texture": "#0"},
				"east": {"uv": [0, 0, 2, 1], "texture": "#0"},
				"south": {"uv": [0, 0, 14, 1], "texture": "#0"},
				"west": {"uv": [0, 0, 2, 1], "texture": "#0"},
				"up": {"uv": [0, 0, 14, 2], "texture": "#0"},
				"down": {"uv": [0, 0, 14, 2], "texture": "#0"}
			}
		},
		{
			"from": [1, 0, 1],
			"to": [15, 1, 3],
			"faces": {
				"north": {"uv": [0, 0, 14, 1], "texture": "#0"},
				"east": {"uv": [0, 0, 2, 1], "texture": "#0"},
				"south": {"uv": [0, 0, 14, 1], "texture": "#0"},
				"west": {"uv": [0, 0, 2, 1], "texture": "#0"},
				"up": {"uv": [0, 0, 14, 2], "texture": "#0"},
				"down": {"uv": [0, 0, 14, 2], "texture": "#0"}
			}
		},
		{
			"from": [13, 0, 3],
			"to": [15, 1, 13],
			"faces": {
				"north": {"uv": [0, 0, 2, 1], "texture": "#0"},
				"east": {"uv": [0, 0, 10, 1], "texture": "#0"},
				"south": {"uv": [0, 0, 2, 1], "texture": "#0"},
				"west": {"uv": [0, 0, 10, 1], "texture": "#0"},
				"up": {"uv": [0, 0, 10, 2], "texture": "#0", "rotation": 90},
				"down": {"uv": [0, 0, 10, 2], "texture": "#0", "rotation": 270}
			}
		},
		{
			"from": [9, 0, 3],
			"to": [11, 1, 13],
			"faces": {
				"north": {"uv": [0, 0, 2, 1], "texture": "#0"},
				"east": {"uv": [0, 0, 10, 1], "texture": "#0"},
				"south": {"uv": [0, 0, 2, 1], "texture": "#0"},
				"west": {"uv": [0, 0, 10, 1], "texture": "#0"},
				"up": {"uv": [0, 0, 10, 2], "texture": "#0", "rotation": 90},
				"down": {"uv": [0, 0, 10, 2], "texture": "#0", "rotation": 270}
			}
		},
		{
			"from": [5, 0, 3],
			"to": [7, 1, 13],
			"faces": {
				"north": {"uv": [0, 0, 2, 1], "texture": "#0"},
				"east": {"uv": [0, 0, 10, 1], "texture": "#0"},
				"south": {"uv": [0, 0, 2, 1], "texture": "#0"},
				"west": {"uv": [0, 0, 10, 1], "texture": "#0"},
				"up": {"uv": [0, 0, 10, 2], "texture": "#0", "rotation": 90},
				"down": {"uv": [0, 0, 10, 2], "texture": "#0", "rotation": 270}
			}
		},
		{
			"from": [1, 0, 3],
			"to": [3, 1, 13],
			"faces": {
				"north": {"uv": [0, 0, 2, 1], "texture": "#0"},
				"east": {"uv": [0, 0, 10, 1], "texture": "#0"},
				"south": {"uv": [0, 0, 2, 1], "texture": "#0"},
				"west": {"uv": [0, 0, 10, 1], "texture": "#0"},
				"up": {"uv": [0, 0, 10, 2], "texture": "#0", "rotation": 90},
				"down": {"uv": [0, 0, 10, 2], "texture": "#0", "rotation": 270}
			}
		},
		{
			"from": [7, 0, 5],
			"to": [9, 1, 7],
			"faces": {
				"north": {"uv": [0, 0, 2, 1], "texture": "#0"},
				"east": {"uv": [0, 0, 2, 1], "texture": "#0"},
				"south": {"uv": [0, 0, 2, 1], "texture": "#0"},
				"west": {"uv": [0, 0, 2, 1], "texture": "#0"},
				"up": {"uv": [0, 0, 2, 2], "texture": "#0"},
				"down": {"uv": [0, 0, 2, 2], "texture": "#0"}
			}
		},
		{
			"from": [7, 0, 9],
			"to": [9, 1, 11],
			"faces": {
				"north": {"uv": [0, 0, 2, 1], "texture": "#0"},
				"east": {"uv": [0, 0, 2, 1], "texture": "#0"},
				"south": {"uv": [0, 0, 2, 1], "texture": "#0"},
				"west": {"uv": [0, 0, 2, 1], "texture": "#0"},
				"up": {"uv": [0, 0, 2, 2], "texture": "#0"},
				"down": {"uv": [0, 0, 2, 2], "texture": "#0"}
			}
		},
		{
			"from": [11, 0, 5],
			"to": [13, 1, 7],
			"faces": {
				"north": {"uv": [0, 0, 2, 1], "texture": "#0"},
				"east": {"uv": [0, 0, 2, 1], "texture": "#0"},
				"south": {"uv": [0, 0, 2, 1], "texture": "#0"},
				"west": {"uv": [0, 0, 2, 1], "texture": "#0"},
				"up": {"uv": [0, 0, 2, 2], "texture": "#0"},
				"down": {"uv": [0, 0, 2, 2], "texture": "#0"}
			}
		},
		{
			"from": [11, 0, 9],
			"to": [13, 1, 11],
			"faces": {
				"north": {"uv": [0, 0, 2, 1], "texture": "#0"},
				"east": {"uv": [0, 0, 2, 1], "texture": "#0"},
				"south": {"uv": [0, 0, 2, 1], "texture": "#0"},
				"west": {"uv": [0, 0, 2, 1], "texture": "#0"},
				"up": {"uv": [0, 0, 2, 2], "texture": "#0"},
				"down": {"uv": [0, 0, 2, 2], "texture": "#0"}
			}
		}
	],
	"groups": [
		{
			"name": "rail_flat",
			"isOpen": true,
			"shade": true,
			"display": {
				"visibility": true,
				"autouv": true
			},
			"children": [0, 1, 2, 3, 4, 5, 6, 7, 8, 9, 10, 11, 12, 13, 14, 15, 16, 17, 18, 19, 20, 21, 22, 23]
		}, 24, 25, 26, 27, 28, 29, 30, 31, 32, 33, 34, 35]
}