{
    "forge_marker": 1,
    "defaults": {
        "transform": "forge:default-item",
        "model": "tconstruct:3d_trapdoor_rail",
        "textures": {
            "rail": "tconstruct:blocks/wood_rail_trapdoor"
        }
    },
    "variants": {
        "shape": {
            "north_south": {},
            "east_west": { "y": 90 },
            "ascending_east": { "model": "tconstruct:3d_trapdoor_rail_raised_ne", "y": 90 },
            "ascending_west": { "model": "tconstruct:3d_trapdoor_rail_raised_sw", "y": 90 },
            "ascending_north": { "model": "tconstruct:3d_trapdoor_rail_raised_ne" },
            "ascending_south": { "model": "tconstruct:3d_trapdoor_rail_raised_sw" },
            "south_east": { "model": "tconstruct:3d_trapdoor_rail_turn", "textures": { "rail": "tconstruct:blocks/wood_rail_trapdoor_turn" }},
            "south_west": { "model": "tconstruct:3d_trapdoor_rail_turn", "textures": { "rail": "tconstruct:blocks/wood_rail_trapdoor_turn" }, "y": 90 },
            "north_west": { "model": "tconstruct:3d_trapdoor_rail_turn", "textures": { "rail": "tconstruct:blocks/wood_rail_trapdoor_turn" }, "y": 180 },
            "north_east": { "model": "tconstruct:3d_trapdoor_rail_turn", "textures": { "rail": "tconstruct:blocks/wood_rail_trapdoor_turn" }, "y": 270 }
        }
    }
}
