{
	"display": {
		"thirdperson_righthand": {
			"scale": [1, 1, 1],
			"rotation": [0, 45, 90],
			"translation": [0, 0, 0]
		},
		"thirdperson_lefthand": {
			"scale": [1, 1, 1],
			"rotation": [0, 45, -90],
			"translation": [0, 0, 0]
		},
		"firstperson_righthand": {
			"scale": [1, 1, 1],
			"rotation": [16, 90, 45],
			"translation": [3, 1.5, 2]
		},
		"firstperson_lefthand": {
			"scale": [1, 1, 1],
			"rotation": [16, -90, -45],
			"translation": [5, 1.5, 0.5]
		},
		"head": {
			"scale": [1, 1, 1],
			"translation": [0, 0, 0]
		},
		"ground": {
			"scale": [0.4, 0.4, 0.4],
			"rotation": [0, 0, 0],
			"translation": [0, 3, 0]
		},
		"fixed": {
			"scale": [1.3, 1.3, 1.3],
			"translation": [0, 0, 0],
			"rotation": [0, 0, 135]
		},
		"gui": {
			"scale": [1.45, 1.45, 1.45],
			"translation": [0, 0, 0],
			"rotation": [30, 0, 49]
		}
	}
}