{
"display": {
		"thirdperson_righthand": {
			"scale": [0.4, 0.4, 0.4],
			"translation": [-1.5, 2, 1.5],
			"rotation": [45, 40, 0]
		},
		"thirdperson_lefthand": {
			"scale": [0.4, 0.4, 0.4],
			"rotation": [45, 40, 0],
			"translation": [-1.5, 2, 1.5]
		},
		"firstperson_righthand": {
			"scale": [0.5, 0.5, 0.5],
			"rotation": [-9, 35, 0],
			"translation": [2.5, 4.5, 0.5]
		},
		"firstperson_lefthand": {
			"scale": [0.5, 0.5, 0.5],
			"rotation": [-9, 35, 0],
			"translation": [2.5, 4, 0]
		},
		"ground": {
			"scale": [0.375, 0.375, 0.375],
			"translation": [0, 4.5, 0]
		},
		"fixed": {
			"scale": [1, 1, 1],
			"translation": [0, 1, 0]
		},
		"gui": {
			"scale": [1, 1, 1],
			"rotation": [30, 45, 0],
			"translation": [0, 1.5, 0]
		}
	}
	
	}