{
	"display": {
		"thirdperson_righthand": {
			"scale": [1, 1, 1],
			"rotation": [0, 90, 0],
			"translation": [0, -2, 3]
		},
		"thirdperson_lefthand": {
			"scasle": [1, 1, 1],
			"rotation": [0, -90, 0],
			"translation": [0, -2, 3]
		},
		"firstperson_righthand": {
			"scale": [1, 1, 1],
			"rotation": [8, 90, 5],
			"translation": [0, 6.5, 0]
		},
		"firstperson_lefthand": {
			"scale": [1, 1, 1],
			"rotation": [8, -90, 5],
			"translation": [0, 6.5, 0]
		},
		"ground": {
			"scale": [0.5, 0.5, 0.5],
			"rotation": [0, 0, 0],
			"translation": [0, 5, 0]
		},
		"fixed": {
			"scale": [1, 1, 1],
			"translation": [0.5, 0, 0]
		},
		"gui": {
			"scale": [1, 1, 1],
			"translation": [-1, 1, 0],
			"rotation": [30, -180, 44.5]
		}
	}
}