{
"display": {
		"thirdperson_righthand": {
			"scale": [0.7, 0.7, 0.7],
			"rotation": [45, 45, 0]
		},
		"thirdperson_lefthand": {
			"scale": [0.7, 0.7, 0.7],
			"rotation": [45, 45, 0],
			"translation": [0, 0, 0]
		},
		"firstperson_righthand": {
			"scale": [0.925, 0.925, 0.925],
			"rotation": [13, 35, 0],
			"translation": [1.5, 1.5, 0]
		},
		"firstperson_lefthand": {
			"scale": [0.925, 0.925, 0.925],
			"rotation": [13, 35, 0],
			"translation": [1.5, 1.5, 0]
		},
		"ground": {
			"scale": [0.525, 0.525, 0.525],
			"translation": [0, 1, 0]
		},
		"fixed": {
			"scale": [1.375, 1.375, 1.375],
			"rotation": [-90, 0, 0]
		},
		"gui": {
			"scale": [1.5, 1.5, 1.5],
			"rotation": [30, 45, 1],
			"translation": [0, -0.5, 0]
		}
	}
	}