{
"display": {
		"thirdperson_righthand": {
			"scale": [0.5, 0.5, 0.5],
			"rotation": [45, 0, 0]
		},
		"thirdperson_lefthand": {
			"scale": [0.5, 0.5, 0.5],
			"rotation": [45, 0, 0],
			"translation": [0, 0, 0]
		},
		"firstperson_righthand": {
			"scale": [0.7, 0.7, 0.7],
			"rotation": [23, 0, 0],
			"translation": [3, 1, 0]
		},
		"firstperson_lefthand": {
			"scale": [0.7, 0.7, 0.7],
			"rotation": [23, 0, 0],
			"translation": [3, 1, 0]
		},
		"ground": {"scale": [0.375, 0.375, 0.375]},
		"fixed": {
			"scale": [0.975, 0.975, 0.95],
			"rotation": [90, 0, 0]
		},
		"gui": {
			"scale": [1.225, 1.225, 1.225],
			"rotation": [30, 162, -6],
			"translation": [0, 0, -3.5]
		}
	}
	}