{
"display": {
		"thirdperson_righthand": {
			"scale": [0.575, 0.575, 0.575],
			"translation": [0, 0.5, 0],
			"rotation": [45, 0, 0]
		},
		"thirdperson_lefthand": {
			"scale": [0.575, 0.575, 0.575],
			"rotation": [45, 0, 0],
			"translation": [0, 0.5, 0]
		},
		"firstperson_righthand": {
			"scale": [0.7, 0.7, 0.7],
			"rotation": [25, 101, 0],
			"translation": [1, 3, 0]
		},
		"firstperson_lefthand": {
			"scale": [0.7, 0.7, 0.7],
			"rotation": [25, -82, 0],
			"translation": [1, 3, 0]
		},
		"ground": {
			"scale": [0.5, 0.5, 0.5],
			"translation": [0, 3.5, 0]
		},
		"fixed": {
			"scale": [1, 1, 1],
			"translation": [0.5, 0, 0]
		},
		"gui": {
			"scale": [1.3, 1.3, 1.3],
			"rotation": [30, 164, -45],
			"translation": [-1, 0, 0]
		}
	}
	}