{
"display": {
		"thirdperson_righthand": {
			"scale": [0.675, 0.675, 0.675],
			"translation": [0, 2, 0]
		},
		"thirdperson_lefthand": {
			"scale": [0.675, 0.675, 0.675],
			"rotation": [0, 0, 0],
			"translation": [0, 2, 0]
		},
		"firstperson_righthand": {
			"scale": [0.7, 0.7, 0.7],
			"translation": [2.5, 4, 0],
			"rotation": [-15, 34, 4]
		},
		"firstperson_lefthand": {
			"scale": [0.7, 0.7, 0.7],
			"rotation": [-15, 34, 4],
			"translation": [2.5, 4, 0]
		},
		"ground": {
			"scale": [0.375, 0.375, 0.375],
			"translation": [0, 4.5, 0]
		},
		"fixed": {"scale": [0.875, 0.875, 0.875]},
		"gui": {
			"scale": [0.85, 0.85, 0.85],
			"rotation": [30, 45, 0],
			"translation": [0, 0.5, 0]
		}
	}
	
	}