{
"display": {
		"thirdperson_righthand": {
			"scale": [0.3, 0.3, 0.3],
			"rotation": [45, 0, 0],
			"translation": [0, 0.5, -3]
		},
		"thirdperson_lefthand": {
			"scale": [0.3, 0.3, 0.3],
			"rotation": [45, 0, 0],
			"translation": [0, 0.5, -3]
		},
		"firstperson_righthand": {
			"scale": [0.375, 0.375, 0.375],
			"rotation": [13, 7, 9],
			"translation": [1, 1.5, 0]
		},
		"firstperson_lefthand": {
			"scale": [0.375, 0.375, 0.375],
			"rotation": [13, 7, 9],
			"translation": [1, 1.5, 0]
		},
		"ground": {
			"scale": [
				0.22499999999999998,
				0.22499999999999998,
				0.22499999999999998
			],
			"translation": [0, 3, 0]
		},
		"fixed": {
			"scale": [0.625, 0.625, 0.625],
			"rotation": [-90, 0, 0],
			"translation": [0, 0, -1]
		},
		"gui": {
			"scale": [0.575, 0.575, 0.575],
			"rotation": [30, -34, 0],
			"translation": [0, -1.5, 0]
		}
	}
	}