{
"display": {
		"thirdperson_righthand": {
			"scale": [0.35, 0.35, 0.35],
			"rotation": [90, 0, 0]
		},
		"thirdperson_lefthand": {
			"scale": [0.35, 0.35, 0.35],
			"rotation": [90, 0, 0],
			"translation": [0, 0, 0]
		},
		"firstperson_righthand": {
			"scale": [0.575, 0.575, 0.575],
			"rotation": [73, 4, 0],
			"translation": [4, 1, 0]
		},
		"firstperson_lefthand": {
			"scale": [0.575, 0.575, 0.575],
			"rotation": [73, 4, 0],
			"translation": [4, 1, 0]
		},
		"ground": {
			"scale": [0.4, 0.4, 0.4],
			"translation": [0, 2, 0]
		},
		"fixed": {
			"scale": [0.725, 0.725, 0.725],
			"rotation": [-90, 0, 0],
			"translation": [0, -0, -0]
		},
		"gui": {
			"scale": [0.9, 0.9, 0.9],
			"rotation": [57, -19, 16]
		}
	}
	
	}