{
"display": {
		"thirdperson_righthand": {
			"scale": [0.5, 0.5, 0.5],
			"rotation": [90, 45, 0],
			"translation": [0, 2, 0]
		},
		"thirdperson_lefthand": {
			"scale": [0.5, 0.5, 0.5],
			"rotation": [90, 45, 0],
			"translation": [0, 2, 0]
		},
		"firstperson_righthand": {
			"scale": [0.625, 0.625, 0.625],
			"rotation": [28, 3, 0],
			"translation": [2, 2, 0]
		},
		"firstperson_lefthand": {
			"scale": [0.625, 0.625, 0.625],
			"rotation": [28, 3, 0],
			"translation": [2, 2, 0]
		},
		"ground": {"scale": [0.375, 0.375, 0.375]},
		"fixed": {
			"scale": [1, 1, 1],
			"rotation": [90, 0, 0],
			"translation": [0, 0, -0.5]
		},
		"gui": {
			"scale": [1.15, 1.15, 1.15],
			"rotation": [61, 40, 7],
			"translation": [0, 0, 0]
		}
	}
	
	}