{
	"credit": "Made with Blockbench",
	"textures": {
		"0": "3d_transportation/3d_rail_wood",
		"1": "/3d_rail_enderperl_dark",
		"1_1": "3d_transportation/3d_rail_iron_light",
		"particle": "3d_transportation/3d_rail_iron_light",
		"1_2": "3d_transportation/3d_rail_iron_dark"
	},
	"elements": [
		{
			"from": [1, 0, 1],
			"to": [15, 1, 3],
			"rotation": {"angle": 0, "axis": "x", "origin": [8, 8, 8]},
			"faces": {
				"north": {"uv": [1, 15, 15, 16], "texture": "#0"},
				"east": {"uv": [15, 16, 13, 15], "texture": "#0"},
				"south": {"uv": [1, 15, 15, 16], "texture": "#0"},
				"west": {"uv": [1, 15, 3, 16], "texture": "#0"},
				"up": {"uv": [1, 1, 15, 3], "texture": "#0"},
				"down": {"uv": [1, 13, 15, 15], "texture": "#0", "cullface": "down"}
			}
		},
		{
			"from": [1, 0, 5],
			"to": [15, 1, 7],
			"rotation": {"angle": 0, "axis": "x", "origin": [8, 8, 8]},
			"faces": {
				"north": {"uv": [1, 15, 15, 16], "texture": "#0"},
				"east": {"uv": [11, 16, 9, 15], "texture": "#0"},
				"south": {"uv": [1, 15, 15, 16], "texture": "#0"},
				"west": {"uv": [5, 15, 7, 16], "texture": "#0"},
				"up": {"uv": [1, 5, 15, 7], "texture": "#0"},
				"down": {"uv": [1, 9, 15, 11], "texture": "#0", "cullface": "down"}
			}
		},
		{
			"from": [1, 0, 9],
			"to": [15, 1, 11],
			"rotation": {"angle": 0, "axis": "x", "origin": [8, 8, 8]},
			"faces": {
				"north": {"uv": [1, 15, 15, 16], "texture": "#0"},
				"east": {"uv": [7, 16, 5, 15], "texture": "#0"},
				"south": {"uv": [1, 15, 15, 16], "texture": "#0"},
				"west": {"uv": [9, 15, 11, 16], "texture": "#0"},
				"up": {"uv": [1, 9, 15, 11], "texture": "#0"},
				"down": {"uv": [1, 5, 15, 7], "texture": "#0", "cullface": "down"}
			}
		},
		{
			"from": [1, 0, 13],
			"to": [15, 1, 15],
			"rotation": {"angle": 0, "axis": "x", "origin": [8, 8, 8]},
			"faces": {
				"north": {"uv": [1, 15, 15, 16], "texture": "#0"},
				"east": {"uv": [3, 16, 1, 15], "texture": "#0"},
				"south": {"uv": [1, 15, 15, 16], "texture": "#0"},
				"west": {"uv": [13, 15, 15, 16], "texture": "#0"},
				"up": {"uv": [1, 13, 15, 15], "texture": "#0"},
				"down": {"uv": [1, 1, 15, 3], "texture": "#0", "cullface": "down"}
			}
		},
		{
			"from": [13, 1, 0],
			"to": [13.999, 2, 16],
			"rotation": {"angle": 0, "axis": "x", "origin": [13.5, 8, 8]},
			"faces": {
				"north": {"uv": [2, 14, 3, 15], "texture": "#1_1"},
				"east": {"uv": [16, 15, 0, 14], "texture": "#1_1"},
				"south": {"uv": [13, 14, 14, 15], "texture": "#1_1"},
				"west": {"uv": [0, 14, 16, 15], "texture": "#1_1"},
				"up": {"uv": [13, 0, 14, 16], "texture": "#1_1"},
				"down": {"uv": [13, 0, 14, 16], "texture": "#1_1"}
			}
		},
		{
			"from": [3, 1, 0],
			"to": [3.999, 1.5, 16],
			"rotation": {"angle": 0, "axis": "x", "origin": [3.5, 8, 8]},
			"faces": {
				"north": {"uv": [12, 14.5, 13, 15], "texture": "#1_2"},
				"east": {"uv": [16, 15, 0, 14.5], "texture": "#1_2"},
				"south": {"uv": [3, 14.5, 4, 15], "texture": "#1_2"},
				"west": {"uv": [0, 14.5, 16, 15], "texture": "#1_2"},
				"up": {"uv": [3, 0, 4, 16], "texture": "#1_2"},
				"down": {"uv": [3, 0, 4, 16], "texture": "#1_2"}
			}
		},
		{
			"from": [12.001, 1, 0],
			"to": [13, 1.5, 16],
			"rotation": {"angle": 0, "axis": "x", "origin": [12.501, 8, 8]},
			"faces": {
				"north": {"uv": [3, 14.5, 4, 15], "texture": "#1_2"},
				"east": {"uv": [16, 15, 0, 14.5], "texture": "#1_2"},
				"south": {"uv": [12, 14.5, 13, 15], "texture": "#1_2"},
				"west": {"uv": [0, 14.5, 16, 15], "texture": "#1_2"},
				"up": {"uv": [12, 0, 13, 16], "texture": "#1_2"},
				"down": {"uv": [12, 0, 13, 16], "texture": "#1_2"}
			}
		},
		{
			"from": [2.001, 1, 0],
			"to": [3, 2, 16],
			"rotation": {"angle": 0, "axis": "x", "origin": [2.501, 8, 8]},
			"faces": {
				"north": {"uv": [13, 14, 14, 15], "texture": "#1_1"},
				"east": {"uv": [16, 15, 0, 14], "texture": "#1_1"},
				"south": {"uv": [2, 14, 3, 15], "texture": "#1_1"},
				"west": {"uv": [0, 14, 16, 15], "texture": "#1_1"},
				"up": {"uv": [2, 0, 3, 16], "texture": "#1_1"},
				"down": {"uv": [2, 0, 3, 16], "texture": "#1_1"}
			}
		},
		{
			"from": [10, 0.75, 3],
			"to": [12, 1, 5],
			"faces": {
				"north": {"uv": [0, 0, 8, 1], "texture": "#1"},
				"east": {"uv": [0, 0, 1, 12], "texture": "#1"},
				"south": {"uv": [0, 0, 8, 1], "texture": "#1"},
				"west": {"uv": [0, 0, 1, 12], "texture": "#1"},
				"up": {"uv": [2, 0, 4, 2], "texture": "#1"},
				"down": {"uv": [0, 0, 8, 12], "texture": "#1"}
			}
		},
		{
			"from": [4, 0.75, 3],
			"to": [6, 1, 5],
			"faces": {
				"north": {"uv": [0, 0, 8, 1], "texture": "#1"},
				"east": {"uv": [0, 0, 1, 12], "texture": "#1"},
				"south": {"uv": [0, 0, 8, 1], "texture": "#1"},
				"west": {"uv": [0, 0, 1, 12], "texture": "#1"},
				"up": {"uv": [2, 0, 4, 2], "texture": "#1"},
				"down": {"uv": [0, 0, 8, 12], "texture": "#1"}
			}
		},
		{
			"from": [11, 1, 3],
			"to": [12, 2, 5],
			"faces": {
				"north": {"uv": [0, 0, 1, 1], "texture": "#1_1"},
				"east": {"uv": [0, 0, 2, 1], "texture": "#1_1"},
				"south": {"uv": [0, 0, 1, 1], "texture": "#1_1"},
				"west": {"uv": [0, 0, 2, 1], "texture": "#1_1"},
				"up": {"uv": [0, 0, 1, 2], "texture": "#1_1"},
				"down": {"uv": [0, 0, 1, 2], "texture": "#1_1"}
			}
		},
		{
			"from": [4, 1, 3],
			"to": [5, 2, 5],
			"faces": {
				"north": {"uv": [0, 0, 1, 1], "texture": "#1_1"},
				"east": {"uv": [0, 0, 2, 1], "texture": "#1_1"},
				"south": {"uv": [0, 0, 1, 1], "texture": "#1_1"},
				"west": {"uv": [0, 0, 2, 1], "texture": "#1_1"},
				"up": {"uv": [0, 0, 1, 2], "texture": "#1_1"},
				"down": {"uv": [0, 0, 1, 2], "texture": "#1_1"}
			}
		},
		{
			"from": [10, 0.75, 11],
			"to": [12, 1, 13],
			"faces": {
				"north": {"uv": [0, 0, 8, 1], "texture": "#1"},
				"east": {"uv": [0, 0, 1, 12], "texture": "#1"},
				"south": {"uv": [0, 0, 8, 1], "texture": "#1"},
				"west": {"uv": [0, 0, 1, 12], "texture": "#1"},
				"up": {"uv": [2, 0, 4, 2], "texture": "#1"},
				"down": {"uv": [0, 0, 8, 12], "texture": "#1"}
			}
		},
		{
			"from": [4, 0.75, 11],
			"to": [6, 1, 13],
			"faces": {
				"north": {"uv": [0, 0, 8, 1], "texture": "#1"},
				"east": {"uv": [0, 0, 1, 12], "texture": "#1"},
				"south": {"uv": [0, 0, 8, 1], "texture": "#1"},
				"west": {"uv": [0, 0, 1, 12], "texture": "#1"},
				"up": {"uv": [2, 0, 4, 2], "texture": "#1"},
				"down": {"uv": [0, 0, 8, 12], "texture": "#1"}
			}
		},
		{
			"from": [11, 1, 11],
			"to": [12, 2, 13],
			"faces": {
				"north": {"uv": [0, 0, 1, 1], "texture": "#1_1"},
				"east": {"uv": [0, 0, 2, 1], "texture": "#1_1"},
				"south": {"uv": [0, 0, 1, 1], "texture": "#1_1"},
				"west": {"uv": [0, 0, 2, 1], "texture": "#1_1"},
				"up": {"uv": [0, 0, 1, 2], "texture": "#1_1"},
				"down": {"uv": [0, 0, 1, 2], "texture": "#1_1"}
			}
		},
		{
			"from": [4, 1, 11],
			"to": [5, 2, 13],
			"faces": {
				"north": {"uv": [0, 0, 1, 1], "texture": "#1_1"},
				"east": {"uv": [0, 0, 2, 1], "texture": "#1_1"},
				"south": {"uv": [0, 0, 1, 1], "texture": "#1_1"},
				"west": {"uv": [0, 0, 2, 1], "texture": "#1_1"},
				"up": {"uv": [0, 0, 1, 2], "texture": "#1_1"},
				"down": {"uv": [0, 0, 1, 2], "texture": "#1_1"}
			}
		}
	],
	"groups": [0, 1, 2, 3,
		{
			"name": "rail_flat",
			"isOpen": true,
			"shade": true,
			"display": {
				"visibility": true,
				"autouv": true
			},
			"children": [4, 5, 6, 7]
		}, 8, 9, 10, 11, 12, 13, 14, 15]
}